571  500.308682 3.010E-27 1.709E-03.03330.070 2658.48380.750.000000 0 0 0   1  E'  0 2 0   0  A1' 13  1  E" E"   12  2  E' E'  331110 1 1 1 0 0 0   108.0  100.0
571  500.491651 4.516E-24 9.311E-01.03330.070 2416.93110.750.000000 0 3 0   0  A2" 0 2 0   0  A1' 11  8  E' E"   12  8  E' E'  331110 1 1 1 0 0 0    92.0  100.0
571  500.614873 9.287E-26 5.292E-05.03330.070 1252.57760.750.000000 0 0 0   0  A1' 0 0 0   0  A1' 14  7  E" E"   13 10  E' E'  331110 1 1 1 0 0 0   116.0  108.0
571  500.622791 2.677E-26 9.659E-03.03330.070 2674.57290.750.000000 0 1 0   1  E"  0 2 0   0  A1' 11  4  E' A1"  12  0  A1'A1' 331110 1 1 1 0 0 0   184.0  200.0
571  500.745879 8.885E-28 2.583E-05.03330.070 1925.86020.750.000000 0 1 0   1  E"  0 2 0   0  A1'  7  5  E" E'    8  1  E" E"  331110 1 1 1 0 0 0    60.0   68.0
571  500.942820 3.581E-28 4.255E-05.03330.070 2364.64540.750.000000 0 0 0   1  E'  0 2 0   0  A1' 15 13  E" E"   14 14  E' E'  331110 1 1 1 0 0 0   124.0  116.0
571  501.044366 5.144E-28 6.855E-04.03330.070 2833.44320.750.000000 0 1 0   1  E"  0 0 0   1  E'  13  9  A2"E'   14 11  E" E"  331110 1 1 1 0 0 0   108.0  116.0
571  501.199222 5.678E-26 4.148E-04.03330.070 1710.59370.750.000000 0 0 0   1  E'  0 1 0   0  A2" 10  7  E" E"   11  5  E" E'  331110 1 1 1 0 0 0    84.0   92.0
571  501.617628 5.876E-27 1.520E-03.03330.070 2638.37240.750.000000 0 0 0   1  E'  0 2 0   0  A1' 13  2  E' A1'  12  3  A1"A1" 331110 1 1 1 0 0 0   216.0  200.0
571  501.674946 2.944E-27 1.114E-03.03330.070 2573.97350.750.000000 0 0 0   1  E'  0 2 0   0  A1' 13  4  E' E'   12  5  E" E"  331110 1 1 1 0 0 0   108.0  100.0
571  502.105324 2.929E-27 1.324E-03.03330.070 2610.20500.750.000000 0 0 0   1  E'  0 2 0   0  A1' 13  3  A1"E"   12  4  E' E'  331110 1 1 1 0 0 0   108.0  100.0
571  502.169988 7.279E-27 8.541E-05.03330.070 1581.36070.750.000000 0 1 0   1  E"  0 0 0   1  E'   3  3  A1"E'    4  1  E" E"  331110 1 1 1 0 0 0    28.0   36.0
571  502.279132 2.269E-23 2.726E-01.03330.070 1679.03030.750.000000 0 1 0   1  E"  0 0 0   1  E'   5  5  E" E'    6  5  E" E"  441110 1 1 1 0 0 0    44.0   52.0
571  502.427175 8.841E-26 1.999E-03.03330.070 2015.45580.750.000000 0 1 0   1  E"  0 0 0   1  E'   7  2  E' A1"   8  4  E' A1' 331110 1 1 1 0 0 0   120.0  136.0
571  502.548532 4.334E-26 2.366E-04.03330.070 1885.21240.750.000000 0 0 0   0  A1' 0 0 0   0  A1' 16  6  A1'A1'  15  9  A1"A1" 331110 1 1 1 0 0 0   264.0  248.0
571  502.591785 3.768E-27 7.191E-04.03330.070 2380.80710.750.000000 0 1 0   1  E"  0 0 0   1  E'  10  6  A2'E"   10  4  E' E'  331110 1 1 1 0 0 0    84.0   84.0
571  502.793135 6.759E-22 9.453E-01.03330.070 1325.85440.750.000000 0 2 0   0  A1' 0 1 0   0  A2"  8  5  E" E"    9  5  E" E'  441110 1 1 1 0 0 0    68.0   76.0
571  502.939193 2.360E-28 1.909E-03.03330.070 3317.06920.750.000000 0 0 0   0  A1' 0 0 0   0  A1' 23 17  E" E"   23 20  E' E'  331110 1 1 1 0 0 0   188.0  188.0
571  503.025934 2.052E-28 1.002E-04.03330.070 2592.54030.750.000000 0 3 0   0  A2" 0 0 0   1  E'  11  4  E' E"   12  8  E' E'  331110 1 1 1 0 0 0    92.0  100.0
571  503.401620 4.355E-26 7.714E-04.03330.070 1964.54870.750.000000 0 3 0   0  A2" 0 0 0   1  E'   7  3  A2"A1'   8  5  E" A1" 331110 1 1 1 0 0 0   120.0  136.0
571  503.415618 2.660E-27 1.707E-05.03330.070 1748.68210.750.000000 0 1 0   0  A2" 0 1 0   0  A2" 14  8  E' E"   13 11  E" E'  331110 1 1 1 0 0 0   116.0  108.0
571  503.456292 1.201E-28 3.568E-05.03330.070 2522.85380.750.000000 0 0 0   1  E'  0 1 0   0  A2" 13  5  E" E"   14  1  E" E'  331110 1 1 1 0 0 0   108.0  116.0
571  503.560547 6.081E-24 1.697E+00.03330.070 2458.28150.750.000000 0 3 0   0  A2" 0 2 0   0  A1' 10  1  E" E'   11  1  E" E"  331110 1 1 1 0 0 0    84.0   92.0
571  503.627413 7.579E-27 1.185E-04.03330.070 1964.54870.750.000000 0 1 0   1  E"  0 0 0   1  E'   8  7  E" A1'   8  5  E" A1" 331110 1 1 1 0 0 0   136.0  136.0
571  504.091812 2.316E-27 7.492E-04.03330.070 2666.74040.750.000000 0 1 0   1  E"  0 0 0   1  E'  12  8  E' A1"  13 10  E' A1' 331110 1 1 1 0 0 0   200.0  216.0
571  504.319496 6.211E-24 1.639E+00.03330.070 2446.18680.750.000000 0 3 0   0  A2" 0 2 0   0  A1' 10  2  E' E"   11  2  E' E'  331110 1 1 1 0 0 0    84.0   92.0
571  504.553448 4.117E-24 2.536E-01.03590.070 2325.26490.750.000000 0 3 0   0  A2" 0 2 0   0  A1' 12 12  A2'A1"  13 12  A1'A1' 332110 1 1 2 0 0 0   200.0  216.0
571  504.648772 2.158E-27 6.035E-04.03330.070 2574.51120.750.000000 0 0 0   0  A1' 0 0 0   0  A1' 18  5  E" E"   17  8  E' E'  331110 1 1 1 0 0 0   148.0  140.0
571  504.697768 2.068E-25 1.061E-02.03330.070 2231.03170.750.000000 0 1 0   1  E"  0 2 0   0  A1'  9  5  E" A1'  10  3  A1"A1" 331110 1 1 1 0 0 0   152.0  168.0
571  504.704867 6.552E-28 1.132E-05.03330.070 1815.81580.750.000000 0 3 0   0  A2" 0 0 0   1  E'   7  7  E" E'    7  5  E" E"  331110 1 1 1 0 0 0    60.0   60.0
571  504.722155 1.679E-28 9.188E-02.03330.070 4164.41810.750.000000 0 1 0   0  A2" 0 0 0   0  A1' 21  5  E" E'   21  5  E" E"  331110 1 1 1 0 0 0   172.0  172.0
571  504.896184 1.465E-27 2.441E-04.03330.070 2417.70030.750.000000 0 0 0   1  E'  0 2 0   0  A1' 14 10  E' E'   13 11  E" E"  331110 1 1 1 0 0 0   116.0  108.0
571  505.143558 5.354E-20 8.916E-01.03330.070  281.83970.750.000000 0 1 0   0  A2" 0 0 0   0  A1'  4  1  E" E'    5  1  E" E"  441110 1 1 1 0 0 0    36.0   44.0
571  505.317156 1.359E-28 2.137E-01.03330.070 4390.56850.750.000000 0 1 0   0  A2" 0 0 0   0  A1' 22  8  E' E"   22  8  E' E'  331110 1 1 1 0 0 0   180.0  180.0
571  506.114166 2.969E-27 1.763E-03.03330.070 2630.45830.750.000000 0 1 0   1  E"  0 0 0   1  E'  11  5  E" E'   11  3  A1"E"  331110 1 1 1 0 0 0    92.0   92.0
571  506.235264 5.039E-20 7.854E-01.03330.070  267.44860.750.000000 0 1 0   0  A2" 0 0 0   0  A1'  4  2  E' E"    5  2  E' E'  441110 1 1 1 0 0 0    36.0   44.0
571  506.388515 1.009E-23 7.614E-01.03540.070 2348.40620.750.000000 0 3 0   0  A2" 0 2 0   0  A1' 11  9  A2"A1'  12  9  A1"A1" 442110 1 1 2 0 0 0   184.0  200.0
571  506.628436 1.391E-21 7.790E-01.03580.070 1277.50510.750.000000 0 2 0   0  A1' 0 1 0   0  A2"  8  6  A1'A1'   9  6  A2'A1" 442110 1 1 2 0 0 0   136.0  152.0
571  506.797269 9.780E-26 2.872E-03.03330.070 1894.06840.750.000000 0 1 0   1  E"  0 0 0   1  E'   6  1  E" E'    7  3  A2"E"  331110 1 1 1 0 0 0    52.0   60.0
571  506.863076 1.256E-23 1.516E+00.03520.070 2426.01970.750.000000 0 3 0   0  A2" 0 2 0   0  A1' 10  3  A2"A1'  11  3  A1"A1" 442110 1 1 2 0 0 0   168.0  184.0
571  506.896450 1.207E-28 1.145E-03.03330.070 3318.93230.750.000000 0 0 0   0  A1' 0 0 0   0  A1' 20  4  E' E'   19  7  E" E"  331110 1 1 1 0 0 0   164.0  156.0
571  506.900650 6.092E-28 1.333E-01.03230.070 4116.88700.750.000000 0 1 0   0  A2" 0 0 0   0  A1' 21  6  A2'A1"  21  6  A1'A1' 332110 1 1 2 0 0 0   344.0  344.0
571  507.021353 1.267E-26 1.619E-04.03330.070 1722.67940.750.000000 0 1 0   1  E"  0 2 0   0  A1'  6  6  A1'E"    7  4  E' E'  331110 1 1 1 0 0 0    52.0   60.0
571  507.235898 2.514E-27 8.310E-04.03330.070 2509.23900.750.000000 0 1 0   1  E"  0 0 0   1  E'  11  7  E" E'   12  9  A1"E"  331110 1 1 1 0 0 0    92.0  100.0
571  507.371341 1.141E-28 1.641E-02.03330.070 3877.97850.750.000000 0 1 0   0  A2" 0 0 0   0  A1' 20  2  E' E"   20  2  E' E'  331110 1 1 1 0 0 0   164.0  164.0
571  507.510312 2.024E-25 6.281E-04.03330.070 1509.30140.750.000000 0 0 0   1  E'  0 1 0   0  A2"  9  7  E" E"   10  5  E" E'  331110 1 1 1 0 0 0    76.0   84.0
571  507.828610 5.688E-28 3.694E-02.03290.070 3856.58700.750.000000 0 1 0   0  A2" 0 0 0   0  A1' 20  3  A2"A1'  20  3  A1"A1" 332110 1 1 2 0 0 0   328.0  328.0
571  508.018736 1.165E-24 1.750E-02.03330.070 1679.58460.750.000000 0 3 0   0  A2" 0 0 0   1  E'   4  1  E" E'    5  1  E" E"  331110 1 1 1 0 0 0    36.0   44.0
571  508.043488 1.692E-27 1.834E-05.03330.070 1860.23060.750.000000 0 3 0   0  A2" 0 0 0   1  E'   7  6  A2'A1"   7  4  E' A1' 331110 1 1 1 0 0 0   120.0  120.0
571  508.069844 8.671E-20 6.052E-01.03960.070  243.43630.750.000000 0 1 0   0  A2" 0 0 0   0  A1'  4  3  A2"A1'   5  3  A1"A1" 442110 1 1 2 0 0 0    72.0   88.0
571  508.105789 2.186E-26 2.476E-05.03330.070 1252.77520.750.000000 0 0 0   1  E'  0 1 0   0  A2"  7  6  A2'E'    8  2  E' E"  331110 1 1 1 0 0 0    60.0   68.0
571  508.118801 9.518E-28 1.113E-04.03330.070 2369.13060.750.000000 0 1 0   0  A2" 0 1 0   0  A2" 16  7  E" E'   15 10  E' E"  331110 1 1 1 0 0 0   132.0  124.0
571  508.595615 7.238E-24 1.532E+00.03330.070 2397.79840.750.000000 0 3 0   0  A2" 0 2 0   0  A1' 10  4  E' E"   11  4  E' E'  331110 1 1 1 0 0 0    84.0   92.0
571  508.761385 4.911E-28 2.736E-01.03270.070 4317.24140.750.000000 0 1 0   0  A2" 0 0 0   0  A1' 22  9  A2"A1'  22  9  A1"A1" 332110 1 1 2 0 0 0   360.0  360.0
571  509.018198 1.167E-28 6.232E-06.03330.070 2070.64620.750.000000 0 3 0   0  A2" 0 0 0   1  E'   8  4  E' E"    8  2  E' E'  331110 1 1 1 0 0 0    68.0   68.0
571  509.056969 5.374E-27 4.539E-05.03330.070 1808.14680.750.000000 0 1 0   1  E"  0 0 0   1  E'   7  7  E" A1'   7  5  E" A1" 331110 1 1 1 0 0 0   120.0  120.0
571  509.090052 1.012E-28 1.683E-05.03330.070 2399.47820.750.000000 0 0 0   1  E'  0 0 0   1  E'  13  7  E" E"   12 10  E' E'  331110 1 1 1 0 0 0   108.0  100.0
571  509.279622 1.088E-28 3.727E-01.03330.070 4556.89220.750.000000 0 1 0   0  A2" 0 0 0   0  A1' 23 11  E" E'   23 11  E" E"  331110 1 1 1 0 0 0   188.0  188.0
571  509.502609 1.097E-28 3.209E-06.03330.070 1891.36300.750.000000 0 1 0   1  E"  0 0 0   1  E'   6  1  E" E'    7  3  A1"E"  331110 1 1 1 0 0 0    52.0   60.0
571  509.505165 9.391E-28 1.012E-03.03330.070 2888.79270.750.000000 0 0 0   0  A1' 0 0 0   0  A1' 22 17  E" E"   22 20  E' E'  331110 1 1 1 0 0 0   180.0  180.0
571  509.581878 5.450E-28 1.831E-01.03330.070 4060.57650.750.000000 0 1 0   0  A2" 0 0 0   0  A1' 21  7  E" E'   21  7  E" E"  331110 1 1 1 0 0 0   172.0  172.0
571  509.721673 1.114E-26 6.653E-05.03330.070 1579.59280.750.000000 0 3 0   0  A2" 0 0 0   1  E'   3  3  A2"A1'   4  1  E" A1" 331110 1 1 1 0 0 0    56.0   72.0
571  509.804142 3.501E-28 3.351E-05.03330.070 2269.50060.750.000000 0 0 0   1  E'  0 1 0   0  A2" 12  5  E" E"   13  1  E" E'  331110 1 1 1 0 0 0   100.0  108.0
571  509.828937 6.521E-27 5.485E-04.03330.070 2186.47790.750.000000 0 1 0   1  E"  0 0 0   1  E'   9  6  A1'E"    9  4  E' E'  331110 1 1 1 0 0 0    76.0   76.0
571  509.857096 5.879E-28 6.623E-02.03330.070 3825.82880.750.000000 0 1 0   0  A2" 0 0 0   0  A1' 20  4  E' E"   20  4  E' E'  331110 1 1 1 0 0 0   164.0  164.0
571  510.480755 5.292E-27 9.428E-04.03330.070 2360.95460.750.000000 0 1 0   1  E"  0 0 0   1  E'  10  6  A1'E"   11  8  E' E'  331110 1 1 1 0 0 0    84.0   92.0
571  510.670254 2.893E-20 3.460E-01.03330.070  209.76270.750.000000 0 1 0   0  A2" 0 0 0   0  A1'  4  4  E' E"    5  4  E' E'  441110 1 1 1 0 0 0    36.0   44.0
571  510.825406 1.266E-28 3.710E-06.03330.070 2069.53110.750.000000 0 0 0   1  E'  0 1 0   0  A2" 15 15  A1"E"   15 13  E" E'  331110 1 1 1 0 0 0   124.0  124.0
571  511.155050 3.453E-26 8.505E-04.03330.070 1854.82600.750.000000 0 3 0   0  A2" 0 0 0   1  E'   6  2  E' E"    7  4  E' E'  331110 1 1 1 0 0 0    52.0   60.0
571  511.193906 4.884E-28 8.507E-06.03330.070 1783.48620.750.000000 0 1 0   1  E"  0 2 0   0  A1'  6  5  E" E'    7  1  E" E"  331110 1 1 1 0 0 0    52.0   60.0
571  511.254083 6.614E-22 5.702E-01.03330.070 1220.26640.750.000000 0 2 0   0  A1' 0 1 0   0  A2"  8  7  E" E"    9  7  E" E'  441110 1 1 1 0 0 0    68.0   76.0
571  511.303117 2.528E-27 4.917E-03.03330.070 2888.00160.750.000000 0 1 0   1  E"  0 2 0   0  A1' 12  4  E' E"   13  2  E' E'  331110 1 1 1 0 0 0   100.0  108.0
571  511.357909 4.155E-26 5.888E-04.03330.070 1665.23650.750.000000 0 3 0   0  A2" 0 0 0   1  E'   4  2  E' E"    5  2  E' E'  331110 1 1 1 0 0 0    36.0   44.0
571  511.436710 7.975E-24 1.429E+00.03330.070 2361.49250.750.000000 0 3 0   0  A2" 0 2 0   0  A1' 10  5  E" E'   11  5  E" E"  331110 1 1 1 0 0 0    84.0   92.0
571  511.778822 1.112E-27 1.042E-01.03330.070 3786.63780.750.000000 0 1 0   0  A2" 0 0 0   0  A1' 20  5  E" E'   20  5  E" E"  331110 1 1 1 0 0 0   164.0  164.0
571  511.862031 1.553E-28 1.024E-04.03330.070 2734.25440.750.000000 0 0 0   1  E'  0 0 0   1  E'  17 15  A2"E"   16 16  E' E'  331110 1 1 1 0 0 0   140.0  132.0
571  511.869357 1.176E-22 9.216E-01.03330.070 1685.61190.750.000000 0 1 0   1  E"  0 0 0   1  E'   4  1  E" A1'   5  1  E" A1" 441110 1 1 1 0 0 0    72.0   88.0
571  511.952969 2.572E-25 5.261E-03.03330.070 1781.61070.750.000000 0 1 0   1  E"  0 0 0   1  E'   5  0  A2'E"    6  2  E' E'  331110 1 1 1 0 0 0    44.0   52.0
571  511.982525 1.899E-28 1.381E-04.03330.070 2700.98430.750.000000 0 3 0   0  A2" 0 0 0   1  E'  13 10  E' E"   14 12  A1'E'  331110 1 1 1 0 0 0   108.0  116.0
571  512.266667 6.065E-23 9.543E-01.03930.070 1686.13980.750.000000 0 1 0   1  E"  0 0 0   1  E'   4  0  A1'E"    5  0  A2'E'  442110 1 1 2 0 0 0    36.0   44.0
571  512.566402 2.411E-28 3.449E-04.03330.070 3047.13220.750.000000 0 1 0   0  A2" 0 1 0   0  A2" 18  6  A2'A1"  17  9  A2"A1' 331110 1 1 1 0 0 0   296.0  280.0
571  512.596617 1.257E-25 3.126E-03.03330.070 2053.47430.750.000000 0 1 0   1  E"  0 2 0   0  A1'  8  5  E" A1'   9  3  A1"A1" 331110 1 1 1 0 0 0   136.0  152.0
571  512.663651 5.950E-23 9.081E-01.03330.070 1679.58460.750.000000 0 1 0   1  E"  0 0 0   1  E'   4  1  E" E'    5  1  E" E"  441110 1 1 1 0 0 0    36.0   44.0
571  512.801204 9.777E-28 2.419E-01.03330.070 3995.42090.750.000000 0 1 0   0  A2" 0 0 0   0  A1' 21  8  E' E"   21  8  E' E'  331110 1 1 1 0 0 0   172.0  172.0
571  512.818235 4.524E-28 3.428E-01.03330.070 4234.99180.750.000000 0 1 0   0  A2" 0 0 0   0  A1' 22 10  E' E"   22 10  E' E'  331110 1 1 1 0 0 0   180.0  180.0
571  512.933382 1.832E-28 1.429E-04.03330.070 2729.51620.750.000000 0 0 0   1  E'  0 1 0   0  A2" 14  6  A2'E'   15  4  E' E"  331110 1 1 1 0 0 0   116.0  124.0
571  513.224302 5.208E-24 5.546E-01.03330.070 2271.86230.750.000000 0 3 0   0  A2" 0 2 0   0  A1' 11 10  E' E"   12 10  E' E'  331110 1 1 1 0 0 0    92.0  100.0
571  513.434075 5.168E-28 1.489E-04.03330.070 2666.74040.750.000000 0 0 0   1  E'  0 0 0   1  E'  14  7  E" A1"  13 10  E' A1' 331110 1 1 1 0 0 0   232.0  216.0
571  513.495608 1.156E-22 8.176E-01.03330.070 1663.22410.750.000000 0 1 0   1  E"  0 0 0   1  E'   4  2  E' A1"   5  2  E' A1' 441110 1 1 1 0 0 0    72.0   88.0
571  513.673964 1.638E-28 4.668E-03.03330.070 3530.13410.750.000000 0 1 0   0  A2" 0 0 0   0  A1' 19  1  E" E'   19  1  E" E"  331110 1 1 1 0 0 0   156.0  156.0
571  513.829600 2.313E-26 1.172E-03.03330.070 2221.89980.750.000000 0 1 0   1  E"  0 0 0   1  E'   9  5  E" A1'  10  7  E" A1" 331110 1 1 1 0 0 0   152.0  168.0
571  514.193798 4.047E-27 1.514E-01.03250.070 3738.63880.750.000000 0 1 0   0  A2" 0 0 0   0  A1' 20  6  A2'A1"  20  6  A1'A1' 332110 1 1 2 0 0 0   328.0  328.0
571  514.246569 4.200E-28 4.517E-01.03350.070 4457.55410.750.000000 0 1 0   0  A2" 0 0 0   0  A1' 23 12  A2'A1"  23 12  A1'A1' 332110 1 1 2 0 0 0   376.0  376.0
571  514.340319 6.983E-28 1.872E-02.03330.070 3516.99610.750.000000 0 1 0   0  A2" 0 0 0   0  A1' 19  2  E' E"   19  2  E' E'  331110 1 1 1 0 0 0   156.0  156.0
571  514.560924 2.202E-27 1.512E-06.03330.070 1408.80000.750.000000 0 1 0   0  A2" 0 1 0   0  A2" 13  9  A2"A1'  12 12  A2'A1" 331110 1 1 1 0 0 0   216.0  200.0
571  514.739168 6.778E-28 1.773E-05.03330.070 1894.06840.750.000000 0 3 0   0  A2" 0 0 0   1  E'   7  5  E" E'    7  3  A2"E"  331110 1 1 1 0 0 0    60.0   60.0
571  514.787650 1.978E-27 3.686E-04.03330.070 2545.61120.750.000000 0 3 0   0  A2" 0 0 0   1  E'  12  9  A2"A1'  13 11  E" A1" 331110 1 1 1 0 0 0   200.0  216.0
571  514.796562 6.686E-27 1.590E-03.03330.070 2417.31630.750.000000 0 1 0   1  E"  0 0 0   1  E'  10  5  E" E'   10  3  A2"E"  331110 1 1 1 0 0 0    84.0   84.0
571  514.846560 9.099E-26 1.089E-05.03330.070  906.68210.750.000000 0 0 0   0  A1' 0 0 0   0  A1' 13  8  E' E'   12 11  E" E"  331110 1 1 1 0 0 0   108.0  100.0
571  514.935581 1.068E-24 1.558E-03.03330.070 1325.85440.750.000000 0 0 0   1  E'  0 1 0   0  A2"  8  7  E" E"    9  5  E" E'  331110 1 1 1 0 0 0    68.0   76.0
571  515.043690 1.768E-23 1.293E+00.03530.070 2317.10430.750.000000 0 3 0   0  A2" 0 2 0   0  A1' 10  6  A2'A1"  11  6  A1'A1' 442110 1 1 2 0 0 0   168.0  184.0
571  515.172423 5.047E-23 6.310E-01.03960.070 1636.77110.750.000000 0 1 0   1  E"  0 0 0   1  E'   4  3  A1"E'    5  3  A1"E"  442110 1 1 2 0 0 0    36.0   44.0
571  515.342121 7.779E-28 1.762E-04.03330.070 2458.63180.750.000000 0 0 0   1  E'  0 1 0   0  A2" 13  6  A2'E'   14  4  E' E"  331110 1 1 1 0 0 0   108.0  116.0
571  515.473912 1.620E-27 4.224E-04.03330.070 2502.16690.750.000000 0 0 0   1  E'  0 2 0   0  A1' 14  9  A1"E"   13 10  E' E'  331110 1 1 1 0 0 0   116.0  108.0
571  515.584859 4.683E-28 8.655E-06.03330.070 1758.16650.750.000000 0 3 0   0  A2" 0 0 0   1  E'   5  1  E" E'    6  3  A1"E"  331110 1 1 1 0 0 0    44.0   52.0
571  515.858187 5.775E-23 8.311E-01.03330.070 1665.23650.750.000000 0 1 0   1  E"  0 0 0   1  E'   4  2  E' E"    5  2  E' E'  441110 1 1 1 0 0 0    36.0   44.0
571  515.898544 3.505E-27 4.241E-02.03310.070 3494.82830.750.000000 0 1 0   0  A2" 0 0 0   0  A1' 19  3  A2"A1'  19  3  A1"A1" 331110 1 1 1 0 0 0   312.0  312.0
571  515.950836 1.452E-26 1.022E-02.03330.070 2658.48380.750.000000 0 1 0   1  E"  0 2 0   0  A1' 11  4  E' E"   12  2  E' E'  331110 1 1 1 0 0 0    92.0  100.0
571  516.076188 2.772E-27 4.300E-04.03330.070 2476.00880.750.000000 0 0 0   0  A1' 0 0 0   0  A1' 21 17  E" E"   21 20  E' E'  331110 1 1 1 0 0 0   172.0  172.0
571  516.219320 5.558E-26 1.127E-04.03330.070 1516.16130.750.000000 0 0 0   0  A1' 0 0 0   0  A1' 15  7  E" E"   14 10  E' E'  331110 1 1 1 0 0 0   124.0  116.0
571  516.243283 9.182E-27 3.763E-04.03330.070 2011.09920.750.000000 0 1 0   1  E"  0 0 0   1  E'   8  6  A2'E"    8  4  E' E'  331110 1 1 1 0 0 0    68.0   68.0
571  516.601912 3.552E-27 3.106E-01.03300.070 3921.33710.750.000000 0 1 0   0  A2" 0 0 0   0  A1' 21  9  A2"A1'  21  9  A1"A1" 331110 1 1 1 0 0 0   344.0  344.0
571  516.603673 8.811E-28 2.980E-05.03330.070 2033.48640.750.000000 0 0 0   1  E'  0 1 0   0  A2" 11  5  E" E"   12  1  E" E'  331110 1 1 1 0 0 0    92.0  100.0
571  516.772324 4.920E-22 3.135E-01.03330.070 1154.09340.750.000000 0 2 0   0  A1' 0 1 0   0  A2"  8  8  E' E'    9  8  E' E"  441110 1 1 1 0 0 0    68.0   76.0
571  516.936351 1.579E-28 6.035E-06.03330.070 2075.60390.750.000000 0 0 0   1  E'  0 0 0   1  E'  12  8  E' E'   11 11  E" E"  331110 1 1 1 0 0 0   100.0   92.0
571  517.057920 3.612E-27 7.567E-02.03330.070 3464.35850.750.000000 0 1 0   0  A2" 0 0 0   0  A1' 19  4  E' E"   19  4  E' E'  331110 1 1 1 0 0 0   156.0  156.0
571  517.131843 3.635E-27 2.085E-01.03330.070 3681.77460.750.000000 0 1 0   0  A2" 0 0 0   0  A1' 20  7  E" E'   20  7  E" E"  331110 1 1 1 0 0 0   164.0  164.0
571  517.147402 1.002E-28 5.677E-01.03330.070 4663.22530.750.000000 0 1 0   0  A2" 0 0 0   0  A1' 24 14  E' E"   24 14  E' E'  331110 1 1 1 0 0 0   196.0  196.0
571  517.265607 1.876E-26 1.144E-03.03330.070 2092.09370.750.000000 0 1 0   1  E"  0 0 0   1  E'   8  4  E' E"    9  6  A1'E'  331110 1 1 1 0 0 0    68.0   76.0
571  517.419417 1.494E-28 2.587E-05.03330.070 2573.05140.750.000000 0 2 0   0  A1' 0 2 0   0  A1' 15  9  A1"A1"  14 12  A1'A1' 331110 1 1 1 0 0 0   248.0  232.0
571  517.530609 8.547E-28 4.224E-01.03330.070 4143.71410.750.000000 0 1 0   0  A2" 0 0 0   0  A1' 22 11  E" E'   22 11  E" E"  331110 1 1 1 0 0 0   180.0  180.0
571  517.535937 1.191E-21 1.485E+00.03330.070 1265.95030.750.000000 0 2 0   0  A1' 0 1 0   0  A2"  7  1  E" E"    8  1  E" E'  441110 1 1 1 0 0 0    60.0   68.0
571  517.554744 1.102E-26 3.884E-03.03330.070 2657.64090.750.000000 0 1 0   1  E"  0 0 0   1  E'  11  4  E' A1"  11  2  E' A1' 331110 1 1 1 0 0 0   184.0  184.0
571  517.559305 3.248E-25 2.079E-02.03330.070 2267.38200.750.000000 0 1 0   1  E"  0 2 0   0  A1'  9  4  E' A1"  10  0  A1'A1' 331110 1 1 1 0 0 0   152.0  168.0
571  517.674840 3.426E-23 3.615E-01.03330.070 1600.12180.750.000000 0 1 0   1  E"  0 0 0   1  E'   4  4  E' E"    5  4  E' E'  441110 1 1 1 0 0 0    36.0   44.0
571  517.787526 1.723E-26 3.973E-04.03330.070 2182.86070.750.000000 0 0 0   0  A1' 0 0 0   0  A1' 17  6  A1'A1'  16  9  A1"A1" 331110 1 1 1 0 0 0   280.0  264.0
571  517.944513 7.999E-27 1.610E-03.03330.070 2399.47820.750.000000 0 3 0   0  A2" 0 0 0   1  E'  11  8  E' E"   12 10  E' E'  331110 1 1 1 0 0 0    92.0  100.0
571  517.958202 4.968E-23 6.407E-01.03960.070 1641.21420.750.000000 0 1 0   1  E"  0 0 0   1  E'   4  3  A2"E'    5  3  A2"E"  442110 1 1 2 0 0 0    36.0   44.0
571  518.008053 1.253E-27 8.289E-07.03330.070 1105.67010.750.000000 0 0 0   1  E'  0 1 0   0  A2"  6  6  A1'E'    7  2  E' E"  331110 1 1 1 0 0 0    52.0   60.0
571  518.061330 9.884E-26 1.264E-03.03330.070 1587.60990.750.000000 0 1 0   1  E"  0 0 0   1  E'   3  2  E' E"    4  0  A1'E'  331110 1 1 1 0 0 0    28.0   36.0
571  518.548944 1.213E-21 1.423E+00.03330.070 1252.77520.750.000000 0 2 0   0  A1' 0 1 0   0  A2"  7  2  E' E'    8  2  E' E"  441110 1 1 1 0 0 0    60.0   68.0
571  518.640654 6.669E-28 1.425E-04.03330.070 2472.75740.750.000000 0 0 0   1  E'  0 2 0   0  A1' 15 12  A1'E'   14 13  E" E"  331110 1 1 1 0 0 0   124.0  116.0
571  518.690706 2.889E-27 2.083E-04.03330.070 2204.93340.750.000000 0 0 0   1  E'  0 1 0   0  A2" 12  6  A1'E'   13  4  E' E"  331110 1 1 1 0 0 0   100.0  108.0
571  519.145630 6.849E-27 1.192E-01.03330.070 3424.79680.750.000000 0 1 0   0  A2" 0 0 0   0  A1' 19  5  E" E'   19  5  E" E"  331110 1 1 1 0 0 0   156.0  156.0
571  519.160129 8.859E-24 1.020E+00.03330.070 2264.91000.750.000000 0 3 0   0  A2" 0 2 0   0  A1' 10  7  E" E'   11  7  E" E"  331110 1 1 1 0 0 0    84.0   92.0
571  519.369673 6.042E-26 1.111E-03.03330.070 1754.38170.750.000000 0 3 0   0  A2" 0 0 0   1  E'   5  1  E" E'    6  3  A2"E"  331110 1 1 1 0 0 0    44.0   52.0
571  519.374444 1.838E-27 4.052E-05.03330.070 2004.79600.750.000000 0 1 0   0  A2" 0 1 0   0  A2" 15  8  E' E"   14 11  E" E'  331110 1 1 1 0 0 0   124.0  116.0
571  519.545010 6.473E-28 9.029E-04.03330.070 2905.25180.750.000000 0 0 0   0  A1' 0 0 0   0  A1' 19  5  E" E"   18  8  E' E'  331110 1 1 1 0 0 0   156.0  148.0
571  519.950872 4.188E-28 5.421E-01.03330.070 4349.04780.750.000000 0 1 0   0  A2" 0 0 0   0  A1' 23 13  E" E'   23 13  E" E"  331110 1 1 1 0 0 0   188.0  188.0
571  520.122146 4.660E-26 6.000E-04.03330.070 1587.60990.750.000000 0 3 0   0  A2" 0 0 0   1  E'   3  2  E' E"    4  0  A1'E'  331110 1 1 1 0 0 0    28.0   36.0
571  520.252179 2.484E-21 1.318E+00.03870.070 1230.80210.750.000000 0 2 0   0  A1' 0 1 0   0  A2"  7  3  A1"A1"   8  3  A2"A1' 442110 1 1 2 0 0 0   120.0  136.0
571  520.451982 6.192E-28 3.863E-04.03330.070 2630.45830.750.000000 0 3 0   0  A2" 0 0 0   1  E'  11  1  E" E'   11  3  A1"E"  331110 1 1 1 0 0 0    92.0   92.0
571  520.631907 6.551E-27 2.761E-01.03330.070 3615.97070.750.000000 0 1 0   0  A2" 0 0 0   0  A1' 20  8  E' E"   20  8  E' E'  331110 1 1 1 0 0 0   164.0  164.0
571  520.668645 3.389E-26 1.319E-03.03330.070 1971.53490.750.000000 0 1 0   1  E"  0 0 0   1  E'   7  3  A2"E'    8  5  E" E"  331110 1 1 1 0 0 0    60.0   68.0
571  520.808734 9.306E-28 5.365E-03.03330.070 3185.45550.750.000000 0 1 0   0  A2" 0 0 0   0  A1' 18  1  E" E'   18  1  E" E"  331110 1 1 1 0 0 0   148.0  148.0
571  520.975834 1.466E-28 5.524E-04.03330.070 3061.50540.750.000000 0 1 0   1  E"  0 0 0   1  E'  15 12  A2'E"   16 14  E' E'  331110 1 1 1 0 0 0   124.0  132.0
571  521.024318 3.292E-27 3.903E-01.03330.070 3838.22940.750.000000 0 1 0   0  A2" 0 0 0   0  A1' 21 10  E' E"   21 10  E' E'  331110 1 1 1 0 0 0   172.0  172.0
571  521.114871 6.663E-23 3.670E-01.03330.070 1606.53760.750.000000 0 1 0   1  E"  0 0 0   1  E'   4  4  E' A1"   5  4  E' A1' 441110 1 1 1 0 0 0    72.0   88.0
571  521.129241 4.193E-24 3.042E-01.03330.070 2187.32480.750.000000 0 3 0   0  A2" 0 2 0   0  A1' 11 11  E" E'   12 11  E" E"  331110 1 1 1 0 0 0    92.0  100.0
571  521.525538 3.972E-27 2.152E-02.03330.070 3172.19850.750.000000 0 1 0   0  A2" 0 0 0   0  A1' 18  2  E' E"   18  2  E' E'  331110 1 1 1 0 0 0   148.0  148.0
571  521.526200 8.970E-26 1.197E-03.03330.070 1893.45700.750.000000 0 1 0   1  E"  0 2 0   0  A1'  7  5  E" A1'   8  3  A1"A1" 331110 1 1 1 0 0 0   120.0  136.0
571  521.651426 9.277E-25 1.064E-01.03330.070 2262.41870.750.000000 0 3 0   0  A2" 0 0 0   1  E'  10  7  E" E'   11  9  A2"E"  331110 1 1 1 0 0 0    84.0   92.0
571  521.711900 1.244E-25 3.487E-02.03330.070 2446.18680.750.000000 0 1 0   1  E"  0 2 0   0  A1' 10  4  E' E"   11  2  E' E'  331110 1 1 1 0 0 0    84.0   92.0
571  521.752618 2.501E-26 1.735E-01.03270.070 3376.34260.750.000000 0 1 0   0  A2" 0 0 0   0  A1' 19  6  A2'A1"  19  6  A1'A1' 332110 1 1 2 0 0 0   312.0  312.0
571  521.858229 9.765E-27 2.163E-04.03330.070 1854.82600.750.000000 0 1 0   1  E"  0 0 0   1  E'   7  6  A1'E"    7  4  E' E'  331110 1 1 1 0 0 0    60.0   60.0
571  522.402873 1.989E-26 4.858E-02.03330.070 3150.27490.750.000000 0 1 0   0  A2" 0 0 0   0  A1' 18  3  A2"A1'  18  3  A1"A1" 331110 1 1 1 0 0 0   296.0  296.0
571  522.524736 1.265E-26 1.327E-03.03330.070 2222.97260.750.000000 0 1 0   1  E"  0 0 0   1  E'   9  5  E" E'    9  3  A2"E"  331110 1 1 1 0 0 0    76.0   76.0
571  522.526266 1.934E-28 2.259E-06.03330.070 1658.78320.750.000000 0 1 0   1  E"  0 2 0   0  A1'  5  5  E" E'    6  1  E" E"  331110 1 1 1 0 0 0    44.0   52.0
571  522.630708 4.733E-27 1.144E-04.03330.070 2079.03960.750.000000 0 0 0   0  A1' 0 0 0   0  A1' 20 17  E" E"   20 20  E' E'  331110 1 1 1 0 0 0   164.0  164.0
571  522.663771 1.267E-21 1.167E+00.03330.070 1200.01560.750.000000 0 2 0   0  A1' 0 1 0   0  A2"  7  4  E' E'    8  4  E' E"  441110 1 1 1 0 0 0    60.0   68.0
571  522.747262 1.449E-28 1.886E-05.03330.070 2267.09530.750.000000 0 3 0   0  A2" 0 0 0   1  E'   9  1  E" E'    9  1  E" E"  331110 1 1 1 0 0 0    76.0   76.0
571  522.937566 3.326E-27 5.138E-01.03360.070 4043.28720.750.000000 0 1 0   0  A2" 0 0 0   0  A1' 22 12  A2'A1"  22 12  A1'A1' 332110 1 1 2 0 0 0   360.0  360.0
571  523.034852 9.482E-27 2.391E-04.03330.070 1968.59490.750.000000 0 0 0   1  E'  0 1 0   0  A2" 11  6  A2'E'   12  4  E' E"  331110 1 1 1 0 0 0    92.0  100.0
571  523.177999 6.762E-28 5.851E-04.03330.070 2886.08990.750.000000 0 1 0   1  E"  0 0 0   1  E'  14 11  E" A1'  15 13  E" A1" 331110 1 1 1 0 0 0   232.0  248.0
571  523.456994 1.543E-23 1.175E-02.03330.070 1160.38500.750.000000 0 0 0   1  E'  0 1 0   0  A2"  7  7  E" E"    8  5  E" E'  441110 1 1 1 0 0 0    60.0   68.0
571  523.618497 3.975E-28 1.895E-04.03330.070 2659.22490.750.000000 0 1 0   0  A2" 0 1 0   0  A2" 17  7  E" E'   16 10  E' E"  331110 1 1 1 0 0 0   140.0  132.0
571  523.896486 3.277E-27 6.376E-04.03330.070 2578.61520.750.000000 0 0 0   1  E'  0 2 0   0  A1' 14  8  E' A1'  13  9  A1"A1" 331110 1 1 1 0 0 0   232.0  216.0
571  523.926141 1.913E-27 2.511E-05.03330.070 1814.97490.750.000000 0 0 0   1  E'  0 1 0   0  A2" 10  5  E" E"   11  1  E" E'  331110 1 1 1 0 0 0    84.0   92.0
571  523.938145 4.261E-28 6.698E-01.03400.070 4537.39380.750.000000 0 1 0   0  A2" 0 0 0   0  A1' 24 15  A2"A1'  24 15  A1"A1" 332110 1 1 2 0 0 0   392.0  392.0
571  524.137723 1.719E-27 1.171E-05.03330.070 1723.85730.750.000000 0 3 0   0  A2" 0 0 0   1  E'   6  6  A2'A1"   6  4  E' A1' 331110 1 1 1 0 0 0   104.0  104.0
571  524.373931 5.228E-28 1.128E-03.03330.070 2900.03700.750.000000 0 1 0   1  E"  0 2 0   0  A1' 12  3  A2"E'   13  1  E" E"  331110 1 1 1 0 0 0   100.0  108.0
571  524.437972 2.062E-26 8.714E-02.03330.070 3119.08380.750.000000 0 1 0   0  A2" 0 0 0   0  A1' 18  4  E' E"   18  4  E' E'  331110 1 1 1 0 0 0   148.0  148.0
571  524.581657 2.980E-28 5.124E-06.03330.070 1943.36870.750.000000 0 3 0   0  A2" 0 0 0   1  E'   7  3  A2"A1'   7  1  E" A1" 331110 1 1 1 0 0 0   120.0  120.0
571  524.604822 1.054E-23 9.194E-01.03330.070 2204.15150.750.000000 0 3 0   0  A2" 0 2 0   0  A1' 10  8  E' E"   11  8  E' E'  441110 1 1 1 0 0 0    84.0   92.0
571  524.729375 2.393E-26 3.555E-01.03330.070 3541.14220.750.000000 0 1 0   0  A2" 0 0 0   0  A1' 20  9  A2"A1'  20  9  A1"A1" 331110 1 1 1 0 0 0   328.0  328.0
571  524.864514 1.552E-25 2.058E-03.03330.070 1860.23060.750.000000 0 1 0   1  E"  0 0 0   1  E'   6  2  E' A1"   7  4  E' A1' 331110 1 1 1 0 0 0   104.0  120.0
571  524.910213 2.255E-26 2.393E-01.03330.070 3318.93230.750.000000 0 1 0   0  A2" 0 0 0   0  A1' 19  7  E" E'   19  7  E" E"  331110 1 1 1 0 0 0   156.0  156.0
571  525.252629 1.220E-25 4.216E-03.03330.070 2135.11880.750.000000 0 3 0   0  A2" 0 0 0   1  E'   9  6  A2'A1"  10  8  E' A1' 331110 1 1 1 0 0 0   152.0  168.0
571  525.253330 3.203E-28 9.702E-06.03330.070 1916.79800.750.000000 0 3 0   0  A2" 0 0 0   1  E'   7  4  E' E"    7  2  E' E'  331110 1 1 1 0 0 0    60.0   60.0
571  525.467855 7.486E-28 6.251E-04.03330.070 2719.88880.750.000000 0 1 0   1  E"  0 0 0   1  E'  13 10  E' E"   14 12  A2'E'  331110 1 1 1 0 0 0   108.0  116.0
571  525.494097 3.926E-28 4.929E-05.03330.070 2513.91280.750.000000 0 0 0   1  E'  0 2 0   0  A1' 16 14  E' A1'  15 15  A1"A1" 331110 1 1 1 0 0 0   264.0  248.0
571  525.791301 8.543E-24 1.040E+00.03330.070 2251.22500.750.000000 0 3 0   0  A2" 0 2 0   0  A1'  9  2  E' E"   10  2  E' E'  331110 1 1 1 0 0 0    76.0   84.0
571  525.819808 2.325E-27 9.204E-05.03330.070 1971.53490.750.000000 0 1 0   1  E"  0 0 0   1  E'   7  3  A1"E'    8  5  E" E"  331110 1 1 1 0 0 0    60.0   68.0
571  525.858321 1.243E-21 9.548E-01.03330.070 1160.38500.750.000000 0 2 0   0  A1' 0 1 0   0  A2"  7  5  E" E"    8  5  E" E'  441110 1 1 1 0 0 0    60.0   68.0
571  526.107319 6.263E-27 4.824E-01.03330.070 3745.98710.750.000000 0 1 0   0  A2" 0 0 0   0  A1' 21 11  E" E'   21 11  E" E"  331110 1 1 1 0 0 0   172.0  172.0
571  526.233285 1.463E-19 1.084E+00.04010.070  191.24590.750.000000 0 1 0   0  A2" 0 0 0   0  A1'  3  0  A2'A1"   4  0  A1'A1' 442110 1 1 2 0 0 0    56.0   72.0
571  526.353406 2.961E-23 1.953E+00.03450.070 2267.38200.750.000000 0 3 0   0  A2" 0 2 0   0  A1'  9  0  A2'A1"  10  0  A1'A1' 442110 1 1 2 0 0 0   152.0  168.0
571  526.424822 8.654E-28 6.458E-01.03330.070 4231.22380.750.000000 0 1 0   0  A2" 0 0 0   0  A1' 23 14  E' E"   23 14  E' E'  331110 1 1 1 0 0 0   188.0  188.0
571  526.499597 1.503E-23 1.946E+00.03330.070 2263.34300.750.000000 0 3 0   0  A2" 0 2 0   0  A1'  9  1  E" E'   10  1  E" E"  441110 1 1 1 0 0 0    76.0   84.0
571  526.603555 7.024E-20 1.018E+00.03330.070  186.43750.750.000000 0 1 0   0  A2" 0 0 0   0  A1'  3  1  E" E'    4  1  E" E"  441110 1 1 1 0 0 0    28.0   36.0
571  526.666273 3.918E-26 1.375E-01.03330.070 3079.16000.750.000000 0 1 0   0  A2" 0 0 0   0  A1' 18  5  E" E'   18  5  E" E"  331110 1 1 1 0 0 0   148.0  148.0
571  526.693369 4.466E-27 1.774E-04.03330.070 1971.53490.750.000000 0 3 0   0  A2" 0 0 0   1  E'   7  1  E" E'    8  5  E" E"  331110 1 1 1 0 0 0    60.0   68.0
571  526.701347 6.293E-27 8.401E-05.03330.070 1717.79430.750.000000 0 1 0   1  E"  0 0 0   1  E'   6  6  A2'E"    6  4  E' E'  331110 1 1 1 0 0 0    52.0   52.0
571  526.920154 2.497E-26 3.527E-03.03330.070 2444.21740.750.000000 0 1 0   1  E"  0 0 0   1  E'  10  4  E' A1"  10  2  E' A1' 331110 1 1 1 0 0 0   168.0  168.0
571  527.718956 6.045E-20 8.202E-01.03330.070  172.00420.750.000000 0 1 0   0  A2" 0 0 0   0  A1'  3  2  E' E"    4  2  E' E'  441110 1 1 1 0 0 0    28.0   36.0
571  527.722551 9.213E-27 7.344E-03.03330.070 2675.75440.750.000000 0 1 0   1  E"  0 0 0   1  E'  11  3  A1"E'   11  1  E" E"  331110 1 1 1 0 0 0    92.0   92.0
571  527.758756 2.940E-28 3.081E-04.03330.070 2936.04570.750.000000 0 0 0   1  E'  0 0 0   1  E'  15  7  E" A1"  14 10  E' A1' 331110 1 1 1 0 0 0   248.0  232.0
571  527.849781 1.591E-27 6.746E-04.03330.070 2562.91990.750.000000 0 1 0   1  E"  0 0 0   1  E'  12  9  A1"E'   13 11  E" E"  331110 1 1 1 0 0 0   100.0  108.0
571  528.031712 4.907E-27 6.215E-03.03330.070 2857.21430.750.000000 0 1 0   0  A2" 0 0 0   0  A1' 17  1  E" E'   17  1  E" E"  331110 1 1 1 0 0 0   140.0  140.0
571  528.190098 1.813E-28 2.670E-03.03330.070 3573.62830.750.000000 0 0 0   0  A1' 0 0 0   0  A1' 24 18  A1'A1'  24 21  A1"A1" 331110 1 1 1 0 0 0   392.0  392.0
571  528.420455 2.762E-26 2.681E-04.03330.070 1749.78290.750.000000 0 0 0   1  E'  0 1 0   0  A2" 10  6  A1'E'   11  4  E' E"  331110 1 1 1 0 0 0    84.0   92.0
571  528.648444 4.082E-26 3.176E-01.03330.070 3252.49200.750.000000 0 1 0   0  A2" 0 0 0   0  A1' 19  8  E' E"   19  8  E' E'  331110 1 1 1 0 0 0   156.0  156.0
571  528.791794 2.095E-26 2.494E-02.03330.070 2843.84150.750.000000 0 1 0   0  A2" 0 0 0   0  A1' 17  2  E' E"   17  2  E' E'  331110 1 1 1 0 0 0   140.0  140.0
571  528.896715 1.616E-25 3.126E-03.03330.070 1758.16650.750.000000 0 1 0   1  E"  0 0 0   1  E'   5  1  E" E'    6  3  A1"E"  331110 1 1 1 0 0 0    44.0   52.0
571  529.075563 3.344E-27 6.189E-01.03330.070 3933.57250.750.000000 0 1 0   0  A2" 0 0 0   0  A1' 22 13  E" E'   22 13  E" E"  331110 1 1 1 0 0 0   180.0  180.0
571  529.330754 2.001E-26 1.024E-03.03330.070 2047.60380.750.000000 0 1 0   1  E"  0 0 0   1  E'   8  5  E" E'    8  3  A2"E"  331110 1 1 1 0 0 0    68.0   68.0
571  529.440002 1.435E-25 2.003E-01.03300.070 3030.25860.750.000000 0 1 0   0  A2" 0 0 0   0  A1' 18  6  A2'A1"  18  6  A1'A1' 331110 1 1 1 0 0 0   296.0  296.0
571  529.461361 2.231E-26 4.479E-01.03330.070 3457.18880.750.000000 0 1 0   0  A2" 0 0 0   0  A1' 20 10  E' E"   20 10  E' E'  331110 1 1 1 0 0 0   164.0  164.0
571  529.462878 3.265E-23 1.824E+00.03560.070 2231.03170.750.000000 0 3 0   0  A2" 0 2 0   0  A1'  9  3  A2"A1'  10  3  A1"A1" 442110 1 1 2 0 0 0   152.0  168.0
571  529.544018 2.610E-26 1.151E-03.03330.070 2016.81170.750.000000 0 3 0   0  A2" 0 0 0   1  E'   8  5  E" E'    9  7  E" E"  331110 1 1 1 0 0 0    68.0   76.0
571  529.593478 7.968E-20 4.838E-01.04070.070  147.92160.750.000000 0 1 0   0  A2" 0 0 0   0  A1'  3  3  A2"A1'   4  3  A1"A1" 442110 1 1 2 0 0 0    56.0   72.0
571  529.776192 2.312E-21 7.106E-01.03790.070 1111.87850.750.000000 0 2 0   0  A1' 0 1 0   0  A2"  7  6  A1'A1'   8  6  A2'A1" 442110 1 1 2 0 0 0   120.0  136.0
571  529.970903 7.107E-24 8.775E-01.03330.070 2251.22500.750.000000 0 1 0   1  E"  0 2 0   0  A1'  9  4  E' E"   10  2  E' E'  331110 1 1 1 0 0 0    76.0   84.0
571  530.278680 1.076E-27 1.770E-05.03330.070 1758.16650.750.000000 0 3 0   0  A2" 0 0 0   1  E'   6  5  E" E'    6  3  A1"E"  331110 1 1 1 0 0 0    52.0   52.0
571  530.309517 1.054E-25 5.651E-02.03350.070 2821.39100.750.000000 0 1 0   0  A2" 0 0 0   0  A1' 17  3  A2"A1'  17  3  A1"A1" 332110 1 1 2 0 0 0   280.0  280.0
571  530.328416 6.499E-27 7.364E-04.03330.070 2415.19970.750.000000 0 1 0   1  E"  0 0 0   1  E'  11  8  E' A1"  12 10  E' A1' 331110 1 1 1 0 0 0   184.0  200.0
571  530.533268 8.853E-26 3.451E-05.03330.070 1153.26340.750.000000 0 0 0   0  A1' 0 0 0   0  A1' 14  8  E' E'   13 11  E" E"  331110 1 1 1 0 0 0   116.0  108.0
571  530.579557 1.660E-27 9.204E-04.03330.070 2646.80980.750.000000 0 0 0   1  E'  0 2 0   0  A1' 14  7  E" E"   13  8  E' E'  331110 1 1 1 0 0 0   116.0  108.0
571  530.735489 2.097E-23 6.693E-01.03550.070 2135.56290.750.000000 0 3 0   0  A2" 0 2 0   0  A1' 10  9  A2"A1'  11  9  A1"A1" 442110 1 1 2 0 0 0   168.0  184.0
571  530.776711 3.538E-27 7.636E-06.03330.070 1647.79430.750.000000 0 1 0   0  A2" 0 1 0   0  A2" 14  9  A2"A1'  13 12  A2'A1" 331110 1 1 1 0 0 0   232.0  216.0
571  531.226680 1.312E-28 1.600E-05.03330.070 2361.42210.750.000000 0 0 0   1  E'  0 1 0   0  A2" 16 15  A1"E"   16 13  E" E'  331110 1 1 1 0 0 0   132.0  132.0
571  531.315681 9.866E-28 7.428E-06.03330.070 1904.40460.750.000000 0 0 0   1  E'  0 1 0   0  A2" 14 14  E' A1'  14 12  A2'A1" 331110 1 1 1 0 0 0   232.0  232.0
571  531.515859 2.742E-26 2.157E-04.03330.070 1797.27480.750.000000 0 0 0   0  A1' 0 0 0   0  A1' 16  7  E" E"   15 10  E' E'  331110 1 1 1 0 0 0   132.0  124.0
571  531.538796 5.838E-26 4.655E-04.03330.070 1751.05430.750.000000 0 1 0   1  E"  0 2 0   0  A1'  6  5  E" A1'   7  3  A1"A1" 331110 1 1 1 0 0 0   104.0  120.0
571  531.567437 4.713E-28 7.874E-01.03330.070 4402.02710.750.000000 0 1 0   0  A2" 0 0 0   0  A1' 24 16  E' E"   24 16  E' E'  331110 1 1 1 0 0 0   196.0  196.0
571  531.702506 1.749E-23 1.716E+00.03330.070 2202.74700.750.000000 0 3 0   0  A2" 0 2 0   0  A1'  9  4  E' E"   10  4  E' E'  441110 1 1 1 0 0 0    76.0   84.0
571  531.851031 3.566E-27 2.002E-05.03330.070 1614.12100.750.000000 0 0 0   1  E'  0 1 0   0  A2"  9  5  E" E"   10  1  E" E'  331110 1 1 1 0 0 0    76.0   84.0
571  531.872756 1.091E-25 1.011E-01.03330.070 2790.26140.750.000000 0 1 0   0  A2" 0 0 0   0  A1' 17  4  E' E"   17  4  E' E'  331110 1 1 1 0 0 0   140.0  140.0
571  531.889158 2.455E-26 5.888E-01.03370.070 3644.48250.750.000000 0 1 0   0  A2" 0 0 0   0  A1' 21 12  A2'A1"  21 12  A1'A1' 332110 1 1 2 0 0 0   344.0  344.0
571  531.898736 2.627E-28 3.060E-05.03330.070 2310.21090.750.000000 0 0 0   1  E'  0 0 0   1  E'  13  8  E' E'   12 11  E" E"  331110 1 1 1 0 0 0   108.0  100.0
571  532.211233 4.193E-27 2.690E-04.03330.070 2092.09370.750.000000 0 3 0   0  A2" 0 0 0   1  E'   8  2  E' E"    9  6  A1'E'  331110 1 1 1 0 0 0    68.0   76.0
571  532.681530 1.822E-28 3.504E-06.03330.070 1754.38170.750.000000 0 1 0   1  E"  0 0 0   1  E'   5  1  E" E'    6  3  A2"E"  331110 1 1 1 0 0 0    44.0   52.0
571  532.727521 5.997E-27 6.354E-04.03330.070 2497.53110.750.000000 0 0 0   0  A1' 0 0 0   0  A1' 18  6  A1'A1'  17  9  A1"A1" 331110 1 1 1 0 0 0   296.0  280.0
571  532.785129 1.299E-25 2.767E-01.03330.070 2972.31570.750.000000 0 1 0   0  A2" 0 0 0   0  A1' 18  7  E" E'   18  7  E" E"  331110 1 1 1 0 0 0   148.0  148.0
571  532.908474 1.470E-28 8.549E-05.03330.070 2797.62870.750.000000 0 0 0   1  E'  0 1 0   0  A2" 14  4  E' A1'  15  0  A2'A1" 331110 1 1 1 0 0 0   232.0  248.0
571  532.908613 6.381E-27 8.150E-04.03330.070 2276.74340.750.000000 0 1 0   1  E"  0 0 0   1  E'  10  7  E" E'   11  9  A2"E"  331110 1 1 1 0 0 0    84.0   92.0
571  532.926087 1.683E-27 1.331E-03.03330.070 2670.55090.750.000000 0 1 0   1  E"  0 2 0   0  A1' 11  3  A1"E'   12  1  E" E"  331110 1 1 1 0 0 0    92.0  100.0
571  533.002134 1.498E-25 4.098E-01.03350.070 3176.93150.750.000000 0 1 0   0  A2" 0 0 0   0  A1' 19  9  A2"A1'  19  9  A1"A1" 332110 1 1 2 0 0 0   312.0  312.0
571  533.170040 4.209E-25 6.424E-03.03330.070 1665.23650.750.000000 0 1 0   1  E"  0 0 0   1  E'   4  0  A1'E"    5  2  E' E'  331110 1 1 1 0 0 0    36.0   44.0
571  533.367551 1.329E-28 1.047E-06.03330.070 1881.83210.750.000000 0 0 0   1  E'  0 1 0   0  A2" 12 10  E' A1'  12  6  A2'A1" 331110 1 1 1 0 0 0   200.0  200.0
571  533.528423 1.583E-27 2.899E-04.03330.070 2573.05140.750.000000 0 0 0   1  E'  0 2 0   0  A1' 15 11  E" A1"  14 12  A1'A1' 331110 1 1 1 0 0 0   248.0  232.0
571  533.700165 3.716E-27 7.653E-01.03410.070 4103.91080.750.000000 0 1 0   0  A2" 0 0 0   0  A1' 23 15  A2"A1'  23 15  A1"A1" 332110 1 1 2 0 0 0   376.0  376.0
571  533.837616 1.273E-27 2.836E-03.03330.070 2900.03700.750.000000 0 1 0   1  E"  0 2 0   0  A1' 12  3  A1"E'   13  1  E" E"  331110 1 1 1 0 0 0   100.0  108.0
571  534.145864 1.740E-28 1.311E-03.03330.070 3252.49200.750.000000 0 0 0   0  A1' 0 0 0   0  A1' 20  5  E" E"   19  8  E' E'  331110 1 1 1 0 0 0   164.0  156.0
571  534.223986 2.080E-25 1.597E-01.03330.070 2749.98460.750.000000 0 1 0   0  A2" 0 0 0   0  A1' 17  5  E" E'   17  5  E" E"  331110 1 1 1 0 0 0   140.0  140.0
571  534.229756 2.084E-26 6.226E-04.03330.070 1907.82160.750.000000 0 3 0   0  A2" 0 0 0   1  E'   7  4  E' E"    8  6  A2'E'  331110 1 1 1 0 0 0    60.0   68.0
571  534.572025 8.292E-22 3.918E-01.03330.070 1054.45750.750.000000 0 2 0   0  A1' 0 1 0   0  A2"  7  7  E" E"    8  7  E" E'  441110 1 1 1 0 0 0    60.0   68.0
571  534.692661 1.879E-23 1.560E+00.03330.070 2166.37910.750.000000 0 3 0   0  A2" 0 2 0   0  A1'  9  5  E" E'   10  5  E" E"  441110 1 1 1 0 0 0    76.0   84.0
571  534.739990 8.326E-23 1.126E+00.04010.070 1587.60990.750.000000 0 1 0   1  E"  0 0 0   1  E'   3  0  A2'E"    4  0  A1'E'  442110 1 1 2 0 0 0    28.0   36.0
571  534.856921 7.899E-23 1.037E+00.03330.070 1581.36070.750.000000 0 1 0   1  E"  0 0 0   1  E'   3  1  E" E'    4  1  E" E"  441110 1 1 1 0 0 0    28.0   36.0
571  534.865997 4.271E-26 5.551E-01.03330.070 3363.99430.750.000000 0 1 0   0  A2" 0 0 0   0  A1' 20 11  E" E'   20 11  E" E"  331110 1 1 1 0 0 0   164.0  164.0
571  534.886509 7.134E-26 2.944E-04.03330.070 1548.65440.750.000000 0 0 0   1  E'  0 1 0   0  A2"  9  6  A2'E'   10  4  E' E"  331110 1 1 1 0 0 0    76.0   84.0
571  535.026480 9.983E-28 8.232E-05.03330.070 2278.28070.750.000000 0 1 0   0  A2" 0 1 0   0  A2" 16  8  E' E"   15 11  E" E'  331110 1 1 1 0 0 0   132.0  124.0
571  535.189147 1.562E-27 1.180E-03.03330.070 2707.26050.750.000000 0 0 0   1  E'  0 2 0   0  A1' 14  6  A2'E'   13  7  E" E"  331110 1 1 1 0 0 0   116.0  108.0
571  535.196982 4.690E-26 2.926E-03.03330.070 2249.74440.750.000000 0 1 0   1  E"  0 0 0   1  E'   9  4  E' A1"   9  2  E' A1' 331110 1 1 1 0 0 0   152.0  152.0
571  535.238446 2.397E-26 7.255E-03.03330.070 2545.65830.750.000000 0 1 0   0  A2" 0 0 0   0  A1' 16  1  E" E'   16  1  E" E"  331110 1 1 1 0 0 0   132.0  132.0
571  535.243070 2.562E-26 7.092E-04.03330.070 1891.36300.750.000000 0 1 0   1  E"  0 0 0   1  E'   7  5  E" E'    7  3  A1"E"  331110 1 1 1 0 0 0    60.0   60.0
571  535.403744 7.882E-28 1.418E-03.03330.070 3127.53390.750.000000 0 0 0   0  A1' 0 0 0   0  A1' 23 18  A1'A1'  23 21  A1"A1" 331110 1 1 1 0 0 0   376.0  376.0
571  535.410125 1.479E-26 1.270E-02.03330.070 2685.75560.750.000000 0 1 0   1  E"  0 0 0   1  E'  11  2  E' E"   11  0  A2'E'  331110 1 1 1 0 0 0    92.0   92.0
571  535.595409 1.208E-26 9.178E-04.03330.070 2147.56490.750.000000 0 1 0   1  E"  0 0 0   1  E'   9  6  A2'E"   10  8  E' E'  331110 1 1 1 0 0 0    76.0   84.0
571  535.657581 4.859E-25 2.884E-02.03330.070 2073.70170.750.000000 0 1 0   1  E"  0 2 0   0  A1'  8  4  E' E"    9  2  E' E'  331110 1 1 1 0 0 0    68.0   76.0
571  535.807221 1.410E-22 8.579E-01.03330.070 1565.08340.750.000000 0 1 0   1  E"  0 0 0   1  E'   3  2  E' A1"   4  2  E' A1' 441110 1 1 1 0 0 0    56.0   72.0
571  535.981652 6.973E-27 7.401E-01.03330.070 3814.41130.750.000000 0 1 0   0  A2" 0 0 0   0  A1' 22 14  E' E"   22 14  E' E'  331110 1 1 1 0 0 0   180.0  180.0
571  536.036810 1.025E-25 2.913E-02.03330.070 2532.17310.750.000000 0 1 0   0  A2" 0 0 0   0  A1' 16  2  E' E"   16  2  E' E'  331110 1 1 1 0 0 0   132.0  132.0
571  536.733178 2.361E-25 3.680E-01.03330.070 2905.25180.750.000000 0 1 0   0  A2" 0 0 0   0  A1' 18  8  E' E"   18  8  E' E'  331110 1 1 1 0 0 0   148.0  148.0
571  537.041845 2.057E-26 3.454E-04.03330.070 1929.91070.750.000000 0 1 0   1  E"  0 2 0   0  A1'  7  4  E' A1"   8  0  A1'A1' 331110 1 1 1 0 0 0   120.0  136.0
571  537.143831 7.638E-25 2.330E-01.03320.070 2700.64820.750.000000 0 1 0   0  A2" 0 0 0   0  A1' 17  6  A2'A1"  17  6  A1'A1' 331110 1 1 1 0 0 0   280.0  280.0
571  537.201881 5.148E-25 6.587E-02.03370.070 2509.78080.750.000000 0 1 0   0  A2" 0 0 0   0  A1' 16  3  A2"A1'  16  3  A1"A1" 332110 1 1 2 0 0 0   264.0  264.0
571  537.278704 1.650E-22 1.082E+00.03330.070 1579.59280.750.000000 0 1 0   1  E"  0 0 0   1  E'   3  1  E" A1'   4  1  E" A1" 441110 1 1 1 0 0 0    56.0   72.0
571  537.512546 2.072E-24 2.745E-02.03330.070 1581.36070.750.000000 0 3 0   0  A2" 0 0 0   1  E'   3  1  E" E'    4  1  E" E"  331110 1 1 1 0 0 0    28.0   36.0
571  537.517679 4.714E-23 5.073E-01.04070.070 1538.62410.750.000000 0 1 0   1  E"  0 0 0   1  E'   3  3  A2"E'    4  3  A2"E"  442110 1 1 2 0 0 0    28.0   36.0
571  537.823867 6.991E-23 8.681E-01.03330.070 1567.84740.750.000000 0 1 0   1  E"  0 0 0   1  E'   3  2  E' E"    4  2  E' E'  441110 1 1 1 0 0 0    28.0   36.0
571  537.865748 8.137E-24 3.666E-01.03330.070 2058.95970.750.000000 0 3 0   0  A2" 0 2 0   0  A1' 10 10  E' E"   11 10  E' E'  331110 1 1 1 0 0 0    84.0   92.0
571  538.007847 1.406E-25 5.175E-01.03330.070 3092.14590.750.000000 0 1 0   0  A2" 0 0 0   0  A1' 19 10  E' E"   19 10  E' E'  331110 1 1 1 0 0 0   156.0  156.0
571  538.180361 2.392E-26 7.651E-03.03330.070 2462.00500.750.000000 0 1 0   1  E"  0 0 0   1  E'  10  3  A2"E'   10  1  E" E"  331110 1 1 1 0 0 0    84.0   84.0
571  538.288261 5.518E-27 4.443E-03.03330.070 2670.55090.750.000000 0 1 0   1  E"  0 2 0   0  A1' 11  3  A2"E'   12  1  E" E"  331110 1 1 1 0 0 0    92.0  100.0
571  538.350423 2.979E-27 1.466E-03.03330.070 2759.51590.750.000000 0 0 0   1  E'  0 2 0   0  A1' 14  5  E" A1"  13  6  A1'A1' 331110 1 1 1 0 0 0   232.0  216.0
571  538.394001 4.432E-26 1.061E-03.03330.070 2027.67690.750.000000 0 1 0   1  E"  0 0 0   1  E'   8  5  E" A1'   9  7  E" A1" 331110 1 1 1 0 0 0   136.0  152.0
571  538.402328 3.633E-26 1.599E-02.03330.070 2688.83910.750.000000 0 1 0   1  E"  0 0 0   1  E'  11  1  E" A1'  11  1  E" A1" 331110 1 1 1 0 0 0   184.0  184.0
571  538.409795 2.489E-26 7.116E-01.03330.070 3533.56950.750.000000 0 1 0   0  A2" 0 0 0   0  A1' 21 13  E" E'   21 13  E" E"  331110 1 1 1 0 0 0   172.0  172.0
571  538.462507 4.007E-23 1.358E+00.03560.070 2121.90890.750.000000 0 3 0   0  A2" 0 2 0   0  A1'  9  6  A2'A1"  10  6  A1'A1' 442110 1 1 2 0 0 0   152.0  168.0
571  538.481926 2.677E-28 1.317E-04.03330.070 2759.38440.750.000000 0 0 0   1  E'  0 1 0   0  A2" 14  5  E" A1"  15  3  A2"A1' 331110 1 1 1 0 0 0   232.0  248.0
571  538.594710 6.904E-27 3.804E-04.03330.070 2221.89980.750.000000 0 3 0   0  A2" 0 0 0   1  E'   9  3  A2"A1'  10  7  E" A1" 331110 1 1 1 0 0 0   152.0  168.0
571  538.686981 1.417E-27 2.766E-03.03330.070 2900.03700.750.000000 0 0 0   1  E'  0 2 0   0  A1' 14  0  A1'E'   13  1  E" E"  331110 1 1 1 0 0 0   116.0  108.0
571  538.865946 1.436E-28 3.032E-04.03330.070 2966.23490.750.000000 0 1 0   0  A2" 0 1 0   0  A2" 18  7  E" E'   17 10  E' E"  331110 1 1 1 0 0 0   148.0  140.0
571  539.268339 5.351E-25 1.182E-01.03330.070 2478.14080.750.000000 0 1 0   0  A2" 0 0 0   0  A1' 16  4  E' E"   16  4  E' E'  331110 1 1 1 0 0 0   132.0  132.0
571  539.342490 4.127E-26 4.459E-04.03330.070 1808.14680.750.000000 0 3 0   0  A2" 0 0 0   1  E'   6  3  A2"A1'   7  5  E" A1" 331110 1 1 1 0 0 0   104.0  120.0
571  539.542512 1.397E-27 2.578E-03.03330.070 2888.00160.750.000000 0 0 0   1  E'  0 2 0   0  A1' 14  1  E" E"   13  2  E' E'  331110 1 1 1 0 0 0   116.0  108.0
571  539.552615 4.477E-21 1.734E+00.03820.070 1123.28760.750.000000 0 2 0   0  A1' 0 1 0   0  A2"  6  0  A1'A1'   7  0  A2'A1" 442110 1 1 2 0 0 0   104.0  120.0
571  539.884683 2.343E-26 2.929E-04.03330.070 1567.84740.750.000000 0 3 0   0  A2" 0 0 0   1  E'   3  2  E' E"    4  2  E' E'  331110 1 1 1 0 0 0    28.0   36.0
571  539.898951 2.242E-21 1.702E+00.03330.070 1118.88420.750.000000 0 2 0   0  A1' 0 1 0   0  A2"  6  1  E" E"    7  1  E" E'  441110 1 1 1 0 0 0    52.0   60.0
571  540.016062 6.934E-28 1.320E-05.03330.070 1781.61070.750.000000 0 3 0   0  A2" 0 0 0   1  E'   6  4  E' E"    6  2  E' E'  331110 1 1 1 0 0 0    52.0   52.0
571  540.066099 1.088E-27 9.237E-01.03330.070 4256.91550.750.000000 0 1 0   0  A2" 0 0 0   0  A1' 24 17  E" E'   24 17  E" E"  331110 1 1 1 0 0 0   196.0  196.0
571  540.118353 1.434E-27 1.760E-03.03330.070 2803.70720.750.000000 0 0 0   1  E'  0 2 0   0  A1' 14  4  E' E'   13  5  E" E"  331110 1 1 1 0 0 0   116.0  108.0
571  540.123186 4.618E-23 5.130E-01.04070.070 1543.40750.750.000000 0 1 0   1  E"  0 0 0   1  E'   3  3  A1"E'    4  3  A1"E"  442110 1 1 2 0 0 0    28.0   36.0
571  540.138508 5.269E-26 6.928E-04.03330.070 1508.80930.750.000000 0 1 0   1  E"  0 0 0   1  E'   2  2  E' E"    3  0  A2'E'  331110 1 1 1 0 0 0    20.0   28.0
571  540.242902 2.771E-27 2.324E-03.03330.070 2867.92800.750.000000 0 0 0   1  E'  0 2 0   0  A1' 14  2  E' A1'  13  3  A1"A1" 331110 1 1 1 0 0 0   232.0  216.0
571  540.298432 2.468E-26 4.120E-04.03330.070 1754.38170.750.000000 0 1 0   1  E"  0 0 0   1  E'   6  5  E" E'    6  3  A2"E"  331110 1 1 1 0 0 0    52.0   52.0
571  540.466111 5.680E-27 1.507E-05.03330.070 1431.06880.750.000000 0 0 0   1  E'  0 1 0   0  A2"  8  5  E" E"    9  1  E" E'  331110 1 1 1 0 0 0    68.0   76.0
571  540.659070 6.938E-25 3.223E-01.03330.070 2642.18430.750.000000 0 1 0   0  A2" 0 0 0   0  A1' 17  7  E" E'   17  7  E" E"  331110 1 1 1 0 0 0   140.0  140.0
571  540.745632 1.336E-27 1.959E-03.03330.070 2839.80220.750.000000 0 0 0   1  E'  0 2 0   0  A1' 14  3  A2"E"   13  4  E' E'  331110 1 1 1 0 0 0   116.0  108.0
571  540.862246 1.243E-28 6.842E-06.03330.070 2292.35840.750.000000 0 0 0   1  E'  0 0 0   1  E'  13  8  E' A1'  12 11  E" A1" 331110 1 1 1 0 0 0   216.0  200.0
571  540.942565 2.247E-21 1.605E+00.03330.070 1105.67010.750.000000 0 2 0   0  A1' 0 1 0   0  A2"  6  2  E' E'    7  2  E' E"  441110 1 1 1 0 0 0    52.0   60.0
571  540.984168 1.686E-25 6.794E-01.03390.070 3261.42450.750.000000 0 1 0   0  A2" 0 0 0   0  A1' 20 12  A2'A1"  20 12  A1'A1' 332110 1 1 2 0 0 0   328.0  328.0
571  541.019880 1.138E-27 1.626E-04.03330.070 2488.58750.750.000000 0 0 0   1  E'  0 1 0   0  A2" 13  5  E" A1"  14  3  A2"A1' 331110 1 1 1 0 0 0   216.0  232.0
571  541.306344 3.449E-26 1.104E-03.03330.070 1917.09320.750.000000 0 1 0   1  E"  0 0 0   1  E'   7  4  E' E"    8  6  A2'E'  331110 1 1 1 0 0 0    60.0   68.0
571  541.317692 8.711E-25 4.757E-01.03360.070 2828.97360.750.000000 0 1 0   0  A2" 0 0 0   0  A1' 18  9  A2"A1'  18  9  A1"A1" 332110 1 1 2 0 0 0   296.0  296.0
571  541.708725 1.374E-28 5.715E-04.03330.070 3222.83210.750.000000 0 0 0   1  E'  0 0 0   1  E'  16  7  E" A1"  15 10  E' A1' 331110 1 1 1 0 0 0   264.0  248.0
571  541.730820 1.022E-24 1.869E-01.03330.070 2437.52100.750.000000 0 1 0   0  A2" 0 0 0   0  A1' 16  5  E" E'   16  5  E" E"  331110 1 1 1 0 0 0   132.0  132.0
571  541.815180 4.155E-27 9.036E-01.03330.070 3966.91370.750.000000 0 1 0   0  A2" 0 0 0   0  A1' 23 16  E' E"   23 16  E' E'  331110 1 1 1 0 0 0   188.0  188.0
571  541.903888 4.735E-27 1.506E-03.03330.070 2458.28150.750.000000 0 1 0   1  E"  0 2 0   0  A1' 10  3  A2"E'   11  1  E" E"  331110 1 1 1 0 0 0    84.0   92.0
571  542.348791 1.083E-25 8.537E-03.03330.070 2251.02760.750.000000 0 1 0   0  A2" 0 0 0   0  A1' 15  1  E" E'   15  1  E" E"  331110 1 1 1 0 0 0   124.0  124.0
571  542.467049 1.626E-25 3.154E-04.03330.070 1365.35450.750.000000 0 0 0   1  E'  0 1 0   0  A2"  8  6  A2'E'    9  4  E' E"  331110 1 1 1 0 0 0    68.0   76.0
571  542.506812 1.705E-28 1.304E-04.03330.070 2897.39580.750.000000 0 0 0   1  E'  0 0 0   1  E'  18 16  E' A1'  17 17  E" A1" 331110 1 1 1 0 0 0   296.0  280.0
571  542.652483 2.546E-27 6.032E-04.03330.070 2696.59710.750.000000 0 0 0   0  A1' 0 0 0   0  A1' 22 18  A1'A1'  22 21  A1"A1" 331110 1 1 1 0 0 0   360.0  360.0
571  542.654807 2.566E-26 1.369E-04.03330.070 1626.33060.750.000000 0 1 0   1  E"  0 2 0   0  A1'  5  5  E" A1'   6  3  A1"A1" 331110 1 1 1 0 0 0    88.0  104.0
571  542.696173 4.466E-21 1.442E+00.03920.070 1083.63440.750.000000 0 2 0   0  A1' 0 1 0   0  A2"  6  3  A1"A1"   7  3  A2"A1' 442110 1 1 2 0 0 0   104.0  120.0
571  542.702106 8.773E-26 2.672E-03.03330.070 2074.21290.750.000000 0 1 0   1  E"  0 0 0   1  E'   8  4  E' A1"   8  2  E' A1' 331110 1 1 1 0 0 0   136.0  136.0
571  542.963998 2.090E-23 1.114E+00.03330.070 2069.43160.750.000000 0 3 0   0  A2" 0 2 0   0  A1'  9  7  E" E'   10  7  E" E"  441110 1 1 1 0 0 0    76.0   84.0
571  543.182093 4.635E-25 3.428E-02.03330.070 2237.43370.750.000000 0 1 0   0  A2" 0 0 0   0  A1' 15  2  E' E"   15  2  E' E'  331110 1 1 1 0 0 0   124.0  124.0
571  543.583686 3.225E-28 2.140E-05.03330.070 2091.23790.750.000000 0 3 0   0  A2" 0 0 0   1  E'   8  1  E" E'    8  1  E" E"  331110 1 1 1 0 0 0    68.0   68.0
571  543.699078 3.025E-26 8.804E-01.03440.070 3685.62220.750.000000 0 1 0   0  A2" 0 0 0   0  A1' 22 15  A2"A1'  22 15  A1"A1" 332110 1 1 2 0 0 0   360.0  360.0
571  543.705797 2.707E-25 6.430E-01.03330.070 2998.01340.750.000000 0 1 0   0  A2" 0 0 0   0  A1' 19 11  E" E'   19 11  E" E"  331110 1 1 1 0 0 0   156.0  156.0
571  543.799807 2.500E-26 8.001E-03.03330.070 2458.28150.750.000000 0 1 0   1  E"  0 2 0   0  A1' 10  3  A1"E'   11  1  E" E"  331110 1 1 1 0 0 0    84.0   92.0
571  543.991082 1.277E-26 8.200E-04.03330.070 2249.74440.750.000000 0 3 0   0  A2" 0 0 0   1  E'   9  0  A2'A1"   9  2  E' A1' 331110 1 1 1 0 0 0   152.0  152.0
571  544.064465 1.014E-27 1.169E-05.03330.070 1641.21420.750.000000 0 3 0   0  A2" 0 0 0   1  E'   5  5  E" E'    5  3  A2"E"  331110 1 1 1 0 0 0    44.0   44.0
571  544.341996 6.573E-26 1.499E-03.03330.070 1815.81580.750.000000 0 1 0   1  E"  0 0 0   1  E'   6  3  A1"E'    7  5  E" E"  331110 1 1 1 0 0 0    52.0   60.0
571  544.368442 4.150E-27 1.889E-04.03330.070 2235.10550.750.000000 0 0 0   1  E'  0 1 0   0  A2" 12  5  E" A1"  13  3  A2"A1' 331110 1 1 1 0 0 0   200.0  216.0
571  544.525769 2.635E-27 6.928E-04.03330.070 2417.31630.750.000000 0 3 0   0  A2" 0 0 0   1  E'  10  1  E" E'   10  3  A2"E"  331110 1 1 1 0 0 0    84.0   84.0
571  544.538351 1.439E-26 1.625E-04.03330.070 1636.77110.750.000000 0 1 0   1  E"  0 0 0   1  E'   5  5  E" E'    5  3  A1"E"  331110 1 1 1 0 0 0    44.0   44.0
571  544.692580 1.833E-25 5.834E-03.03330.070 1913.70700.750.000000 0 1 0   1  E"  0 2 0   0  A1'  7  4  E' E"    8  2  E' E'  331110 1 1 1 0 0 0    60.0   68.0
571  544.701595 2.335E-24 7.770E-02.03410.070 2214.68280.750.000000 0 1 0   0  A2" 0 0 0   0  A1' 15  3  A2"A1'  15  3  A1"A1" 332110 1 1 2 0 0 0   248.0  248.0
571  544.785532 3.765E-24 2.730E-01.03340.070 2387.76100.750.000000 0 1 0   0  A2" 0 0 0   0  A1' 16  6  A2'A1"  16  6  A1'A1' 332110 1 1 2 0 0 0   264.0  264.0
571  544.799616 1.266E-24 4.293E-01.03330.070 2574.51120.750.000000 0 1 0   0  A2" 0 0 0   0  A1' 17  8  E' E"   17  8  E' E'  331110 1 1 1 0 0 0   140.0  140.0
571  544.884293 2.265E-26 3.798E-04.03330.070 1717.79430.750.000000 0 3 0   0  A2" 0 0 0   1  E'   5  2  E' E"    6  4  E' E'  331110 1 1 1 0 0 0    44.0   52.0
571  545.141530 3.535E-28 1.665E-04.03330.070 2629.77850.750.000000 0 0 0   1  E'  0 2 0   0  A1' 16 13  E" E"   15 14  E' E'  331110 1 1 1 0 0 0   132.0  124.0
571  545.184792 2.154E-21 1.207E+00.03330.070 1052.75630.750.000000 0 2 0   0  A1' 0 1 0   0  A2"  6  4  E' E'    7  4  E' E"  441110 1 1 1 0 0 0    52.0   60.0
571  545.558566 8.499E-26 3.301E-06.03330.070  796.38850.750.000000 0 0 0   0  A1' 0 0 0   0  A1' 13  9  A1"A1"  12 12  A1'A1' 331110 1 1 1 0 0 0   216.0  200.0
571  545.715282 5.237E-26 8.539E-01.03330.070 3413.08020.750.000000 0 1 0   0  A2" 0 0 0   0  A1' 21 14  E' E"   21 14  E' E'  331110 1 1 1 0 0 0   172.0  172.0
571  545.715287 8.616E-28 5.146E-04.03330.070 2665.40490.750.000000 0 0 0   1  E'  0 2 0   0  A1' 15 10  E' E'   14 11  E" E"  331110 1 1 1 0 0 0   124.0  116.0
571  545.720974 2.544E-27 1.447E-03.03330.070 2593.91230.750.000000 0 3 0   0  A2" 0 0 0   1  E'  11  2  E' E"   11  4  E' E'  331110 1 1 1 0 0 0    92.0   92.0
571  545.898464 6.132E-26 8.509E-05.03330.070 1417.64100.750.000000 0 0 0   0  A1' 0 0 0   0  A1' 15  8  E' E'   14 11  E" E"  331110 1 1 1 0 0 0   124.0  116.0
571  546.348712 2.482E-28 9.649E-05.03330.070 2562.91990.750.000000 0 0 0   1  E'  0 0 0   1  E'  14  8  E' E'   13 11  E" E"  331110 1 1 1 0 0 0   116.0  108.0
571  546.389209 1.972E-27 2.798E-05.03330.070 1641.21420.750.000000 0 3 0   0  A2" 0 0 0   1  E'   4  1  E" E'    5  3  A2"E"  331110 1 1 1 0 0 0    36.0   44.0
571  546.504730 1.148E-26 3.817E-04.03330.070 2095.67960.750.000000 0 0 0   0  A1' 0 0 0   0  A1' 17  7  E" E"   16 10  E' E'  331110 1 1 1 0 0 0   140.0  132.0
571  546.552509 2.428E-24 1.393E-01.03330.070 2182.96370.750.000000 0 1 0   0  A2" 0 0 0   0  A1' 15  4  E' E"   15  4  E' E'  331110 1 1 1 0 0 0   124.0  124.0
571  546.576976 8.213E-25 6.020E-01.03330.070 2743.37120.750.000000 0 1 0   0  A2" 0 0 0   0  A1' 18 10  E' E"   18 10  E' E'  331110 1 1 1 0 0 0   148.0  148.0
571  546.663853 3.121E-27 2.313E-05.03330.070 1904.40460.750.000000 0 1 0   0  A2" 0 1 0   0  A2" 15  9  A2"A1'  14 12  A2'A1" 331110 1 1 1 0 0 0   248.0  232.0
571  546.664111 3.327E-28 4.691E-05.03330.070 2267.09530.750.000000 0 1 0   1  E"  0 0 0   1  E'   9  3  A1"E'    9  1  E" E"  331110 1 1 1 0 0 0    76.0   76.0
571  546.733519 1.415E-27 7.838E-05.03330.070 2273.79960.750.000000 0 0 0   1  E'  0 1 0   0  A2" 12  4  E' A1'  13  0  A2'A1" 331110 1 1 1 0 0 0   200.0  216.0
571  547.052486 4.352E-26 1.501E-02.03330.070 2471.45800.750.000000 0 1 0   1  E"  0 0 0   1  E'  10  2  E' E"   10  0  A1'E'  331110 1 1 1 0 0 0    84.0   84.0
571  547.274418 2.852E-26 3.838E-04.03330.070 1508.80930.750.000000 0 3 0   0  A2" 0 0 0   1  E'   2  2  E' E"    3  0  A2'E'  331110 1 1 1 0 0 0    20.0   28.0
571  547.334295 2.146E-25 1.868E-03.03330.070 1723.85730.750.000000 0 1 0   1  E"  0 0 0   1  E'   5  2  E' A1"   6  4  E' A1' 331110 1 1 1 0 0 0    88.0  104.0
571  547.369026 1.846E-27 9.760E-04.03330.070 2828.97360.750.000000 0 0 0   0  A1' 0 0 0   0  A1' 19  6  A1'A1'  18  9  A1"A1" 331110 1 1 1 0 0 0   312.0  296.0
571  547.378395 1.955E-28 4.384E-04.03330.070 3091.87340.750.000000 0 1 0   1  E"  0 0 0   1  E'  16 14  E' A1"  17 16  E' A1' 331110 1 1 1 0 0 0   264.0  280.0
571  547.497683 4.658E-27 3.021E-03.03330.070 2779.47400.750.000000 0 3 0   0  A2" 0 0 0   1  E'  12  3  A2"A1'  12  5  E" A1" 331110 1 1 1 0 0 0   200.0  200.0
571  547.537125 7.619E-20 1.144E+00.03330.070  110.00330.750.000000 0 1 0   0  A2" 0 0 0   0  A1'  2  1  E" E'    3  1  E" E"  441110 1 1 1 0 0 0    20.0   28.0
571  547.600971 5.373E-26 7.599E-03.03330.070 2267.09530.750.000000 0 1 0   1  E"  0 0 0   1  E'   9  3  A2"E'    9  1  E" E"  331110 1 1 1 0 0 0    76.0   76.0
571  547.862905 1.724E-25 8.236E-01.03330.070 3149.32520.750.000000 0 1 0   0  A2" 0 0 0   0  A1' 20 13  E" E'   20 13  E" E"  331110 1 1 1 0 0 0   164.0  164.0
571  548.136191 1.371E-28 3.321E-06.03330.070 2118.60420.750.000000 0 0 0   1  E'  0 1 0   0  A2" 13 10  E' A1'  13  6  A2'A1" 331110 1 1 1 0 0 0   216.0  216.0
571  548.379159 3.381E-28 8.838E-05.03330.070 2413.46290.750.000000 0 3 0   0  A2" 0 0 0   1  E'  10  1  E" E'   10  3  A2"E"  331110 1 1 1 0 0 0    84.0   84.0
571  548.393404 2.008E-23 8.117E-01.03330.070 2008.82630.750.000000 0 3 0   0  A2" 0 2 0   0  A1'  9  8  E' E"   10  8  E' E'  441110 1 1 1 0 0 0    76.0   84.0
571  548.445168 1.917E-21 8.947E-01.03330.070 1013.01180.750.000000 0 2 0   0  A1' 0 1 0   0  A2"  6  5  E" E"    7  5  E" E'  441110 1 1 1 0 0 0    52.0   60.0
571  548.458742 3.431E-24 3.782E-01.03330.070 2328.79070.750.000000 0 1 0   0  A2" 0 0 0   0  A1' 16  7  E" E'   16  7  E" E"  331110 1 1 1 0 0 0   132.0  132.0
571  548.672854 5.123E-20 7.196E-01.03330.070   95.53600.750.000000 0 1 0   0  A2" 0 0 0   0  A1'  2  2  E' E"    3  2  E' E'  441110 1 1 1 0 0 0    20.0   28.0
571  548.702332 2.230E-28 4.569E-04.03330.070 2917.04490.750.000000 0 1 0   1  E"  0 0 0   1  E'  15 13  E" E'   16 15  A2"E"  331110 1 1 1 0 0 0   124.0  132.0
571  548.814501 1.321E-26 2.103E-04.03330.070 1998.88310.750.000000 0 0 0   1  E'  0 1 0   0  A2" 11  5  E" A1"  12  3  A2"A1' 331110 1 1 1 0 0 0   184.0  200.0
571  548.982868 3.268E-23 2.150E+00.03330.070 2085.83870.750.000000 0 3 0   0  A2" 0 2 0   0  A1'  8  1  E" E'    9  1  E" E"  441110 1 1 1 0 0 0    68.0   76.0
571  549.061614 1.253E-25 2.065E-03.03330.070 1917.89090.750.000000 0 1 0   1  E"  0 0 0   1  E'   7  4  E' A1"   7  2  E' A1' 331110 1 1 1 0 0 0   120.0  120.0
571  549.119015 4.647E-24 2.204E-01.03330.070 2142.01180.750.000000 0 1 0   0  A2" 0 0 0   0  A1' 15  5  E" E'   15  5  E" E"  331110 1 1 1 0 0 0   124.0  124.0
571  549.299581 4.528E-25 1.013E-02.03330.070 1973.55420.750.000000 0 1 0   0  A2" 0 0 0   0  A1' 14  1  E" E'   14  1  E" E"  331110 1 1 1 0 0 0   116.0  116.0
571  549.484928 5.254E-27 1.083E+00.03370.070 4101.81840.750.000000 0 1 0   0  A2" 0 0 0   0  A1' 24 18  A2'A1"  24 18  A1'A1' 332110 1 1 2 0 0 0   392.0  392.0
571  549.601122 4.693E-24 5.559E-01.03380.070 2497.53110.750.000000 0 1 0   0  A2" 0 0 0   0  A1' 17  9  A2"A1'  17  9  A1"A1" 332110 1 1 2 0 0 0   280.0  280.0
571  549.683407 1.016E-28 5.644E-05.03330.070 2672.73900.750.000000 0 0 0   1  E'  0 2 0   0  A1' 17 15  A1"E"   16 16  E' E'  331110 1 1 1 0 0 0   140.0  132.0
571  549.865484 7.679E-27 1.067E-05.03330.070 1265.95030.750.000000 0 0 0   1  E'  0 1 0   0  A2"  7  5  E" E"    8  1  E" E'  331110 1 1 1 0 0 0    60.0   68.0
571  549.914241 4.765E-27 1.606E-04.03330.070 2281.14580.750.000000 0 0 0   0  A1' 0 0 0   0  A1' 21 18  A1'A1'  21 21  A1"A1" 331110 1 1 1 0 0 0   344.0  344.0
571  550.116755 4.876E-28 4.798E-04.03330.070 2751.44710.750.000000 0 1 0   1  E"  0 0 0   1  E'  14 12  A1'E"   15 14  E' E'  331110 1 1 1 0 0 0   116.0  124.0
571  550.142475 1.076E-24 7.891E-01.03430.070 2894.39280.750.000000 0 1 0   0  A2" 0 0 0   0  A1' 19 12  A2'A1"  19 12  A1'A1' 332110 1 1 2 0 0 0   312.0  312.0
571  550.165681 1.938E-24 4.068E-02.03330.070 1959.85560.750.000000 0 1 0   0  A2" 0 0 0   0  A1' 14  2  E' E"   14  2  E' E'  331110 1 1 1 0 0 0   116.0  116.0
571  550.248504 1.144E-27 3.249E-05.03330.070 2178.43970.750.000000 0 0 0   1  E'  0 1 0   0  A2" 15 14  E' A1'  15 12  A2'A1" 331110 1 1 1 0 0 0   248.0  248.0
571  550.378581 4.471E-28 1.502E-04.03330.070 2568.93220.750.000000 0 1 0   0  A2" 0 1 0   0  A2" 17  8  E' E"   16 11  E" E'  331110 1 1 1 0 0 0   140.0  132.0
571  550.416446 1.179E-25 1.653E-02.03330.070 2263.34300.750.000000 0 1 0   1  E"  0 2 0   0  A1'  9  3  A1"E'   10  1  E" E"  331110 1 1 1 0 0 0    76.0   84.0
571  550.603207 3.447E-23 2.149E+00.03330.070 2073.70170.750.000000 0 3 0   0  A2" 0 2 0   0  A1'  8  2  E' E"    9  2  E' E'  441110 1 1 1 0 0 0    68.0   76.0
571  550.825162 9.708E-27 1.065E+00.03330.070 3820.00840.750.000000 0 1 0   0  A2" 0 0 0   0  A1' 23 17  E" E'   23 17  E" E"  331110 1 1 1 0 0 0   188.0  188.0
571  550.832285 2.628E-26 3.703E-04.03330.070 1636.77110.750.000000 0 3 0   0  A2" 0 0 0   1  E'   4  1  E" E'    5  3  A1"E"  331110 1 1 1 0 0 0    36.0   44.0
571  551.034124 2.101E-25 3.028E-03.03330.070 1641.21420.750.000000 0 1 0   1  E"  0 0 0   1  E'   4  1  E" E'    5  3  A2"E"  331110 1 1 1 0 0 0    36.0   44.0
571  551.192327 3.209E-25 3.252E-04.03330.070 1200.01560.750.000000 0 0 0   1  E'  0 1 0   0  A2"  7  6  A1'E'    8  4  E' E"  331110 1 1 1 0 0 0    60.0   68.0
571  551.353306 2.798E-26 3.934E-03.03330.070 2263.34300.750.000000 0 1 0   1  E"  0 2 0   0  A1'  9  3  A2"E'   10  1  E" E"  331110 1 1 1 0 0 0    76.0   84.0
571  551.534005 9.767E-24 9.215E-02.03440.070 1937.05350.750.000000 0 1 0   0  A2" 0 0 0   0  A1' 14  3  A2"A1'  14  3  A1"A1" 332110 1 1 2 0 0 0   232.0  232.0
571  551.625717 2.045E-27 5.078E-04.03330.070 2595.09780.750.000000 0 1 0   1  E"  0 0 0   1  E'  13 11  E" A1'  14 13  E" A1" 331110 1 1 1 0 0 0   216.0  232.0
571  551.680445 1.675E-27 1.360E-05.03330.070 1748.68210.750.000000 0 0 0   1  E'  0 1 0   0  A2" 13 13  E" E"   13 11  E" E'  331110 1 1 1 0 0 0   108.0  108.0
571  552.166623 7.233E-23 2.054E+00.03630.070 2053.47430.750.000000 0 3 0   0  A2" 0 2 0   0  A1'  8  3  A2"A1'   9  3  A1"A1" 442110 1 1 2 0 0 0   136.0  152.0
571  552.245863 1.227E-28 1.834E-05.03330.070 2543.66260.750.000000 0 2 0   0  A1' 0 0 0   0  A1' 17 15  A1"A1"  18 12  A1'A1' 331110 1 1 1 0 0 0   280.0  296.0
571  552.285821 3.419E-26 1.044E+00.03330.070 3546.99730.750.000000 0 1 0   0  A2" 0 0 0   0  A1' 22 16  E' E"   22 16  E' E'  331110 1 1 1 0 0 0   180.0  180.0
571  552.301166 1.717E-23 3.223E-01.03370.070 2091.84190.750.000000 0 1 0   0  A2" 0 0 0   0  A1' 15  6  A2'A1"  15  6  A1'A1' 442110 1 1 2 0 0 0   248.0  248.0
571  552.517516 2.658E-21 4.963E-01.03860.070  964.36820.750.000000 0 2 0   0  A1' 0 1 0   0  A2"  6  6  A1'A1'   7  6  A2'A1" 442110 1 1 2 0 0 0   104.0  120.0
571  552.555751 1.592E-24 7.497E-01.03330.070 2648.31680.750.000000 0 1 0   0  A2" 0 0 0   0  A1' 18 11  E" E'   18 11  E" E"  331110 1 1 1 0 0 0   148.0  148.0
571  552.782676 6.287E-24 5.044E-01.03330.070 2260.52450.750.000000 0 1 0   0  A2" 0 0 0   0  A1' 16  8  E' E"   16  8  E' E'  331110 1 1 1 0 0 0   132.0  132.0
571  553.165436 1.093E-27 1.459E-05.03330.070 1665.23650.750.000000 0 3 0   0  A2" 0 0 0   1  E'   5  4  E' E"    5  2  E' E'  331110 1 1 1 0 0 0    44.0   44.0
571  553.203539 1.217E-28 3.985E-07.03330.070 1509.30140.750.000000 0 0 0   1  E'  0 1 0   0  A2" 10  9  A2"E"   10  5  E" E'  331110 1 1 1 0 0 0    84.0   84.0
571  553.233369 2.056E-27 5.423E-04.03330.070 2448.01390.750.000000 0 1 0   1  E"  0 0 0   1  E'  12 10  E' E"   13 12  A2'E'  331110 1 1 1 0 0 0   100.0  108.0
571  553.523057 4.529E-28 1.015E-03.03330.070 2888.00160.750.000000 0 1 0   1  E"  0 2 0   0  A1' 12  2  E' E"   13  2  E' E'  331110 1 1 1 0 0 0   100.0  108.0
571  553.658748 2.802E-28 1.739E-05.03330.070 2070.64620.750.000000 0 3 0   0  A2" 0 0 0   1  E'   8  2  E' E"    8  2  E' E'  331110 1 1 1 0 0 0    68.0   68.0
571  553.667798 1.018E-23 1.655E-01.03330.070 1904.96400.750.000000 0 1 0   0  A2" 0 0 0   0  A1' 14  4  E' E"   14  4  E' E'  441110 1 1 1 0 0 0   116.0  116.0
571  553.864667 2.293E-25 1.020E+00.03470.070 3282.82240.750.000000 0 1 0   0  A2" 0 0 0   0  A1' 21 15  A2"A1'  21 15  A1"A1" 332110 1 1 2 0 0 0   344.0  344.0
571  553.904156 1.873E-26 1.666E-04.03330.070 1723.85730.750.000000 0 3 0   0  A2" 0 0 0   1  E'   5  0  A2'A1"   6  4  E' A1' 331110 1 1 1 0 0 0    88.0  104.0
571  554.258067 3.656E-26 2.242E-04.03330.070 1780.23340.750.000000 0 0 0   1  E'  0 1 0   0  A2" 10  5  E" A1"  11  3  A2"A1' 331110 1 1 1 0 0 0   168.0  184.0
571  554.471942 1.462E-25 1.454E-03.03330.070 1780.85130.750.000000 0 1 0   1  E"  0 0 0   1  E'   6  4  E' A1"   6  2  E' A1' 331110 1 1 1 0 0 0   104.0  104.0
571  554.502527 4.997E-25 6.554E-03.03330.070 1567.84740.750.000000 0 1 0   1  E"  0 0 0   1  E'   3  0  A2'E"    4  2  E' E'  331110 1 1 1 0 0 0    28.0   36.0
571  554.511955 3.773E-23 1.882E+00.03330.070 2025.15240.750.000000 0 3 0   0  A2" 0 2 0   0  A1'  8  4  E' E"    9  4  E' E'  441110 1 1 1 0 0 0    68.0   76.0
571  554.745858 9.375E-26 1.782E-03.03330.070 1771.32410.750.000000 0 1 0   1  E"  0 2 0   0  A1'  6  4  E' E"    7  2  E' E'  331110 1 1 1 0 0 0    52.0   60.0
571  554.759010 3.008E-23 4.444E-01.03600.070 1940.19090.750.000000 0 3 0   0  A2" 0 2 0   0  A1'  9  9  A2"A1'  10  9  A1"A1" 442110 1 1 2 0 0 0   152.0  168.0
571  554.943923 3.964E-27 5.849E-04.03330.070 2310.21090.750.000000 0 1 0   1  E"  0 0 0   1  E'  11  9  A2"E'   12 11  E" E"  331110 1 1 1 0 0 0    92.0  100.0
571  555.105578 4.449E-24 7.050E-01.03330.070 2411.12940.750.000000 0 1 0   0  A2" 0 0 0   0  A1' 17 10  E' E"   17 10  E' E'  331110 1 1 1 0 0 0   140.0  140.0
571  555.477200 4.798E-28 6.864E-06.03330.070 1636.77110.750.000000 0 1 0   1  E"  0 0 0   1  E'   4  1  E" E'    5  3  A1"E"  331110 1 1 1 0 0 0    36.0   44.0
571  555.560912 3.658E-25 9.917E-01.03330.070 3027.51930.750.000000 0 1 0   0  A2" 0 0 0   0  A1' 20 14  E' E"   20 14  E' E'  331110 1 1 1 0 0 0   164.0  164.0
571  555.684435 8.472E-28 7.876E-04.03330.070 2749.75010.750.000000 0 0 0   1  E'  0 2 0   0  A1' 15  9  A2"E"   14 10  E' E'  331110 1 1 1 0 0 0   124.0  116.0
571  555.894233 1.043E-25 7.206E-03.03330.070 2091.23790.750.000000 0 1 0   1  E"  0 0 0   1  E'   8  3  A1"E'    8  1  E" E"  331110 1 1 1 0 0 0    68.0   68.0
571  556.038964 1.749E-24 1.213E-02.03330.070 1713.46160.750.000000 0 1 0   0  A2" 0 0 0   0  A1' 13  1  E" E'   13  1  E" E"  331110 1 1 1 0 0 0   108.0  108.0
571  556.127031 1.570E-23 4.470E-01.03330.070 2032.38070.750.000000 0 1 0   0  A2" 0 0 0   0  A1' 15  7  E" E'   15  7  E" E"  441110 1 1 1 0 0 0   124.0  124.0
571  556.132375 1.249E-28 1.315E-06.03330.070 1791.35690.750.000000 0 3 0   0  A2" 0 0 0   1  E'   6  3  A2"A1'   6  1  E" A1" 331110 1 1 1 0 0 0   104.0  104.0
571  556.334229 1.953E-23 2.621E-01.03330.070 1863.69220.750.000000 0 1 0   0  A2" 0 0 0   0  A1' 14  5  E" E'   14  5  E" E"  441110 1 1 1 0 0 0   116.0  116.0
571  556.471196 1.750E-22 1.199E+00.03330.070 1506.30820.750.000000 0 1 0   1  E"  0 0 0   1  E'   2  1  E" A1'   3  1  E" A1" 441110 1 1 1 0 0 0    40.0   56.0
571  556.554261 9.694E-23 1.345E+00.04240.070 1508.80930.750.000000 0 1 0   1  E"  0 0 0   1  E'   2  0  A1'E"    3  0  A2'E'  442110 1 1 2 0 0 0    20.0   28.0
571  556.643349 8.912E-23 1.201E+00.03330.070 1502.73640.750.000000 0 1 0   1  E"  0 0 0   1  E'   2  1  E" E'    3  1  E" E"  441110 1 1 1 0 0 0    20.0   28.0
571  556.761612 1.466E-26 6.383E-04.03330.070 2181.70340.750.000000 0 1 0   1  E"  0 0 0   1  E'  10  8  E' A1"  11 10  E' A1' 331110 1 1 1 0 0 0   168.0  184.0
571  556.900461 1.326E-28 2.452E-05.03330.070 2545.61120.750.000000 0 0 0   1  E'  0 0 0   1  E'  14  8  E' A1'  13 11  E" A1" 331110 1 1 1 0 0 0   232.0  216.0
571  556.936532 7.489E-24 4.872E-02.03330.070 1699.66290.750.000000 0 1 0   0  A2" 0 0 0   0  A1' 13  2  E' E"   13  2  E' E'  331110 1 1 1 0 0 0   108.0  108.0
571  557.375037 1.109E-24 9.594E-01.03330.070 2781.12190.750.000000 0 1 0   0  A2" 0 0 0   0  A1' 19 13  E" E'   19 13  E" E"  331110 1 1 1 0 0 0   156.0  156.0
571  557.426906 1.408E-25 9.198E-04.03330.070 1565.08340.750.000000 0 3 0   0  A2" 0 0 0   1  E'   3  0  A2'A1"   4  2  E' A1' 331110 1 1 1 0 0 0    56.0   72.0
571  557.531241 1.212E-22 7.570E-01.03330.070 1486.49680.750.000000 0 1 0   1  E"  0 0 0   1  E'   2  2  E' A1"   3  2  E' A1' 441110 1 1 1 0 0 0    40.0   56.0
571  557.620404 3.909E-23 1.650E+00.03330.070 1988.73540.750.000000 0 3 0   0  A2" 0 2 0   0  A1'  8  5  E" E'    9  5  E" E"  441110 1 1 1 0 0 0    68.0   76.0
571  557.757545 1.140E-25 1.740E-02.03330.070 2275.93700.750.000000 0 1 0   1  E"  0 0 0   1  E'   9  2  E' E"    9  0  A2'E'  331110 1 1 1 0 0 0    76.0   76.0
571  557.795766 2.341E-23 6.543E-01.03410.070 2182.86070.750.000000 0 1 0   0  A2" 0 0 0   0  A1' 16  9  A2"A1'  16  9  A1"A1" 442110 1 1 2 0 0 0   264.0  264.0
571  557.958431 1.026E-28 8.522E-05.03330.070 2737.88870.750.000000 0 2 0   0  A1' 0 2 0   0  A1' 16 10  E' E'   15 13  E" E"  331110 1 1 1 0 0 0   132.0  124.0
571  558.302408 1.355E-24 9.192E-02.03330.070 2085.83870.750.000000 0 1 0   1  E"  0 2 0   0  A1'  8  3  A2"E'    9  1  E" E"  331110 1 1 1 0 0 0    68.0   76.0
571  558.362691 7.348E-28 2.036E-06.03330.070 1537.79830.750.000000 0 1 0   0  A2" 0 1 0   0  A2" 14 10  E' E"   13 13  E" E'  331110 1 1 1 0 0 0   116.0  108.0
571  558.496462 3.780E-23 1.105E-01.03450.070 1676.60900.750.000000 0 1 0   0  A2" 0 0 0   0  A1' 13  3  A2"A1'  13  3  A1"A1" 442110 1 1 2 0 0 0   216.0  216.0
571  558.602699 1.423E-27 1.068E-05.03330.070 1685.61190.750.000000 0 3 0   0  A2" 0 0 0   1  E'   5  3  A2"A1'   5  1  E" A1" 331110 1 1 1 0 0 0    88.0   88.0
571  558.690685 1.302E-26 7.061E-04.03330.070 2062.50500.750.000000 0 1 0   1  E"  0 0 0   1  E'   9  7  E" E'   10  9  A2"E"  331110 1 1 1 0 0 0    76.0   84.0
571  558.949592 1.265E-25 8.520E-04.03330.070 1663.22410.750.000000 0 1 0   1  E"  0 0 0   1  E'   5  4  E' A1"   5  2  E' A1' 331110 1 1 1 0 0 0    88.0   88.0
571  559.308631 6.374E-24 9.224E-01.03430.070 2543.66260.750.000000 0 1 0   0  A2" 0 0 0   0  A1' 18 12  A2'A1"  18 12  A1'A1' 332110 1 1 2 0 0 0   296.0  296.0
571  559.314709 5.978E-23 7.625E-01.03330.070 1489.63310.750.000000 0 1 0   1  E"  0 0 0   1  E'   2  2  E' E"    3  2  E' E'  441110 1 1 1 0 0 0    20.0   28.0
571  559.333473 2.334E-27 1.570E-05.03330.070 1662.84020.750.000000 0 1 0   1  E"  0 2 0   0  A1'  5  4  E' A1"   6  0  A1'A1' 331110 1 1 1 0 0 0    88.0  104.0
571  559.640532 7.233E-23 3.836E-01.03400.070 1813.12700.750.000000 0 1 0   0  A2" 0 0 0   0  A1' 14  6  A2'A1"  14  6  A1'A1' 442110 1 1 2 0 0 0   232.0  232.0
571  559.912041 6.654E-27 1.270E+00.03330.070 3936.45940.750.000000 0 1 0   0  A2" 0 0 0   0  A1' 24 19  E" E'   24 19  E" E"  331110 1 1 1 0 0 0   196.0  196.0
571  560.060615 1.184E-26 5.220E-03.03330.070 2674.57290.750.000000 0 1 0   1  E"  0 2 0   0  A1' 11  2  E' A1"  12  0  A1'A1' 331110 1 1 1 0 0 0   184.0  200.0
571  560.146086 8.796E-27 7.136E-06.03330.070 1118.88420.750.000000 0 0 0   1  E'  0 1 0   0  A2"  6  5  E" E"    7  1  E" E'  331110 1 1 1 0 0 0    52.0   60.0
571  560.420343 1.638E-28 2.322E-04.03330.070 2833.44320.750.000000 0 0 0   1  E'  0 0 0   1  E'  15  8  E' E'   14 11  E" E"  331110 1 1 1 0 0 0   124.0  116.0
571  560.566139 3.944E-23 1.984E-01.03330.070 1644.36730.750.000000 0 1 0   0  A2" 0 0 0   0  A1' 13  4  E' E"   13  4  E' E'  441110 1 1 1 0 0 0   108.0  108.0
571  560.630998 2.887E-23 5.971E-01.03330.070 1963.53950.750.000000 0 1 0   0  A2" 0 0 0   0  A1' 15  8  E' E"   15  8  E' E'  441110 1 1 1 0 0 0   124.0  124.0
571  560.735397 2.221E-26 7.946E-04.03330.070 1952.62780.750.000000 0 1 0   1  E"  0 0 0   1  E'   8  6  A1'E"    9  8  E' E'  331110 1 1 1 0 0 0    68.0   76.0
571  560.816946 4.750E-26 1.254E+00.03420.070 3662.93760.750.000000 0 1 0   0  A2" 0 0 0   0  A1' 23 18  A2'A1"  23 18  A1'A1' 332110 1 1 2 0 0 0   376.0  376.0
571  560.830036 8.768E-26 2.286E-04.03330.070 1579.21970.750.000000 0 0 0   1  E'  0 1 0   0  A2"  9  5  E" A1"  10  3  A2"A1' 331110 1 1 1 0 0 0   152.0  168.0
571  560.943348 3.335E-26 1.798E-04.03330.070 1699.58120.750.000000 0 0 0   0  A1' 0 0 0   0  A1' 16  8  E' E'   15 11  E" E"  331110 1 1 1 0 0 0   132.0  124.0
571  561.007278 1.366E-25 1.730E-05.03330.070 1043.82220.750.000000 0 0 0   0  A1' 0 0 0   0  A1' 14  9  A1"A1"  13 12  A1'A1' 331110 1 1 1 0 0 0   232.0  216.0
571  561.089341 5.140E-25 3.033E-04.03330.070 1052.75630.750.000000 0 0 0   1  E'  0 1 0   0  A2"  6  6  A1'E'    7  4  E' E"  331110 1 1 1 0 0 0    52.0   60.0
571  561.100488 1.566E-28 1.961E-03.03330.070 3375.35890.750.000000 0 0 0   0  A1' 0 0 0   0  A1' 24 19  E" E"   24 22  E' E'  331110 1 1 1 0 0 0   196.0  196.0
571  561.186396 4.159E-27 6.360E-04.03330.070 2411.12940.750.000000 0 0 0   0  A1' 0 0 0   0  A1' 18  7  E" E"   17 10  E' E'  331110 1 1 1 0 0 0   148.0  140.0
571  561.293415 1.121E-25 7.677E-03.03330.070 2085.83870.750.000000 0 1 0   1  E"  0 2 0   0  A1'  8  3  A1"E'    9  1  E" E"  331110 1 1 1 0 0 0    68.0   76.0
571  561.307795 2.133E-27 5.140E-05.03330.070 1815.81580.750.000000 0 3 0   0  A2" 0 0 0   1  E'   6  1  E" E'    7  5  E" E"  331110 1 1 1 0 0 0    52.0   60.0
571  561.364250 8.675E-24 8.800E-01.03330.070 2315.17210.750.000000 0 1 0   0  A2" 0 0 0   0  A1' 17 11  E" E'   17 11  E" E"  331110 1 1 1 0 0 0   140.0  140.0
571  561.432329 7.787E-23 1.341E+00.03580.070 1944.30570.750.000000 0 3 0   0  A2" 0 2 0   0  A1'  8  6  A2'A1"   9  6  A1'A1' 442110 1 1 2 0 0 0   136.0  152.0
571  561.707351 5.070E-28 1.449E-03.03330.070 3176.93150.750.000000 0 0 0   0  A1' 0 0 0   0  A1' 20  6  A1'A1'  19  9  A1"A1" 331110 1 1 1 0 0 0   328.0  312.0
571  561.826663 8.083E-26 1.235E+00.03330.070 3398.29790.750.000000 0 1 0   0  A2" 0 0 0   0  A1' 22 17  E" E'   22 17  E" E"  331110 1 1 1 0 0 0   180.0  180.0
571  561.829921 3.761E-21 1.937E+00.03330.070  989.97570.750.000000 0 2 0   0  A1' 0 1 0   0  A2"  5  1  E" E"    6  1  E" E'  441110 1 1 1 0 0 0    44.0   52.0
571  561.957468 1.867E-28 4.609E-05.03330.070 2428.52690.750.000000 0 3 0   0  A2" 0 0 0   1  E'  12 10  E' E"   13 12  A1'E'  331110 1 1 1 0 0 0   100.0  108.0
571  561.964674 3.452E-28 2.904E-04.03330.070 2737.88870.750.000000 0 0 0   1  E'  0 2 0   0  A1' 16 12  A1'E'   15 13  E" E"  331110 1 1 1 0 0 0   132.0  124.0
571  562.164617 3.368E-25 2.637E-02.03330.070 2278.30150.750.000000 0 1 0   1  E"  0 0 0   1  E'   9  1  E" A1'   9  1  E" A1" 331110 1 1 1 0 0 0   152.0  152.0
571  562.216798 1.963E-27 5.446E-05.03330.070 2178.43970.750.000000 0 1 0   0  A2" 0 1 0   0  A2" 16  9  A2"A1'  15 12  A2'A1" 331110 1 1 1 0 0 0   264.0  248.0
571  562.279281 6.983E-27 5.316E-05.03330.070 1819.31550.750.000000 0 0 0   1  E'  0 1 0   0  A2" 10  4  E' A1'  11  0  A2'A1" 331110 1 1 1 0 0 0   168.0  184.0
571  562.436350 1.237E-27 8.571E-05.03330.070 2292.35840.750.000000 0 3 0   0  A2" 0 0 0   1  E'  11  9  A2"A1'  12 11  E" A1" 331110 1 1 1 0 0 0   184.0  200.0
571  562.444178 4.266E-27 1.269E-03.03330.070 2592.05890.750.000000 0 3 0   0  A2" 0 0 0   1  E'  11  0  A2'A1"  11  4  E' A1' 331110 1 1 1 0 0 0   184.0  184.0
571  562.522157 6.231E-24 1.467E-02.03330.070 1470.96420.750.000000 0 1 0   0  A2" 0 0 0   0  A1' 12  1  E" E'   12  1  E" E"  331110 1 1 1 0 0 0   100.0  100.0
571  562.569069 6.629E-26 3.425E-04.03330.070 1565.08340.750.000000 0 1 0   1  E"  0 0 0   1  E'   4  4  E' A1"   4  2  E' A1' 331110 1 1 1 0 0 0    72.0   72.0
571  562.681944 1.348E-27 1.109E-03.03330.070 2658.48380.750.000000 0 1 0   1  E"  0 2 0   0  A1' 11  2  E' E"   12  2  E' E'  331110 1 1 1 0 0 0    92.0  100.0
571  562.742660 9.673E-26 3.616E-03.03330.070 1934.61210.750.000000 0 1 0   1  E"  0 0 0   1  E'   7  3  A1"E'    7  1  E" E"  331110 1 1 1 0 0 0    60.0   60.0
571  562.900034 7.301E-26 9.142E-04.03330.070 1852.08320.750.000000 0 1 0   1  E"  0 0 0   1  E'   7  5  E" A1'   8  7  E" A1" 331110 1 1 1 0 0 0   120.0  136.0
571  562.901551 3.677E-21 1.782E+00.03330.070  976.72800.750.000000 0 2 0   0  A1' 0 1 0   0  A2"  5  2  E' E'    6  2  E' E"  441110 1 1 1 0 0 0    44.0   52.0
571  562.939939 2.620E-25 1.214E+00.03330.070 3142.57520.750.000000 0 1 0   0  A2" 0 0 0   0  A1' 21 16  E' E"   21 16  E' E'  331110 1 1 1 0 0 0   172.0  172.0
571  563.209747 1.036E-28 1.225E-04.03330.070 2780.61580.750.000000 0 0 0   1  E'  0 1 0   0  A2" 14  4  E' E'   15  2  E' E"  331110 1 1 1 0 0 0   116.0  124.0
571  563.272469 2.366E-27 1.944E-04.03330.070 2165.48380.750.000000 0 3 0   0  A2" 0 0 0   1  E'  10  8  E' E"   11 10  E' E'  331110 1 1 1 0 0 0    84.0   92.0
571  563.278248 1.220E-28 9.938E-06.03330.070 2372.76750.750.000000 0 0 0   1  E'  0 1 0   0  A2" 14 10  E' A1'  14  6  A2'A1" 331110 1 1 1 0 0 0   232.0  232.0
571  563.330385 7.580E-23 3.144E-01.03330.070 1602.78890.750.000000 0 1 0   0  A2" 0 0 0   0  A1' 13  5  E" E'   13  5  E" E"  441110 1 1 1 0 0 0   108.0  108.0
571  563.450347 2.671E-23 5.894E-02.03330.070 1457.07010.750.000000 0 1 0   0  A2" 0 0 0   0  A1' 12  2  E' E"   12  2  E' E'  441110 1 1 1 0 0 0   100.0  100.0
571  563.545302 2.230E-23 8.314E-01.03330.070 2095.67960.750.000000 0 1 0   0  A2" 0 0 0   0  A1' 16 10  E' E"   16 10  E' E'  441110 1 1 1 0 0 0   132.0  132.0
571  563.578621 1.531E-27 1.058E-03.03330.070 2826.11960.750.000000 0 0 0   1  E'  0 2 0   0  A1' 15  8  E' A1'  14  9  A1"A1" 331110 1 1 1 0 0 0   248.0  232.0
571  563.616222 7.354E-26 2.757E-03.03330.070 1934.61210.750.000000 0 3 0   0  A2" 0 0 0   1  E'   7  1  E" E'    7  1  E" E"  331110 1 1 1 0 0 0    60.0   60.0
571  563.616777 6.634E-23 5.326E-01.03330.070 1753.19250.750.000000 0 1 0   0  A2" 0 0 0   0  A1' 14  7  E" E'   14  7  E" E"  441110 1 1 1 0 0 0   116.0  116.0
571  564.156704 1.617E-24 1.188E+00.03510.070 2895.80310.750.000000 0 1 0   0  A2" 0 0 0   0  A1' 20 15  A2"A1'  20 15  A1"A1" 332110 1 1 2 0 0 0   328.0  328.0
571  564.412171 7.768E-26 1.073E-03.03330.070 1502.73640.750.000000 0 3 0   0  A2" 0 0 0   1  E'   2  1  E" E'    3  1  E" E"  331110 1 1 1 0 0 0    20.0   28.0
571  564.481181 1.321E-26 6.798E-04.03330.070 2047.91450.750.000000 0 3 0   0  A2" 0 0 0   1  E'   9  7  E" E'   10  9  A1"E"  331110 1 1 1 0 0 0    76.0   84.0
571  564.534696 9.983E-28 1.052E-05.03330.070 1567.84740.750.000000 0 3 0   0  A2" 0 0 0   1  E'   4  4  E' E"    4  2  E' E'  331110 1 1 1 0 0 0    36.0   36.0
571  564.703665 6.939E-21 1.519E+00.03940.070  954.63580.750.000000 0 2 0   0  A1' 0 1 0   0  A2"  5  3  A1"A1"   6  3  A2"A1' 442110 1 1 2 0 0 0    88.0  104.0
571  564.971308 1.349E-22 1.336E-01.03480.070 1433.91180.750.000000 0 1 0   0  A2" 0 0 0   0  A1' 12  3  A2"A1'  12  3  A1"A1" 442110 1 1 2 0 0 0   200.0  200.0
571  565.189014 5.834E-26 1.090E-03.03330.070 1760.88090.750.000000 0 1 0   1  E"  0 0 0   1  E'   6  4  E' E"    7  6  A2'E'  331110 1 1 1 0 0 0    52.0   60.0
571  565.448608 1.701E-28 2.532E-04.03330.070 2876.53640.750.000000 0 1 0   0  A2" 0 1 0   0  A2" 18  8  E' E"   17 11  E" E'  331110 1 1 1 0 0 0   148.0  140.0
571  565.477923 2.373E-24 1.159E+00.03330.070 2658.01380.750.000000 0 1 0   0  A2" 0 0 0   0  A1' 19 14  E' E"   19 14  E' E'  331110 1 1 1 0 0 0   156.0  156.0
571  565.627114 4.429E-28 1.522E-04.03330.070 2510.02130.750.000000 0 0 0   1  E'  0 1 0   0  A2" 13  4  E' E'   14  2  E' E"  331110 1 1 1 0 0 0   108.0  116.0
571  565.718594 1.269E-28 9.389E-06.03330.070 2194.00510.750.000000 0 0 0   1  E'  0 0 0   1  E'  13  9  A1"E"   12 12  A1'E'  331110 1 1 1 0 0 0   108.0  100.0
571  565.855957 1.079E-22 7.758E-01.03460.070 1885.21240.750.000000 0 1 0   0  A2" 0 0 0   0  A1' 15  9  A2"A1'  15  9  A1"A1" 442110 1 1 2 0 0 0   248.0  248.0
571  565.899267 4.679E-26 5.942E-04.03330.070 1646.61270.750.000000 0 1 0   1  E"  0 2 0   0  A1'  5  4  E' E"    6  2  E' E'  331110 1 1 1 0 0 0    44.0   52.0
571  566.108833 9.250E-25 1.580E-02.03330.070 1939.62920.750.000000 0 3 0   0  A2" 0 0 0   1  E'   8  6  A2'A1"   9  8  E' A1' 331110 1 1 1 0 0 0   136.0  152.0
571  566.149625 1.973E-28 1.637E-06.03330.070 1710.59370.750.000000 0 0 0   1  E'  0 1 0   0  A2" 11  9  A2"E"   11  5  E" E'  331110 1 1 1 0 0 0    92.0   92.0
571  566.195996 3.659E-23 9.905E-01.03330.070 1891.67570.750.000000 0 3 0   0  A2" 0 2 0   0  A1'  8  7  E" E'    9  7  E" E"  441110 1 1 1 0 0 0    68.0   76.0
571  566.343340 5.152E-24 1.867E-01.03330.070 1925.86020.750.000000 0 1 0   1  E"  0 2 0   0  A1'  7  3  A2"E'    8  1  E" E"  331110 1 1 1 0 0 0    60.0   68.0
571  566.759381 2.814E-22 4.606E-01.03440.070 1551.84480.750.000000 0 1 0   0  A2" 0 0 0   0  A1' 13  6  A2'A1"  13  6  A1'A1' 442110 1 1 2 0 0 0   216.0  216.0
571  566.869971 1.610E-26 1.956E-03.03330.070 2222.97260.750.000000 0 3 0   0  A2" 0 0 0   1  E'   9  1  E" E'    9  3  A2"E"  331110 1 1 1 0 0 0    76.0   76.0
571  566.905460 6.615E-24 1.125E+00.03330.070 2429.23790.750.000000 0 1 0   0  A2" 0 0 0   0  A1' 18 13  E" E'   18 13  E" E"  331110 1 1 1 0 0 0   148.0  148.0
571  567.204919 1.410E-22 2.403E-01.03330.070 1401.38990.750.000000 0 1 0   0  A2" 0 0 0   0  A1' 12  4  E' E"   12  4  E' E'  441110 1 1 1 0 0 0   100.0  100.0
571  567.260452 3.007E-21 1.142E+00.03330.070  923.68130.750.000000 0 2 0   0  A1' 0 1 0   0  A2"  5  4  E' E'    6  4  E' E"  441110 1 1 1 0 0 0    44.0   52.0
571  567.402705 2.613E-25 1.950E-02.03330.070 2099.43490.750.000000 0 1 0   1  E"  0 0 0   1  E'   8  2  E' E"    8  0  A1'E'  331110 1 1 1 0 0 0    68.0   68.0
571  567.524970 1.545E-19 1.597E+00.04360.070   57.43990.750.000000 0 1 0   0  A2" 0 0 0   0  A1'  1  0  A2'A1"   2  0  A1'A1' 442110 1 1 2 0 0 0    24.0   40.0
571  567.606121 8.836E-26 1.321E-03.03330.070 1679.03030.750.000000 0 1 0   1  E"  0 0 0   1  E'   5  3  A2"E'    6  5  E" E"  331110 1 1 1 0 0 0    44.0   52.0
571  567.907481 5.936E-20 1.200E+00.03330.070   52.61160.750.000000 0 1 0   0  A2" 0 0 0   0  A1'  1  1  E" E'    2  1  E" E"  441110 1 1 1 0 0 0    12.0   20.0
571  567.928682 1.493E-27 1.811E-04.03330.070 2221.91390.750.000000 0 3 0   0  A2" 0 0 0   1  E'   9  1  E" E'    9  3  A1"E"  331110 1 1 1 0 0 0    76.0   76.0
571  567.999963 1.836E-28 6.432E-04.03330.070 3014.48120.750.000000 0 1 0   1  E"  0 2 0   0  A1' 15 12  A2'E"   15 10  E' E'  331110 1 1 1 0 0 0   124.0  124.0
571  568.017553 1.051E-25 2.531E-03.03330.070 1840.79000.750.000000 0 3 0   0  A2" 0 0 0   1  E'   7  5  E" E'    8  7  E" E"  331110 1 1 1 0 0 0    60.0   68.0
571  568.108371 6.589E-28 1.593E-04.03330.070 2578.61520.750.000000 0 1 0   1  E"  0 2 0   0  A1' 13 11  E" A1'  13  9  A1"A1" 331110 1 1 1 0 0 0   216.0  216.0
571  568.301070 1.225E-22 7.124E-01.03330.070 1683.79670.750.000000 0 1 0   0  A2" 0 0 0   0  A1' 14  8  E' E"   14  8  E' E'  441110 1 1 1 0 0 0   116.0  116.0
571  568.441963 3.497E-23 1.085E+00.03470.070 2209.50460.750.000000 0 1 0   0  A2" 0 0 0   0  A1' 17 12  A2'A1"  17 12  A1'A1' 442110 1 1 2 0 0 0   280.0  280.0
571  568.506223 1.789E-25 2.193E-04.03330.070 1396.04250.750.000000 0 0 0   1  E'  0 1 0   0  A2"  8  5  E" A1"   9  3  A2"A1' 331110 1 1 1 0 0 0   136.0  152.0
571  568.708427 2.050E-23 1.794E-02.03330.070 1246.26640.750.000000 0 1 0   0  A2" 0 0 0   0  A1' 11  1  E" E'   11  1  E" E"  441110 1 1 1 0 0 0    92.0   92.0
571  568.996004 2.182E-25 4.928E-03.03330.070 1797.35940.750.000000 0 1 0   1  E"  0 0 0   1  E'   6  3  A2"E'    6  1  E" E"  331110 1 1 1 0 0 0    52.0   52.0
571  568.998797 1.615E-27 1.768E-04.03330.070 2256.59940.750.000000 0 0 0   1  E'  0 1 0   0  A2" 12  4  E' E'   13  2  E' E"  331110 1 1 1 0 0 0   100.0  108.0
571  569.064060 5.531E-28 8.354E-04.03330.070 2926.34120.750.000000 0 0 0   0  A1' 0 0 0   0  A1' 23 19  E" E"   23 22  E' E'  331110 1 1 1 0 0 0   188.0  188.0
571  569.179250 2.200E-27 6.110E-05.03330.070 2004.79600.750.000000 0 0 0   1  E'  0 1 0   0  A2" 14 13  E" E"   14 11  E" E'  331110 1 1 1 0 0 0   116.0  116.0
571  569.412580 5.036E-26 1.767E-03.03330.070 1917.09320.750.000000 0 3 0   0  A2" 0 0 0   1  E'   7  2  E' E"    8  6  A2'E'  331110 1 1 1 0 0 0    60.0   68.0
571  569.666609 8.792E-23 7.213E-02.03330.070 1232.28220.750.000000 0 1 0   0  A2" 0 0 0   0  A1' 11  2  E' E"   11  2  E' E'  441110 1 1 1 0 0 0    92.0   92.0
571  569.699165 2.695E-26 6.438E-03.03330.070 2380.80710.750.000000 0 3 0   0  A2" 0 0 0   1  E'  10  2  E' E"   10  4  E' E'  331110 1 1 1 0 0 0    84.0   84.0
571  569.707826 6.625E-28 2.323E-05.03330.070 1916.79800.750.000000 0 3 0   0  A2" 0 0 0   1  E'   7  2  E' E"    7  2  E' E'  331110 1 1 1 0 0 0    60.0   60.0
571  569.713530 9.341E-28 1.094E-04.03330.070 2469.69330.750.000000 0 0 0   1  E'  0 1 0   0  A2" 16 14  E' A1'  16 12  A2'A1" 331110 1 1 1 0 0 0   264.0  264.0
571  569.887739 7.611E-28 1.495E-03.03330.070 2894.20820.750.000000 0 0 0   1  E'  0 2 0   0  A1' 15  7  E" E"   14  8  E' E'  331110 1 1 1 0 0 0   124.0  116.0
571  570.065914 2.715E-22 3.809E-01.03330.070 1359.51970.750.000000 0 1 0   0  A2" 0 0 0   0  A1' 12  5  E" E'   12  5  E" E"  441110 1 1 1 0 0 0   100.0  100.0
571  570.090766 4.375E-23 1.040E+00.03330.070 1998.84150.750.000000 0 1 0   0  A2" 0 0 0   0  A1' 16 11  E" E'   16 11  E" E"  441110 1 1 1 0 0 0   132.0  132.0
571  570.182148 2.706E-25 1.752E-03.03330.070 1606.53760.750.000000 0 1 0   1  E"  0 0 0   1  E'   4  2  E' A1"   5  4  E' A1' 331110 1 1 1 0 0 0    72.0   88.0
571  570.418846 2.774E-26 5.027E-04.03330.070 1751.20790.750.000000 0 3 0   0  A2" 0 0 0   1  E'   6  4  E' E"    7  6  A1'E'  331110 1 1 1 0 0 0    52.0   60.0
571  570.566738 2.334E-28 8.160E-03.03330.070 3511.06960.750.000000 0 1 0   1  E"  0 2 0   0  A1' 17 13  E" E'   17 11  E" E"  331110 1 1 1 0 0 0   140.0  140.0
571  570.606554 2.024E-21 6.401E-01.03330.070  883.83880.750.000000 0 2 0   0  A1' 0 1 0   0  A2"  5  5  E" E"    6  5  E" E'  441110 1 1 1 0 0 0    44.0   52.0
571  570.886138 2.589E-22 6.403E-01.03330.070 1491.45660.750.000000 0 1 0   0  A2" 0 0 0   0  A1' 13  7  E" E'   13  7  E" E"  441110 1 1 1 0 0 0   108.0  108.0
571  571.119740 1.358E-22 2.549E+00.03740.070 1929.91070.750.000000 0 3 0   0  A2" 0 2 0   0  A1'  7  0  A2'A1"   8  0  A1'A1' 442110 1 1 2 0 0 0   120.0  136.0
571  571.133078 6.623E-28 6.149E-05.03330.070 2204.15150.750.000000 0 1 0   1  E"  0 2 0   0  A1' 11 10  E' E"   11  8  E' E'  331110 1 1 1 0 0 0    92.0   92.0
571  571.280612 3.545E-28 1.925E-04.03330.070 2796.30280.750.000000 0 0 0   1  E'  0 2 0   0  A1' 17 14  E' A1'  16 15  A1"A1" 331110 1 1 1 0 0 0   280.0  264.0
571  571.295008 4.446E-22 1.636E-01.03510.070 1208.93840.750.000000 0 1 0   0  A2" 0 0 0   0  A1' 11  3  A2"A1'  11  3  A1"A1" 442110 1 1 2 0 0 0   184.0  184.0
571  571.403310 8.935E-27 4.746E-06.03330.070  989.97570.750.000000 0 0 0   1  E'  0 1 0   0  A2"  5  5  E" E"    6  1  E" E'  331110 1 1 1 0 0 0    44.0   52.0
571  571.494503 1.882E-23 6.934E-01.03330.070 1925.86020.750.000000 0 1 0   1  E"  0 2 0   0  A1'  7  3  A1"E'    8  1  E" E"  441110 1 1 1 0 0 0    60.0   68.0
571  571.495491 1.772E-26 1.493E+00.03330.070 3760.51910.750.000000 0 1 0   0  A2" 0 0 0   0  A1' 24 20  E' E"   24 20  E' E'  331110 1 1 1 0 0 0   196.0  196.0
571  571.683729 1.492E-25 1.142E-02.03330.070 2267.38200.750.000000 0 1 0   1  E"  0 2 0   0  A1'  9  2  E' A1"  10  0  A1'A1' 331110 1 1 1 0 0 0   152.0  168.0
571  571.805117 2.646E-23 5.431E-01.03330.070 1831.03830.750.000000 0 3 0   0  A2" 0 2 0   0  A1'  8  8  E' E"    9  8  E' E'  441110 1 1 1 0 0 0    68.0   76.0
571  571.855800 1.034E-22 9.875E-01.03330.070 1797.27480.750.000000 0 1 0   0  A2" 0 0 0   0  A1' 15 10  E' E"   15 10  E' E'  441110 1 1 1 0 0 0   124.0  124.0
571  571.912872 5.205E-27 2.391E-05.03330.070 1602.38640.750.000000 0 0 0   1  E'  0 1 0   0  A2" 12 12  A2'E'   12 10  E' E"  331110 1 1 1 0 0 0   100.0  100.0
571  571.928116 6.104E-26 1.479E+00.03330.070 3495.40520.750.000000 0 1 0   0  A2" 0 0 0   0  A1' 23 19  E" E'   23 19  E" E"  331110 1 1 1 0 0 0   188.0  188.0
571  572.323705 3.579E-27 1.185E-03.03330.070 2446.18680.750.000000 0 1 0   1  E"  0 2 0   0  A1' 10  2  E' E"   11  2  E' E'  331110 1 1 1 0 0 0    84.0   92.0
571  572.368065 4.538E-23 1.677E+00.03330.070 1925.86020.750.000000 0 3 0   0  A2" 0 2 0   0  A1'  7  1  E" E'    8  1  E" E"  441110 1 1 1 0 0 0    60.0   68.0
571  572.449391 4.007E-25 1.462E+00.03440.070 3239.24960.750.000000 0 1 0   0  A2" 0 0 0   0  A1' 22 18  A2'A1"  22 18  A1'A1' 332110 1 1 2 0 0 0   360.0  360.0
571  572.696783 1.561E-28 1.063E-04.03330.070 2817.00140.750.000000 0 0 0   1  E'  0 0 0   1  E'  15  8  E' A1'  14 11  E" A1" 331110 1 1 1 0 0 0   248.0  232.0
571  572.798815 7.006E-23 2.443E+00.03330.070 1913.70700.750.000000 0 3 0   0  A2" 0 2 0   0  A1'  7  2  E' E"    8  2  E' E'  441110 1 1 1 0 0 0    60.0   68.0
571  572.810118 2.055E-25 2.539E-03.03330.070 1543.40750.750.000000 0 1 0   1  E"  0 0 0   1  E'   3  1  E" E'    4  3  A1"E"  331110 1 1 1 0 0 0    28.0   36.0
571  572.860439 1.060E-25 2.627E-02.03330.070 2547.69760.750.000000 0 3 0   0  A2" 0 0 0   1  E'  11  3  A2"A1'  11  5  E" A1" 331110 1 1 1 0 0 0   184.0  184.0
571  573.059603 6.270E-25 1.443E+00.03330.070 2992.08500.750.000000 0 1 0   0  A2" 0 0 0   0  A1' 21 17  E" E'   21 17  E" E"  331110 1 1 1 0 0 0   172.0  172.0
571  573.229685 3.107E-26 2.273E-04.03330.070 1670.98490.750.000000 0 3 0   0  A2" 0 0 0   1  E'   5  3  A2"A1'   6  5  E" A1" 331110 1 1 1 0 0 0    88.0  104.0
571  573.391866 5.082E-27 1.947E-04.03330.070 2020.52050.750.000000 0 0 0   1  E'  0 1 0   0  A2" 11  4  E' E'   12  2  E' E"  331110 1 1 1 0 0 0    92.0  100.0
571  573.464511 1.486E-28 5.574E-05.03330.070 2522.85380.750.000000 0 0 0   1  E'  0 1 0   0  A2" 13  3  A2"E"   14  1  E" E'  331110 1 1 1 0 0 0   108.0  116.0
571  573.544250 4.654E-22 2.943E-01.03330.070 1176.23860.750.000000 0 1 0   0  A2" 0 0 0   0  A1' 11  4  E' E"   11  4  E' E'  441110 1 1 1 0 0 0    92.0   92.0
571  573.617271 1.010E-21 5.586E-01.03490.070 1308.21480.750.000000 0 1 0   0  A2" 0 0 0   0  A1' 12  6  A2'A1"  12  6  A1'A1' 442110 1 1 2 0 0 0   200.0  200.0
571  573.741531 4.599E-22 9.271E-01.03500.070 1604.82950.750.000000 0 1 0   0  A2" 0 0 0   0  A1' 14  9  A2"A1'  14  9  A1"A1" 442110 1 1 2 0 0 0   232.0  232.0
571  573.759900 1.868E-24 1.420E+00.03330.070 2753.94300.750.000000 0 1 0   0  A2" 0 0 0   0  A1' 20 16  E' E"   20 16  E' E'  331110 1 1 1 0 0 0   164.0  164.0
571  573.858992 8.902E-26 1.039E+00.03330.070 3413.63930.750.000000 0 1 0   1  E"  0 0 0   1  E'  16 11  E" A1'  16 11  E" A1" 331110 1 1 1 0 0 0   264.0  264.0
571  573.896414 2.093E-28 1.445E+00.03440.070 4647.98700.750.000000 0 1 0   1  E"  0 0 0   1  E'  22 18  A2'E"   22 18  A2'E'  332110 1 1 2 0 0 0   180.0  180.0
571  573.910971 2.298E-25 3.515E-03.03330.070 1679.58460.750.000000 0 1 0   1  E"  0 0 0   1  E'   5  3  A1"E'    5  1  E" E"  331110 1 1 1 0 0 0    44.0   44.0
571  574.210078 1.073E-27 1.021E-05.03330.070 1794.92060.750.000000 0 1 0   0  A2" 0 1 0   0  A2" 15 10  E' E"   14 13  E" E'  331110 1 1 1 0 0 0   124.0  116.0
571  574.417211 7.003E-28 1.869E-03.03330.070 2954.38680.750.000000 0 0 0   1  E'  0 2 0   0  A1' 15  6  A1'E'   14  7  E" E"  331110 1 1 1 0 0 0   124.0  116.0
571  574.493318 1.427E-22 2.268E+00.03870.070 1893.45700.750.000000 0 3 0   0  A2" 0 2 0   0  A1'  7  3  A2"A1'   8  3  A1"A1" 442110 1 1 2 0 0 0   120.0  136.0
571  574.552172 1.060E-23 1.394E+00.03530.070 2524.85390.750.000000 0 1 0   0  A2" 0 0 0   0  A1' 19 15  A2"A1'  19 15  A1"A1" 442110 1 1 2 0 0 0   312.0  312.0
571  574.559101 6.224E-23 2.226E-02.03330.070 1039.56190.750.000000 0 1 0   0  A2" 0 0 0   0  A1' 10  1  E" E'   10  1  E" E"  441110 1 1 1 0 0 0    84.0   84.0
571  574.883813 1.312E-27 1.430E+00.03330.070 4400.75180.750.000000 0 1 0   1  E"  0 0 0   1  E'  21 17  E" A1'  21 17  E" A1" 331110 1 1 1 0 0 0   344.0  344.0
571  575.151939 2.220E-25 5.459E-01.03330.070 2908.56830.750.000000 0 1 0   1  E"  0 0 0   1  E'  13  7  E" E'   13  7  E" E"  331110 1 1 1 0 0 0   108.0  108.0
571  575.438955 1.428E-23 1.363E+00.03330.070 2304.84630.750.000000 0 1 0   0  A2" 0 0 0   0  A1' 18 14  E' E"   18 14  E' E'  441110 1 1 1 0 0 0   148.0  148.0
571  575.465744 6.311E-27 7.863E-05.03330.070 1543.40750.750.000000 0 3 0   0  A2" 0 0 0   1  E'   3  1  E" E'    4  3  A1"E"  331110 1 1 1 0 0 0    28.0   36.0
571  575.546637 2.671E-22 8.949E-02.03330.070 1025.49330.750.000000 0 1 0   0  A2" 0 0 0   0  A1' 10  2  E' E"   10  2  E' E'  441110 1 1 1 0 0 0    84.0   84.0
571  575.548341 8.601E-28 6.150E-04.03330.070 2838.09090.750.000000 0 0 0   1  E'  0 2 0   0  A1' 16 11  E" A1"  15 12  A1'A1' 331110 1 1 1 0 0 0   264.0  248.0
571  575.561156 1.323E-27 1.010E-03.03330.070 2743.37120.750.000000 0 0 0   0  A1' 0 0 0   0  A1' 19  7  E" E"   18 10  E' E'  331110 1 1 1 0 0 0   156.0  148.0
571  575.653864 1.631E-25 1.766E-01.03330.070 2723.62410.750.000000 0 3 0   0  A2" 0 0 0   1  E'  12  4  E' E"   12  6  A1'E'  331110 1 1 1 0 0 0   100.0  100.0
571  575.669731 1.497E-26 3.416E-04.03330.070 1998.84150.750.000000 0 0 0   0  A1' 0 0 0   0  A1' 17  8  E' E'   16 11  E" E"  331110 1 1 1 0 0 0   140.0  132.0
571  575.730462 4.070E-25 5.471E-03.03330.070 1489.63310.750.000000 0 1 0   1  E"  0 0 0   1  E'   2  0  A1'E"    3  2  E' E'  331110 1 1 1 0 0 0    20.0   28.0
571  575.744814 1.248E-28 2.091E-03.03330.070 3541.14220.750.000000 0 0 0   0  A1' 0 0 0   0  A1' 21  6  A1'A1'  20  9  A1"A1" 331110 1 1 1 0 0 0   344.0  328.0
571  575.752905 4.797E-22 8.575E-01.03330.070 1421.52860.750.000000 0 1 0   0  A2" 0 0 0   0  A1' 13  8  E' E"   13  8  E' E'  441110 1 1 1 0 0 0   108.0  108.0
571  575.868320 5.118E-25 2.070E-02.03330.070 1942.17700.750.000000 0 1 0   1  E"  0 0 0   1  E'   7  2  E' E"    7  0  A2'E'  331110 1 1 1 0 0 0    60.0   60.0
571  575.977070 6.183E-27 6.057E-03.03430.070 2685.75560.750.000000 0 1 0   1  E"  0 0 0   1  E'  11  0  A2'E"   11  0  A2'E'  332110 1 1 2 0 0 0    92.0   92.0
571  575.983306 1.960E-27 1.412E+00.03330.070 4162.47670.750.000000 0 1 0   1  E"  0 0 0   1  E'  20 16  E' E"   20 16  E' E'  331110 1 1 1 0 0 0   164.0  164.0
571  576.094932 1.058E-25 9.890E-01.03330.070 3211.12020.750.000000 0 1 0   1  E"  0 0 0   1  E'  15 10  E' E"   15 10  E' E'  331110 1 1 1 0 0 0   124.0  124.0
571  576.119510 1.207E-25 5.444E-05.03330.070 1309.09290.750.000000 0 0 0   0  A1' 0 0 0   0  A1' 15  9  A1"A1"  14 12  A1'A1' 331110 1 1 1 0 0 0   248.0  232.0
571  576.220611 3.308E-26 3.090E-02.03330.070 2675.75440.750.000000 0 1 0   1  E"  0 0 0   1  E'  11  1  E" E'   11  1  E" E"  331110 1 1 1 0 0 0    92.0   92.0
571  576.423335 3.655E-23 1.327E+00.03330.070 2093.94780.750.000000 0 1 0   0  A2" 0 0 0   0  A1' 17 13  E" E'   17 13  E" E"  441110 1 1 1 0 0 0   140.0  140.0
571  576.472587 1.087E-26 1.392E-04.03330.070 1600.12180.750.000000 0 3 0   0  A2" 0 0 0   1  E'   4  2  E' E"    5  4  E' E'  331110 1 1 1 0 0 0    36.0   44.0
571  576.501181 8.977E-22 4.669E-01.03330.070 1134.09250.750.000000 0 1 0   0  A2" 0 0 0   0  A1' 11  5  E" E'   11  5  E" E"  441110 1 1 1 0 0 0    92.0   92.0
571  576.512590 5.455E-25 3.884E-01.03330.070 2779.47400.750.000000 0 1 0   1  E"  0 0 0   1  E'  12  5  E" A1'  12  5  E" A1" 331110 1 1 1 0 0 0   200.0  200.0
571  576.671543 6.148E-25 1.330E-02.03330.070 1783.48620.750.000000 0 1 0   1  E"  0 2 0   0  A1'  6  3  A1"E'    7  1  E" E"  331110 1 1 1 0 0 0    52.0   60.0
571  576.917183 1.450E-28 9.077E-05.03330.070 2610.20500.750.000000 0 1 0   1  E"  0 2 0   0  A1' 12  8  E' E"   12  4  E' E'  331110 1 1 1 0 0 0   100.0  100.0
571  576.946946 7.195E-23 2.007E+00.03330.070 1865.10440.750.000000 0 3 0   0  A2" 0 2 0   0  A1'  7  4  E' E"    8  4  E' E'  441110 1 1 1 0 0 0    60.0   68.0
571  576.992568 1.983E-25 8.500E-02.03330.070 2657.64090.750.000000 0 1 0   1  E"  0 0 0   1  E'  11  2  E' A1"  11  2  E' A1' 331110 1 1 1 0 0 0   184.0  184.0
571  577.034433 4.556E-26 6.492E-02.03330.070 2779.30470.750.000000 0 3 0   0  A2" 0 0 0   1  E'  12  1  E" E'   12  5  E" E"  331110 1 1 1 0 0 0   100.0  100.0
571  577.075222 1.135E-27 2.228E-04.03330.070 2492.46100.750.000000 0 0 0   0  A1' 0 0 0   0  A1' 22 19  E" E"   22 22  E' E'  331110 1 1 1 0 0 0   180.0  180.0
571  577.190674 1.351E-21 2.031E-01.03560.070 1002.02900.750.000000 0 1 0   0  A2" 0 0 0   0  A1' 10  3  A2"A1'  10  3  A1"A1" 442110 1 1 2 0 0 0   168.0  168.0
571  577.194991 5.572E-27 1.390E+00.03530.070 3933.18880.750.000000 0 1 0   1  E"  0 0 0   1  E'  19 15  A1"E'   19 15  A2"E"  332110 1 1 2 0 0 0   156.0  156.0
571  577.239734 1.026E-27 2.574E-05.03330.070 1891.67570.750.000000 0 1 0   1  E"  0 2 0   0  A1'  9  9  A1"E'    9  7  E" E"  331110 1 1 1 0 0 0    76.0   76.0
571  577.344707 3.000E-25 1.920E-04.03330.070 1230.80210.750.000000 0 0 0   1  E'  0 1 0   0  A2"  7  5  E" A1"   8  3  A2"A1' 331110 1 1 1 0 0 0   120.0  136.0
571  577.438917 9.698E-28 1.097E-04.03330.070 2469.69330.750.000000 0 1 0   0  A2" 0 1 0   0  A2" 17  9  A2"A1'  16 12  A2'A1" 331110 1 1 1 0 0 0   280.0  264.0
571  577.499931 1.303E-27 2.263E-03.03330.070 3006.49890.750.000000 0 0 0   1  E'  0 2 0   0  A1' 15  5  E" A1"  14  6  A1'A1' 331110 1 1 1 0 0 0   248.0  232.0
571  577.508875 1.774E-22 1.286E+00.03490.070 1892.18450.750.000000 0 1 0   0  A2" 0 0 0   0  A1' 16 12  A2'A1"  16 12  A1'A1' 442110 1 1 2 0 0 0   264.0  264.0
571  577.593493 2.128E-28 2.608E-06.03330.070 1538.62410.750.000000 0 1 0   1  E"  0 0 0   1  E'   3  1  E" E'    4  3  A2"E"  331110 1 1 1 0 0 0    28.0   36.0
571  577.637263 5.217E-28 1.340E-03.03330.070 2900.03700.750.000000 0 1 0   1  E"  0 2 0   0  A1' 12  1  E" E'   13  1  E" E"  331110 1 1 1 0 0 0   100.0  108.0
571  577.669131 9.070E-23 1.684E+00.04360.070 1449.73540.750.000000 0 1 0   1  E"  0 0 0   1  E'   1  0  A2'E"    2  0  A1'E'  442110 1 1 2 0 0 0    12.0   20.0
571  577.713148 7.025E-23 1.267E+00.03330.070 1443.74420.750.000000 0 1 0   1  E"  0 0 0   1  E'   1  1  E" E'    2  1  E" E"  441110 1 1 1 0 0 0    12.0   20.0
571  577.811699 1.780E-25 2.090E-03.03330.070 1581.36070.750.000000 0 1 0   1  E"  0 0 0   1  E'   4  3  A2"E'    4  1  E" E"  331110 1 1 1 0 0 0    36.0   36.0
571  577.895312 9.324E-22 7.774E-01.03330.070 1247.39420.750.000000 0 1 0   0  A2" 0 0 0   0  A1' 12  7  E" E'   12  7  E" E"  441110 1 1 1 0 0 0   100.0  100.0
571  577.964006 5.463E-28 1.487E-05.03330.070 2027.67690.750.000000 0 3 0   0  A2" 0 0 0   1  E'   8  3  A2"A1'   9  7  E" A1" 331110 1 1 1 0 0 0   136.0  152.0
571  578.167052 1.541E-26 1.478E-04.03330.070 1539.62960.750.000000 0 1 0   1  E"  0 2 0   0  A1'  4  4  E' E"    5  2  E' E'  331110 1 1 1 0 0 0    36.0   44.0
571  578.380576 1.246E-28 2.748E-04.03330.070 2925.36530.750.000000 0 1 0   1  E"  0 0 0   1  E'  16 15  A1"E'   17 17  E" E"  331110 1 1 1 0 0 0   132.0  140.0
571  578.380871 2.322E-25 1.752E-01.03510.070 2630.45830.750.000000 0 1 0   1  E"  0 0 0   1  E'  11  3  A2"E'   11  3  A1"E"  332110 1 1 2 0 0 0    92.0   92.0
571  578.459259 2.367E-25 9.305E-01.03500.070 3017.64080.750.000000 0 1 0   1  E"  0 0 0   1  E'  14  9  A1"E'   14  9  A1"E"  332110 1 1 2 0 0 0   116.0  116.0
571  578.468557 4.733E-26 3.791E-02.03330.070 2642.69710.750.000000 0 1 0   1  E"  0 0 0   1  E'  11  2  E' E"   11  2  E' E'  331110 1 1 1 0 0 0    92.0   92.0
571  578.524546 3.012E-26 1.363E+00.03330.070 3712.90910.750.000000 0 1 0   1  E"  0 0 0   1  E'  18 14  E' A1"  18 14  E' A1' 331110 1 1 1 0 0 0   296.0  296.0
571  578.567719 9.509E-28 5.546E-06.03330.070 1579.59280.750.000000 0 3 0   0  A2" 0 0 0   1  E'   4  3  A2"A1'   4  1  E" A1" 331110 1 1 1 0 0 0    72.0   72.0
571  578.689088 1.076E-28 3.223E-05.03330.070 2644.14300.750.000000 0 0 0   1  E'  0 1 0   0  A2" 15 10  E' A1'  15  6  A2'A1" 331110 1 1 1 0 0 0   248.0  248.0
571  578.699544 2.039E-22 1.238E+00.03330.070 1699.58120.750.000000 0 1 0   0  A2" 0 0 0   0  A1' 15 11  E" E'   15 11  E" E"  441110 1 1 1 0 0 0   124.0  124.0
571  578.733371 5.388E-28 2.842E-04.03330.070 2760.56550.750.000000 0 1 0   1  E"  0 0 0   1  E'  15 14  E' A1"  16 16  E' A1' 331110 1 1 1 0 0 0   248.0  264.0
571  578.858288 1.383E-26 2.040E-04.03330.070 1801.94880.750.000000 0 0 0   1  E'  0 1 0   0  A2" 10  4  E' E'   11  2  E' E"  331110 1 1 1 0 0 0    84.0   92.0
571  579.196547 5.582E-28 2.959E-04.03330.070 2605.01270.750.000000 0 1 0   1  E"  0 0 0   1  E'  14 13  E" E'   15 15  A2"E"  331110 1 1 1 0 0 0   116.0  124.0
571  579.217453 1.404E-22 1.276E+00.03330.070 1444.41040.750.000000 0 1 0   1  E"  0 0 0   1  E'   1  1  E" A1'   2  1  E" A1" 441110 1 1 1 0 0 0    24.0   40.0
571  579.301565 6.158E-28 2.664E-03.03330.070 3050.56900.750.000000 0 0 0   1  E'  0 2 0   0  A1' 15  4  E' E'   14  5  E" E"  331110 1 1 1 0 0 0   124.0  116.0
571  579.545229 1.416E-21 3.654E-01.03330.070  969.10920.750.000000 0 1 0   0  A2" 0 0 0   0  A1' 10  4  E' E"   10  4  E' E'  441110 1 1 1 0 0 0    84.0   84.0
571  579.653364 2.511E-28 5.799E-06.03330.070 1929.58560.750.000000 0 0 0   1  E'  0 1 0   0  A2" 12  9  A1"E"   12  5  E" E'  331110 1 1 1 0 0 0   100.0  100.0
571  579.764174 1.244E-26 2.908E-04.03330.070 1797.35940.750.000000 0 3 0   0  A2" 0 0 0   1  E'   6  1  E" E'    6  1  E" E"  331110 1 1 1 0 0 0    52.0   52.0
571  579.773211 1.108E-27 3.104E-04.03330.070 2458.72430.750.000000 0 1 0   1  E"  0 0 0   1  E'  13 12  A2'E"   14 14  E' E'  331110 1 1 1 0 0 0   108.0  116.0
571  579.909278 1.944E-28 4.815E-05.03330.070 2448.01390.750.000000 0 0 0   1  E'  0 0 0   1  E'  14  9  A2"E"   13 12  A2'E'  331110 1 1 1 0 0 0   116.0  108.0
571  579.999666 4.425E-22 1.182E+00.03330.070 1516.16130.750.000000 0 1 0   0  A2" 0 0 0   0  A1' 14 10  E' E"   14 10  E' E'  441110 1 1 1 0 0 0   116.0  116.0
571  580.010014 3.846E-26 1.323E+00.03330.070 3501.62640.750.000000 0 1 0   1  E"  0 0 0   1  E'  17 13  E" E'   17 13  E" E"  331110 1 1 1 0 0 0   140.0  140.0
571  580.011373 1.608E-26 2.475E-05.03330.070 1435.44440.750.000000 0 0 0   1  E'  0 1 0   0  A2"  8  4  E' A1'   9  0  A2'A1" 331110 1 1 1 0 0 0   136.0  152.0
571  580.036417 1.745E-22 2.807E-02.03330.070  851.03240.750.000000 0 1 0   0  A2" 0 0 0   0  A1'  9  1  E" E'    9  1  E" E"  441110 1 1 1 0 0 0    76.0   76.0
571  580.047089 5.872E-28 3.034E-03.03330.070 3086.59340.750.000000 0 0 0   1  E'  0 2 0   0  A1' 15  3  A1"E"   14  4  E' E'  331110 1 1 1 0 0 0   124.0  116.0
571  580.048808 2.186E-25 3.146E-01.03330.070 2779.30470.750.000000 0 1 0   1  E"  0 0 0   1  E'  12  5  E" E'   12  5  E" E"  331110 1 1 1 0 0 0   100.0  100.0
571  580.159999 7.025E-23 1.658E+00.03330.070 1828.64750.750.000000 0 3 0   0  A2" 0 2 0   0  A1'  7  5  E" E'    8  5  E" E"  441110 1 1 1 0 0 0    60.0   68.0
571  580.174569 3.348E-21 6.853E-01.03530.070 1082.44650.750.000000 0 1 0   0  A2" 0 0 0   0  A1' 11  6  A2'A1"  11  6  A1'A1' 442110 1 1 2 0 0 0   184.0  184.0
571  580.249118 8.015E-27 9.904E-05.03330.070 1538.62410.750.000000 0 3 0   0  A2" 0 0 0   1  E'   3  1  E" E'    4  3  A2"E"  331110 1 1 1 0 0 0    28.0   36.0
571  580.302789 1.878E-25 1.376E-01.03510.070 2623.17420.750.000000 0 1 0   1  E"  0 0 0   1  E'  11  3  A1"E'   11  3  A2"E"  332110 1 1 2 0 0 0    92.0   92.0
571  580.466479 4.216E-27 3.283E-04.03330.070 2321.71670.750.000000 0 1 0   1  E"  0 0 0   1  E'  12 11  E" A1'  13 13  E" A1" 331110 1 1 1 0 0 0   200.0  216.0
571  580.522260 4.784E-25 3.042E-01.03330.070 2593.91230.750.000000 0 1 0   1  E"  0 0 0   1  E'  11  4  E' E"   11  4  E' E'  331110 1 1 1 0 0 0    92.0   92.0
571  580.794252 8.248E-26 8.575E-04.03330.070 1502.73640.750.000000 0 1 0   1  E"  0 0 0   1  E'   3  3  A1"E'    3  1  E" E"  331110 1 1 1 0 0 0    28.0   28.0
571  580.954536 9.924E-25 8.618E-01.03330.070 2833.22060.750.000000 0 1 0   1  E"  0 0 0   1  E'  13  8  E' A1"  13  8  E' A1' 331110 1 1 1 0 0 0   216.0  216.0
571  580.997383 5.130E-25 6.593E-01.03330.070 2913.91100.750.000000 0 1 0   1  E"  0 0 0   1  E'  13  7  E" A1'  13  7  E" A1" 331110 1 1 1 0 0 0   216.0  216.0
571  581.052495 7.492E-22 1.129E-01.03330.070  836.88550.750.000000 0 1 0   0  A2" 0 0 0   0  A1'  9  2  E' E"    9  2  E' E'  441110 1 1 1 0 0 0    76.0   76.0
571  581.164578 8.618E-26 1.184E+00.03490.070 3299.85330.750.000000 0 1 0   1  E"  0 0 0   1  E'  16 12  A2'E"   16 12  A1'E'  332110 1 1 2 0 0 0   132.0  132.0
571  581.279434 3.841E-27 3.505E-04.03330.070 2194.00510.750.000000 0 1 0   1  E"  0 0 0   1  E'  11 10  E' E"   12 12  A1'E'  331110 1 1 1 0 0 0    92.0  100.0
571  581.356889 4.346E-28 5.267E-05.03330.070 2269.50060.750.000000 0 0 0   1  E'  0 1 0   0  A2" 12  3  A1"E"   13  1  E" E'  331110 1 1 1 0 0 0   100.0  108.0
571  581.413872 1.809E-21 1.118E+00.03520.070 1341.94710.750.000000 0 1 0   0  A2" 0 0 0   0  A1' 13  9  A2"A1'  13  9  A1"A1" 442110 1 1 2 0 0 0   216.0  216.0
571  581.424147 1.859E-27 1.721E-03.03330.070 2670.55090.750.000000 0 1 0   1  E"  0 2 0   0  A1' 11  1  E" E'   12  1  E" E"  331110 1 1 1 0 0 0    92.0  100.0
571  581.548511 3.569E-25 3.936E-01.03490.070 2723.62410.750.000000 0 1 0   1  E"  0 0 0   1  E'  12  6  A2'E"   12  6  A1'E'  332110 1 1 2 0 0 0   100.0  100.0
571  582.215094 6.706E-27 3.781E-04.03330.070 2075.60390.750.000000 0 1 0   1  E"  0 0 0   1  E'  10  9  A2"E'   11 11  E" E"  331110 1 1 1 0 0 0    84.0   92.0
571  582.338963 1.557E-26 6.014E-03.03450.070 2471.45800.750.000000 0 1 0   1  E"  0 0 0   1  E'  10  0  A1'E"   10  0  A1'E'  332110 1 1 2 0 0 0    84.0   84.0
571  582.469601 8.419E-27 1.233E-03.03330.070 2251.22500.750.000000 0 1 0   1  E"  0 2 0   0  A1'  9  2  E' E"   10  2  E' E'  331110 1 1 1 0 0 0    76.0   84.0
571  582.517996 2.255E-24 4.683E-02.03330.070 1943.36870.750.000000 0 1 0   1  E"  0 0 0   1  E'   7  1  E" A1'   7  1  E" A1" 331110 1 1 1 0 0 0   120.0  120.0
571  582.532075 9.456E-26 3.491E-02.03330.070 2462.00500.750.000000 0 1 0   1  E"  0 0 0   1  E'  10  1  E" E'   10  1  E" E"  331110 1 1 1 0 0 0    84.0   84.0
571  582.596919 2.738E-21 5.802E-01.03330.070  926.70450.750.000000 0 1 0   0  A2" 0 0 0   0  A1' 10  5  E" E'   10  5  E" E"  441110 1 1 1 0 0 0    84.0   84.0
571  582.764272 3.795E-21 2.562E-01.03600.070  813.27820.750.000000 0 1 0   0  A2" 0 0 0   0  A1'  9  3  A2"A1'   9  3  A1"A1" 442110 1 1 2 0 0 0   152.0  152.0
571  582.869110 1.166E-27 3.468E-04.03560.070 2417.31630.750.000000 0 1 0   1  E"  0 0 0   1  E'  10  3  A2"E'   10  3  A2"E"  332110 1 1 2 0 0 0    84.0   84.0
571  582.869172 6.784E-26 1.496E-03.03330.070 1783.48620.750.000000 0 1 0   1  E"  0 2 0   0  A1'  6  3  A2"E'    7  1  E" E"  331110 1 1 1 0 0 0    52.0   60.0
571  582.917509 1.134E-20 2.277E+00.03930.070  883.74030.750.000000 0 2 0   0  A1' 0 1 0   0  A2"  4  0  A1'A1'   5  0  A2'A1" 442110 1 1 2 0 0 0    72.0   88.0
571  582.947071 1.733E-21 1.042E+00.03330.070 1176.95920.750.000000 0 1 0   0  A2" 0 0 0   0  A1' 12  8  E' E"   12  8  E' E'  441110 1 1 1 0 0 0   100.0  100.0
571  582.947080 2.038E-25 1.030E+00.03330.070 3222.83210.750.000000 0 1 0   1  E"  0 0 0   1  E'  15 10  E' A1"  15 10  E' A1' 331110 1 1 1 0 0 0   248.0  248.0
571  583.006310 1.678E-27 8.940E-06.03330.070 1506.30820.750.000000 0 3 0   0  A2" 0 0 0   1  E'   3  3  A2"A1'   3  1  E" A1" 331110 1 1 1 0 0 0    56.0   56.0
571  583.024080 4.306E-25 1.237E+00.03330.070 3106.57980.750.000000 0 1 0   1  E"  0 0 0   1  E'  15 11  E" A1'  15 11  E" A1" 331110 1 1 1 0 0 0   248.0  248.0
571  583.056057 8.287E-25 2.024E-02.03330.070 1804.36080.750.000000 0 1 0   1  E"  0 0 0   1  E'   6  2  E' E"    6  0  A1'E'  331110 1 1 1 0 0 0    52.0   52.0
571  583.136725 8.886E-25 2.823E-01.03330.070 2592.05890.750.000000 0 1 0   1  E"  0 0 0   1  E'  11  4  E' A1"  11  4  E' A1' 331110 1 1 1 0 0 0   184.0  184.0
571  583.139509 1.899E-25 3.490E-03.03330.070 1917.89090.750.000000 0 3 0   0  A2" 0 0 0   1  E'   7  0  A2'A1"   7  2  E' A1' 331110 1 1 1 0 0 0   120.0  120.0
571  583.148289 1.236E-26 9.713E-03.03330.070 2826.11960.750.000000 0 1 0   1  E"  0 2 0   0  A1' 14 11  E" A1'  14  9  A1"A1" 331110 1 1 1 0 0 0   232.0  232.0
571  583.238160 6.015E-25 1.020E-01.03330.070 2444.21740.750.000000 0 1 0   1  E"  0 0 0   1  E'  10  2  E' A1"  10  2  E' A1' 331110 1 1 1 0 0 0   168.0  168.0
571  583.255939 4.145E-26 1.046E-01.03330.070 2908.56830.750.000000 0 3 0   0  A2" 0 0 0   1  E'  13  5  E" E'   13  7  E" E"  331110 1 1 1 0 0 0   108.0  108.0
571  583.276396 2.245E-26 4.128E-04.03330.070 1966.52630.750.000000 0 1 0   1  E"  0 0 0   1  E'   9  8  E' A1"  10 10  E' A1' 331110 1 1 1 0 0 0   152.0  168.0
571  583.281358 5.566E-21 2.191E+00.03330.070  879.31620.750.000000 0 2 0   0  A1' 0 1 0   0  A2"  4  1  E" E"    5  1  E" E'  441110 1 1 1 0 0 0    36.0   44.0
571  583.579080 9.687E-25 7.809E-01.03330.070 2657.87800.750.000000 0 1 0   1  E"  0 0 0   1  E'  12  7  E" E'   12  7  E" E"  331110 1 1 1 0 0 0   100.0  100.0
571  583.672227 5.052E-25 5.715E-01.03490.070 2727.51980.750.000000 0 1 0   1  E"  0 0 0   1  E'  12  6  A1'E"   12  6  A2'E'  332110 1 1 2 0 0 0   100.0  100.0
571  583.764507 1.765E-24 4.530E-01.03330.070 2547.69760.750.000000 0 1 0   1  E"  0 0 0   1  E'  11  5  E" A1'  11  5  E" A1" 331110 1 1 1 0 0 0   184.0  184.0
571  584.046899 3.631E-28 1.022E-05.03330.070 2053.47430.750.000000 0 1 0   1  E"  0 2 0   0  A1'  9  7  E" A1'   9  3  A1"A1" 331110 1 1 1 0 0 0   152.0  152.0
571  584.140556 1.266E-22 1.219E+00.03790.070 1784.13360.750.000000 0 3 0   0  A2" 0 2 0   0  A1'  7  6  A2'A1"   8  6  A1'A1' 442110 1 1 2 0 0 0   120.0  136.0
571  584.316128 5.535E-27 1.386E-03.03330.070 2416.93110.750.000000 0 1 0   1  E"  0 2 0   0  A1' 12 10  E' E"   12  8  E' E'  331110 1 1 1 0 0 0   100.0  100.0
571  584.345812 5.224E-25 1.734E+00.03330.070 3069.53620.750.000000 0 1 0   0  A2" 0 0 0   0  A1' 22 19  E" E'   22 19  E" E"  331110 1 1 1 0 0 0   180.0  180.0
571  584.370376 1.548E-27 3.398E-05.03330.070 1781.61070.750.000000 0 3 0   0  A2" 0 0 0   1  E'   6  2  E' E"    6  2  E' E'  331110 1 1 1 0 0 0    52.0   52.0
571  584.371624 1.652E-25 1.750E+00.03330.070 3317.06920.750.000000 0 1 0   0  A2" 0 0 0   0  A1' 23 20  E' E"   23 20  E' E'  331110 1 1 1 0 0 0   188.0  188.0
571  584.377739 5.209E-21 1.928E+00.03330.070  866.04010.750.000000 0 2 0   0  A1' 0 1 0   0  A2"  4  2  E' E'    5  2  E' E"  441110 1 1 1 0 0 0    36.0   44.0
571  584.396502 3.149E-24 1.717E+00.03450.070 2831.06010.750.000000 0 1 0   0  A2" 0 0 0   0  A1' 21 18  A2'A1"  21 18  A1'A1' 332110 1 1 2 0 0 0   344.0  344.0
571  584.466187 1.799E-26 4.572E-04.03330.070 1866.78440.750.000000 0 1 0   1  E"  0 0 0   1  E'   8  7  E" E'    9  9  A2"E"  331110 1 1 1 0 0 0    68.0   76.0
571  584.471939 9.963E-26 1.762E+00.03400.070 3573.62830.750.000000 0 1 0   0  A2" 0 0 0   0  A1' 24 21  A2"A1'  24 21  A1"A1" 332110 1 1 2 0 0 0   392.0  392.0
571  584.526233 4.522E-24 1.696E+00.03330.070 2601.67040.750.000000 0 1 0   0  A2" 0 0 0   0  A1' 20 17  E" E'   20 17  E" E"  331110 1 1 1 0 0 0   164.0  164.0
571  584.604425 3.097E-21 9.547E-01.03330.070 1021.21710.750.000000 0 1 0   0  A2" 0 0 0   0  A1' 11  7  E" E'   11  7  E" E"  441110 1 1 1 0 0 0    92.0   92.0
571  584.734760 2.294E-25 9.668E-01.03500.070 3027.92310.750.000000 0 1 0   1  E"  0 0 0   1  E'  14  9  A2"E'   14  9  A2"E"  332110 1 1 2 0 0 0   116.0  116.0
571  584.737994 1.237E-23 1.673E+00.03330.070 2381.39520.750.000000 0 1 0   0  A2" 0 0 0   0  A1' 19 16  E' E"   19 16  E' E'  441110 1 1 1 0 0 0   156.0  156.0
571  584.761461 1.583E-25 5.131E-02.03330.070 2433.74900.750.000000 0 1 0   1  E"  0 0 0   1  E'  10  2  E' E"   10  2  E' E'  331110 1 1 1 0 0 0    84.0   84.0
571  584.765029 7.151E-25 2.139E-01.03560.070 2417.31630.750.000000 0 1 0   1  E"  0 0 0   1  E'  10  3  A1"E'   10  3  A2"E"  332110 1 1 2 0 0 0    84.0   84.0
571  584.822579 4.712E-25 1.190E+00.03330.070 2922.59650.750.000000 0 1 0   1  E"  0 0 0   1  E'  14 10  E' E"   14 10  E' E'  331110 1 1 1 0 0 0   116.0  116.0
571  585.035155 6.436E-23 1.645E+00.03510.070 2170.26170.750.000000 0 1 0   0  A2" 0 0 0   0  A1' 18 15  A2"A1'  18 15  A1"A1" 442110 1 1 2 0 0 0   296.0  296.0
571  585.103064 4.522E-22 3.611E-02.03330.070  680.84720.750.000000 0 1 0   0  A2" 0 0 0   0  A1'  8  1  E" E'    8  1  E" E"  441110 1 1 1 0 0 0    68.0   68.0
571  585.169037 3.982E-21 4.612E-01.03330.070  780.18550.750.000000 0 1 0   0  A2" 0 0 0   0  A1'  9  4  E' E"    9  4  E' E'  441110 1 1 1 0 0 0    76.0   76.0
571  585.170821 8.086E-27 1.103E-01.03330.070 3295.84710.750.000000 0 1 0   1  E"  0 2 0   0  A1' 16 12  A2'E"   16 10  E' E'  331110 1 1 1 0 0 0   132.0  132.0
571  585.421396 7.958E-23 1.614E+00.03330.070 1968.29560.750.000000 0 1 0   0  A2" 0 0 0   0  A1' 17 14  E' E"   17 14  E' E'  441110 1 1 1 0 0 0   140.0  140.0
571  585.437960 3.238E-26 2.029E-04.03330.070 1601.03990.750.000000 0 0 0   1  E'  0 1 0   0  A2"  9  4  E' E'   10  2  E' E"  331110 1 1 1 0 0 0    76.0   84.0
571  585.746806 3.649E-28 1.729E+00.03330.070 4714.40220.750.000000 0 1 0   1  E"  0 0 0   1  E'  23 20  E' A1"  23 20  E' A1' 331110 1 1 1 0 0 0   376.0  376.0
571  585.787231 2.766E-26 5.155E-04.03330.070 1776.38920.750.000000 0 1 0   1  E"  0 0 0   1  E'   7  6  A2'E"    8  8  E' E'  331110 1 1 1 0 0 0    60.0   68.0
571  585.900660 1.869E-22 1.577E+00.03330.070 1775.52150.750.000000 0 1 0   0  A2" 0 0 0   0  A1' 16 13  E" E'   16 13  E" E"  441110 1 1 1 0 0 0   132.0  132.0
571  586.068449 5.767E-28 1.719E+00.03330.070 4467.33760.750.000000 0 1 0   1  E"  0 0 0   1  E'  22 19  E" E'   22 19  E" E"  331110 1 1 1 0 0 0   180.0  180.0
571  586.104085 9.339E-27 5.776E-04.03330.070 2048.71750.750.000000 0 3 0   0  A2" 0 0 0   1  E'   8  1  E" E'    8  3  A1"E"  331110 1 1 1 0 0 0    68.0   68.0
571  586.146571 1.942E-21 1.452E-01.03330.070  666.62860.750.000000 0 1 0   0  A2" 0 0 0   0  A1'  8  2  E' E"    8  2  E' E'  441110 1 1 1 0 0 0    68.0   68.0
571  586.221316 8.879E-21 1.484E+00.03960.070  843.90120.750.000000 0 2 0   0  A1' 0 1 0   0  A2"  4  3  A1"A1"   5  3  A2"A1' 442110 1 1 2 0 0 0    72.0   88.0
571  586.255602 6.061E-27 2.223E-03.03330.070 2458.28150.750.000000 0 1 0   1  E"  0 2 0   0  A1' 10  1  E" E'   11  1  E" E"  331110 1 1 1 0 0 0    84.0   92.0
571  586.315355 1.736E-24 6.837E-01.03530.070 2491.62970.750.000000 0 1 0   1  E"  0 0 0   1  E'  11  6  A2'E"   11  6  A2'E'  332110 1 1 2 0 0 0    92.0   92.0
571  586.391339 1.023E-20 8.522E-01.03560.070  874.73880.750.000000 0 1 0   0  A2" 0 0 0   0  A1' 10  6  A2'A1"  10  6  A1'A1' 442110 1 1 2 0 0 0   168.0  168.0
571  586.477094 8.325E-22 1.535E+00.03550.070 1591.96260.750.000000 0 1 0   0  A2" 0 0 0   0  A1' 15 12  A2'A1"  15 12  A1'A1' 442110 1 1 2 0 0 0   248.0  248.0
571  586.482378 8.985E-25 4.705E-01.03330.070 2550.09010.750.000000 0 1 0   1  E"  0 0 0   1  E'  11  5  E" E'   11  5  E" E"  331110 1 1 1 0 0 0    92.0   92.0
571  586.488114 1.739E-27 1.707E+00.03450.070 4229.27490.750.000000 0 1 0   1  E"  0 0 0   1  E'  21 18  A1'E"   21 18  A2'E'  332110 1 1 2 0 0 0   172.0  172.0
571  586.603003 4.744E-25 8.753E-01.03330.070 2842.10960.750.000000 0 1 0   1  E"  0 0 0   1  E'  13  8  E' E"   13  8  E' E'  331110 1 1 1 0 0 0   108.0  108.0
571  586.653449 3.582E-27 1.487E+00.03330.070 4184.78860.750.000000 0 1 0   1  E"  0 0 0   1  E'  20 16  E' A1"  20 16  E' A1' 331110 1 1 1 0 0 0   328.0  328.0
571  586.722499 6.055E-25 1.789E-01.03560.070 2413.46290.750.000000 0 1 0   1  E"  0 0 0   1  E'  10  3  A2"E'   10  3  A2"E"  332110 1 1 2 0 0 0    84.0   84.0
571  586.729284 9.684E-25 1.130E+00.03520.070 2747.75820.750.000000 0 1 0   1  E"  0 0 0   1  E'  13  9  A2"E'   13  9  A1"E"  332110 1 1 2 0 0 0   108.0  108.0
571  586.798283 2.370E-28 8.269E-06.03330.070 2209.50460.750.000000 0 2 0   0  A1' 0 0 0   0  A1' 16 15  A1"A1"  17 12  A1'A1' 331110 1 1 1 0 0 0   264.0  280.0
571  587.004242 9.983E-27 1.692E+00.03330.070 4000.24230.750.000000 0 1 0   1  E"  0 0 0   1  E'  20 17  E" A1'  20 17  E" A1" 331110 1 1 1 0 0 0   328.0  328.0
571  587.017965 4.105E-28 9.525E-04.03330.070 2930.29780.750.000000 0 0 0   1  E'  0 2 0   0  A1' 16 10  E' E'   15 11  E" E"  331110 1 1 1 0 0 0   132.0  124.0
571  587.091570 1.473E-24 3.717E-01.03330.070 2380.80710.750.000000 0 1 0   1  E"  0 0 0   1  E'  10  4  E' E"   10  4  E' E'  331110 1 1 1 0 0 0    84.0   84.0
571  587.155018 8.775E-22 1.485E+00.03330.070 1417.64100.750.000000 0 1 0   0  A2" 0 0 0   0  A1' 14 11  E" E'   14 11  E" E"  441110 1 1 1 0 0 0   116.0  116.0
571  587.217836 2.139E-25 1.320E-02.03330.070 2047.60380.750.000000 0 3 0   0  A2" 0 0 0   1  E'   8  1  E" E'    8  3  A2"E"  331110 1 1 1 0 0 0    68.0   68.0
571  587.242217 8.159E-26 5.944E-04.03330.070 1695.35090.750.000000 0 1 0   1  E"  0 0 0   1  E'   6  5  E" A1'   7  7  E" A1" 331110 1 1 1 0 0 0   104.0  120.0
571  587.256522 5.127E-27 1.460E+00.03530.070 3954.06590.750.000000 0 1 0   1  E"  0 0 0   1  E'  19 15  A2"E'   19 15  A1"E"  332110 1 1 2 0 0 0   156.0  156.0
571  587.273301 3.113E-28 6.239E-07.03330.070 1365.35450.750.000000 0 0 0   1  E'  0 1 0   0  A2"  9  8  E' E'    9  4  E' E"  331110 1 1 1 0 0 0    76.0   76.0
571  587.307462 2.120E-27 2.203E-04.03330.070 2278.28070.750.000000 0 0 0   1  E'  0 1 0   0  A2" 15 13  E" E"   15 11  E" E'  331110 1 1 1 0 0 0   124.0  124.0
571  587.350491 3.814E-25 1.421E-04.03330.070 1083.63440.750.000000 0 0 0   1  E'  0 1 0   0  A2"  6  5  E" A1"   7  3  A2"A1' 331110 1 1 1 0 0 0   104.0  120.0
571  587.616801 1.366E-26 1.673E+00.03330.070 3780.26660.750.000000 0 1 0   1  E"  0 0 0   1  E'  19 16  E' E"   19 16  E' E'  331110 1 1 1 0 0 0   156.0  156.0
571  587.853255 2.112E-25 3.049E-03.03330.070 1658.78320.750.000000 0 1 0   1  E"  0 2 0   0  A1'  5  3  A2"E'    6  1  E" E"  331110 1 1 1 0 0 0    44.0   52.0
571  587.894606 9.847E-21 3.298E-01.03860.070  642.90750.750.000000 0 1 0   0  A2" 0 0 0   0  A1'  8  3  A2"A1'   8  3  A1"A1" 442110 1 1 2 0 0 0   136.0  136.0
571  587.938891 1.748E-21 1.428E+00.03330.070 1252.57760.750.000000 0 1 0   0  A2" 0 0 0   0  A1' 13 10  E' E"   13 10  E' E'  441110 1 1 1 0 0 0   108.0  108.0
571  587.970386 1.396E-26 1.429E+00.03330.070 3732.34850.750.000000 0 1 0   1  E"  0 0 0   1  E'  18 14  E' E"   18 14  E' E'  331110 1 1 1 0 0 0   148.0  148.0
571  587.972254 2.436E-24 4.821E-02.03330.070 1929.91070.750.000000 0 1 0   1  E"  0 2 0   0  A1'  7  2  E' A1"   8  0  A1'A1' 331110 1 1 1 0 0 0   120.0  136.0
571  588.010342 7.917E-27 1.127E-04.03330.070 1840.51650.750.000000 0 0 0   1  E'  0 1 0   0  A2" 13 12  A1'E'   13 10  E' E"  331110 1 1 1 0 0 0   108.0  108.0
571  588.313461 7.708E-21 7.327E-01.03330.070  737.54090.750.000000 0 1 0   0  A2" 0 0 0   0  A1'  9  5  E" E'    9  5  E" E"  441110 1 1 1 0 0 0    76.0   76.0
571  588.315617 3.341E-26 5.617E-03.03480.070 2275.93700.750.000000 0 1 0   1  E"  0 0 0   1  E'   9  0  A2'E"    9  0  A2'E'  332110 1 1 2 0 0 0    76.0   76.0
571  588.327135 3.555E-26 1.651E+00.03510.070 3569.37260.750.000000 0 1 0   1  E"  0 0 0   1  E'  18 15  A1"E'   18 15  A1"E"  332110 1 1 2 0 0 0   148.0  148.0
571  588.387380 8.610E-27 4.802E-04.03330.070 2069.43160.750.000000 0 1 0   1  E"  0 2 0   0  A1' 10  9  A2"E'   10  7  E" E"  331110 1 1 1 0 0 0    84.0   84.0
571  588.458802 2.482E-25 3.999E-02.03330.070 2267.09530.750.000000 0 1 0   1  E"  0 0 0   1  E'   9  1  E" E'    9  1  E" E"  331110 1 1 1 0 0 0    76.0   76.0
571  588.618418 9.476E-28 2.816E-04.03560.070 2413.46290.750.000000 0 1 0   1  E"  0 0 0   1  E'  10  3  A1"E'   10  3  A2"E"  332110 1 1 2 0 0 0    84.0   84.0
571  588.690258 1.903E-24 8.078E-01.03330.070 2665.27360.750.000000 0 1 0   1  E"  0 0 0   1  E'  12  7  E" A1'  12  7  E" A1" 331110 1 1 1 0 0 0   200.0  200.0
571  588.761237 3.731E-24 1.057E+00.03330.070 2582.07100.750.000000 0 1 0   1  E"  0 0 0   1  E'  12  8  E' A1"  12  8  E' A1' 331110 1 1 1 0 0 0   200.0  200.0
571  588.793082 7.218E-26 1.393E+00.03330.070 3519.66360.750.000000 0 1 0   1  E"  0 0 0   1  E'  17 13  E" A1'  17 13  E" A1" 331110 1 1 1 0 0 0   280.0  280.0
571  588.833281 6.559E-21 1.361E+00.03550.070 1096.79200.750.000000 0 1 0   0  A2" 0 0 0   0  A1' 12  9  A2"A1'  12  9  A1"A1" 442110 1 1 2 0 0 0   200.0  200.0
571  588.833780 5.785E-26 7.065E-04.03330.070 1623.67820.750.000000 0 1 0   1  E"  0 0 0   1  E'   5  4  E' E"    6  6  A1'E'  331110 1 1 1 0 0 0    44.0   52.0
571  588.836854 2.922E-21 8.472E-01.03330.070  812.88120.750.000000 0 2 0   0  A1' 0 1 0   0  A2"  4  4  E' E'    5  4  E' E"  441110 1 1 1 0 0 0    36.0   44.0
571  588.869054 5.536E-27 2.243E-03.03330.070 2638.37240.750.000000 0 1 0   1  E"  0 2 0   0  A1' 11  1  E" A1'  12  3  A1"A1" 331110 1 1 1 0 0 0   184.0  200.0
571  588.910368 9.791E-27 1.799E-02.03330.070 2839.80220.750.000000 0 1 0   1  E"  0 2 0   0  A1' 13  8  E' E"   13  4  E' E'  331110 1 1 1 0 0 0   108.0  108.0
571  588.918104 1.067E-24 1.765E-02.03330.070 1686.13980.750.000000 0 1 0   1  E"  0 0 0   1  E'   5  2  E' E"    5  0  A2'E'  331110 1 1 1 0 0 0    44.0   44.0
571  588.956731 4.120E-27 7.695E-05.03330.070 1443.74420.750.000000 0 3 0   0  A2" 0 0 0   1  E'   1  1  E" E'    2  1  E" E"  331110 1 1 1 0 0 0    12.0   20.0
571  589.000186 4.431E-23 6.707E-01.03330.070 1731.52050.750.000000 0 3 0   0  A2" 0 2 0   0  A1'  7  7  E" E'    8  7  E" E"  441110 1 1 1 0 0 0    60.0   68.0
571  589.057746 5.468E-24 5.542E-01.03330.070 2334.49140.750.000000 0 1 0   1  E"  0 0 0   1  E'  10  5  E" A1'  10  5  E" A1" 331110 1 1 1 0 0 0   168.0  168.0
571  589.137944 1.760E-25 1.624E+00.03330.070 3367.58350.750.000000 0 1 0   1  E"  0 0 0   1  E'  17 14  E' A1"  17 14  E' A1' 331110 1 1 1 0 0 0   280.0  280.0
571  589.321406 1.672E-24 1.242E-01.03330.070 2249.74440.750.000000 0 1 0   1  E"  0 0 0   1  E'   9  2  E' A1"   9  2  E' A1' 331110 1 1 1 0 0 0   152.0  152.0
571  589.442216 2.146E-28 4.331E-04.03330.070 2912.18410.750.000000 0 0 0   1  E'  0 2 0   0  A1' 17 13  E" E"   16 14  E' E'  331110 1 1 1 0 0 0   140.0  132.0
571  589.456529 3.612E-28 1.424E-04.03330.070 2522.85380.750.000000 0 0 0   1  E'  0 1 0   0  A2" 13  3  A1"E"   14  1  E" E'  331110 1 1 1 0 0 0   108.0  116.0
571  589.542723 2.828E-24 3.609E-01.03330.070 2381.59480.750.000000 0 1 0   1  E"  0 0 0   1  E'  10  4  E' A1"  10  4  E' A1' 331110 1 1 1 0 0 0   168.0  168.0
571  589.628711 3.724E-28 1.540E-03.03330.070 3092.14590.750.000000 0 0 0   0  A1' 0 0 0   0  A1' 20  7  E" E"   19 10  E' E'  331110 1 1 1 0 0 0   164.0  156.0
571  589.636931 7.645E-28 4.021E-04.03330.070 2777.94650.750.000000 0 0 0   1  E'  0 1 0   0  A2" 17 14  E' A1'  17 12  A2'A1" 331110 1 1 1 0 0 0   280.0  280.0
571  589.687793 1.071E-27 4.598E-05.03330.070 2033.48640.750.000000 0 0 0   1  E'  0 1 0   0  A2" 11  3  A2"E"   12  1  E" E'  331110 1 1 1 0 0 0    92.0  100.0
571  589.693822 8.618E-28 3.072E-05.03330.070 2069.53110.750.000000 0 1 0   0  A2" 0 1 0   0  A2" 16 10  E' E"   15 13  E" E'  331110 1 1 1 0 0 0   132.0  124.0
571  589.722237 1.085E-21 4.768E-02.03330.070  529.16200.750.000000 0 1 0   0  A2" 0 0 0   0  A1'  7  1  E" E'    7  1  E" E"  441110 1 1 1 0 0 0    60.0   60.0
571  589.724438 8.849E-26 1.350E+00.03490.070 3316.03620.750.000000 0 1 0   1  E"  0 0 0   1  E'  16 12  A1'E"   16 12  A2'E'  332110 1 1 2 0 0 0   132.0  132.0
571  589.842857 5.774E-21 1.282E+00.03330.070  950.30240.750.000000 0 1 0   0  A2" 0 0 0   0  A1' 11  8  E' E"   11  8  E' E'  441110 1 1 1 0 0 0    92.0   92.0
571  590.053695 2.069E-25 1.592E+00.03330.070 3174.92000.750.000000 0 1 0   1  E"  0 0 0   1  E'  16 13  E" E'   16 13  E" E"  331110 1 1 1 0 0 0   132.0  132.0
571  590.079680 5.715E-27 6.004E-04.03330.070 2315.17210.750.000000 0 0 0   0  A1' 0 0 0   0  A1' 18  8  E' E'   17 11  E" E"  331110 1 1 1 0 0 0   148.0  140.0
571  590.302473 1.404E-28 9.480E-05.03330.070 2828.97360.750.000000 0 2 0   0  A1' 0 0 0   0  A1' 17 12  A1'A1'  18  9  A1"A1" 331110 1 1 1 0 0 0   280.0  296.0
571  590.376695 1.035E-20 5.940E-01.03330.070  609.63890.750.000000 0 1 0   0  A2" 0 0 0   0  A1'  8  4  E' E"    8  4  E' E'  441110 1 1 1 0 0 0    68.0   68.0
571  590.538433 1.937E-24 2.123E-01.03330.070 2186.47790.750.000000 0 3 0   0  A2" 0 0 0   1  E'   9  2  E' E"    9  4  E' E'  331110 1 1 1 0 0 0    76.0   76.0
571  590.564476 7.862E-26 8.716E-04.03330.070 1561.37900.750.000000 0 1 0   1  E"  0 0 0   1  E'   4  3  A1"E'    5  5  E" E"  331110 1 1 1 0 0 0    36.0   44.0
571  590.682372 4.944E-25 7.136E-02.03330.070 2243.01220.750.000000 0 1 0   1  E"  0 0 0   1  E'   9  2  E' E"    9  2  E' E'  331110 1 1 1 0 0 0    76.0   76.0
571  590.765778 2.054E-25 1.300E+00.03330.070 3121.48970.750.000000 0 1 0   1  E"  0 0 0   1  E'  15 11  E" E'   15 11  E" E"  331110 1 1 1 0 0 0   124.0  124.0
571  590.786820 2.021E-24 2.648E-01.03600.070 2222.97260.750.000000 0 1 0   1  E"  0 0 0   1  E'   9  3  A1"E'    9  3  A2"E"  332110 1 1 2 0 0 0    76.0   76.0
571  590.791675 4.665E-21 1.918E-01.03330.070  514.87850.750.000000 0 1 0   0  A2" 0 0 0   0  A1'  7  2  E' E"    7  2  E' E'  441110 1 1 1 0 0 0    60.0   60.0
571  590.876506 5.393E-28 4.858E-01.03330.070 4198.90650.750.000000 0 2 0   0  A1' 0 1 0   0  A2" 20  7  E" E"   20  7  E" E'  331110 1 1 1 0 0 0   164.0  164.0
571  590.879678 1.725E-24 7.093E-01.03530.070 2497.54850.750.000000 0 1 0   1  E"  0 0 0   1  E'  11  6  A1'E"   11  6  A1'E'  332110 1 1 2 0 0 0    92.0   92.0
571  590.898127 7.594E-26 1.333E-04.03330.070 1591.96260.750.000000 0 0 0   0  A1' 0 0 0   0  A1' 16  9  A1"A1"  15 12  A1'A1' 331110 1 1 1 0 0 0   264.0  248.0
571  590.926791 3.352E-24 9.713E-01.03330.070 2425.54810.750.000000 0 1 0   1  E"  0 0 0   1  E'  11  7  E" E'   11  7  E" E"  331110 1 1 1 0 0 0    92.0   92.0
571  590.972370 9.489E-21 1.188E+00.03330.070  813.12600.750.000000 0 1 0   0  A2" 0 0 0   0  A1' 10  7  E" E'   10  7  E" E"  441110 1 1 1 0 0 0    84.0   84.0
571  591.083149 4.612E-25 1.553E+00.03550.070 2991.39810.750.000000 0 1 0   1  E"  0 0 0   1  E'  15 12  A2'E"   15 12  A1'E'  332110 1 1 2 0 0 0   124.0  124.0
571  591.232598 5.361E-28 1.766E-01.03330.070 3981.41640.750.000000 0 2 0   0  A1' 0 1 0   0  A2" 19  4  E' E'   19  4  E' E"  331110 1 1 1 0 0 0   156.0  156.0
571  591.723681 1.434E-26 1.884E-03.03600.070 2222.97260.750.000000 0 1 0   1  E"  0 0 0   1  E'   9  3  A2"E'    9  3  A2"E"  332110 1 1 2 0 0 0    76.0   76.0
571  591.845531 1.330E-26 1.739E-03.03600.070 2221.91390.750.000000 0 1 0   1  E"  0 0 0   1  E'   9  3  A1"E'    9  3  A1"E"  332110 1 1 2 0 0 0    76.0   76.0
571  591.919694 9.011E-25 1.242E+00.03330.070 2936.04570.750.000000 0 1 0   1  E"  0 0 0   1  E'  14 10  E' A1"  14 10  E' A1' 331110 1 1 1 0 0 0   232.0  232.0
571  592.006194 3.081E-26 4.212E-05.03330.070 1465.53860.750.000000 0 0 0   1  E'  0 1 0   0  A2" 11 11  E" A1"  11  9  A2"A1' 331110 1 1 1 0 0 0   184.0  184.0
571  592.118076 3.295E-26 5.142E-06.03330.070  924.04330.750.000000 0 0 0   0  A1' 0 0 0   0  A1' 14 10  E' E'   13 13  E" E"  331110 1 1 1 0 0 0   116.0  108.0
571  592.211137 1.822E-26 2.916E-03.03330.070 2263.34300.750.000000 0 1 0   1  E"  0 2 0   0  A1'  9  1  E" E'   10  1  E" E"  331110 1 1 1 0 0 0    76.0   84.0
571  592.226655 2.886E-20 1.077E+00.03590.070  685.27850.750.000000 0 1 0   0  A2" 0 0 0   0  A1'  9  6  A2'A1"   9  6  A1'A1' 442110 1 1 2 0 0 0   152.0  152.0
571  592.266451 1.936E-24 1.498E+00.03330.070 2817.00140.750.000000 0 1 0   1  E"  0 0 0   1  E'  14 11  E" A1'  14 11  E" A1" 331110 1 1 1 0 0 0   232.0  232.0
571  592.344724 3.959E-28 1.986E-04.03330.070 2777.94650.750.000000 0 1 0   0  A2" 0 1 0   0  A2" 18  9  A2"A1'  17 12  A2'A1" 331110 1 1 1 0 0 0   296.0  280.0
571  592.430678 2.085E-25 1.155E-03.03330.070 1508.45990.750.000000 0 1 0   1  E"  0 0 0   1  E'   3  2  E' A1"   4  4  E' A1' 331110 1 1 1 0 0 0    56.0   72.0
571  592.588814 2.366E-20 4.356E-01.03900.070  491.04560.750.000000 0 1 0   0  A2" 0 0 0   0  A1'  7  3  A2"A1'   7  3  A1"A1" 442110 1 1 2 0 0 0   120.0  120.0
571  592.697245 1.324E-27 1.662E-04.03330.070 2269.50060.750.000000 0 0 0   1  E'  0 1 0   0  A2" 12  3  A2"E"   13  1  E" E'  331110 1 1 1 0 0 0   100.0  108.0
571  592.782392 1.792E-24 2.350E-01.03600.070 2221.91390.750.000000 0 1 0   1  E"  0 0 0   1  E'   9  3  A2"E'    9  3  A1"E"  332110 1 1 2 0 0 0    76.0   76.0
571  592.843687 1.585E-28 9.786E-04.03330.070 3086.59340.750.000000 0 1 0   1  E"  0 2 0   0  A1' 13  2  E' E"   14  4  E' E'  331110 1 1 1 0 0 0   108.0  116.0
571  593.135918 1.744E-26 1.244E-03.03330.070 2073.70170.750.000000 0 1 0   1  E"  0 2 0   0  A1'  8  2  E' E"    9  2  E' E'  331110 1 1 1 0 0 0    68.0   76.0
571  593.161206 6.437E-26 1.896E-04.03330.070 1417.93800.750.000000 0 0 0   1  E'  0 1 0   0  A2"  8  4  E' E'    9  2  E' E"  331110 1 1 1 0 0 0    68.0   76.0
571  593.189908 9.304E-25 1.174E+00.03520.070 2759.72370.750.000000 0 1 0   1  E"  0 0 0   1  E'  13  9  A1"E'   13  9  A1"E"  332110 1 1 2 0 0 0   108.0  108.0
571  593.211858 2.840E-24 5.956E-01.03330.070 2338.90100.750.000000 0 1 0   1  E"  0 0 0   1  E'  10  5  E" E'   10  5  E" E"  331110 1 1 1 0 0 0    84.0   84.0
571  593.220022 1.007E-27 2.781E-01.03330.070 3943.94250.750.000000 0 2 0   0  A1' 0 1 0   0  A2" 19  5  E" E"   19  5  E" E'  331110 1 1 1 0 0 0   156.0  156.0
571  593.231999 5.566E-24 8.693E-01.03560.070 2278.20340.750.000000 0 1 0   1  E"  0 0 0   1  E'  10  6  A1'E"   10  6  A1'E'  332110 1 1 2 0 0 0    84.0   84.0
571  593.244948 1.865E-24 1.395E+00.03330.070 2652.11170.750.000000 0 1 0   1  E"  0 0 0   1  E'  13 10  E' E"   13 10  E' E'  331110 1 1 1 0 0 0   108.0  108.0
571  593.484734 1.040E-24 1.322E-02.03330.070 1587.60990.750.000000 0 1 0   1  E"  0 0 0   1  E'   4  2  E' E"    4  0  A1'E'  331110 1 1 1 0 0 0    36.0   36.0
571  593.532444 1.420E-28 1.287E-04.03330.070 2719.88880.750.000000 0 0 0   1  E'  0 0 0   1  E'  15  9  A1"E"   14 12  A2'E'  331110 1 1 1 0 0 0   124.0  116.0
571  593.604433 3.039E-28 2.144E-05.03330.070 2166.11930.750.000000 0 0 0   1  E'  0 1 0   0  A2" 13  9  A1"E"   13  5  E" E'  331110 1 1 1 0 0 0   108.0  108.0
571  593.610634 2.005E-20 9.442E-01.03330.070  566.77440.750.000000 0 1 0   0  A2" 0 0 0   0  A1'  8  5  E" E'    8  5  E" E"  441110 1 1 1 0 0 0    68.0   68.0
571  593.637342 1.259E-22 2.873E+00.03330.070 1783.48620.750.000000 0 3 0   0  A2" 0 2 0   0  A1'  6  1  E" E'    7  1  E" E"  441110 1 1 1 0 0 0    52.0   60.0
571  593.857812 5.908E-26 4.789E-03.03710.070 2099.43490.750.000000 0 1 0   1  E"  0 0 0   1  E'   8  0  A1'E"    8  0  A1'E'  332110 1 1 2 0 0 0    68.0   68.0
571  593.858095 2.422E-21 6.510E-02.03330.070  396.11760.750.000000 0 1 0   0  A2" 0 0 0   0  A1'  6  1  E" E'    6  1  E" E"  441110 1 1 1 0 0 0    52.0   52.0
571  593.957536 6.022E-25 4.693E-02.03330.070 2091.23790.750.000000 0 1 0   1  E"  0 0 0   1  E'   8  1  E" E'    8  1  E" E"  331110 1 1 1 0 0 0    68.0   68.0
571  594.031394 4.226E-27 2.630E-04.03330.070 2231.03170.750.000000 0 1 0   1  E"  0 2 0   0  A1' 10  7  E" A1'  10  3  A1"A1" 331110 1 1 1 0 0 0   168.0  168.0
571  594.106837 4.799E-28 9.078E-01.03330.070 4359.25380.750.000000 0 2 0   0  A1' 0 1 0   0  A2" 21 10  E' E'   21 10  E' E"  331110 1 1 1 0 0 0   172.0  172.0
571  594.166752 3.581E-26 5.834E-04.03330.070 1679.58460.750.000000 0 3 0   0  A2" 0 0 0   1  E'   5  1  E" E'    5  1  E" E"  331110 1 1 1 0 0 0    44.0   44.0
571  594.214400 9.561E-28 6.428E-01.03330.070 4136.60260.750.000000 0 2 0   0  A1' 0 1 0   0  A2" 20  8  E' E'   20  8  E' E"  331110 1 1 1 0 0 0   164.0  164.0
571  594.266351 1.308E-28 1.569E-04.03330.070 2932.54650.750.000000 0 0 0   1  E'  0 1 0   0  A2" 16 10  E' A1'  16  6  A2'A1" 331110 1 1 1 0 0 0   264.0  264.0
571  594.453514 1.364E-25 1.724E-03.03330.070 1464.92620.750.000000 0 1 0   1  E"  0 0 0   1  E'   2  1  E" E'    3  3  A2"E"  331110 1 1 1 0 0 0    20.0   28.0
571  594.581895 1.802E-24 1.094E+00.03330.070 2592.54030.750.000000 0 1 0   1  E"  0 0 0   1  E'  12  8  E' E"   12  8  E' E'  331110 1 1 1 0 0 0   100.0  100.0
571  594.656848 4.361E-24 1.567E-01.03330.070 2074.21290.750.000000 0 1 0   1  E"  0 0 0   1  E'   8  2  E' A1"   8  2  E' A1' 331110 1 1 1 0 0 0   136.0  136.0
571  594.657000 1.264E-22 2.725E+00.03330.070 1771.32410.750.000000 0 3 0   0  A2" 0 2 0   0  A1'  6  2  E' E"    7  2  E' E'  441110 1 1 1 0 0 0    52.0   60.0
571  594.712435 9.267E-27 1.367E-04.03330.070 1658.78320.750.000000 0 1 0   1  E"  0 2 0   0  A1'  5  3  A1"E'    6  1  E" E"  331110 1 1 1 0 0 0    44.0   52.0
571  594.718035 2.382E-24 2.644E-01.03330.070 2186.47790.750.000000 0 1 0   1  E"  0 0 0   1  E'   9  4  E' E"    9  4  E' E'  331110 1 1 1 0 0 0    76.0   76.0
571  594.721081 1.304E-27 2.122E-05.03330.070 1679.03030.750.000000 0 3 0   0  A2" 0 0 0   1  E'   5  1  E" E'    6  5  E" E"  331110 1 1 1 0 0 0    44.0   52.0
571  594.726936 3.635E-24 1.382E+00.03550.070 2496.04270.750.000000 0 1 0   1  E"  0 0 0   1  E'  12  9  A1"E'   12  9  A2"E"  332110 1 1 2 0 0 0   100.0  100.0
571  594.951531 1.041E-20 2.619E-01.03330.070  381.77650.750.000000 0 1 0   0  A2" 0 0 0   0  A1'  6  2  E' E"    6  2  E' E'  441110 1 1 1 0 0 0    52.0   52.0
571  595.129327 2.489E-20 7.849E-01.03330.070  457.62700.750.000000 0 1 0   0  A2" 0 0 0   0  A1'  7  4  E' E"    7  4  E' E'  441110 1 1 1 0 0 0    60.0   60.0
571  595.197551 1.357E-28 1.252E-02.03330.070 3706.26430.750.000000 0 2 0   0  A1' 0 1 0   0  A2" 18  1  E" E"   18  1  E" E'  331110 1 1 1 0 0 0   148.0  148.0
571  595.305298 2.276E-28 1.143E-03.03330.070 3165.21380.750.000000 0 0 0   0  A1' 0 0 0   0  A1' 24 20  E' E'   24 23  E" E"  331110 1 1 1 0 0 0   196.0  196.0
571  595.307114 8.828E-22 1.887E+00.03330.070 1474.22390.750.000000 0 1 0   0  A2" 0 0 0   0  A1' 15 13  E" E'   15 13  E" E"  441110 1 1 1 0 0 0   124.0  124.0
571  595.311615 3.605E-21 1.846E+00.03560.070 1309.09290.750.000000 0 1 0   0  A2" 0 0 0   0  A1' 14 12  A2'A1"  14 12  A1'A1' 442110 1 1 2 0 0 0   232.0  232.0
571  595.390783 4.806E-28 1.192E+00.03360.070 4566.22480.750.000000 0 2 0   0  A1' 0 1 0   0  A2" 22 12  A1'A1'  22 12  A2'A1" 332110 1 1 2 0 0 0   360.0  360.0
571  595.401013 4.101E-22 1.924E+00.03330.070 1648.63690.750.000000 0 1 0   0  A2" 0 0 0   0  A1' 16 14  E' E"   16 14  E' E'  441110 1 1 1 0 0 0   132.0  132.0
571  595.418720 3.484E-21 1.798E+00.03330.070 1153.26340.750.000000 0 1 0   0  A2" 0 0 0   0  A1' 13 11  E" E'   13 11  E" E"  441110 1 1 1 0 0 0   108.0  108.0
571  595.423625 8.860E-27 5.641E-04.03860.070 2048.71750.750.000000 0 1 0   1  E"  0 0 0   1  E'   8  3  A2"E'    8  3  A1"E"  332110 1 1 2 0 0 0    68.0   68.0
571  595.542425 2.416E-26 2.126E-04.03330.070 1784.13360.750.000000 0 1 0   1  E"  0 2 0   0  A1'  8  8  E' A1"   8  6  A1'A1' 331110 1 1 1 0 0 0   136.0  136.0
571  595.589104 3.620E-22 1.955E+00.03530.070 1832.31100.750.000000 0 1 0   0  A2" 0 0 0   0  A1' 17 15  A2"A1'  17 15  A1"A1" 442110 1 1 2 0 0 0   280.0  280.0
571  595.629015 8.151E-24 4.601E-01.03330.070 2189.31230.750.000000 0 1 0   1  E"  0 0 0   1  E'   9  4  E' A1"   9  4  E' A1' 331110 1 1 1 0 0 0   152.0  152.0
571  595.632618 6.367E-21 1.742E+00.03330.070 1006.75370.750.000000 0 1 0   0  A2" 0 0 0   0  A1' 12 10  E' E"   12 10  E' E'  441110 1 1 1 0 0 0   100.0  100.0
571  595.679704 1.684E-23 7.485E-01.03330.070 2140.04970.750.000000 0 1 0   1  E"  0 0 0   1  E'   9  5  E" A1'   9  5  E" A1" 441110 1 1 1 0 0 0   152.0  152.0
571  595.697768 3.631E-27 4.045E-01.03270.070 3898.09520.750.000000 0 2 0   0  A1' 0 1 0   0  A2" 19  6  A1'A1'  19  6  A2'A1" 332110 1 1 2 0 0 0   312.0  312.0
571  595.867200 7.590E-23 1.983E+00.03330.070 2025.22440.750.000000 0 1 0   0  A2" 0 0 0   0  A1' 18 16  E' E"   18 16  E' E'  441110 1 1 1 0 0 0   148.0  148.0
571  595.880479 5.774E-28 5.023E-02.03330.070 3693.72410.750.000000 0 2 0   0  A1' 0 1 0   0  A2" 18  2  E' E'   18  2  E' E"  331110 1 1 1 0 0 0   148.0  148.0
571  595.957464 2.193E-20 1.676E+00.03550.070  869.58110.750.000000 0 1 0   0  A2" 0 0 0   0  A1' 11  9  A2"A1'  11  9  A1"A1" 442110 1 1 2 0 0 0   184.0  184.0
571  596.088788 6.500E-24 9.996E-01.03330.070 2434.52260.750.000000 0 1 0   1  E"  0 0 0   1  E'  11  7  E" A1'  11  7  E" A1" 331110 1 1 1 0 0 0   184.0  184.0
571  596.191459 1.439E-24 1.022E-01.03330.070 2070.64620.750.000000 0 1 0   1  E"  0 0 0   1  E'   8  2  E' E"    8  2  E' E'  331110 1 1 1 0 0 0    68.0   68.0
571  596.231159 3.029E-23 2.008E+00.03330.070 2227.35400.750.000000 0 1 0   0  A2" 0 0 0   0  A1' 19 17  E" E'   19 17  E" E"  441110 1 1 1 0 0 0   156.0  156.0
571  596.232812 1.287E-23 1.308E+00.03330.070 2349.29530.750.000000 0 1 0   1  E"  0 0 0   1  E'  11  8  E' A1"  11  8  E' A1' 441110 1 1 1 0 0 0   184.0  184.0
571  596.396304 3.704E-28 1.332E-03.03330.070 3014.48120.750.000000 0 0 0   1  E'  0 2 0   0  A1' 16  9  A2"E"   15 10  E' E'  331110 1 1 1 0 0 0   132.0  124.0
571  596.397377 1.774E-20 1.597E+00.03330.070  741.76160.750.000000 0 1 0   0  A2" 0 0 0   0  A1' 10  8  E' E"   10  8  E' E'  441110 1 1 1 0 0 0    84.0   84.0
571  596.435018 2.493E-22 2.449E+00.03920.070 1751.05430.750.000000 0 3 0   0  A2" 0 2 0   0  A1'  6  3  A2"A1'   7  3  A1"A1" 442110 1 1 2 0 0 0   104.0  120.0
571  596.537375 5.200E-24 3.304E-01.03860.070 2047.60380.750.000000 0 1 0   1  E"  0 0 0   1  E'   8  3  A2"E'    8  3  A2"E"  332110 1 1 2 0 0 0    68.0   68.0
571  596.623522 1.910E-25 3.429E-03.03330.070 1430.78100.750.000000 0 1 0   1  E"  0 0 0   1  E'   1  0  A2'E"    2  2  E' E'  331110 1 1 1 0 0 0    12.0   20.0
571  596.676921 2.301E-23 2.029E+00.03470.070 2438.67570.750.000000 0 1 0   0  A2" 0 0 0   0  A1' 20 18  A2'A1"  20 18  A1'A1' 442110 1 1 2 0 0 0   328.0  328.0
571  596.787222 5.284E-20 5.950E-01.03940.070  357.84860.750.000000 0 1 0   0  A2" 0 0 0   0  A1'  6  3  A2"A1'   6  3  A1"A1" 442110 1 1 2 0 0 0   104.0  104.0
571  596.862000 7.130E-25 8.025E-03.03330.070 1508.80930.750.000000 0 1 0   1  E"  0 0 0   1  E'   3  2  E' E"    3  0  A2'E'  331110 1 1 1 0 0 0    28.0   28.0
571  596.956439 2.683E-20 1.503E+00.03330.070  623.30990.750.000000 0 1 0   0  A2" 0 0 0   0  A1'  9  7  E" E'    9  7  E" E"  441110 1 1 1 0 0 0    76.0   76.0
571  596.971885 4.160E-27 1.827E-04.03330.070 2033.48640.750.000000 0 0 0   1  E'  0 1 0   0  A2" 11  3  A1"E"   12  1  E" E'  331110 1 1 1 0 0 0    92.0  100.0
571  597.011999 1.687E-28 2.030E-05.03330.070 2315.17210.750.000000 0 2 0   0  A1' 0 0 0   0  A1' 16 14  E' E'   17 11  E" E"  331110 1 1 1 0 0 0   132.0  140.0
571  597.200550 4.164E-24 2.049E+00.03330.070 2659.16410.750.000000 0 1 0   0  A2" 0 0 0   0  A1' 21 19  E" E'   21 19  E" E"  331110 1 1 1 0 0 0   172.0  172.0
571  597.267780 2.883E-27 1.137E-01.03330.070 3672.67770.750.000000 0 2 0   0  A1' 0 1 0   0  A2" 18  3  A1"A1"  18  3  A2"A1' 331110 1 1 1 0 0 0   296.0  296.0
571  597.442128 4.092E-27 6.281E-05.03330.070 1665.23650.750.000000 0 3 0   0  A2" 0 0 0   1  E'   5  2  E' E"    5  2  E' E'  331110 1 1 1 0 0 0    44.0   44.0
571  597.476472 5.048E-21 9.305E-02.03330.070  281.83970.750.000000 0 1 0   0  A2" 0 0 0   0  A1'  5  1  E" E'    5  1  E" E"  441110 1 1 1 0 0 0    44.0   44.0
571  597.638690 7.522E-20 1.389E+00.03760.070  514.23980.750.000000 0 1 0   0  A2" 0 0 0   0  A1'  8  6  A2'A1"   8  6  A1'A1' 442110 1 1 2 0 0 0   136.0  136.0
571  597.740412 5.424E-24 8.907E-01.03560.070 2285.65850.750.000000 0 1 0   1  E"  0 0 0   1  E'  10  6  A2'E"   10  6  A2'E'  332110 1 1 2 0 0 0    84.0   84.0
571  597.798277 1.436E-24 2.066E+00.03330.070 2888.79270.750.000000 0 1 0   0  A2" 0 0 0   0  A1' 22 20  E' E"   22 20  E' E'  331110 1 1 1 0 0 0   180.0  180.0
571  597.859016 1.062E-23 1.217E+00.03330.070 2211.79290.750.000000 0 1 0   1  E"  0 0 0   1  E'  10  7  E" E'   10  7  E" E"  441110 1 1 1 0 0 0    84.0   84.0
571  598.067423 5.754E-23 2.819E+00.04480.070 1410.36900.750.000000 0 1 0   1  E"  0 0 0   1  E'   0  0  A1'E"    1  0  A2'E'  442110 1 1 2 0 0 0     4.0   12.0
571  598.092811 3.428E-27 8.270E-01.03330.070 4065.87160.750.000000 0 2 0   0  A1' 0 1 0   0  A2" 20  9  A1"A1"  20  9  A2"A1' 331110 1 1 1 0 0 0   328.0  328.0
571  598.098230 1.231E-28 1.495E+00.03330.070 4757.64860.750.000000 0 2 0   0  A1' 0 1 0   0  A2" 23 14  E' E'   23 14  E' E"  331110 1 1 1 0 0 0   188.0  188.0
571  598.135190 4.458E-27 1.529E-04.03900.070 1894.06840.750.000000 0 1 0   1  E"  0 0 0   1  E'   7  3  A2"E'    7  3  A2"E"  332110 1 1 2 0 0 0    60.0   60.0
571  598.260089 1.131E-23 6.050E-01.03330.070 2011.09920.750.000000 0 1 0   1  E"  0 0 0   1  E'   8  4  E' E"    8  4  E' E'  441110 1 1 1 0 0 0    68.0   68.0
571  598.391365 4.021E-25 4.194E-02.03330.070 2334.49140.750.000000 0 3 0   0  A2" 0 0 0   1  E'  10  3  A2"A1'  10  5  E" A1" 331110 1 1 1 0 0 0   168.0  168.0
571  598.414632 4.933E-24 3.170E-01.03860.070 2048.71750.750.000000 0 1 0   1  E"  0 0 0   1  E'   8  3  A1"E'    8  3  A1"E"  332110 1 1 2 0 0 0    68.0   68.0
571  598.442523 2.425E-27 4.184E-01.03330.070 3843.84250.750.000000 0 2 0   0  A1' 0 1 0   0  A2" 19  7  E" E"   19  7  E" E'  331110 1 1 1 0 0 0   156.0  156.0
571  598.448144 4.829E-20 1.248E+00.03330.070  414.56360.750.000000 0 1 0   0  A2" 0 0 0   0  A1'  7  5  E" E'    7  5  E" E"  441110 1 1 1 0 0 0    60.0   60.0
571  598.466560 9.452E-25 2.081E+00.03410.070 3127.53390.750.000000 0 1 0   0  A2" 0 0 0   0  A1' 23 21  A2"A1'  23 21  A1"A1" 332110 1 1 2 0 0 0   376.0  376.0
571  598.488048 2.200E-27 3.674E-05.03330.070 1814.97490.750.000000 0 0 0   1  E'  0 1 0   0  A2" 10  3  A2"E"   11  1  E" E'  331110 1 1 1 0 0 0    84.0   92.0
571  598.546808 7.945E-26 5.886E-02.03330.070 2646.80980.750.000000 0 1 0   1  E"  0 2 0   0  A1' 13 10  E' E"   13  8  E' E'  331110 1 1 1 0 0 0   108.0  108.0
571  598.550836 2.904E-25 7.070E-05.03330.070  954.63580.750.000000 0 0 0   1  E'  0 1 0   0  A2"  5  5  E" A1"   6  3  A2"A1' 331110 1 1 1 0 0 0    88.0  104.0
571  598.591525 2.171E-20 3.744E-01.03330.070  267.44860.750.000000 0 1 0   0  A2" 0 0 0   0  A1'  5  2  E' E"    5  2  E' E'  441110 1 1 1 0 0 0    44.0   44.0
571  598.652127 2.956E-27 2.032E-01.03330.070 3643.52170.750.000000 0 2 0   0  A1' 0 1 0   0  A2" 18  4  E' E'   18  4  E' E"  331110 1 1 1 0 0 0   148.0  148.0
571  598.803095 2.480E-26 1.768E+00.03330.070 3804.31690.750.000000 0 1 0   1  E"  0 0 0   1  E'  19 16  E' A1"  19 16  E' A1' 331110 1 1 1 0 0 0   312.0  312.0
571  598.823486 4.501E-27 1.791E+00.03330.070 4025.81090.750.000000 0 1 0   1  E"  0 0 0   1  E'  20 17  E" E'   20 17  E" E"  331110 1 1 1 0 0 0   164.0  164.0
571  598.838764 1.113E-23 9.469E-02.03330.070 1685.61190.750.000000 0 1 0   1  E"  0 0 0   1  E'   5  1  E" A1'   5  1  E" A1" 441110 1 1 1 0 0 0    88.0   88.0
571  598.878665 3.251E-26 1.740E+00.03510.070 3591.89780.750.000000 0 1 0   1  E"  0 0 0   1  E'  18 15  A2"E'   18 15  A2"E"  332110 1 1 2 0 0 0   148.0  148.0
571  598.910543 6.391E-28 2.928E-06.03330.070 1548.65440.750.000000 0 0 0   1  E'  0 1 0   0  A2" 10  8  E' E'   10  4  E' E"  331110 1 1 1 0 0 0    84.0   84.0
571  598.915064 8.916E-28 1.120E+00.03330.070 4272.09440.750.000000 0 2 0   0  A1' 0 1 0   0  A2" 21 11  E" E"   21 11  E" E'  331110 1 1 1 0 0 0   172.0  172.0
571  598.918238 8.214E-26 3.568E-03.03790.070 1942.17700.750.000000 0 1 0   1  E"  0 0 0   1  E'   7  0  A2'E"    7  0  A2'E'  332110 1 1 2 0 0 0    60.0   60.0
571  598.922815 1.336E-27 1.514E-05.03330.070 1508.80930.750.000000 0 3 0   0  A2" 0 0 0   1  E'   3  2  E' E"    3  0  A2'E'  331110 1 1 1 0 0 0    28.0   28.0
571  598.941257 1.557E-27 1.812E+00.03450.070 4256.35330.750.000000 0 1 0   1  E"  0 0 0   1  E'  21 18  A2'E"   21 18  A1'E'  332110 1 1 2 0 0 0   172.0  172.0
571  598.947401 1.187E-22 2.048E+00.03330.070 1722.67940.750.000000 0 3 0   0  A2" 0 2 0   0  A1'  6  4  E' E"    7  4  E' E'  441110 1 1 1 0 0 0    52.0   60.0
571  598.986753 1.364E-24 5.715E-02.03330.070 1934.61210.750.000000 0 1 0   1  E"  0 0 0   1  E'   7  1  E" E'    7  1  E" E"  331110 1 1 1 0 0 0    60.0   60.0
571  599.050290 8.101E-26 1.707E+00.03330.070 3388.57830.750.000000 0 1 0   1  E"  0 0 0   1  E'  17 14  E' E"   17 14  E' E'  331110 1 1 1 0 0 0   140.0  140.0
571  599.133087 4.408E-27 1.231E-02.03330.070 3090.47080.750.000000 0 1 0   1  E"  0 2 0   0  A1' 15 11  E" A1'  15  9  A1"A1" 331110 1 1 1 0 0 0   248.0  248.0
571  599.159643 1.025E-27 1.829E+00.03330.070 4495.91620.750.000000 0 1 0   1  E"  0 0 0   1  E'  22 19  E" A1'  22 19  E" A1" 331110 1 1 1 0 0 0   360.0  360.0
571  599.202144 1.484E-25 2.094E+00.03330.070 3375.35890.750.000000 0 1 0   0  A2" 0 0 0   0  A1' 24 22  E' E"   24 22  E' E'  331110 1 1 1 0 0 0   196.0  196.0
571  599.212340 2.821E-25 3.360E-03.03330.070 1449.73540.750.000000 0 1 0   1  E"  0 0 0   1  E'   2  2  E' E"    2  0  A1'E'  331110 1 1 1 0 0 0    20.0   20.0
571  599.319313 3.835E-25 1.669E+00.03330.070 3194.38170.750.000000 0 1 0   1  E"  0 0 0   1  E'  16 13  E" A1'  16 13  E" A1" 331110 1 1 1 0 0 0   264.0  264.0
571  599.356719 5.092E-26 3.930E-03.03330.070 2085.83870.750.000000 0 1 0   1  E"  0 2 0   0  A1'  8  1  E" E'    9  1  E" E"  331110 1 1 1 0 0 0    68.0   76.0
571  599.388789 5.561E-20 1.073E+00.03330.070  324.29250.750.000000 0 1 0   0  A2" 0 0 0   0  A1'  6  4  E' E"    6  4  E' E'  441110 1 1 1 0 0 0    52.0   52.0
571  599.478046 8.029E-28 1.390E-01.03330.070 3843.84250.750.000000 0 0 0   1  E'  0 1 0   0  A2" 19 11  E" E"   19  7  E" E'  331110 1 1 1 0 0 0   156.0  156.0
571  599.484029 1.611E-28 1.843E+00.03330.070 4744.46980.750.000000 0 1 0   1  E"  0 0 0   1  E'  23 20  E' E"   23 20  E' E'  331110 1 1 1 0 0 0   188.0  188.0
571  599.495670 7.065E-26 2.020E+00.03330.070 3615.96410.750.000000 0 1 0   1  E"  0 0 0   1  E'  19 17  E" A1'  19 17  E" A1" 331110 1 1 1 0 0 0   312.0  312.0
571  599.517087 8.833E-26 2.000E+00.03330.070 3414.61510.750.000000 0 1 0   1  E"  0 0 0   1  E'  18 16  E' E"   18 16  E' E'  331110 1 1 1 0 0 0   148.0  148.0
571  599.525354 8.235E-24 7.620E-01.03330.070 2145.97200.750.000000 0 1 0   1  E"  0 0 0   1  E'   9  5  E" E'    9  5  E" E"  331110 1 1 1 0 0 0    76.0   76.0
571  599.528382 5.966E-27 3.826E-04.03860.070 2047.60380.750.000000 0 1 0   1  E"  0 0 0   1  E'   8  3  A1"E'    8  3  A2"E"  332110 1 1 2 0 0 0    68.0   68.0
571  599.565157 1.345E-26 2.036E+00.03470.070 3826.44710.750.000000 0 1 0   1  E"  0 0 0   1  E'  20 18  A2'E"   20 18  A1'E'  332110 1 1 2 0 0 0   164.0  164.0
571  599.619443 1.620E-23 1.107E+00.03590.070 2083.54090.750.000000 0 1 0   1  E"  0 0 0   1  E'   9  6  A2'E"    9  6  A2'E'  442110 1 1 2 0 0 0    76.0   76.0
571  599.632316 2.101E-25 1.978E+00.03530.070 3222.42240.750.000000 0 1 0   1  E"  0 0 0   1  E'  17 15  A2"E'   17 15  A1"E"  332110 1 1 2 0 0 0   140.0  140.0
571  599.688104 4.306E-25 1.624E+00.03550.070 3009.32990.750.000000 0 1 0   1  E"  0 0 0   1  E'  15 12  A1'E"   15 12  A2'E'  332110 1 1 2 0 0 0   124.0  124.0
571  599.723432 4.883E-27 2.050E+00.03330.070 4046.04050.750.000000 0 1 0   1  E"  0 0 0   1  E'  21 19  E" E'   21 19  E" E"  331110 1 1 1 0 0 0   172.0  172.0
571  599.844921 9.509E-25 1.951E+00.03330.070 3039.40690.750.000000 0 1 0   1  E"  0 0 0   1  E'  16 14  E' A1"  16 14  E' A1' 331110 1 1 1 0 0 0   264.0  264.0
571  599.855397 3.503E-28 9.088E-04.03330.070 2888.00160.750.000000 0 1 0   1  E"  0 2 0   0  A1' 12  0  A1'E"   13  2  E' E'  331110 1 1 1 0 0 0   100.0  108.0
571  599.969340 3.378E-27 2.061E+00.03330.070 4274.71930.750.000000 0 1 0   1  E"  0 0 0   1  E'  22 20  E' A1"  22 20  E' A1' 331110 1 1 1 0 0 0   360.0  360.0
571  599.992023 1.033E-23 2.001E-01.03330.070 1917.89090.750.000000 0 1 0   1  E"  0 0 0   1  E'   7  2  E' A1"   7  2  E' A1' 441110 1 1 1 0 0 0   120.0  120.0
571  600.137866 7.694E-26 8.385E-04.03330.070 1551.80560.750.000000 0 1 0   1  E"  0 2 0   0  A1'  4  3  A1"E'    5  1  E" E"  331110 1 1 1 0 0 0    36.0   44.0
571  600.159052 1.022E-24 1.919E+00.03330.070 2865.58820.750.000000 0 1 0   1  E"  0 0 0   1  E'  15 13  E" E'   15 13  E" E"  331110 1 1 1 0 0 0   124.0  124.0
571  600.159866 9.154E-25 1.572E+00.03330.070 2833.44320.750.000000 0 1 0   1  E"  0 0 0   1  E'  14 11  E" E'   14 11  E" E"  331110 1 1 1 0 0 0   116.0  116.0
571  600.244794 1.084E-24 1.480E-01.03330.070 2264.91000.750.000000 0 1 0   1  E"  0 2 0   0  A1' 11  9  A2"E'   11  7  E" E"  331110 1 1 1 0 0 0    92.0   92.0
571  600.302898 5.575E-28 2.071E+00.03410.070 4512.45690.750.000000 0 1 0   1  E"  0 0 0   1  E'  23 21  A1"E'   23 21  A2"E"  332110 1 1 2 0 0 0   188.0  188.0
571  600.464826 1.102E-19 8.509E-01.03960.070  243.43630.750.000000 0 1 0   0  A2" 0 0 0   0  A1'  5  3  A2"A1'   5  3  A1"A1" 442110 1 1 2 0 0 0    88.0   88.0
571  600.545749 9.934E-21 1.421E-01.03330.070  186.43750.750.000000 0 1 0   0  A2" 0 0 0   0  A1'  4  1  E" E'    4  1  E" E"  441110 1 1 1 0 0 0    36.0   36.0
571  600.569701 1.355E-26 6.373E-06.03330.070 1123.28760.750.000000 0 0 0   1  E'  0 1 0   0  A2"  6  4  E' A1'   7  0  A2'A1" 331110 1 1 1 0 0 0   104.0  120.0
571  600.579513 2.084E-24 1.882E+00.03560.070 2700.98430.750.000000 0 1 0   1  E"  0 0 0   1  E'  14 12  A1'E"   14 12  A1'E'  332110 1 1 2 0 0 0   116.0  116.0
571  600.725536 1.755E-28 2.078E+00.03330.070 4759.22530.750.000000 0 1 0   1  E"  0 0 0   1  E'  24 22  E' E"   24 22  E' E'  331110 1 1 1 0 0 0   196.0  196.0
571  600.738471 3.678E-24 1.511E+00.03330.070 2666.74040.750.000000 0 1 0   1  E"  0 0 0   1  E'  13 10  E' A1"  13 10  E' A1' 331110 1 1 1 0 0 0   216.0  216.0
571  600.770907 5.562E-27 3.204E-01.03330.070 3605.82620.750.000000 0 2 0   0  A1' 0 1 0   0  A2" 18  5  E" E"   18  5  E" E'  331110 1 1 1 0 0 0   148.0  148.0
571  600.820195 4.395E-27 2.405E-03.03330.070 2550.09010.750.000000 0 3 0   0  A2" 0 0 0   1  E'  11  1  E" E'   11  5  E" E"  331110 1 1 1 0 0 0    92.0   92.0
571  600.840531 1.226E-23 4.185E-01.03900.070 1891.36300.750.000000 0 1 0   1  E"  0 0 0   1  E'   7  3  A2"E'    7  3  A1"E"  442110 1 1 2 0 0 0    60.0   60.0
571  601.112345 8.048E-24 1.837E+00.03330.070 2545.61120.750.000000 0 1 0   1  E"  0 0 0   1  E'  13 11  E" A1'  13 11  E" A1" 331110 1 1 1 0 0 0   216.0  216.0
571  601.142641 1.029E-28 6.064E-04.03330.070 3086.59340.750.000000 0 1 0   1  E"  0 2 0   0  A1' 14  8  E' E"   14  4  E' E'  331110 1 1 1 0 0 0   116.0  116.0
571  601.191948 4.696E-28 1.434E+00.03330.070 4462.64800.750.000000 0 2 0   0  A1' 0 1 0   0  A2" 22 13  E" E"   22 13  E" E'  331110 1 1 1 0 0 0   180.0  180.0
571  601.247376 3.891E-24 1.505E-01.03330.070 1916.79800.750.000000 0 1 0   1  E"  0 0 0   1  E'   7  2  E' E"    7  2  E' E'  331110 1 1 1 0 0 0    60.0   60.0
571  601.428342 3.480E-24 1.439E+00.03550.070 2509.23900.750.000000 0 1 0   1  E"  0 0 0   1  E'  12  9  A2"E'   12  9  A1"E"  332110 1 1 2 0 0 0   100.0  100.0
571  601.459288 2.216E-23 6.113E-01.03330.070 2015.45580.750.000000 0 1 0   1  E"  0 0 0   1  E'   8  4  E' A1"   8  4  E' A1' 441110 1 1 1 0 0 0   136.0  136.0
571  601.522189 4.520E-23 9.736E-01.03330.070 1964.54870.750.000000 0 1 0   1  E"  0 0 0   1  E'   8  5  E" A1'   8  5  E" A1" 441110 1 1 1 0 0 0   136.0  136.0
571  601.679597 4.272E-20 5.717E-01.03330.070  172.00420.750.000000 0 1 0   0  A2" 0 0 0   0  A1'  4  2  E' E"    4  2  E' E'  441110 1 1 1 0 0 0    36.0   36.0
571  601.722358 5.070E-28 1.047E-03.03330.070 2839.80220.750.000000 0 1 0   1  E"  0 2 0   0  A1' 12  2  E' E"   13  4  E' E'  331110 1 1 1 0 0 0   100.0  108.0
571  601.768991 7.344E-24 1.783E+00.03330.070 2399.47820.750.000000 0 1 0   1  E"  0 0 0   1  E'  12 10  E' E"   12 10  E' E'  331110 1 1 1 0 0 0   100.0  100.0
571  601.989384 4.615E-28 2.689E-06.03330.070 1676.29130.750.000000 0 1 0   0  A2" 0 1 0   0  A2" 15 11  E" E'   14 14  E' E"  331110 1 1 1 0 0 0   124.0  116.0
571  601.991254 1.541E-28 3.188E-06.03940.070 1758.16650.750.000000 0 1 0   1  E"  0 0 0   1  E'   6  3  A1"E'    6  3  A1"E"  332110 1 1 2 0 0 0    52.0   52.0
571  602.050894 1.060E-25 1.628E-04.03330.070 1252.77520.750.000000 0 0 0   1  E'  0 1 0   0  A2"  7  4  E' E'    8  2  E' E"  331110 1 1 1 0 0 0    60.0   68.0
571  602.201851 1.026E-22 1.497E+00.03330.070 1686.24340.750.000000 0 3 0   0  A2" 0 2 0   0  A1'  6  5  E" E'    7  5  E" E"  441110 1 1 1 0 0 0    52.0   60.0
571  602.222335 1.326E-28 1.716E-06.03330.070 1464.92620.750.000000 0 3 0   0  A2" 0 0 0   1  E'   2  1  E" E'    3  3  A2"E"  331110 1 1 1 0 0 0    20.0   28.0
571  602.234400 6.182E-24 1.355E+00.03330.070 2360.95460.750.000000 0 1 0   1  E"  0 0 0   1  E'  11  8  E' E"   11  8  E' E'  331110 1 1 1 0 0 0    92.0   92.0
571  602.255115 5.741E-27 7.389E-01.03330.070 3781.14040.750.000000 0 2 0   0  A1' 0 1 0   0  A2" 19  8  E' E'   19  8  E' E"  331110 1 1 1 0 0 0   156.0  156.0
571  602.341437 1.126E-26 1.902E-04.03330.070 1814.97490.750.000000 0 0 0   1  E'  0 1 0   0  A2" 10  3  A2"E"   11  1  E" E'  331110 1 1 1 0 0 0    84.0   92.0
571  602.351813 1.257E-28 7.283E-03.03330.070 3594.57320.750.000000 0 1 0   1  E"  0 2 0   0  A1' 17 12  A1'E"   17 10  E' E'  331110 1 1 1 0 0 0   140.0  140.0
571  602.447236 6.920E-28 1.449E-02.03330.070 3385.24600.750.000000 0 2 0   0  A1' 0 1 0   0  A2" 17  1  E" E"   17  1  E" E'  331110 1 1 1 0 0 0   140.0  140.0
571  602.512564 7.007E-20 1.940E+00.03330.070  451.94500.750.000000 0 1 0   0  A2" 0 0 0   0  A1'  8  7  E" E'    8  7  E" E"  441110 1 1 1 0 0 0    68.0   68.0
571  602.565443 5.031E-20 2.023E+00.03330.070  551.52800.750.000000 0 1 0   0  A2" 0 0 0   0  A1'  9  8  E' E"    9  8  E' E'  441110 1 1 1 0 0 0    76.0   76.0
571  602.578723 3.126E-27 1.040E+00.03330.070 3986.65020.750.000000 0 2 0   0  A1' 0 1 0   0  A2" 20 10  E' E'   20 10  E' E"  331110 1 1 1 0 0 0   164.0  164.0
571  602.585237 1.815E-19 1.838E+00.03830.070  361.78300.750.000000 0 1 0   0  A2" 0 0 0   0  A1'  7  6  A2'A1"   7  6  A1'A1' 442110 1 1 2 0 0 0   120.0  120.0
571  602.736090 1.157E-23 1.574E+00.03550.070 2262.41870.750.000000 0 1 0   1  E"  0 0 0   1  E'  11  9  A2"E'   11  9  A2"E"  442110 1 1 2 0 0 0    92.0   92.0
571  602.740931 6.764E-20 2.091E+00.03600.070  660.52050.750.000000 0 1 0   0  A2" 0 0 0   0  A1' 10  9  A2"A1'  10  9  A1"A1" 442110 1 1 2 0 0 0   168.0  168.0
571  602.786313 1.080E-19 1.707E+00.03330.070  281.05250.750.000000 0 1 0   0  A2" 0 0 0   0  A1'  6  5  E" E'    6  5  E" E"  441110 1 1 1 0 0 0    52.0   52.0
571  603.035982 2.138E-20 2.148E+00.03330.070  778.90980.750.000000 0 1 0   0  A2" 0 0 0   0  A1' 11 10  E' E"   11 10  E' E'  441110 1 1 1 0 0 0    92.0   92.0
571  603.037778 1.879E-20 2.402E-01.03330.070  110.00330.750.000000 0 1 0   0  A2" 0 0 0   0  A1'  3  1  E" E'    3  1  E" E"  441110 1 1 1 0 0 0    28.0   28.0
571  603.118554 1.161E-19 1.534E+00.03330.070  209.76270.750.000000 0 1 0   0  A2" 0 0 0   0  A1'  5  4  E' E"    5  4  E' E'  441110 1 1 1 0 0 0    44.0   44.0
571  603.163227 2.049E-23 1.254E+00.03330.070 2221.89980.750.000000 0 1 0   1  E"  0 0 0   1  E'  10  7  E" A1'  10  7  E" A1" 441110 1 1 1 0 0 0   168.0  168.0
571  603.171148 2.946E-27 5.815E-02.03330.070 3372.63330.750.000000 0 2 0   0  A1' 0 1 0   0  A2" 17  2  E' E'   17  2  E' E"  331110 1 1 1 0 0 0   140.0  140.0
571  603.248889 1.175E-27 1.098E-03.03330.070 2658.48380.750.000000 0 1 0   1  E"  0 2 0   0  A1' 11  0  A2'E"   12  2  E' E'  331110 1 1 1 0 0 0    92.0  100.0
571  603.286353 8.689E-24 3.028E-01.03900.070 1894.06840.750.000000 0 1 0   1  E"  0 0 0   1  E'   7  3  A1"E'    7  3  A2"E"  332110 1 1 2 0 0 0    60.0   60.0
571  603.346283 4.074E-23 1.637E+00.03330.070 2135.11880.750.000000 0 1 0   1  E"  0 0 0   1  E'  10  8  E' A1"  10  8  E' A1' 441110 1 1 1 0 0 0   168.0  168.0
571  603.402662 2.010E-26 4.663E-01.03300.070 3559.69860.750.000000 0 2 0   0  A1' 0 1 0   0  A2" 18  6  A1'A1'  18  6  A2'A1" 331110 1 1 1 0 0 0   296.0  296.0
571  603.447454 1.276E-20 2.197E+00.03330.070  906.68210.750.000000 0 1 0   0  A2" 0 0 0   0  A1' 12 11  E" E'   12 11  E" E"  441110 1 1 1 0 0 0   100.0  100.0
571  603.453129 8.418E-26 2.190E-03.03870.070 1804.36080.750.000000 0 1 0   1  E"  0 0 0   1  E'   6  0  A1'E"    6  0  A1'E'  332110 1 1 2 0 0 0    52.0   52.0
571  603.506233 2.913E-24 7.325E-02.03330.070 1797.35940.750.000000 0 1 0   1  E"  0 0 0   1  E'   6  1  E" E'    6  1  E" E"  331110 1 1 1 0 0 0    52.0   52.0
571  603.573536 2.816E-23 8.117E-01.03330.070 1854.82600.750.000000 0 1 0   1  E"  0 0 0   1  E'   7  4  E' E"    7  4  E' E'  441110 1 1 1 0 0 0    60.0   60.0
571  603.584589 2.171E-19 1.299E+00.04050.070  147.92160.750.000000 0 1 0   0  A2" 0 0 0   0  A1'  4  3  A2"A1'   4  3  A1"A1" 442110 1 1 2 0 0 0    72.0   72.0
571  603.936501 4.128E-26 1.716E-02.03330.070 2491.62970.750.000000 0 3 0   0  A2" 0 0 0   1  E'  11  4  E' E"   11  6  A2'E'  331110 1 1 1 0 0 0    92.0   92.0
571  603.972099 1.440E-20 2.239E+00.03590.070 1043.82220.750.000000 0 1 0   0  A2" 0 0 0   0  A1' 13 12  A2'A1"  13 12  A1'A1' 442110 1 1 2 0 0 0   216.0  216.0
571  604.048799 6.919E-28 1.843E-03.03330.070 3090.47080.750.000000 0 0 0   1  E'  0 2 0   0  A1' 16  8  E' A1'  15  9  A1"A1" 331110 1 1 1 0 0 0   264.0  248.0
571  604.109489 5.113E-28 3.053E-04.03330.070 2712.95970.750.000000 0 0 0   0  A1' 0 0 0   0  A1' 23 20  E' E'   23 23  E" E"  331110 1 1 1 0 0 0   188.0  188.0
571  604.159915 3.790E-24 1.324E-01.03330.070 1894.06840.750.000000 0 3 0   0  A2" 0 0 0   1  E'   7  1  E" E'    7  3  A2"E"  331110 1 1 1 0 0 0    60.0   60.0
571  604.175121 1.891E-27 9.937E-04.03330.070 2648.31680.750.000000 0 0 0   0  A1' 0 0 0   0  A1' 19  8  E' E'   18 11  E" E"  331110 1 1 1 0 0 0   156.0  148.0
571  604.187198 8.086E-20 9.667E-01.03330.070   95.53600.750.000000 0 1 0   0  A2" 0 0 0   0  A1'  3  2  E' E"    3  2  E' E'  441110 1 1 1 0 0 0    28.0   28.0
571  604.209932 7.132E-21 2.457E+00.03330.070  786.98330.750.000000 0 2 0   0  A1' 0 1 0   0  A2"  3  1  E" E"    4  1  E" E'  441110 1 1 1 0 0 0    28.0   36.0
571  604.213108 1.572E-23 1.135E+00.03590.070 2092.09370.750.000000 0 1 0   1  E"  0 0 0   1  E'   9  6  A1'E"    9  6  A1'E'  442110 1 1 2 0 0 0    76.0   76.0
571  604.217704 1.470E-26 1.314E-01.03350.070 3351.70050.750.000000 0 2 0   0  A1' 0 1 0   0  A2" 17  3  A1"A1"  17  3  A2"A1' 332110 1 1 2 0 0 0   280.0  280.0
571  604.243871 2.367E-23 2.753E-01.03330.070 1780.85130.750.000000 0 1 0   1  E"  0 0 0   1  E'   6  2  E' A1"   6  2  E' A1' 441110 1 1 1 0 0 0   104.0  104.0
571  604.338365 3.158E-26 1.215E-03.03330.070 1913.70700.750.000000 0 1 0   1  E"  0 2 0   0  A1'  7  2  E' E"    8  2  E' E'  331110 1 1 1 0 0 0    60.0   68.0
571  604.383911 3.092E-23 1.550E+00.03330.070 2016.81170.750.000000 0 1 0   1  E"  0 0 0   1  E'   9  7  E" E'    9  7  E" E"  441110 1 1 1 0 0 0    76.0   76.0
571  604.393279 3.402E-27 1.365E+00.03370.070 4176.37170.750.000000 0 2 0   0  A1' 0 1 0   0  A2" 21 12  A1'A1'  21 12  A2'A1" 332110 1 1 2 0 0 0   344.0  344.0
571  604.423116 1.043E-25 6.044E-03.03330.070 2189.31230.750.000000 0 3 0   0  A2" 0 0 0   1  E'   9  0  A2'A1"   9  4  E' A1' 331110 1 1 1 0 0 0   152.0  152.0
571  604.489676 1.957E-28 7.595E-05.03330.070 2510.02130.750.000000 0 0 0   1  E'  0 1 0   0  A2" 13  2  E' E'   14  2  E' E"  331110 1 1 1 0 0 0   108.0  116.0
571  604.556259 3.117E-26 3.808E-04.03330.070 1613.84560.750.000000 0 3 0   0  A2" 0 0 0   1  E'   5  4  E' E"    6  6  A1'E'  331110 1 1 1 0 0 0    44.0   52.0
571  604.591679 6.157E-27 9.324E-04.03330.070 2426.01970.750.000000 0 1 0   1  E"  0 2 0   0  A1' 11  7  E" A1'  11  3  A1"A1" 331110 1 1 1 0 0 0   184.0  184.0
571  604.603177 1.317E-24 1.913E-02.03330.070 1683.84200.750.000000 0 3 0   0  A2" 0 0 0   1  E'   6  5  E" E'    7  7  E" E"  331110 1 1 1 0 0 0    52.0   60.0
571  604.606574 3.849E-21 2.277E+00.03330.070 1190.31400.750.000000 0 1 0   0  A2" 0 0 0   0  A1' 14 13  E" E'   14 13  E" E"  441110 1 1 1 0 0 0   116.0  116.0
571  604.812791 4.935E-28 7.181E-05.03330.070 2361.42210.750.000000 0 1 0   0  A2" 0 1 0   0  A2" 17 10  E' E"   16 13  E" E'  331110 1 1 1 0 0 0   140.0  132.0
571  604.823319 9.454E-27 4.572E-04.03330.070 2096.16100.750.000000 0 0 0   1  E'  0 1 0   0  A2" 14 12  A1'E'   14 10  E' E"  331110 1 1 1 0 0 0   116.0  116.0
571  604.928779 3.567E-20 4.857E-01.03330.070   52.61160.750.000000 0 1 0   0  A2" 0 0 0   0  A1'  2  1  E" E'    2  1  E" E"  441110 1 1 1 0 0 0    20.0   20.0
571  604.973924 1.286E-26 7.160E-05.03330.070 1553.18660.750.000000 0 3 0   0  A2" 0 0 0   1  E'   4  3  A2"A1'   5  5  E" A1" 331110 1 1 1 0 0 0    72.0   88.0
571  604.983090 2.018E-28 7.223E-04.03330.070 3020.19470.750.000000 0 0 0   1  E'  0 2 0   0  A1' 17 12  A2'E'   16 13  E" E"  331110 1 1 1 0 0 0   140.0  132.0
571  604.983742 5.101E-28 1.766E+00.03410.070 4637.61100.750.000000 0 2 0   0  A1' 0 1 0   0  A2" 23 15  A1"A1"  23 15  A2"A1' 332110 1 1 2 0 0 0   376.0  376.0
571  605.011570 2.976E-26 2.760E-04.03330.070 1763.26260.750.000000 0 3 0   0  A2" 0 0 0   1  E'   7  6  A2'A1"   8  8  E' A1' 331110 1 1 1 0 0 0   120.0  136.0
571  605.100156 1.888E-27 3.996E-05.03330.070 1760.88090.750.000000 0 3 0   0  A2" 0 0 0   1  E'   6  2  E' E"    7  6  A2'E'  331110 1 1 1 0 0 0    52.0   60.0
571  605.327344 6.103E-21 1.978E+00.03330.070  773.68380.750.000000 0 2 0   0  A1' 0 1 0   0  A2"  3  2  E' E'    4  2  E' E"  441110 1 1 1 0 0 0    28.0   36.0
571  605.346670 3.758E-26 2.799E-04.03330.070 1892.18450.750.000000 0 0 0   0  A1' 0 0 0   0  A1' 17  9  A1"A1"  16 12  A1'A1' 331110 1 1 1 0 0 0   280.0  264.0
571  605.347447 1.953E-21 2.310E+00.03330.070 1346.14020.750.000000 0 1 0   0  A2" 0 0 0   0  A1' 15 14  E' E"   15 14  E' E'  441110 1 1 1 0 0 0   124.0  124.0
571  605.360179 1.519E-27 2.935E-05.03330.070 1771.32410.750.000000 0 1 0   1  E"  0 2 0   0  A1'  7  6  A1'E"    7  2  E' E'  331110 1 1 1 0 0 0    60.0   60.0
571  605.399612 2.200E-23 9.921E-01.03330.070 1971.53490.750.000000 0 1 0   1  E"  0 0 0   1  E'   8  5  E" E'    8  5  E" E"  441110 1 1 1 0 0 0    68.0   68.0
571  605.496968 1.133E-24 2.002E-02.03330.070 1944.30570.750.000000 0 1 0   1  E"  0 2 0   0  A1'  9  8  E' A1"   9  6  A1'A1' 331110 1 1 1 0 0 0   152.0  152.0
571  605.541649 4.340E-23 1.437E+00.03760.070 1907.82160.750.000000 0 1 0   1  E"  0 0 0   1  E'   8  6  A1'E"    8  6  A2'E'  442110 1 1 2 0 0 0    68.0   68.0
571  605.776069 3.001E-23 6.165E-01.03940.070 1754.38170.750.000000 0 1 0   1  E"  0 0 0   1  E'   6  3  A1"E'    6  3  A2"E"  442110 1 1 2 0 0 0    52.0   52.0
571  605.806181 9.719E-24 2.280E-01.03330.070 1781.61070.750.000000 0 1 0   1  E"  0 0 0   1  E'   6  2  E' E"    6  2  E' E'  331110 1 1 1 0 0 0    52.0   52.0
571  605.823188 2.214E-27 2.476E-05.03330.070 1501.90890.750.000000 0 3 0   0  A2" 0 0 0   1  E'   3  2  E' E"    4  4  E' E'  331110 1 1 1 0 0 0    28.0   36.0
571  605.856649 3.284E-27 8.295E-05.03330.070 1852.01510.750.000000 0 3 0   0  A2" 0 0 0   1  E'   8  7  E" E'    9  9  A1"E"  331110 1 1 1 0 0 0    68.0   76.0
571  605.987763 2.314E-27 9.828E-04.03330.070 2568.93220.750.000000 0 0 0   1  E'  0 1 0   0  A2" 16 13  E" E"   16 11  E" E'  331110 1 1 1 0 0 0   132.0  132.0
571  605.991694 3.670E-25 1.273E-02.03900.070 1891.36300.750.000000 0 1 0   1  E"  0 0 0   1  E'   7  3  A1"E'    7  3  A1"E"  332110 1 1 2 0 0 0    60.0   60.0
571  606.090202 1.535E-19 1.955E+00.03330.070   38.11860.750.000000 0 1 0   0  A2" 0 0 0   0  A1'  2  2  E' E"    2  2  E' E'  441110 1 1 1 0 0 0    20.0   20.0
571  606.104835 1.511E-26 2.355E-01.03330.070 3322.13420.750.000000 0 2 0   0  A1' 0 1 0   0  A2" 17  4  E' E'   17  4  E' E"  331110 1 1 1 0 0 0   140.0  140.0
571  606.118736 4.110E-19 2.198E+00.04250.070   71.39630.750.000000 0 1 0   0  A2" 0 0 0   0  A1'  3  3  A2"A1'   3  3  A1"A1" 442110 1 1 2 0 0 0    56.0   56.0
571  606.191206 1.882E-21 2.340E+00.03540.070 1511.28230.750.000000 0 1 0   0  A2" 0 0 0   0  A1' 16 15  A2"A1'  16 15  A1"A1" 442110 1 1 2 0 0 0   264.0  264.0
571  606.200142 7.761E-20 1.468E+00.03330.070   14.31900.750.000000 0 1 0   0  A2" 0 0 0   0  A1'  1  1  E" E'    1  1  E" E"  441110 1 1 1 0 0 0    12.0   12.0
571  606.242706 2.523E-25 3.235E-03.03330.070 1581.36070.750.000000 0 3 0   0  A2" 0 0 0   1  E'   4  1  E" E'    4  1  E" E"  331110 1 1 1 0 0 0    36.0   36.0
571  606.284711 2.288E-19 2.344E+00.03330.070  114.14820.750.000000 0 1 0   0  A2" 0 0 0   0  A1'  4  4  E' E"    4  4  E' E'  441110 1 1 1 0 0 0    36.0   36.0
571  606.340346 1.411E-22 8.398E-01.03860.070 1641.65470.750.000000 0 3 0   0  A2" 0 2 0   0  A1'  6  6  A2'A1"   7  6  A1'A1' 442110 1 1 2 0 0 0   104.0  120.0
571  606.348251 1.648E-28 2.006E-06.03330.070 1449.73540.750.000000 0 3 0   0  A2" 0 0 0   1  E'   2  2  E' E"    2  0  A1'E'  331110 1 1 1 0 0 0    20.0   20.0
571  606.390475 2.065E-26 9.520E-01.03350.070 3709.93360.750.000000 0 2 0   0  A1' 0 1 0   0  A2" 19  9  A1"A1"  19  9  A2"A1' 332110 1 1 2 0 0 0   312.0  312.0
571  606.587056 2.259E-19 2.442E+00.03330.070  166.36930.750.000000 0 1 0   0  A2" 0 0 0   0  A1'  5  5  E" E'    5  5  E" E"  441110 1 1 1 0 0 0    44.0   44.0
571  606.603880 1.791E-26 6.435E-01.03330.070 3505.10090.750.000000 0 2 0   0  A1' 0 1 0   0  A2" 18  7  E" E"   18  7  E" E'  331110 1 1 1 0 0 0   148.0  148.0
571  606.721891 5.487E-23 8.195E-01.03330.070 1860.23060.750.000000 0 1 0   1  E"  0 0 0   1  E'   7  4  E' A1"   7  4  E' A1' 441110 1 1 1 0 0 0   120.0  120.0
571  606.733102 5.630E-26 2.159E-04.03330.070 1685.62530.750.000000 0 0 0   1  E'  0 1 0   0  A2" 12 11  E" A1"  12  9  A2"A1' 331110 1 1 1 0 0 0   200.0  200.0
571  606.836403 1.116E-22 1.295E+00.03330.070 1808.14680.750.000000 0 1 0   1  E"  0 0 0   1  E'   7  5  E" A1'   7  5  E" A1" 441110 1 1 1 0 0 0   120.0  120.0
571  606.865255 6.386E-25 2.220E-02.03330.070 1891.36300.750.000000 0 3 0   0  A2" 0 0 0   1  E'   7  1  E" E'    7  3  A1"E"  331110 1 1 1 0 0 0    60.0   60.0
571  606.960852 4.808E-26 2.679E-05.03330.070 1190.31400.750.000000 0 0 0   0  A1' 0 0 0   0  A1' 15 10  E' E'   14 13  E" E"  331110 1 1 1 0 0 0   124.0  116.0
571  606.962349 1.374E-28 3.320E-04.03330.070 3102.97120.750.000000 0 1 0   0  A2" 0 1 0   0  A2" 19  9  A2"A1'  18 12  A2'A1" 331110 1 1 1 0 0 0   312.0  296.0
571  607.024583 4.065E-19 2.514E+00.03900.070  228.05330.750.000000 0 1 0   0  A2" 0 0 0   0  A1'  6  6  A2'A1"   6  6  A1'A1' 442110 1 1 2 0 0 0   104.0  104.0
571  607.107050 1.111E-27 4.062E-05.03330.070 1950.11270.750.000000 0 3 0   0  A2" 0 0 0   1  E'   9  8  E' E"   10 10  E' E'  331110 1 1 1 0 0 0    76.0   84.0
571  607.131805 7.719E-28 9.899E-06.03330.070 1460.01680.750.000000 0 3 0   0  A2" 0 0 0   1  E'   2  1  E" E'    3  3  A1"E"  331110 1 1 1 0 0 0    20.0   28.0
571  607.134272 4.313E-22 2.367E+00.03330.070 1685.72090.750.000000 0 1 0   0  A2" 0 0 0   0  A1' 17 16  E' E"   17 16  E' E'  441110 1 1 1 0 0 0   140.0  140.0
571  607.206107 7.965E-21 1.165E+00.04070.070  751.50620.750.000000 0 2 0   0  A1' 0 1 0   0  A2"  3  3  A1"A1"   4  3  A2"A1' 442110 1 1 2 0 0 0    56.0   72.0
571  607.366720 1.391E-27 1.549E-05.03330.070 1551.80560.750.000000 0 1 0   1  E"  0 2 0   0  A1'  4  3  A2"E'    5  1  E" E"  331110 1 1 1 0 0 0    36.0   44.0
571  607.423844 5.843E-26 1.023E-03.03930.070 1686.13980.750.000000 0 1 0   1  E"  0 0 0   1  E'   5  0  A2'E"    5  0  A2'E'  332110 1 1 2 0 0 0    44.0   44.0
571  607.478608 5.907E-24 1.002E-01.03330.070 1679.58460.750.000000 0 1 0   1  E"  0 0 0   1  E'   5  1  E" E'    5  1  E" E"  331110 1 1 1 0 0 0    44.0   44.0
571  607.596025 1.693E-19 2.569E+00.03330.070  299.19310.750.000000 0 1 0   0  A2" 0 0 0   0  A1'  7  7  E" E'    7  7  E" E"  441110 1 1 1 0 0 0    60.0   60.0
571  607.610183 3.563E-27 1.316E-03.03330.070 2446.18680.750.000000 0 1 0   1  E"  0 2 0   0  A1' 10  0  A1'E"   11  2  E' E'  331110 1 1 1 0 0 0    84.0   92.0
571  607.711653 5.836E-27 1.287E+00.03330.070 3898.86030.750.000000 0 2 0   0  A1' 0 1 0   0  A2" 20 11  E" E"   20 11  E" E'  331110 1 1 1 0 0 0   164.0  164.0
571  607.738596 1.349E-25 5.562E-03.03330.070 1925.86020.750.000000 0 1 0   1  E"  0 2 0   0  A1'  7  1  E" E'    8  1  E" E"  331110 1 1 1 0 0 0    60.0   68.0
571  607.739797 9.472E-28 1.709E+00.03330.070 4350.39300.750.000000 0 2 0   0  A1' 0 1 0   0  A2" 22 14  E' E'   22 14  E' E"  331110 1 1 1 0 0 0   180.0  180.0
571  607.792938 3.691E-27 2.640E-05.03330.070 1614.12100.750.000000 0 0 0   1  E'  0 1 0   0  A2"  9  3  A1"E"   10  1  E" E'  331110 1 1 1 0 0 0    76.0   84.0
571  607.896715 5.011E-28 1.181E-04.03330.070 2420.02640.750.000000 0 0 0   1  E'  0 1 0   0  A2" 14  9  A2"E"   14  5  E" E'  331110 1 1 1 0 0 0   116.0  116.0
571  607.967499 4.789E-23 3.758E-01.03330.070 1663.22410.750.000000 0 1 0   1  E"  0 0 0   1  E'   5  2  E' A1"   5  2  E' A1' 441110 1 1 1 0 0 0    88.0   88.0
571  608.173024 1.880E-22 2.392E+00.03330.070 1869.43510.750.000000 0 1 0   0  A2" 0 0 0   0  A1' 18 17  E" E'   18 17  E" E"  441110 1 1 1 0 0 0   148.0  148.0
571  608.188884 2.897E-23 6.107E-01.03940.070 1758.16650.750.000000 0 1 0   1  E"  0 0 0   1  E'   6  3  A2"E'    6  3  A1"E"  442110 1 1 2 0 0 0    52.0   52.0
571  608.275648 6.440E-23 1.116E+00.03330.070 1717.79430.750.000000 0 1 0   1  E"  0 0 0   1  E'   6  4  E' E"    6  4  E' E'  441110 1 1 1 0 0 0    52.0   52.0
571  608.300026 1.318E-19 2.614E+00.03330.070  379.78000.750.000000 0 1 0   0  A2" 0 0 0   0  A1'  8  8  E' E"    8  8  E' E'  441110 1 1 1 0 0 0    68.0   68.0
571  608.343225 2.848E-26 3.716E-01.03330.070 3284.20860.750.000000 0 2 0   0  A1' 0 1 0   0  A2" 17  5  E" E"   17  5  E" E'  331110 1 1 1 0 0 0   140.0  140.0
571  608.351381 1.734E-23 1.359E-01.03330.070 1662.84020.750.000000 0 1 0   1  E"  0 2 0   0  A1'  5  2  E' A1"   6  0  A1'A1' 441110 1 1 1 0 0 0    88.0  104.0
571  608.746993 2.117E-26 2.561E-04.03330.070 1567.84740.750.000000 0 3 0   0  A2" 0 0 0   1  E'   4  2  E' E"    4  2  E' E'  331110 1 1 1 0 0 0    36.0   36.0
571  608.753583 8.748E-28 2.450E-05.03330.070 2057.54480.750.000000 0 3 0   0  A2" 0 0 0   1  E'  10  9  A2"A1'  11 11  E" A1" 331110 1 1 1 0 0 0   168.0  184.0
571  608.769879 1.298E-28 1.692E-04.03330.070 2913.91100.750.000000 0 3 0   0  A2" 0 0 0   1  E'  14  9  A2"A1'  13  7  E" A1" 331110 1 1 1 0 0 0   232.0  216.0
571  608.851649 2.613E-26 1.876E-04.03330.070 1614.12100.750.000000 0 0 0   1  E'  0 1 0   0  A2"  9  3  A2"E"   10  1  E" E'  331110 1 1 1 0 0 0    76.0   84.0
571  608.871058 7.456E-28 6.840E-06.03330.070 1427.51450.750.000000 0 3 0   0  A2" 0 0 0   1  E'   1  0  A2'A1"   2  2  E' A1' 331110 1 1 1 0 0 0    24.0   40.0
571  609.065322 1.989E-28 3.958E-05.03330.070 2411.12940.750.000000 0 2 0   0  A1' 0 0 0   0  A1' 16 13  E" E"   17 10  E' E'  331110 1 1 1 0 0 0   132.0  140.0
571  609.135142 1.923E-19 2.652E+00.03610.070  469.80430.750.000000 0 1 0   0  A2" 0 0 0   0  A1'  9  9  A2"A1'   9  9  A1"A1" 442110 1 1 2 0 0 0   152.0  152.0
571  609.303821 1.562E-22 2.415E+00.03490.070 2062.40330.750.000000 0 1 0   0  A2" 0 0 0   0  A1' 19 18  A2'A1"  19 18  A1'A1' 442110 1 1 2 0 0 0   312.0  312.0
571  609.364121 1.384E-23 1.856E+00.03330.070 2415.19970.750.000000 0 1 0   1  E"  0 0 0   1  E'  12 10  E' A1"  12 10  E' A1' 441110 1 1 1 0 0 0   200.0  200.0
571  609.404946 1.200E-23 1.785E+00.03550.070 2276.74340.750.000000 0 1 0   1  E"  0 0 0   1  E'  11  9  A1"E'   11  9  A2"E"  442110 1 1 2 0 0 0    92.0   92.0
571  609.434494 3.320E-26 2.394E-03.03330.070 2231.03170.750.000000 0 1 0   1  E"  0 2 0   0  A1'  9  1  E" A1'  10  3  A1"A1" 331110 1 1 1 0 0 0   152.0  168.0
571  609.436436 3.765E-24 1.917E+00.03330.070 2562.91990.750.000000 0 1 0   1  E"  0 0 0   1  E'  13 11  E" E'   13 11  E" E"  331110 1 1 1 0 0 0   108.0  108.0
571  609.563443 1.954E-23 1.700E+00.03330.070 2147.56490.750.000000 0 1 0   1  E"  0 0 0   1  E'  10  8  E' E"   10  8  E' E'  441110 1 1 1 0 0 0    84.0   84.0
571  609.617488 1.935E-24 1.970E+00.03560.070 2719.88880.750.000000 0 1 0   1  E"  0 0 0   1  E'  14 12  A2'E"   14 12  A2'E'  332110 1 1 2 0 0 0   116.0  116.0
571  609.667749 3.267E-27 1.690E-02.03330.070 3080.89680.750.000000 0 2 0   0  A1' 0 1 0   0  A2" 16  1  E" E"   16  1  E" E'  331110 1 1 1 0 0 0   132.0  132.0
571  609.780684 9.894E-27 5.173E-02.03330.070 3237.79210.750.000000 0 0 0   1  E'  0 1 0   0  A2" 17 10  E' A1'  17  6  A2'A1" 331110 1 1 1 0 0 0   280.0  280.0
571  609.800725 2.557E-23 2.217E+00.03330.070 2165.48380.750.000000 0 1 0   1  E"  0 0 0   1  E'  11 10  E' E"   11 10  E' E'  441110 1 1 1 0 0 0    92.0   92.0
571  609.821476 2.229E-23 3.553E-01.03330.070 1665.23650.750.000000 0 1 0   1  E"  0 0 0   1  E'   5  2  E' E"    5  2  E' E'  441110 1 1 1 0 0 0    44.0   44.0
571  609.824765 3.061E-23 2.263E+00.03330.070 2292.35840.750.000000 0 1 0   1  E"  0 0 0   1  E'  12 11  E" A1'  12 11  E" A1" 441110 1 1 1 0 0 0   200.0  200.0
571  609.844282 5.947E-23 1.598E+00.03330.070 2027.67690.750.000000 0 1 0   1  E"  0 0 0   1  E'   9  7  E" A1'   9  7  E" A1" 441110 1 1 1 0 0 0   152.0  152.0
571  609.865340 6.396E-23 8.878E-01.03960.070 1636.77110.750.000000 0 1 0   1  E"  0 0 0   1  E'   5  3  A2"E'    5  3  A1"E"  442110 1 1 2 0 0 0    44.0   44.0
571  609.878950 3.078E-28 2.323E-03.03330.070 3158.54680.750.000000 0 0 0   1  E'  0 2 0   0  A1' 16  7  E" E"   15  8  E' E'  331110 1 1 1 0 0 0   132.0  124.0
571  609.903056 1.886E-24 2.015E+00.03330.070 2886.08990.750.000000 0 1 0   1  E"  0 0 0   1  E'  15 13  E" A1'  15 13  E" A1" 331110 1 1 1 0 0 0   248.0  248.0
571  609.904563 4.031E-23 2.162E+00.03600.070 2047.91450.750.000000 0 1 0   1  E"  0 0 0   1  E'  10  9  A2"E'   10  9  A1"E"  442110 1 1 2 0 0 0    84.0   84.0
571  609.937886 1.115E-27 2.866E-03.03330.070 3102.97120.750.000000 0 0 0   1  E'  0 1 0   0  A2" 18 14  E' A1'  18 12  A2'A1" 331110 1 1 1 0 0 0   296.0  296.0
571  609.970640 8.670E-24 2.301E+00.03590.070 2428.52690.750.000000 0 1 0   1  E"  0 0 0   1  E'  13 12  A2'E"   13 12  A1'E'  332110 1 1 2 0 0 0   108.0  108.0
571  610.099847 6.619E-20 2.685E+00.03330.070  569.25540.750.000000 0 1 0   0  A2" 0 0 0   0  A1' 10 10  E' E"   10 10  E' E'  441110 1 1 1 0 0 0    84.0   84.0
571  610.104113 1.254E-26 1.097E-02.03330.070 2657.87800.750.000000 0 3 0   0  A2" 0 0 0   1  E'  12  5  E" E'   12  7  E" E"  331110 1 1 1 0 0 0   100.0  100.0
571  610.173472 1.185E-22 2.077E+00.03330.070 1939.62920.750.000000 0 1 0   1  E"  0 0 0   1  E'   9  8  E' A1"   9  8  E' A1' 441110 1 1 1 0 0 0   152.0  152.0
571  610.233958 4.655E-24 2.335E+00.03330.070 2573.97530.750.000000 0 1 0   1  E"  0 0 0   1  E'  14 13  E" E'   14 13  E" E"  331110 1 1 1 0 0 0   116.0  116.0
571  610.249247 4.194E-23 1.473E+00.03760.070 1917.09320.750.000000 0 1 0   1  E"  0 0 0   1  E'   8  6  A2'E"    8  6  A2'E'  442110 1 1 2 0 0 0    68.0   68.0
571  610.289185 4.357E-25 2.055E+00.03330.070 3061.50540.750.000000 0 1 0   1  E"  0 0 0   1  E'  16 14  E' E"   16 14  E' E'  331110 1 1 1 0 0 0   132.0  132.0
571  610.358769 3.197E-26 8.547E-01.03330.070 3441.98500.750.000000 0 2 0   0  A1' 0 1 0   0  A2" 18  8  E' E'   18  8  E' E"  331110 1 1 1 0 0 0   148.0  148.0
571  610.402841 1.451E-28 2.125E+00.03330.070 4796.98160.750.000000 0 2 0   0  A1' 0 1 0   0  A2" 24 17  E" E"   24 17  E" E'  331110 1 1 1 0 0 0   196.0  196.0
571  610.429498 1.392E-26 6.781E-02.03330.070 3068.20990.750.000000 0 2 0   0  A1' 0 1 0   0  A2" 16  2  E' E'   16  2  E' E"  331110 1 1 1 0 0 0   132.0  132.0
571  610.460569 8.290E-23 2.011E+00.03330.070 1840.79000.750.000000 0 1 0   1  E"  0 0 0   1  E'   8  7  E" E'    8  7  E" E"  441110 1 1 1 0 0 0    68.0   68.0
571  610.523033 3.088E-23 2.437E+00.03330.070 2264.60250.750.000000 0 1 0   0  A2" 0 0 0   0  A1' 20 19  E" E'   20 19  E" E"  441110 1 1 1 0 0 0   164.0  164.0
571  610.542205 2.744E-28 2.043E-04.03330.070 2797.62870.750.000000 0 0 0   1  E'  0 1 0   0  A2" 14  2  E' A1'  15  0  A2'A1" 331110 1 1 1 0 0 0   232.0  248.0
571  610.563341 4.325E-23 2.507E-01.03330.070 1506.30820.750.000000 0 1 0   1  E"  0 0 0   1  E'   3  1  E" A1'   3  1  E" A1" 441110 1 1 1 0 0 0    56.0   56.0
571  610.588743 3.342E-27 1.645E+00.03330.070 4071.97930.750.000000 0 2 0   0  A1' 0 1 0   0  A2" 21 13  E" E"   21 13  E" E'  331110 1 1 1 0 0 0   172.0  172.0
571  610.610704 4.743E-24 2.364E+00.03330.070 2728.68820.750.000000 0 1 0   1  E"  0 0 0   1  E'  15 14  E' A1"  15 14  E' A1' 331110 1 1 1 0 0 0   248.0  248.0
571  610.772290 1.913E-25 2.089E+00.03530.070 3246.11640.750.000000 0 1 0   1  E"  0 0 0   1  E'  17 15  A1"E'   17 15  A2"E"  332110 1 1 2 0 0 0   140.0  140.0
571  610.787382 1.829E-28 1.660E-05.03330.070 2174.29920.750.000000 0 3 0   0  A2" 0 0 0   1  E'  11 10  E' E"   12 12  A2'E'  331110 1 1 1 0 0 0    92.0  100.0
571  610.790316 5.424E-23 1.322E+00.03330.070 1815.81580.750.000000 0 1 0   1  E"  0 0 0   1  E'   7  5  E" E'    7  5  E" E"  441110 1 1 1 0 0 0    60.0   60.0
571  610.796586 2.425E-26 3.248E-04.04000.070 1587.60990.750.000000 0 1 0   1  E"  0 0 0   1  E'   4  0  A1'E"    4  0  A1'E'  332110 1 1 2 0 0 0    36.0   36.0
571  610.887621 1.134E-23 1.473E-01.03330.070 1581.36070.750.000000 0 1 0   1  E"  0 0 0   1  E'   4  1  E" E'    4  1  E" E"  441110 1 1 1 0 0 0    36.0   36.0
571  610.960706 1.488E-27 1.125E-03.03330.070 2610.20500.750.000000 0 1 0   1  E"  0 2 0   0  A1' 11  2  E' E"   12  4  E' E'  331110 1 1 1 0 0 0    92.0  100.0
571  610.968516 1.073E-22 1.912E+00.03830.070 1751.20790.750.000000 0 1 0   1  E"  0 0 0   1  E'   7  6  A2'E"    7  6  A1'E'  442110 1 1 2 0 0 0    60.0   60.0
571  611.097068 1.149E-24 2.389E+00.03540.070 2892.64880.750.000000 0 1 0   1  E"  0 0 0   1  E'  16 15  A1"E'   16 15  A1"E"  332110 1 1 2 0 0 0   132.0  132.0
571  611.155393 1.891E-26 1.200E+00.03330.070 3630.15380.750.000000 0 2 0   0  A1' 0 1 0   0  A2" 19 10  E' E'   19 10  E' E"  331110 1 1 1 0 0 0   156.0  156.0
571  611.171700 1.164E-27 1.344E-05.03330.070 1749.78290.750.000000 0 0 0   1  E'  0 1 0   0  A2" 11  8  E' E'   11  4  E' E"  331110 1 1 1 0 0 0    92.0   92.0
571  611.192531 4.304E-20 2.716E+00.03330.070  678.12120.750.000000 0 1 0   0  A2" 0 0 0   0  A1' 11 11  E" E'   11 11  E" E"  441110 1 1 1 0 0 0    92.0   92.0
571  611.275854 9.329E-26 4.900E-01.03320.070 3237.79210.750.000000 0 2 0   0  A1' 0 1 0   0  A2" 17  6  A1'A1'  17  6  A2'A1" 331110 1 1 1 0 0 0   280.0  280.0
571  611.349284 1.596E-25 2.119E+00.03330.070 3439.90270.750.000000 0 1 0   1  E"  0 0 0   1  E'  18 16  E' A1"  18 16  E' A1' 331110 1 1 1 0 0 0   296.0  296.0
571  611.465906 1.256E-22 1.132E+00.03330.070 1723.85730.750.000000 0 1 0   1  E"  0 0 0   1  E'   6  4  E' A1"   6  4  E' A1' 441110 1 1 1 0 0 0   104.0  104.0
571  611.608169 2.554E-22 1.780E+00.03330.070 1670.98490.750.000000 0 1 0   1  E"  0 0 0   1  E'   6  5  E" A1'   6  5  E" A1" 441110 1 1 1 0 0 0   104.0  104.0
571  611.636346 9.953E-23 5.991E-01.03330.070 1565.08340.750.000000 0 1 0   1  E"  0 0 0   1  E'   4  2  E' A1"   4  2  E' A1' 441110 1 1 1 0 0 0    72.0   72.0
571  611.689438 5.289E-25 2.412E+00.03330.070 3065.83930.750.000000 0 1 0   1  E"  0 0 0   1  E'  17 16  E' E"   17 16  E' E'  331110 1 1 1 0 0 0   140.0  140.0
571  611.716443 4.189E-28 1.457E-07.03330.070 1083.63440.750.000000 0 0 0   1  E'  0 1 0   0  A2"  7  7  E" A1"   7  3  A2"A1' 331110 1 1 1 0 0 0   120.0  120.0
571  611.823216 6.955E-26 1.535E-01.03370.070 3046.98270.750.000000 0 2 0   0  A1' 0 1 0   0  A2" 16  3  A1"A1"  16  3  A2"A1' 332110 1 1 2 0 0 0   264.0  264.0
571  611.827078 1.163E-23 2.457E+00.03330.070 2476.00880.750.000000 0 1 0   0  A2" 0 0 0   0  A1' 21 20  E' E"   21 20  E' E'  441110 1 1 1 0 0 0   172.0  172.0
571  611.953707 4.561E-26 7.814E-05.03330.070 1338.15900.750.000000 0 0 0   1  E'  0 1 0   0  A2" 10 10  E' E'   10  8  E' E"  331110 1 1 1 0 0 0    84.0   84.0
571  611.973698 5.194E-28 1.087E-05.03940.070 1754.38170.750.000000 0 1 0   1  E"  0 0 0   1  E'   6  3  A2"E'    6  3  A2"E"  332110 1 1 2 0 0 0    52.0   52.0
571  612.017728 3.171E-26 2.146E+00.03330.070 3642.84280.750.000000 0 1 0   1  E"  0 0 0   1  E'  19 17  E" E'   19 17  E" E"  331110 1 1 1 0 0 0   156.0  156.0
571  612.124172 1.378E-25 1.232E-04.03330.070 1105.67010.750.000000 0 0 0   1  E'  0 1 0   0  A2"  6  4  E' E'    7  2  E' E"  331110 1 1 1 0 0 0    52.0   60.0
571  612.268202 1.784E-28 9.808E-04.03330.070 3050.56900.750.000000 0 1 0   1  E"  0 2 0   0  A1' 13  3  A1"E'   14  5  E" E"  331110 1 1 1 0 0 0   108.0  116.0
571  612.281444 6.233E-23 8.905E-01.03960.070 1641.21420.750.000000 0 1 0   1  E"  0 0 0   1  E'   5  3  A1"E'    5  3  A2"E"  442110 1 1 2 0 0 0    44.0   44.0
571  612.384473 4.637E-25 2.432E+00.03330.070 3248.24050.750.000000 0 1 0   1  E"  0 0 0   1  E'  18 17  E" A1'  18 17  E" A1" 331110 1 1 1 0 0 0   296.0  296.0
571  612.390173 1.371E-22 1.604E+00.03330.070 1600.12180.750.000000 0 1 0   1  E"  0 0 0   1  E'   5  4  E' E"    5  4  E' E'  441110 1 1 1 0 0 0    44.0   44.0
571  612.411514 5.300E-20 2.743E+00.03600.070  796.38850.750.000000 0 1 0   0  A2" 0 0 0   0  A1' 12 12  A2'A1"  12 12  A1'A1' 442110 1 1 2 0 0 0   200.0  200.0
571  612.730137 5.496E-28 2.081E+00.03330.070 4508.72890.750.000000 0 2 0   0  A1' 0 1 0   0  A2" 23 16  E' E'   23 16  E' E"  331110 1 1 1 0 0 0   188.0  188.0
571  612.776020 1.199E-26 2.169E+00.03470.070 3854.91390.750.000000 0 1 0   1  E"  0 0 0   1  E'  20 18  A1'E"   20 18  A2'E'  332110 1 1 2 0 0 0   164.0  164.0
571  613.027673 9.765E-27 1.570E-03.03330.070 2251.22500.750.000000 0 1 0   1  E"  0 2 0   0  A1'  9  0  A2'E"   10  2  E' E'  331110 1 1 1 0 0 0    76.0   84.0
571  613.081989 6.006E-28 7.535E-05.03330.070 2256.59940.750.000000 0 0 0   1  E'  0 1 0   0  A2" 12  2  E' E'   13  2  E' E"  331110 1 1 1 0 0 0   100.0  108.0
571  613.179192 9.680E-26 2.451E+00.03490.070 3439.83220.750.000000 0 1 0   1  E"  0 0 0   1  E'  19 18  A2'E"   19 18  A2'E'  332110 1 1 2 0 0 0   156.0  156.0
571  613.205715 1.728E-25 9.670E-03.03330.070 2011.09920.750.000000 0 3 0   0  A2" 0 0 0   1  E'   8  2  E' E"    8  4  E' E'  331110 1 1 1 0 0 0    68.0   68.0
571  613.210930 2.926E-27 7.023E-03.03330.070 2894.20820.750.000000 0 1 0   1  E"  0 2 0   0  A1' 14 10  E' E"   14  8  E' E'  331110 1 1 1 0 0 0   116.0  116.0
571  613.212469 8.367E-24 2.476E+00.03430.070 2696.59710.750.000000 0 1 0   0  A2" 0 0 0   0  A1' 22 21  A2"A1'  22 21  A1"A1" 332110 1 1 2 0 0 0   360.0  360.0
571  613.247271 4.703E-23 5.765E-01.03330.070 1567.84740.750.000000 0 1 0   1  E"  0 0 0   1  E'   4  2  E' E"    4  2  E' E'  441110 1 1 1 0 0 0    36.0   36.0
571  613.319416 1.281E-22 1.362E+00.04050.070 1538.62410.750.000000 0 1 0   1  E"  0 0 0   1  E'   4  3  A1"E'    4  3  A2"E"  442110 1 1 2 0 0 0    36.0   36.0
571  613.480826 2.182E-26 8.014E-03.03330.070 2477.28880.750.000000 0 1 0   1  E"  0 2 0   0  A1' 12  9  A1"E'   12  7  E" E"  331110 1 1 1 0 0 0   100.0  100.0
571  613.481184 2.147E-23 2.467E-01.03330.070 1502.73640.750.000000 0 1 0   1  E"  0 0 0   1  E'   3  1  E" E'    3  1  E" E"  441110 1 1 1 0 0 0    28.0   28.0
571  613.513827 7.155E-26 2.749E-01.03330.070 3017.40920.750.000000 0 2 0   0  A1' 0 1 0   0  A2" 16  4  E' E'   16  4  E' E"  331110 1 1 1 0 0 0   132.0  132.0
571  613.537605 2.238E-26 1.571E+00.03390.070 3802.40870.750.000000 0 2 0   0  A1' 0 1 0   0  A2" 20 12  A1'A1'  20 12  A2'A1" 332110 1 1 2 0 0 0   328.0  328.0
571  613.540660 4.660E-27 5.517E-05.04230.070 1508.80930.750.000000 0 1 0   1  E"  0 0 0   1  E'   3  0  A2'E"    3  0  A2'E'  332110 1 1 2 0 0 0    28.0   28.0
571  613.544221 1.886E-26 1.784E-04.03330.070 1462.59760.750.000000 0 1 0   1  E"  0 2 0   0  A1'  3  3  A2"E'    4  1  E" E"  331110 1 1 1 0 0 0    28.0   36.0
571  613.623608 8.645E-27 2.190E+00.03330.070 4076.09200.750.000000 0 1 0   1  E"  0 0 0   1  E'  21 19  E" A1'  21 19  E" A1" 331110 1 1 1 0 0 0   344.0  344.0
571  613.635483 3.007E-26 1.049E-03.03330.070 1913.70700.750.000000 0 1 0   1  E"  0 2 0   0  A1'  8  6  A2'E"    8  2  E' E'  331110 1 1 1 0 0 0    68.0   68.0
571  613.690794 2.306E-24 3.020E-02.03330.070 1686.24340.750.000000 0 1 0   1  E"  0 2 0   0  A1'  7  7  E" E'    7  5  E" E"  331110 1 1 1 0 0 0    60.0   60.0
571  613.755051 1.548E-20 2.770E+00.03330.070  924.04330.750.000000 0 1 0   0  A2" 0 0 0   0  A1' 13 13  E" E'   13 13  E" E"  441110 1 1 1 0 0 0   108.0  108.0
571  614.050364 4.028E-28 2.384E-06.03330.070 1508.45990.750.000000 0 3 0   0  A2" 0 0 0   1  E'   3  0  A2'A1"   4  4  E' A1' 331110 1 1 1 0 0 0    56.0   72.0
571  614.071107 3.851E-26 2.467E+00.03330.070 3640.59300.750.000000 0 1 0   1  E"  0 0 0   1  E'  20 19  E" E'   20 19  E" E"  331110 1 1 1 0 0 0   164.0  164.0
571  614.233938 2.763E-28 2.828E-03.03330.070 3218.53740.750.000000 0 0 0   1  E'  0 2 0   0  A1' 16  6  A1'E'   15  7  E" E"  331110 1 1 1 0 0 0   132.0  124.0
571  614.329059 1.920E-28 1.430E-05.03330.070 2321.71670.750.000000 0 0 0   1  E'  0 0 0   1  E'  14 10  E' A1'  13 13  E" A1" 331110 1 1 1 0 0 0   232.0  216.0
571  614.393795 1.907E-22 1.015E+00.03330.070 1486.49680.750.000000 0 1 0   1  E"  0 0 0   1  E'   3  2  E' A1"   3  2  E' A1' 441110 1 1 1 0 0 0    56.0   56.0
571  614.492351 9.216E-26 7.484E-01.03330.070 3182.84340.750.000000 0 2 0   0  A1' 0 1 0   0  A2" 17  7  E" E"   17  7  E" E'  331110 1 1 1 0 0 0   140.0  140.0
571  614.537361 2.043E-24 1.635E-02.03330.070 1663.22410.750.000000 0 3 0   0  A2" 0 0 0   1  E'   5  0  A2'A1"   5  2  E' A1' 331110 1 1 1 0 0 0    88.0   88.0
571  614.561234 1.486E-27 2.209E+00.03330.070 4306.35170.750.000000 0 1 0   1  E"  0 0 0   1  E'  22 20  E' E"   22 20  E' E'  331110 1 1 1 0 0 0   180.0  180.0
571  614.675862 1.434E-24 2.495E+00.03330.070 2926.34120.750.000000 0 1 0   0  A2" 0 0 0   0  A1' 23 22  E' E"   23 22  E' E'  331110 1 1 1 0 0 0   188.0  188.0
571  614.732467 1.153E-25 1.103E+00.03360.070 3370.29120.750.000000 0 2 0   0  A1' 0 1 0   0  A2" 18  9  A1"A1"  18  9  A2"A1' 332110 1 1 2 0 0 0   296.0  296.0
571  614.921242 4.009E-22 3.206E+00.03890.070 1662.84020.750.000000 0 3 0   0  A2" 0 2 0   0  A1'  5  0  A2'A1"   6  0  A1'A1' 442110 1 1 2 0 0 0    88.0  104.0
571  614.968216 2.063E-22 3.235E+00.03330.070 1658.78320.750.000000 0 3 0   0  A2" 0 2 0   0  A1'  5  1  E" E'    6  1  E" E"  441110 1 1 1 0 0 0    44.0   52.0
571  615.058376 2.921E-26 2.483E+00.03330.070 3850.49990.750.000000 0 1 0   1  E"  0 0 0   1  E'  21 20  E' A1"  21 20  E' A1' 331110 1 1 1 0 0 0   344.0  344.0
571  615.130977 3.964E-27 2.030E+00.03440.070 4229.32130.750.000000 0 2 0   0  A1' 0 1 0   0  A2" 22 15  A1"A1"  22 15  A2"A1' 332110 1 1 2 0 0 0   360.0  360.0
571  615.221348 8.580E-21 2.795E+00.03330.070 1061.07000.750.000000 0 1 0   0  A2" 0 0 0   0  A1' 14 14  E' E"   14 14  E' E'  441110 1 1 1 0 0 0   116.0  116.0
571  615.542215 6.609E-28 7.158E-03.03330.070 3371.95610.750.000000 0 1 0   1  E"  0 2 0   0  A1' 16 11  E" A1'  16  9  A1"A1" 331110 1 1 1 0 0 0   264.0  264.0
571  615.591222 4.867E-28 2.225E+00.03410.070 4545.66610.750.000000 0 1 0   1  E"  0 0 0   1  E'  23 21  A2"E'   23 21  A1"E"  332110 1 1 2 0 0 0   188.0  188.0
571  615.591505 7.071E-28 2.859E-04.03330.070 2638.37240.750.000000 0 1 0   1  E"  0 2 0   0  A1' 12  7  E" A1'  12  3  A1"A1" 331110 1 1 1 0 0 0   200.0  200.0
571  615.628094 1.345E-28 1.684E-06.04310.070 1449.73540.750.000000 0 1 0   1  E"  0 0 0   1  E'   2  0  A1'E"    2  0  A1'E'  332110 1 1 2 0 0 0    20.0   20.0
571  615.635555 4.205E-23 5.111E-01.03330.070 1443.74420.750.000000 0 1 0   1  E"  0 0 0   1  E'   2  1  E" E'    2  1  E" E"  441110 1 1 1 0 0 0    20.0   20.0
571  615.636133 2.675E-22 1.631E+00.03330.070 1606.53760.750.000000 0 1 0   1  E"  0 0 0   1  E'   5  4  E' A1"   5  4  E' A1' 441110 1 1 1 0 0 0    88.0   88.0
571  615.649840 1.239E-22 1.818E+00.03330.070 1679.03030.750.000000 0 1 0   1  E"  0 0 0   1  E'   6  5  E" E'    6  5  E" E"  441110 1 1 1 0 0 0    52.0   52.0
571  615.678809 4.460E-27 3.066E-04.03330.070 2273.79960.750.000000 0 0 0   1  E'  0 1 0   0  A2" 12  2  E' A1'  13  0  A2'A1" 331110 1 1 1 0 0 0   200.0  216.0
571  615.715913 1.618E-25 2.984E-02.03330.070 2440.88570.750.000000 0 1 0   1  E"  0 0 0   1  E'  10  1  E" A1'  10  1  E" A1" 331110 1 1 1 0 0 0   168.0  168.0
571  615.764897 1.254E-22 1.376E+00.04050.070 1543.40750.750.000000 0 1 0   1  E"  0 0 0   1  E'   4  3  A2"E'    4  3  A1"E"  442110 1 1 2 0 0 0    36.0   36.0
571  615.798775 5.442E-22 2.561E+00.03330.070 1553.18660.750.000000 0 1 0   1  E"  0 0 0   1  E'   5  5  E" A1'   5  5  E" A1" 441110 1 1 1 0 0 0    88.0   88.0
571  615.803334 1.036E-22 1.961E+00.03830.070 1760.88090.750.000000 0 1 0   1  E"  0 0 0   1  E'   7  6  A1'E"    7  6  A2'E'  442110 1 1 2 0 0 0    60.0   60.0
571  615.855084 2.459E-22 2.630E+00.03900.070 1613.84560.750.000000 0 1 0   1  E"  0 0 0   1  E'   6  6  A1'E"    6  6  A1'E'  442110 1 1 2 0 0 0    52.0   52.0
571  615.862342 1.350E-25 4.340E-01.03330.070 2979.25180.750.000000 0 2 0   0  A1' 0 1 0   0  A2" 16  5  E" E"   16  5  E" E'  331110 1 1 1 0 0 0   132.0  132.0
571  615.867152 1.053E-28 1.554E-06.03330.070 1852.08320.750.000000 0 3 0   0  A2" 0 0 0   1  E'   7  3  A2"A1'   8  7  E" A1" 331110 1 1 1 0 0 0   120.0  136.0
571  615.887751 2.746E-22 2.463E+00.03330.070 1501.90890.750.000000 0 1 0   1  E"  0 0 0   1  E'   4  4  E' E"    4  4  E' E'  441110 1 1 1 0 0 0    36.0   36.0
571  616.038201 9.289E-23 1.009E+00.03330.070 1489.63310.750.000000 0 1 0   1  E"  0 0 0   1  E'   3  2  E' E"    3  2  E' E'  441110 1 1 1 0 0 0    28.0   28.0
571  616.065900 2.014E-22 2.989E+00.03330.070 1646.61270.750.000000 0 3 0   0  A2" 0 2 0   0  A1'  5  2  E' E"    6  2  E' E'  441110 1 1 1 0 0 0    44.0   52.0
571  616.092120 2.036E-22 2.654E+00.03330.070 1683.84200.750.000000 0 1 0   1  E"  0 0 0   1  E'   7  7  E" E'    7  7  E" E"  441110 1 1 1 0 0 0    60.0   60.0
571  616.092804 5.057E-26 1.164E-03.03330.070 1771.32410.750.000000 0 1 0   1  E"  0 2 0   0  A1'  6  2  E' E"    7  2  E' E'  331110 1 1 1 0 0 0    52.0   60.0
571  616.092946 1.592E-22 2.074E+00.03330.070 1852.08320.750.000000 0 1 0   1  E"  0 0 0   1  E'   8  7  E" A1'   8  7  E" A1" 441110 1 1 1 0 0 0   136.0  136.0
571  616.125005 2.458E-22 2.314E+00.04250.070 1460.01680.750.000000 0 1 0   1  E"  0 0 0   1  E'   3  3  A2"E'    3  3  A1"E"  442110 1 1 2 0 0 0    28.0   28.0
571  616.136810 5.190E-25 6.012E-03.03330.070 1502.73640.750.000000 0 3 0   0  A2" 0 0 0   1  E'   3  1  E" E'    3  1  E" E"  331110 1 1 1 0 0 0    28.0   28.0
571  616.139991 5.284E-27 2.497E+00.03430.070 4069.52900.750.000000 0 1 0   1  E"  0 0 0   1  E'  22 21  A1"E'   22 21  A2"E"  332110 1 1 2 0 0 0   180.0  180.0
571  616.214123 4.694E-25 2.512E+00.03330.070 3165.21380.750.000000 0 1 0   0  A2" 0 0 0   0  A1' 24 23  E" E'   24 23  E" E"  331110 1 1 1 0 0 0   196.0  196.0
571  616.249273 8.221E-28 6.981E-02.03330.070 3697.18820.750.000000 0 0 0   1  E'  0 1 0   0  A2" 20 15  A1"E"   20 13  E" E'  331110 1 1 1 0 0 0   164.0  164.0
571  616.413439 3.219E-22 2.727E+00.03330.070 1763.26260.750.000000 0 1 0   1  E"  0 0 0   1  E'   8  8  E' A1"   8  8  E' A1' 441110 1 1 1 0 0 0   136.0  136.0
571  616.477340 1.140E-24 4.476E-02.03330.070 2078.83600.750.000000 0 1 0   1  E"  0 0 0   1  E'   8  1  E" A1'   8  1  E" A1" 331110 1 1 1 0 0 0   136.0  136.0
571  616.513548 3.662E-22 2.062E+00.03330.070 1427.51450.750.000000 0 1 0   1  E"  0 0 0   1  E'   2  2  E' A1"   2  2  E' A1' 441110 1 1 1 0 0 0    40.0   40.0
571  616.516129 5.691E-23 2.166E+00.03330.070 1952.62780.750.000000 0 1 0   1  E"  0 0 0   1  E'   9  8  E' E"    9  8  E' E'  441110 1 1 1 0 0 0    76.0   76.0
571  616.534969 5.142E-26 1.733E-04.03330.070 1431.06880.750.000000 0 0 0   1  E'  0 1 0   0  A2"  8  3  A2"E"    9  1  E" E'  331110 1 1 1 0 0 0    68.0   76.0
571  616.556162 2.149E-25 8.424E-03.03330.070 2121.90890.750.000000 0 1 0   1  E"  0 2 0   0  A1' 10  8  E' A1"  10  6  A1'A1' 331110 1 1 1 0 0 0   168.0  168.0
571  616.593334 3.545E-26 1.488E+00.03330.070 3541.71920.750.000000 0 2 0   0  A1' 0 1 0   0  A2" 19 11  E" E"   19 11  E" E'  331110 1 1 1 0 0 0   156.0  156.0
571  616.717803 3.044E-28 2.239E+00.03330.070 4794.00680.750.000000 0 1 0   1  E"  0 0 0   1  E'  24 22  E' A1"  24 22  E' A1' 331110 1 1 1 0 0 0   392.0  392.0
571  616.728734 8.853E-27 8.574E-03.03330.070 2833.22060.750.000000 0 3 0   0  A2" 0 0 0   1  E'  13  6  A2'A1"  13  8  E' A1' 331110 1 1 1 0 0 0   216.0  216.0
571  616.791964 1.427E-26 1.984E-02.03330.070 2793.37640.750.000000 0 2 0   0  A1' 0 1 0   0  A2" 15  1  E" E"   15  1  E" E'  331110 1 1 1 0 0 0   124.0  124.0
571  616.808578 9.041E-21 2.820E+00.03620.070 1207.45220.750.000000 0 1 0   0  A2" 0 0 0   0  A1' 15 15  A2"A1'  15 15  A1"A1" 442110 1 1 2 0 0 0   248.0  248.0
571  616.900386 1.182E-22 2.762E+00.03610.070 1852.01510.750.000000 0 1 0   1  E"  0 0 0   1  E'   9  9  A1"E'    9  9  A1"E"  442110 1 1 2 0 0 0    76.0   76.0
571  617.000654 1.935E-28 4.909E-04.03330.070 3095.90850.750.000000 0 0 0   1  E'  0 2 0   0  A1' 18 14  E' A1'  17 15  A1"A1" 331110 1 1 1 0 0 0   296.0  280.0
571  617.052107 9.233E-23 1.552E+00.03330.070 1404.40520.750.000000 0 1 0   1  E"  0 0 0   1  E'   1  1  E" E'    1  1  E" E"  441110 1 1 1 0 0 0    12.0   12.0
571  617.069648 3.810E-23 2.242E+00.03600.070 2062.50500.750.000000 0 1 0   1  E"  0 0 0   1  E'  10  9  A1"E'   10  9  A2"E"  442110 1 1 2 0 0 0    84.0   84.0
571  617.228938 5.949E-24 7.571E-02.03330.070 1791.35690.750.000000 0 1 0   1  E"  0 0 0   1  E'   6  1  E" A1'   6  1  E" A1" 331110 1 1 1 0 0 0   104.0  104.0
571  617.242993 1.831E-22 1.554E+00.03330.070 1406.38480.750.000000 0 1 0   1  E"  0 0 0   1  E'   1  1  E" A1'   1  1  E" A1" 441110 1 1 1 0 0 0    24.0   24.0
571  617.315997 1.824E-27 2.510E+00.03330.070 4297.65490.750.000000 0 1 0   1  E"  0 0 0   1  E'  23 22  E' E"   23 22  E' E'  331110 1 1 1 0 0 0   188.0  188.0
571  617.379401 3.538E-25 8.670E-03.03330.070 1783.48620.750.000000 0 1 0   1  E"  0 2 0   0  A1'  6  1  E" E'    7  1  E" E"  331110 1 1 1 0 0 0    52.0   60.0
571  617.444603 6.137E-28 1.341E-05.03330.070 1951.48760.750.000000 0 1 0   0  A2" 0 1 0   0  A2" 16 11  E" E'   15 14  E' E"  331110 1 1 1 0 0 0   132.0  124.0
571  617.527977 8.183E-23 2.792E+00.03330.070 1950.11270.750.000000 0 1 0   1  E"  0 0 0   1  E'  10 10  E' E"   10 10  E' E'  441110 1 1 1 0 0 0    84.0   84.0
571  617.589499 6.083E-26 7.966E-02.03330.070 2780.61580.750.000000 0 2 0   0  A1' 0 1 0   0  A2" 15  2  E' E'   15  2  E' E"  331110 1 1 1 0 0 0   124.0  124.0
571  617.620231 6.789E-27 1.968E+00.03330.070 3958.79550.750.000000 0 2 0   0  A1' 0 1 0   0  A2" 21 14  E' E'   21 14  E' E"  331110 1 1 1 0 0 0   172.0  172.0
571  617.648719 5.040E-27 1.705E-05.03330.070 1431.06880.750.000000 0 0 0   1  E'  0 1 0   0  A2"  8  3  A1"E"    9  1  E" E'  331110 1 1 1 0 0 0    68.0   76.0
571  617.750296 4.802E-23 2.307E+00.03330.070 2181.70340.750.000000 0 1 0   1  E"  0 0 0   1  E'  11 10  E' A1"  11 10  E' A1' 441110 1 1 1 0 0 0   184.0  184.0
571  617.778894 3.678E-28 1.580E-04.03330.070 2665.27360.750.000000 0 3 0   0  A2" 0 0 0   1  E'  13  9  A2"A1'  12  7  E" A1" 331110 1 1 1 0 0 0   216.0  200.0
571  617.884003 3.771E-22 2.548E+00.03940.070 1626.33060.750.000000 0 3 0   0  A2" 0 2 0   0  A1'  5  3  A2"A1'   6  3  A1"A1" 442110 1 1 2 0 0 0    88.0  104.0
571  617.888426 2.395E-23 1.576E-01.03330.070 1579.59280.750.000000 0 1 0   1  E"  0 0 0   1  E'   4  1  E" A1'   4  1  E" A1" 441110 1 1 1 0 0 0    72.0   72.0
571  617.908136 3.741E-28 1.132E-03.03330.070 3120.22450.750.000000 0 0 0   1  E'  0 2 0   0  A1' 17 11  E" A1"  16 12  A1'A1' 331110 1 1 1 0 0 0   280.0  264.0
571  617.957373 5.496E-28 1.567E-03.03330.070 2998.01340.750.000000 0 0 0   0  A1' 0 0 0   0  A1' 20  8  E' E'   19 11  E" E"  331110 1 1 1 0 0 0   164.0  156.0
571  618.099016 4.615E-26 5.046E-04.03330.070 1489.63310.750.000000 0 3 0   0  A2" 0 0 0   1  E'   3  2  E' E"    3  2  E' E'  331110 1 1 1 0 0 0    28.0   28.0
571  618.166732 1.803E-22 2.073E+00.03330.070 1430.78100.750.000000 0 1 0   1  E"  0 0 0   1  E'   2  2  E' E"    2  2  E' E'  441110 1 1 1 0 0 0    20.0   20.0
571  618.173928 6.248E-28 7.853E-04.03330.070 2727.51980.750.000000 0 3 0   0  A2" 0 0 0   1  E'  12  2  E' E"   12  6  A2'E'  331110 1 1 1 0 0 0   100.0  100.0
571  618.293632 1.071E-22 2.819E+00.03330.070 2057.54480.750.000000 0 1 0   1  E"  0 0 0   1  E'  11 11  E" A1'  11 11  E" A1" 441110 1 1 1 0 0 0   184.0  184.0
571  618.369004 8.500E-23 5.226E-01.03330.070 1444.41040.750.000000 0 1 0   1  E"  0 0 0   1  E'   2  1  E" A1'   2  1  E" A1" 441110 1 1 1 0 0 0    40.0   40.0
571  618.426420 1.702E-28 1.982E-04.03330.070 2727.51980.750.000000 0 3 0   0  A2" 0 0 0   1  E'  13  8  E' E"   12  6  A2'E'  331110 1 1 1 0 0 0   108.0  100.0
571  618.450902 1.650E-25 9.952E-01.03330.070 3119.31080.750.000000 0 2 0   0  A1' 0 1 0   0  A2" 17  8  E' E'   17  8  E' E"  331110 1 1 1 0 0 0   140.0  140.0
571  618.514902 2.265E-21 2.845E+00.03330.070 1363.17220.750.000000 0 1 0   0  A2" 0 0 0   0  A1' 16 16  E' E"   16 16  E' E'  441110 1 1 1 0 0 0   132.0  132.0
571  618.554831 1.427E-23 2.363E+00.03330.070 2310.21090.750.000000 0 1 0   1  E"  0 0 0   1  E'  12 11  E" E'   12 11  E" E"  441110 1 1 1 0 0 0   100.0  100.0
571  618.587756 1.202E-27 2.523E+00.03330.070 4534.85070.750.000000 0 1 0   1  E"  0 0 0   1  E'  24 23  E" A1'  24 23  E" A1" 331110 1 1 1 0 0 0   392.0  392.0
571  618.604416 2.410E-22 2.340E+00.04250.070 1464.92620.750.000000 0 1 0   1  E"  0 0 0   1  E'   3  3  A1"E'    3  3  A2"E"  442110 1 1 2 0 0 0    28.0   28.0
571  618.801517 4.902E-25 6.334E-01.03340.070 2932.54650.750.000000 0 2 0   0  A1' 0 1 0   0  A2" 16  6  A1'A1'  16  6  A2'A1" 332110 1 1 2 0 0 0   264.0  264.0
571  618.849736 3.040E-25 1.803E-01.03410.070 2759.38440.750.000000 0 2 0   0  A1' 0 1 0   0  A2" 15  3  A1"A1"  15  3  A2"A1' 332110 1 1 2 0 0 0   248.0  248.0
571  618.957053 2.431E-26 5.291E-04.03330.070 1758.16650.750.000000 0 3 0   0  A2" 0 0 0   1  E'   6  1  E" E'    6  3  A1"E"  331110 1 1 1 0 0 0    52.0   52.0
571  619.035501 2.421E-26 2.195E-02.03330.070 2642.69710.750.000000 0 1 0   1  E"  0 0 0   1  E'  11  0  A2'E"   11  2  E' E'  331110 1 1 1 0 0 0    92.0   92.0
571  619.192526 5.352E-22 2.502E+00.03330.070 1508.45990.750.000000 0 1 0   1  E"  0 0 0   1  E'   4  4  E' A1"   4  4  E' A1' 441110 1 1 1 0 0 0    72.0   72.0
571  619.195346 3.320E-23 2.844E+00.03600.070 2174.29920.750.000000 0 1 0   1  E"  0 0 0   1  E'  12 12  A1'E"   12 12  A2'E'  442110 1 1 2 0 0 0   100.0  100.0
571  619.468995 1.538E-26 5.284E-04.03330.070 2209.50460.750.000000 0 0 0   0  A1' 0 0 0   0  A1' 18  9  A1"A1"  17 12  A1'A1' 331110 1 1 1 0 0 0   296.0  280.0
571  619.471580 6.701E-28 2.483E+00.03370.070 4651.30340.750.000000 0 2 0   0  A1' 0 1 0   0  A2" 24 18  A1'A1'  24 18  A2'A1" 332110 1 1 2 0 0 0   392.0  392.0
571  619.479992 8.032E-24 2.412E+00.03590.070 2448.01390.750.000000 0 1 0   1  E"  0 0 0   1  E'  13 12  A1'E"   13 12  A2'E'  332110 1 1 2 0 0 0   108.0  108.0
571  619.577046 2.224E-28 1.436E-04.03330.070 2670.37110.750.000000 0 1 0   0  A2" 0 1 0   0  A2" 18 10  E' E"   17 13  E" E'  331110 1 1 1 0 0 0   148.0  140.0
571  619.591026 2.412E-26 1.865E-03.03330.070 2073.70170.750.000000 0 1 0   1  E"  0 2 0   0  A1'  8  0  A1'E"    9  2  E' E'  331110 1 1 1 0 0 0    68.0   76.0
571  619.762973 1.061E-25 1.393E+00.03330.070 3289.94810.750.000000 0 2 0   0  A1' 0 1 0   0  A2" 18 10  E' E'   18 10  E' E"  331110 1 1 1 0 0 0   148.0  148.0
571  619.930405 2.635E-22 2.613E+00.03330.070 1561.37900.750.000000 0 1 0   1  E"  0 0 0   1  E'   5  5  E" E'    5  5  E" E"  441110 1 1 1 0 0 0    44.0   44.0
571  620.047939 6.807E-26 2.456E-02.03330.070 2433.74900.750.000000 0 1 0   1  E"  0 0 0   1  E'  10  0  A1'E"   10  2  E' E'  331110 1 1 1 0 0 0    84.0   84.0
571  620.231253 1.953E-23 2.867E+00.03330.070 2300.36260.750.000000 0 1 0   1  E"  0 0 0   1  E'  13 13  E" E'   13 13  E" E"  441110 1 1 1 0 0 0   108.0  108.0
571  620.304978 2.132E-26 1.832E+00.03330.070 3697.18820.750.000000 0 2 0   0  A1' 0 1 0   0  A2" 20 13  E" E"   20 13  E" E'  331110 1 1 1 0 0 0   164.0  164.0
571  620.338494 1.080E-21 2.870E+00.03330.070 1528.21140.750.000000 0 1 0   0  A2" 0 0 0   0  A1' 17 17  E" E'   17 17  E" E"  441110 1 1 1 0 0 0   140.0  140.0
571  620.426566 1.993E-28 1.211E-04.03330.070 2592.54030.750.000000 0 3 0   0  A2" 0 0 0   1  E'  13 10  E' E"   12  8  E' E'  331110 1 1 1 0 0 0   108.0  100.0
571  620.444814 1.300E-25 6.225E-03.03330.070 2140.04970.750.000000 0 3 0   0  A2" 0 0 0   1  E'   9  3  A2"A1'   9  5  E" A1" 331110 1 1 1 0 0 0   152.0  152.0
571  620.460808 1.613E-22 1.914E+00.03330.070 1597.94110.750.000000 0 3 0   0  A2" 0 2 0   0  A1'  5  4  E' E"    6  4  E' E'  441110 1 1 1 0 0 0    44.0   52.0
571  620.522547 8.567E-24 2.455E+00.03330.070 2595.09780.750.000000 0 1 0   1  E"  0 0 0   1  E'  14 13  E" A1'  14 13  E" A1" 331110 1 1 1 0 0 0   232.0  232.0
571  620.703792 5.614E-28 1.030E-03.03330.070 2803.70720.750.000000 0 1 0   1  E"  0 2 0   0  A1' 12  3  A2"E'   13  5  E" E"  331110 1 1 1 0 0 0   100.0  108.0
571  620.712090 3.779E-27 1.147E-03.03330.070 2397.79840.750.000000 0 1 0   1  E"  0 2 0   0  A1' 10  2  E' E"   11  4  E' E'  331110 1 1 1 0 0 0    84.0   92.0
571  620.817064 3.134E-25 3.233E-01.03330.070 2729.51620.750.000000 0 2 0   0  A1' 0 1 0   0  A2" 15  4  E' E'   15  4  E' E"  331110 1 1 1 0 0 0   124.0  124.0
571  620.817467 2.366E-22 2.695E+00.03900.070 1623.67820.750.000000 0 1 0   1  E"  0 0 0   1  E'   6  6  A2'E"    6  6  A1'E'  442110 1 1 2 0 0 0    52.0   52.0
571  620.933102 1.221E-28 1.180E-06.03330.070 1462.59760.750.000000 0 1 0   1  E"  0 2 0   0  A1'  3  3  A1"E'    4  1  E" E"  331110 1 1 1 0 0 0    28.0   36.0
571  621.240443 1.717E-25 2.718E-02.03330.070 2243.01220.750.000000 0 1 0   1  E"  0 0 0   1  E'   9  0  A2'E"    9  2  E' E'  331110 1 1 1 0 0 0    76.0   76.0
571  621.281076 1.887E-27 1.218E-06.03330.070 1230.80210.750.000000 0 0 0   1  E'  0 1 0   0  A2"  8  7  E" A1"   8  3  A2"A1' 331110 1 1 1 0 0 0   136.0  136.0
571  621.399590 2.181E-23 2.889E+00.03330.070 2435.72020.750.000000 0 1 0   1  E"  0 0 0   1  E'  14 14  E' A1"  14 14  E' A1' 441110 1 1 1 0 0 0   232.0  232.0
571  621.405419 1.230E-27 2.446E+00.03330.070 4370.83350.750.000000 0 2 0   0  A1' 0 1 0   0  A2" 23 17  E" E"   23 17  E" E'  331110 1 1 1 0 0 0   188.0  188.0
571  621.455634 3.857E-26 8.384E-05.03330.070 1474.22390.750.000000 0 0 0   0  A1' 0 0 0   0  A1' 16 10  E' E'   15 13  E" E"  331110 1 1 1 0 0 0   132.0  124.0
571  621.679346 2.168E-24 2.494E+00.03330.070 2751.44710.750.000000 0 1 0   1  E"  0 0 0   1  E'  15 14  E' E"   15 14  E' E'  331110 1 1 1 0 0 0   124.0  124.0
571  621.728308 2.549E-28 2.251E-06.03330.070 1892.18450.750.000000 0 2 0   0  A1' 0 0 0   0  A1' 15 15  A1"A1"  16 12  A1'A1' 331110 1 1 1 0 0 0   248.0  264.0
571  621.852918 3.936E-22 2.760E+00.03330.070 1695.35090.750.000000 0 1 0   1  E"  0 0 0   1  E'   7  7  E" A1'   7  7  E" A1" 441110 1 1 1 0 0 0   120.0  120.0
571  622.176678 1.564E-27 6.956E-05.03330.070 2020.52050.750.000000 0 0 0   1  E'  0 1 0   0  A2" 11  2  E' E'   12  2  E' E"  331110 1 1 1 0 0 0    92.0  100.0
571  622.250221 9.245E-26 1.092E-03.03330.070 1923.36100.750.000000 0 0 0   1  E'  0 1 0   0  A2" 13 11  E" A1"  13  9  A2"A1' 331110 1 1 1 0 0 0   216.0  216.0
571  622.267428 1.662E-26 2.986E-03.03330.070 2369.13060.750.000000 0 0 0   1  E'  0 1 0   0  A2" 15 12  A1'E'   15 10  E' E"  331110 1 1 1 0 0 0   124.0  124.0
571  622.275721 1.605E-28 2.432E-04.03330.070 2779.30470.750.000000 0 3 0   0  A2" 0 0 0   1  E'  13  7  E" E'   12  5  E" E"  331110 1 1 1 0 0 0   108.0  100.0
571  622.277578 9.819E-22 2.894E+00.03460.070 1702.54980.750.000000 0 1 0   0  A2" 0 0 0   0  A1' 18 18  A2'A1"  18 18  A1'A1' 442110 1 1 2 0 0 0   296.0  296.0
571  622.290388 7.798E-26 6.704E-02.03330.070 2691.13080.750.000000 0 0 0   1  E'  0 1 0   0  A2" 15  9  A1"E"   15  5  E" E'  331110 1 1 1 0 0 0   124.0  124.0
571  622.319079 4.391E-25 8.763E-01.03330.070 2877.24940.750.000000 0 2 0   0  A1' 0 1 0   0  A2" 16  7  E" E"   16  7  E" E'  331110 1 1 1 0 0 0   132.0  132.0
571  622.603014 2.097E-25 4.974E-03.03330.070 1828.64750.750.000000 0 1 0   1  E"  0 2 0   0  A1'  8  7  E" E'    8  5  E" E"  331110 1 1 1 0 0 0    68.0   68.0
571  622.605082 1.626E-27 1.135E-04.03330.070 2073.70170.750.000000 0 1 0   1  E"  0 2 0   0  A1'  9  6  A1'E"    9  2  E' E'  331110 1 1 1 0 0 0    76.0   76.0
571  622.646567 3.819E-25 2.937E-02.03330.070 2070.64620.750.000000 0 1 0   1  E"  0 0 0   1  E'   8  0  A1'E"    8  2  E' E'  331110 1 1 1 0 0 0    68.0   68.0
571  622.689248 1.349E-25 1.797E+00.03430.070 3444.53530.750.000000 0 2 0   0  A1' 0 1 0   0  A2" 19 12  A1'A1'  19 12  A2'A1" 332110 1 1 2 0 0 0   312.0  312.0
571  622.693338 4.249E-28 6.704E-05.03330.070 2497.53110.750.000000 0 2 0   0  A1' 0 0 0   0  A1' 16 12  A1'A1'  17  9  A1"A1" 331110 1 1 1 0 0 0   264.0  280.0
571  622.698739 5.794E-24 2.911E+00.03620.070 2580.35650.750.000000 0 1 0   1  E"  0 0 0   1  E'  15 15  A1"E'   15 15  A1"E"  332110 1 1 2 0 0 0   124.0  124.0
571  622.741868 1.522E-25 3.290E-03.03330.070 1754.38170.750.000000 0 3 0   0  A2" 0 0 0   1  E'   6  1  E" E'    6  3  A2"E"  331110 1 1 1 0 0 0    52.0   52.0
571  622.941065 2.510E-27 5.759E-04.03330.070 2338.90100.750.000000 0 3 0   0  A2" 0 0 0   1  E'  10  1  E" E'   10  5  E" E"  331110 1 1 1 0 0 0    84.0   84.0
571  622.947400 1.043E-24 2.530E+00.03540.070 2917.04490.750.000000 0 1 0   1  E"  0 0 0   1  E'  16 15  A2"E'   16 15  A2"E"  332110 1 1 2 0 0 0   132.0  132.0
571  623.036092 1.529E-22 2.815E+00.03330.070 1776.38920.750.000000 0 1 0   1  E"  0 0 0   1  E'   8  8  E' E"    8  8  E' E'  441110 1 1 1 0 0 0    68.0   68.0
571  623.053782 5.973E-25 1.286E+00.03380.070 3047.13220.750.000000 0 2 0   0  A1' 0 1 0   0  A2" 17  9  A1"A1"  17  9  A2"A1' 332110 1 1 2 0 0 0   280.0  280.0
571  623.203156 8.808E-28 1.112E-03.03330.070 2867.92800.750.000000 0 1 0   1  E"  0 2 0   0  A1' 12  1  E" A1'  13  3  A1"A1" 331110 1 1 1 0 0 0   200.0  216.0
571  623.393763 1.286E-25 7.510E-05.03330.070  976.72800.750.000000 0 0 0   1  E'  0 1 0   0  A2"  5  4  E' E'    6  2  E' E"  331110 1 1 1 0 0 0    44.0   52.0
571  623.397673 4.302E-27 2.400E+00.03330.070 4099.28310.750.000000 0 2 0   0  A1' 0 1 0   0  A2" 22 16  E' E'   22 16  E' E"  331110 1 1 1 0 0 0   180.0  180.0
571  623.404376 2.773E-26 3.450E-04.03330.070 1443.74420.750.000000 0 3 0   0  A2" 0 0 0   1  E'   2  1  E" E'    2  1  E" E"  331110 1 1 1 0 0 0    20.0   20.0
571  623.434842 5.147E-25 4.440E-01.03330.070 2691.13080.750.000000 0 2 0   0  A1' 0 1 0   0  A2" 15  5  E" E"   15  5  E" E'  331110 1 1 1 0 0 0   124.0  124.0
571  623.542815 2.861E-28 1.839E-04.03330.070 2759.38440.750.000000 0 0 0   1  E'  0 1 0   0  A2" 14  1  E" A1"  15  3  A2"A1' 331110 1 1 1 0 0 0   232.0  248.0
571  623.754589 1.676E-27 7.566E-03.03330.070 3017.64080.750.000000 0 3 0   0  A2" 0 0 0   1  E'  14  7  E" E'   14  9  A1"E"  331110 1 1 1 0 0 0   116.0  116.0
571  623.764276 5.768E-26 2.350E-02.03330.070 2522.85380.750.000000 0 2 0   0  A1' 0 1 0   0  A2" 14  1  E" E"   14  1  E" E'  331110 1 1 1 0 0 0   116.0  116.0
571  623.821709 1.068E-22 1.071E+00.03330.070 1561.45690.750.000000 0 3 0   0  A2" 0 2 0   0  A1'  5  5  E" E'    6  5  E" E"  441110 1 1 1 0 0 0    44.0   52.0
571  623.945420 3.069E-27 9.808E-05.03330.070 1968.59490.750.000000 0 0 0   1  E'  0 1 0   0  A2" 12  8  E' E'   12  4  E' E"  331110 1 1 1 0 0 0   100.0  100.0
571  623.963804 1.937E-28 7.946E-05.03330.070 2666.74040.750.000000 0 3 0   0  A2" 0 0 0   1  E'  14 12  A2'A1"  13 10  E' A1' 331110 1 1 1 0 0 0   232.0  216.0
571  624.108195 1.257E-28 5.034E-05.03330.070 2471.45800.750.000000 0 3 0   0  A2" 0 0 0   1  E'  11  4  E' E"   10  0  A1'E'  331110 1 1 1 0 0 0    92.0   84.0
571  624.127278 2.928E-24 2.932E+00.03330.070 2734.25440.750.000000 0 1 0   1  E"  0 0 0   1  E'  16 16  E' E"   16 16  E' E'  331110 1 1 1 0 0 0   132.0  132.0
571  624.200999 1.668E-20 3.047E+00.04240.070  717.47920.750.000000 0 2 0   0  A1' 0 1 0   0  A2"  2  0  A1'A1'   3  0  A2'A1" 442110 1 1 2 0 0 0    40.0   56.0
571  624.297294 7.324E-25 3.036E-02.03330.070 1916.79800.750.000000 0 1 0   1  E"  0 0 0   1  E'   7  0  A2'E"    7  2  E' E'  331110 1 1 1 0 0 0    60.0   60.0
571  624.323970 9.540E-25 2.563E+00.03330.070 3091.87340.750.000000 0 1 0   1  E"  0 0 0   1  E'  17 16  E' A1"  17 16  E' A1' 331110 1 1 1 0 0 0   280.0  280.0
571  624.330460 2.125E-22 2.919E+00.03330.070 1886.16660.750.000000 0 1 0   0  A2" 0 0 0   0  A1' 19 19  E" E'   19 19  E" E"  441110 1 1 1 0 0 0   156.0  156.0
571  624.366266 1.115E-22 2.862E+00.03610.070 1866.78440.750.000000 0 1 0   1  E"  0 0 0   1  E'   9  9  A2"E'    9  9  A2"E"  442110 1 1 2 0 0 0    76.0   76.0
571  624.577486 7.581E-21 2.714E+00.03330.070  713.04110.750.000000 0 2 0   0  A1' 0 1 0   0  A2"  2  1  E" E"    3  1  E" E'  441110 1 1 1 0 0 0    20.0   28.0
571  624.596309 2.459E-25 9.436E-02.03330.070 2510.02130.750.000000 0 2 0   0  A1' 0 1 0   0  A2" 14  2  E' E'   14  2  E' E"  331110 1 1 1 0 0 0   116.0  116.0
571  624.719597 1.781E-27 4.063E-07.03330.070  883.74030.750.000000 0 0 0   1  E'  0 1 0   0  A2"  4  4  E' A1'   5  0  A2'A1" 331110 1 1 1 0 0 0    72.0   88.0
571  624.901850 3.804E-26 3.513E-04.03330.070 1819.31550.750.000000 0 0 0   1  E'  0 1 0   0  A2" 10  2  E' A1'  11  0  A2'A1" 331110 1 1 1 0 0 0   168.0  184.0
571  624.964861 1.153E-19 1.075E+00.04500.070    0.00000.750.000000 0 1 0   0  A2" 0 0 0   0  A1'  1  0  A2'A1"   0  0  A1'A1' 442110 1 1 2 0 0 0    24.0    8.0
571  625.089966 1.061E-26 2.006E-02.03330.070 2876.53640.750.000000 0 0 0   1  E'  0 1 0   0  A2" 17 13  E" E"   17 11  E" E'  331110 1 1 1 0 0 0   140.0  140.0
571  625.302643 7.303E-28 8.578E-06.03330.070 1430.78100.750.000000 0 3 0   0  A2" 0 0 0   1  E'   2  2  E' E"    2  2  E' E'  331110 1 1 1 0 0 0    20.0   20.0
571  625.338544 1.081E-25 4.700E-04.03330.070 1540.14530.750.000000 0 0 0   1  E'  0 1 0   0  A2" 11 10  E' E'   11  8  E' E"  331110 1 1 1 0 0 0    92.0   92.0
571  625.412729 8.448E-26 1.485E-04.03330.070 1265.95030.750.000000 0 0 0   1  E'  0 1 0   0  A2"  7  3  A1"E"    8  1  E" E'  331110 1 1 1 0 0 0    60.0   68.0
571  625.455168 2.862E-26 2.346E+00.03470.070 3836.68700.750.000000 0 2 0   0  A1' 0 1 0   0  A2" 21 15  A1"A1"  21 15  A2"A1' 332110 1 1 2 0 0 0   344.0  344.0
571  625.480546 1.993E-25 1.726E+00.03330.070 3200.87260.750.000000 0 2 0   0  A1' 0 1 0   0  A2" 18 11  E" E"   18 11  E" E'  331110 1 1 1 0 0 0   148.0  148.0
571  625.624579 4.393E-28 1.846E-04.03330.070 2497.54850.750.000000 0 3 0   0  A2" 0 0 0   1  E'  12  8  E' E"   11  6  A1'E'  331110 1 1 1 0 0 0   100.0   92.0
571  625.684077 2.818E-24 2.954E+00.03330.070 2897.39580.750.000000 0 1 0   1  E"  0 0 0   1  E'  17 17  E" A1'  17 17  E" A1" 331110 1 1 1 0 0 0   280.0  280.0
571  625.711867 5.069E-21 1.706E+00.03330.070  699.72320.750.000000 0 2 0   0  A1' 0 1 0   0  A2"  2  2  E' E'    3  2  E' E"  441110 1 1 1 0 0 0    20.0   28.0
571  625.806692 2.077E-25 2.594E+00.03330.070 3275.91360.750.000000 0 1 0   1  E"  0 0 0   1  E'  18 17  E" E'   18 17  E" E"  331110 1 1 1 0 0 0   148.0  148.0
571  625.842730 1.534E-22 2.905E+00.03330.070 1966.52630.750.000000 0 1 0   1  E"  0 0 0   1  E'  10 10  E' A1"  10 10  E' A1' 441110 1 1 1 0 0 0   168.0  168.0
571  625.876231 8.895E-28 1.377E-04.03330.070 2434.52260.750.000000 0 3 0   0  A2" 0 0 0   1  E'  12  9  A2"A1'  11  7  E" A1" 331110 1 1 1 0 0 0   200.0  184.0
571  626.041986 1.232E-24 2.137E-01.03440.070 2488.58750.750.000000 0 2 0   0  A1' 0 1 0   0  A2" 14  3  A1"A1"  14  3  A2"A1' 332110 1 1 2 0 0 0   232.0  232.0
571  626.203253 1.171E-24 2.919E-02.03330.070 1781.61070.750.000000 0 1 0   1  E"  0 0 0   1  E'   6  0  A1'E"    6  2  E' E'  331110 1 1 1 0 0 0    52.0   52.0
571  626.224339 8.472E-28 1.046E-05.03330.070 1561.37900.750.000000 0 3 0   0  A2" 0 0 0   1  E'   4  1  E" E'    5  5  E" E"  331110 1 1 1 0 0 0    36.0   44.0
571  626.346071 2.156E-24 7.463E-01.03370.070 2644.14300.750.000000 0 2 0   0  A1' 0 1 0   0  A2" 15  6  A1'A1'  15  6  A2'A1" 332110 1 1 2 0 0 0   248.0  248.0
571  626.473349 7.879E-25 1.167E+00.03330.070 2813.30720.750.000000 0 2 0   0  A1' 0 1 0   0  A2" 16  8  E' E'   16  8  E' E"  331110 1 1 1 0 0 0   132.0  132.0
571  626.495576 8.768E-23 2.945E+00.03330.070 2079.03960.750.000000 0 1 0   0  A2" 0 0 0   0  A1' 20 20  E' E"   20 20  E' E'  441110 1 1 1 0 0 0   164.0  164.0
571  626.558247 2.104E-28 8.691E-05.03330.070 2509.23900.750.000000 0 3 0   0  A2" 0 0 0   1  E'  13 11  E" E'   12  9  A1"E"  331110 1 1 1 0 0 0   108.0  100.0
571  626.980376 2.700E-28 3.192E-04.03330.070 2867.92800.750.000000 0 1 0   1  E"  0 2 0   0  A1' 13  7  E" A1'  13  3  A1"A1" 331110 1 1 1 0 0 0   216.0  216.0
571  627.227072 5.287E-27 5.727E-03.03330.070 2707.26050.750.000000 0 1 0   1  E"  0 2 0   0  A1' 13  9  A2"E'   13  7  E" E"  331110 1 1 1 0 0 0   108.0  108.0
571  627.368397 6.460E-25 2.976E+00.03460.070 3069.76170.750.000000 0 1 0   1  E"  0 0 0   1  E'  18 18  A1'E"   18 18  A1'E'  332110 1 1 2 0 0 0   148.0  148.0
571  627.388283 5.316E-26 2.190E-03.03330.070 1913.70700.750.000000 0 1 0   1  E"  0 2 0   0  A1'  7  0  A2'E"    8  2  E' E'  331110 1 1 1 0 0 0    60.0   68.0
571  627.393716 8.613E-26 2.623E+00.03490.070 3469.14550.750.000000 0 1 0   1  E"  0 0 0   1  E'  19 18  A1'E"   19 18  A1'E'  332110 1 1 2 0 0 0   156.0  156.0
571  627.464812 4.988E-23 2.945E+00.03330.070 2075.60390.750.000000 0 1 0   1  E"  0 0 0   1  E'  11 11  E" E'   11 11  E" E"  441110 1 1 1 0 0 0    92.0   92.0
571  627.584858 4.528E-26 2.283E+00.03330.070 3583.08020.750.000000 0 2 0   0  A1' 0 1 0   0  A2" 20 14  E' E'   20 14  E' E"  331110 1 1 1 0 0 0   164.0  164.0
571  627.734294 2.662E-28 7.290E-05.03330.070 2595.09780.750.000000 0 0 0   1  E'  0 0 0   1  E'  15 10  E' A1'  14 13  E" A1" 331110 1 1 1 0 0 0   248.0  232.0
571  627.961648 1.270E-24 3.833E-01.03330.070 2458.63180.750.000000 0 2 0   0  A1' 0 1 0   0  A2" 14  4  E' E'   14  4  E' E"  331110 1 1 1 0 0 0   116.0  116.0
571  628.118070 5.239E-27 9.283E-06.03330.070 1265.95030.750.000000 0 0 0   1  E'  0 1 0   0  A2"  7  3  A2"E"    8  1  E" E'  331110 1 1 1 0 0 0    60.0   68.0
571  628.190682 2.999E-26 5.204E-03.03330.070 2278.20340.750.000000 0 3 0   0  A2" 0 0 0   1  E'  10  4  E' E"   10  6  A1'E'  331110 1 1 1 0 0 0    84.0   84.0
571  628.280072 1.042E-24 1.699E-02.03330.070 1658.78320.750.000000 0 1 0   1  E"  0 2 0   0  A1'  5  1  E" E'    6  1  E" E"  331110 1 1 1 0 0 0    44.0   52.0
571  628.295689 3.158E-27 5.487E-05.03330.070 1404.40520.750.000000 0 3 0   0  A2" 0 0 0   1  E'   1  1  E" E'    1  1  E" E"  331110 1 1 1 0 0 0    12.0   12.0
571  628.327216 1.497E-24 2.522E-02.03330.070 1665.23650.750.000000 0 1 0   1  E"  0 0 0   1  E'   5  0  A2'E"    5  2  E' E'  331110 1 1 1 0 0 0    44.0   44.0
571  628.338240 5.508E-25 1.626E+00.03330.070 2966.23490.750.000000 0 2 0   0  A1' 0 1 0   0  A2" 17 10  E' E'   17 10  E' E"  331110 1 1 1 0 0 0   140.0  140.0
571  628.423722 4.588E-26 4.394E-03.03330.070 2317.10430.750.000000 0 1 0   1  E"  0 2 0   0  A1' 11  8  E' A1"  11  6  A1'A1' 331110 1 1 1 0 0 0   184.0  184.0
571  628.445249 7.700E-26 1.185E-03.03330.070 1646.61270.750.000000 0 1 0   1  E"  0 2 0   0  A1'  5  2  E' E"    6  2  E' E'  331110 1 1 1 0 0 0    44.0   52.0
571  628.544726 1.063E-28 7.493E-04.03330.070 3091.92380.750.000000 0 2 0   1  E'  0 1 0   1  E"  13 12  A2'E'   14 14  E' E"  331110 1 1 1 0 0 0   108.0  116.0
571  628.626252 4.355E-28 2.383E-04.03330.070 2550.09010.750.000000 0 3 0   0  A2" 0 0 0   1  E'  12  7  E" E'   11  5  E" E"  331110 1 1 1 0 0 0   100.0   92.0
571  628.668267 9.164E-28 7.787E-03.03330.070 3158.54680.750.000000 0 1 0   1  E"  0 2 0   0  A1' 15 10  E' E"   15  8  E' E'  331110 1 1 1 0 0 0   124.0  124.0
571  628.679571 1.642E-28 1.604E-03.03330.070 3212.22380.750.000000 0 0 0   1  E'  0 2 0   0  A1' 17 10  E' E'   16 11  E" E"  331110 1 1 1 0 0 0   140.0  132.0
571  628.771544 6.900E-23 2.971E+00.03440.070 2281.14580.750.000000 0 1 0   0  A2" 0 0 0   0  A1' 21 21  A2"A1'  21 21  A1"A1" 442110 1 1 2 0 0 0   344.0  344.0
571  628.800849 1.885E-26 1.600E-02.03330.070 2623.17420.750.000000 0 1 0   1  E"  0 0 0   1  E'  11  1  E" E'   11  3  A2"E"  331110 1 1 1 0 0 0    92.0   92.0
571  629.083878 6.807E-26 2.650E+00.03330.070 3671.54780.750.000000 0 1 0   1  E"  0 0 0   1  E'  20 19  E" A1'  20 19  E" A1" 331110 1 1 1 0 0 0   328.0  328.0
571  629.180026 2.823E-25 2.998E+00.03330.070 3251.33150.750.000000 0 1 0   1  E"  0 0 0   1  E'  19 19  E" E'   19 19  E" E"  331110 1 1 1 0 0 0   156.0  156.0
571  629.231913 3.072E-23 2.983E+00.03600.070 2194.00510.750.000000 0 1 0   1  E"  0 0 0   1  E'  12 12  A2'E"   12 12  A1'E'  442110 1 1 2 0 0 0   100.0  100.0
571  629.306722 4.037E-28 9.422E-04.03330.070 3006.49890.750.000000 0 1 0   1  E"  0 2 0   0  A1' 13  4  E' A1"  14  6  A1'A1' 331110 1 1 1 0 0 0   216.0  232.0
571  629.503483 1.545E-27 1.035E-03.03330.070 2573.97350.750.000000 0 1 0   1  E"  0 2 0   0  A1' 11  3  A1"E'   12  5  E" E"  331110 1 1 1 0 0 0    92.0  100.0
571  629.503794 7.044E-28 6.858E-06.03330.070 1551.80560.750.000000 0 1 0   1  E"  0 2 0   0  A1'  5  5  E" E'    5  1  E" E"  331110 1 1 1 0 0 0    44.0   44.0
571  629.529757 4.396E-28 9.617E-05.03330.070 2360.95460.750.000000 0 3 0   0  A2" 0 0 0   1  E'  12 10  E' E"   11  8  E' E'  331110 1 1 1 0 0 0   100.0   92.0
571  629.632027 8.072E-28 2.904E+00.03330.070 4496.37140.750.000000 0 2 0   0  A1' 0 1 0   0  A2" 24 19  E" E"   24 19  E" E'  331110 1 1 1 0 0 0   196.0  196.0
571  629.794639 1.359E-25 2.209E+00.03330.070 3338.49690.750.000000 0 2 0   0  A1' 0 1 0   0  A2" 19 13  E" E"   19 13  E" E'  331110 1 1 1 0 0 0   156.0  156.0
571  630.029699 1.934E-24 1.033E+00.03330.070 2588.50770.750.000000 0 2 0   0  A1' 0 1 0   0  A2" 15  7  E" E"   15  7  E" E'  331110 1 1 1 0 0 0   124.0  124.0
571  630.456987 2.651E-28 4.580E-05.03330.070 2275.93700.750.000000 0 3 0   0  A2" 0 0 0   1  E'  10  4  E' E"    9  0  A2'E'  331110 1 1 1 0 0 0    84.0   76.0
571  630.536439 2.156E-25 2.808E-02.03330.070 2269.50060.750.000000 0 2 0   0  A1' 0 1 0   0  A2" 13  1  E" E"   13  1  E" E'  331110 1 1 1 0 0 0   108.0  108.0
571  630.542556 2.405E-24 6.061E-01.03330.070 2420.02640.750.000000 0 2 0   0  A1' 0 1 0   0  A2" 14  5  E" E"   14  5  E" E'  331110 1 1 1 0 0 0   116.0  116.0
571  630.559123 1.459E-24 1.882E-02.03330.070 1567.84740.750.000000 0 1 0   1  E"  0 0 0   1  E'   4  0  A1'E"    4  2  E' E'  331110 1 1 1 0 0 0    36.0   36.0
571  630.581867 7.273E-27 1.304E-03.03330.070 2426.01970.750.000000 0 1 0   1  E"  0 2 0   0  A1' 10  1  E" A1'  11  3  A1"A1" 331110 1 1 1 0 0 0   168.0  184.0
571  630.726064 1.852E-27 2.528E-02.03330.070 3444.53530.750.000000 0 0 0   1  E'  0 1 0   0  A2" 19 14  E' A1'  19 12  A2'A1" 331110 1 1 1 0 0 0   312.0  312.0
571  630.876905 1.282E-26 2.677E+00.03330.070 3883.09810.750.000000 0 1 0   1  E"  0 0 0   1  E'  21 20  E' E"   21 20  E' E'  331110 1 1 1 0 0 0   172.0  172.0
571  630.936998 2.945E-28 8.975E-06.03330.070 1998.84150.750.000000 0 2 0   0  A1' 0 0 0   0  A1' 15 14  E' E'   16 11  E" E"  331110 1 1 1 0 0 0   124.0  132.0
571  630.947596 8.346E-27 1.118E-03.03330.070 2202.74700.750.000000 0 1 0   1  E"  0 2 0   0  A1'  9  2  E' E"   10  4  E' E'  331110 1 1 1 0 0 0    76.0   84.0
571  631.012732 4.367E-28 4.137E-04.03330.070 2942.61560.750.000000 0 0 0   0  A1' 0 0 0   0  A1' 24 21  A1"A1"  24 24  A1'A1' 331110 1 1 1 0 0 0   392.0  392.0
571  631.074213 4.793E-26 1.619E-02.03330.070 2413.46290.750.000000 0 1 0   1  E"  0 0 0   1  E'  10  1  E" E'   10  3  A2"E"  331110 1 1 1 0 0 0    84.0   84.0
571  631.119438 2.352E-25 3.021E+00.03330.070 3442.08340.750.000000 0 1 0   1  E"  0 0 0   1  E'  20 20  E' A1"  20 20  E' A1' 331110 1 1 1 0 0 0   328.0  328.0
571  631.128252 5.737E-27 2.871E+00.03420.070 4223.75460.750.000000 0 2 0   0  A1' 0 1 0   0  A2" 23 18  A1'A1'  23 18  A2'A1" 332110 1 1 2 0 0 0   376.0  376.0
571  631.143557 3.590E-23 3.020E+00.03330.070 2321.71670.750.000000 0 1 0   1  E"  0 0 0   1  E'  13 13  E" A1'  13 13  E" A1" 441110 1 1 1 0 0 0   216.0  216.0
571  631.143694 6.641E-28 7.340E-03.03330.070 3211.12020.750.000000 0 3 0   0  A2" 0 0 0   1  E'  15  8  E' E"   15 10  E' E'  331110 1 1 1 0 0 0   124.0  124.0
571  631.157226 1.295E-23 2.998E+00.03330.070 2492.46100.750.000000 0 1 0   0  A2" 0 0 0   0  A1' 22 22  E' E"   22 22  E' E'  441110 1 1 1 0 0 0   180.0  180.0
571  631.299582 2.861E-24 1.510E+00.03410.070 2740.65650.750.000000 0 2 0   0  A1' 0 1 0   0  A2" 16  9  A1"A1"  16  9  A2"A1' 332110 1 1 2 0 0 0   264.0  264.0
571  631.395963 4.098E-28 8.008E-04.03330.070 2952.86020.750.000000 0 2 0   1  E'  0 1 0   1  E"  12 11  E" A1"  13 13  E" A1' 331110 1 1 1 0 0 0   200.0  216.0
571  631.402151 9.193E-25 1.128E-01.03330.070 2256.59940.750.000000 0 2 0   0  A1' 0 1 0   0  A2" 13  2  E' E'   13  2  E' E"  331110 1 1 1 0 0 0   108.0  108.0
571  631.426636 1.417E-28 2.377E-03.03330.070 3363.99430.750.000000 0 0 0   0  A1' 0 0 0   0  A1' 21  8  E' E'   20 11  E" E"  331110 1 1 1 0 0 0   172.0  164.0
571  631.634411 6.333E-27 8.423E-06.03330.070 1396.04250.750.000000 0 0 0   1  E'  0 1 0   0  A2"  9  7  E" A1"   9  3  A2"A1' 331110 1 1 1 0 0 0   152.0  152.0
571  631.679771 8.393E-26 2.630E-03.03330.070 1854.82600.750.000000 0 3 0   0  A2" 0 0 0   1  E'   7  2  E' E"    7  4  E' E'  331110 1 1 1 0 0 0    60.0   60.0
571  631.748712 1.483E-25 1.679E-04.03330.070 1220.26640.750.000000 0 0 0   1  E'  0 1 0   0  A2"  9  9  A1"E"    9  7  E" E'  331110 1 1 1 0 0 0    76.0   76.0
571  631.759633 1.048E-25 1.088E-03.03330.070 1597.94110.750.000000 0 1 0   1  E"  0 2 0   0  A1'  6  6  A1'E"    6  4  E' E'  331110 1 1 1 0 0 0    52.0   52.0
571  631.764251 9.631E-28 1.599E-04.03330.070 2285.65850.750.000000 0 3 0   0  A2" 0 0 0   1  E'  11  8  E' E"   10  6  A2'E'  331110 1 1 1 0 0 0    92.0   84.0
571  631.800202 3.424E-27 5.930E-05.03330.070 1801.94880.750.000000 0 0 0   1  E'  0 1 0   0  A2" 10  2  E' E'   11  2  E' E"  331110 1 1 1 0 0 0    84.0   92.0
571  632.096429 7.733E-25 2.123E+00.03430.070 3102.97120.750.000000 0 2 0   0  A1' 0 1 0   0  A2" 18 12  A1'A1'  18 12  A2'A1" 332110 1 1 2 0 0 0   296.0  296.0
571  632.173929 6.387E-28 9.835E-05.03330.070 2251.22500.750.000000 0 1 0   1  E"  0 2 0   0  A1' 10  6  A2'E"   10  2  E' E'  331110 1 1 1 0 0 0    84.0   84.0
571  632.429657 1.129E-25 2.139E-03.03330.070 1893.45700.750.000000 0 1 0   1  E"  0 2 0   0  A1'  7  1  E" A1'   8  3  A1"A1" 331110 1 1 1 0 0 0   120.0  136.0
571  632.460298 6.135E-26 2.917E-03.03330.070 1988.73540.750.000000 0 1 0   1  E"  0 2 0   0  A1'  9  7  E" E'    9  5  E" E"  331110 1 1 1 0 0 0    76.0   76.0
571  632.498517 4.490E-28 4.010E-05.03330.070 2244.03790.750.000000 0 1 0   0  A2" 0 1 0   0  A2" 17 11  E" E'   16 14  E' E"  331110 1 1 1 0 0 0   140.0  132.0
571  632.537225 9.290E-27 1.409E-04.03330.070 1641.21420.750.000000 0 3 0   0  A2" 0 0 0   1  E'   5  1  E" E'    5  3  A2"E"  331110 1 1 1 0 0 0    44.0   44.0
571  632.672716 9.713E-27 2.832E+00.03330.070 3960.12450.750.000000 0 2 0   0  A1' 0 1 0   0  A2" 22 17  E" E"   22 17  E" E'  331110 1 1 1 0 0 0   180.0  180.0
571  632.716861 1.002E-24 1.144E-02.03330.070 1489.63310.750.000000 0 1 0   1  E"  0 0 0   1  E'   3  0  A2'E"    3  2  E' E'  331110 1 1 1 0 0 0    28.0   28.0
571  632.773650 4.608E-27 2.702E+00.03430.070 4103.77280.750.000000 0 1 0   1  E"  0 0 0   1  E'  22 21  A2"E'   22 21  A1"E"  332110 1 1 2 0 0 0   180.0  180.0
571  632.822494 4.604E-24 2.554E-01.03450.070 2235.10550.750.000000 0 2 0   0  A1' 0 1 0   0  A2" 13  3  A1"A1"  13  3  A2"A1' 332110 1 1 2 0 0 0   216.0  216.0
571  632.894918 1.769E-27 1.081E-04.03330.070 2221.89980.750.000000 0 3 0   0  A2" 0 0 0   1  E'  11  9  A2"A1'  10  7  E" A1" 331110 1 1 1 0 0 0   184.0  168.0
571  633.187983 4.677E-26 3.044E+00.03440.070 3641.99460.750.000000 0 1 0   1  E"  0 0 0   1  E'  21 21  A2"E'   21 21  A1"E"  332110 1 1 2 0 0 0   172.0  172.0
571  633.199456 9.963E-24 3.056E+00.03330.070 2458.72430.750.000000 0 1 0   1  E"  0 0 0   1  E'  14 14  E' E"   14 14  E' E'  441110 1 1 1 0 0 0   116.0  116.0
571  633.268846 5.356E-27 9.230E-04.03330.070 2543.66260.750.000000 0 0 0   0  A1' 0 0 0   0  A1' 19  9  A1"A1"  18 12  A1'A1' 331110 1 1 1 0 0 0   312.0  296.0
571  633.640223 1.064E-25 1.577E-02.03330.070 2221.91390.750.000000 0 1 0   1  E"  0 0 0   1  E'   9  1  E" E'    9  3  A1"E"  331110 1 1 1 0 0 0    76.0   76.0
571  633.651802 4.640E-24 3.025E+00.03330.070 2712.95970.750.000000 0 1 0   0  A2" 0 0 0   0  A1' 23 23  E" E'   23 23  E" E"  331110 1 1 1 0 0 0   188.0  188.0
571  633.731417 8.763E-24 8.862E-01.03400.070 2372.76750.750.000000 0 2 0   0  A1' 0 1 0   0  A2" 14  6  A1'A1'  14  6  A2'A1" 332110 1 1 2 0 0 0   232.0  232.0
571  633.958880 1.023E-27 2.214E-04.03330.070 2338.90100.750.000000 0 3 0   0  A2" 0 0 0   1  E'  11  7  E" E'   10  5  E" E"  331110 1 1 1 0 0 0    92.0   84.0
571  634.232766 5.184E-25 2.658E-03.03330.070 1466.65780.750.000000 0 1 0   1  E"  0 2 0   0  A1'  3  2  E' A1"   4  0  A1'A1' 331110 1 1 1 0 0 0    56.0   72.0
571  634.271516 3.131E-26 2.784E+00.03330.070 3705.51510.750.000000 0 2 0   0  A1' 0 1 0   0  A2" 21 16  E' E'   21 16  E' E"  331110 1 1 1 0 0 0   172.0  172.0
571  634.376338 3.481E-24 1.377E+00.03330.070 2524.17050.750.000000 0 2 0   0  A1' 0 1 0   0  A2" 15  8  E' E'   15  8  E' E"  331110 1 1 1 0 0 0   124.0  124.0
571  634.533242 1.033E-24 2.008E+00.03330.070 2876.53640.750.000000 0 2 0   0  A1' 0 1 0   0  A2" 17 11  E" E"   17 11  E" E'  331110 1 1 1 0 0 0   140.0  140.0
571  634.582485 3.969E-25 4.790E-03.03330.070 1430.78100.750.000000 0 1 0   1  E"  0 0 0   1  E'   2  0  A1'E"    2  2  E' E'  331110 1 1 1 0 0 0    20.0   20.0
571  634.776369 3.161E-27 2.726E+00.03330.070 4333.54720.750.000000 0 1 0   1  E"  0 0 0   1  E'  23 22  E' A1"  23 22  E' A1' 331110 1 1 1 0 0 0   376.0  376.0
571  634.868852 4.671E-24 4.502E-01.03330.070 2204.93340.750.000000 0 2 0   0  A1' 0 1 0   0  A2" 13  4  E' E'   13  4  E' E"  331110 1 1 1 0 0 0   108.0  108.0
571  634.916712 8.826E-28 3.016E-04.03330.070 2592.05890.750.000000 0 3 0   0  A2" 0 0 0   1  E'  12  6  A2'A1"  11  4  E' A1' 331110 1 1 1 0 0 0   200.0  184.0
571  635.014575 4.457E-28 3.657E-05.03330.070 2099.43490.750.000000 0 3 0   0  A2" 0 0 0   1  E'   9  4  E' E"    8  0  A1'E'  331110 1 1 1 0 0 0    76.0   68.0
571  635.388112 1.774E-26 3.069E+00.03330.070 3851.04070.750.000000 0 1 0   1  E"  0 0 0   1  E'  22 22  E' E"   22 22  E' E'  331110 1 1 1 0 0 0   180.0  180.0
571  635.399586 5.259E-24 3.092E+00.03620.070 2605.01270.750.000000 0 1 0   1  E"  0 0 0   1  E'  15 15  A2"E'   15 15  A2"E"  332110 1 1 2 0 0 0   124.0  124.0
571  635.486938 3.118E-28 5.022E-06.03330.070 1686.13980.750.000000 0 3 0   0  A2" 0 0 0   1  E'   6  4  E' E"    5  0  A2'E'  331110 1 1 1 0 0 0    52.0   44.0
571  635.497494 1.122E-25 1.146E-04.03330.070 1118.88420.750.000000 0 0 0   1  E'  0 1 0   0  A2"  6  3  A2"E"    7  1  E" E'  331110 1 1 1 0 0 0    52.0   60.0
571  635.607873 2.209E-26 2.041E-04.03330.070 1775.52150.750.000000 0 0 0   0  A1' 0 0 0   0  A1' 17 10  E' E'   16 13  E" E"  331110 1 1 1 0 0 0   140.0  132.0
571  635.797728 2.939E-22 3.562E+00.03330.070 1551.80560.750.000000 0 3 0   0  A2" 0 2 0   0  A1'  4  1  E" E'    5  1  E" E"  441110 1 1 1 0 0 0    36.0   44.0
571  635.868784 6.659E-26 2.879E-05.03330.070  866.04010.750.000000 0 0 0   1  E'  0 1 0   0  A2"  4  4  E' E'    5  2  E' E"  331110 1 1 1 0 0 0    36.0   44.0
571  635.896974 6.477E-28 9.145E-06.03330.070 1658.78320.750.000000 0 1 0   1  E"  0 2 0   0  A1'  6  5  E" E'    6  1  E" E"  331110 1 1 1 0 0 0    52.0   52.0
571  635.930597 1.921E-25 2.728E+00.03510.070 3459.95980.750.000000 0 2 0   0  A1' 0 1 0   0  A2" 20 15  A1"A1"  20 15  A2"A1' 332110 1 1 2 0 0 0   328.0  328.0
571  635.938648 2.526E-28 1.146E-04.03330.070 2522.85380.750.000000 0 0 0   1  E'  0 1 0   0  A2" 13  1  E" E"   14  1  E" E'  331110 1 1 1 0 0 0   108.0  116.0
571  636.013480 1.143E-25 6.485E-04.03330.070 1486.49680.750.000000 0 3 0   0  A2" 0 0 0   1  E'   3  0  A2'A1"   3  2  E' A1' 331110 1 1 1 0 0 0    56.0   56.0
571  636.029899 4.107E-28 6.233E-04.03330.070 2913.91100.750.000000 0 3 0   0  A2" 0 0 0   1  E'  13  3  A2"A1'  13  7  E" A1" 331110 1 1 1 0 0 0   216.0  216.0
571  636.254846 3.174E-24 3.053E+00.03350.070 2942.61560.750.000000 0 1 0   0  A2" 0 0 0   0  A1' 24 24  A2'A1"  24 24  A1'A1' 332110 1 1 2 0 0 0   392.0  392.0
571  636.350398 1.507E-26 5.004E-03.03330.070 2425.54810.750.000000 0 3 0   0  A2" 0 0 0   1  E'  11  5  E" E'   11  7  E" E"  331110 1 1 1 0 0 0    92.0   92.0
571  636.477935 2.028E-25 1.460E-02.03330.070 2048.71750.750.000000 0 1 0   1  E"  0 0 0   1  E'   8  1  E" E'    8  3  A1"E"  331110 1 1 1 0 0 0    68.0   68.0
571  636.489877 1.027E-25 2.511E-03.03330.070 1771.32410.750.000000 0 1 0   1  E"  0 2 0   0  A1'  6  0  A1'E"    7  2  E' E'  331110 1 1 1 0 0 0    52.0   60.0
571  636.501203 4.090E-28 5.505E-05.03330.070 2415.19970.750.000000 0 3 0   0  A2" 0 0 0   1  E'  13 12  A2'A1"  12 10  E' A1' 331110 1 1 1 0 0 0   216.0  200.0
571  636.558085 1.008E-28 5.182E-05.03330.070 2562.91990.750.000000 0 3 0   0  A2" 0 0 0   1  E'  14 13  E" E'   13 11  E" E"  331110 1 1 1 0 0 0   116.0  108.0
571  636.622220 2.466E-24 1.779E+00.03330.070 2659.22490.750.000000 0 2 0   0  A1' 0 1 0   0  A2" 16 10  E' E'   16 10  E' E"  331110 1 1 1 0 0 0   132.0  132.0
571  636.662623 1.723E-27 1.240E-04.03330.070 2092.09370.750.000000 0 3 0   0  A2" 0 0 0   1  E'  10  8  E' E"    9  6  A1'E'  331110 1 1 1 0 0 0    84.0   76.0
571  636.713396 6.849E-23 1.141E+00.04500.070 1390.69120.750.000000 0 1 0   1  E"  0 0 0   1  E'   1  0  A2'E"    0  0  A1'E'  442110 1 1 2 0 0 0    12.0    4.0
571  636.818683 3.976E-28 5.902E-05.03330.070 2276.74340.750.000000 0 3 0   0  A2" 0 0 0   1  E'  12 11  E" E'   11  9  A2"E"  331110 1 1 1 0 0 0   100.0   92.0
571  636.889037 5.173E-28 2.750E+00.03330.070 4572.39520.750.000000 0 1 0   1  E"  0 0 0   1  E'  24 23  E" E'   24 23  E" E"  331110 1 1 1 0 0 0   196.0  196.0
571  636.964799 2.788E-22 3.196E+00.03330.070 1539.62960.750.000000 0 3 0   0  A2" 0 2 0   0  A1'  4  2  E' E"    5  2  E' E'  441110 1 1 1 0 0 0    36.0   44.0
571  636.980301 6.866E-26 1.033E-03.03330.070 1636.77110.750.000000 0 3 0   0  A2" 0 0 0   1  E'   5  1  E" E'    5  3  A1"E"  331110 1 1 1 0 0 0    44.0   44.0
571  637.064495 7.443E-25 3.389E-02.03330.070 2033.48640.750.000000 0 2 0   0  A1' 0 1 0   0  A2" 12  1  E" E"   12  1  E" E'  331110 1 1 1 0 0 0   100.0  100.0
571  637.111390 1.213E-27 9.417E-04.03330.070 2759.51590.750.000000 0 1 0   1  E"  0 2 0   0  A1' 12  4  E' A1"  13  6  A1'A1' 331110 1 1 1 0 0 0   200.0  216.0
571  637.176217 8.578E-26 8.323E-03.03330.070 2204.93340.750.000000 0 0 0   1  E'  0 1 0   0  A2" 13  8  E' E'   13  4  E' E"  331110 1 1 1 0 0 0   108.0  108.0
571  637.487321 5.752E-28 2.474E-05.03330.070 1942.17700.750.000000 0 3 0   0  A2" 0 0 0   1  E'   8  4  E' E"    7  0  A2'E'  331110 1 1 1 0 0 0    68.0   60.0
571  637.521686 7.423E-28 6.405E-05.03330.070 2147.56490.750.000000 0 3 0   0  A2" 0 0 0   1  E'  11 10  E' E"   10  8  E' E'  331110 1 1 1 0 0 0    92.0   84.0
571  637.577493 7.883E-24 1.228E+00.03330.070 2316.80930.750.000000 0 2 0   0  A1' 0 1 0   0  A2" 14  7  E" E"   14  7  E" E'  331110 1 1 1 0 0 0   116.0  116.0
571  637.587881 9.019E-24 7.256E-01.03330.070 2166.11930.750.000000 0 2 0   0  A1' 0 1 0   0  A2" 13  5  E" E"   13  5  E" E'  331110 1 1 1 0 0 0   108.0  108.0
571  637.655876 2.799E-25 2.662E+00.03330.070 3223.49170.750.000000 0 2 0   0  A1' 0 1 0   0  A2" 19 14  E' E'   19 14  E' E"  331110 1 1 1 0 0 0   156.0  156.0
571  637.690477 5.303E-28 1.324E-05.03330.070 1804.36080.750.000000 0 3 0   0  A2" 0 0 0   1  E'   7  4  E' E"    6  0  A1'E'  331110 1 1 1 0 0 0    60.0   52.0
571  637.712610 2.150E-28 1.031E-04.03330.070 2574.51120.750.000000 0 2 0   0  A1' 0 0 0   0  A1' 16 11  E" E"   17  8  E' E'  331110 1 1 1 0 0 0   132.0  140.0
571  637.723637 1.286E-26 3.095E+00.03330.070 4069.19600.750.000000 0 1 0   1  E"  0 0 0   1  E'  23 23  E" A1'  23 23  E" A1" 331110 1 1 1 0 0 0   376.0  376.0
571  637.744292 5.282E-24 3.128E+00.03330.070 2760.56550.750.000000 0 1 0   1  E"  0 0 0   1  E'  16 16  E' A1"  16 16  E' A1' 331110 1 1 1 0 0 0   264.0  264.0
571  637.847770 1.572E-28 2.369E-03.03330.070 3295.84710.750.000000 0 0 0   1  E'  0 2 0   0  A1' 17  9  A1"E"   16 10  E' E'  331110 1 1 1 0 0 0   140.0  132.0
571  637.963290 3.176E-24 1.361E-01.03330.070 2020.52050.750.000000 0 2 0   0  A1' 0 1 0   0  A2" 12  2  E' E'   12  2  E' E"  331110 1 1 1 0 0 0   100.0  100.0
571  638.098148 2.030E-27 1.906E-04.03330.070 2145.97200.750.000000 0 3 0   0  A2" 0 0 0   1  E'  10  7  E" E'    9  5  E" E"  331110 1 1 1 0 0 0    84.0   76.0
571  638.132507 5.548E-28 3.063E-04.03330.070 2688.83910.750.000000 0 3 0   0  A2" 0 0 0   1  E'  12  3  A2"A1'  11  1  E" A1" 331110 1 1 1 0 0 0   200.0  184.0
571  638.430412 5.227E-25 2.085E-02.03330.070 2178.57100.750.000000 0 0 0   1  E'  0 1 0   0  A2" 14 11  E" A1"  14  9  A2"A1' 331110 1 1 1 0 0 0   232.0  232.0
571  638.511189 2.398E-26 7.829E-06.03330.070 1061.07000.750.000000 0 0 0   0  A1' 0 0 0   0  A1' 15 11  E" E"   14 14  E' E'  331110 1 1 1 0 0 0   124.0  116.0
571  638.578716 2.612E-25 2.889E-03.03330.070 1410.36900.750.000000 0 1 0   1  E"  0 0 0   1  E'   2  2  E' E"    1  0  A2'E'  331110 1 1 1 0 0 0    20.0   12.0
571  638.603099 9.392E-28 1.353E-04.03330.070 2269.50060.750.000000 0 0 0   1  E'  0 1 0   0  A2" 12  1  E" E"   13  1  E" E'  331110 1 1 1 0 0 0   100.0  108.0
571  638.621457 2.668E-27 7.061E-05.03330.070 2027.67690.750.000000 0 3 0   0  A2" 0 0 0   1  E'  10  9  A2"A1'   9  7  E" A1" 331110 1 1 1 0 0 0   168.0  152.0
571  638.692919 3.669E-27 9.843E-04.03330.070 2361.49250.750.000000 0 1 0   1  E"  0 2 0   0  A1' 10  3  A2"E'   11  5  E" E"  331110 1 1 1 0 0 0    84.0   92.0
571  638.768554 1.725E-25 3.170E-04.03330.070 1435.44440.750.000000 0 0 0   1  E'  0 1 0   0  A2"  8  2  E' A1'   9  0  A2'A1" 331110 1 1 1 0 0 0   136.0  152.0
571  638.821095 4.715E-22 2.461E+00.03960.070 1519.33950.750.000000 0 3 0   0  A2" 0 2 0   0  A1'  4  3  A2"A1'   5  3  A1"A1" 442110 1 1 2 0 0 0    72.0   88.0
571  638.863869 5.522E-28 7.847E-03.03330.070 3413.63930.750.000000 0 3 0   0  A2" 0 0 0   1  E'  16  9  A2"A1'  16 11  E" A1" 331110 1 1 1 0 0 0   264.0  264.0
571  639.282308 4.021E-27 4.156E-06.03330.070 1118.88420.750.000000 0 0 0   1  E'  0 1 0   0  A2"  6  3  A1"E"    7  1  E" E'  331110 1 1 1 0 0 0    52.0   60.0
571  639.402384 1.264E-23 1.779E+00.03460.070 2451.06840.750.000000 0 2 0   0  A1' 0 1 0   0  A2" 15  9  A1"A1"  15  9  A2"A1' 442110 1 1 2 0 0 0   248.0  248.0
571  639.436188 2.188E-27 2.961E-04.03330.070 2381.59480.750.000000 0 3 0   0  A2" 0 0 0   1  E'  11  6  A2'A1"  10  4  E' A1' 331110 1 1 1 0 0 0   184.0  168.0
571  639.453386 7.745E-25 2.584E+00.03330.070 2996.14340.750.000000 0 2 0   0  A1' 0 1 0   0  A2" 18 13  E" E"   18 13  E" E'  331110 1 1 1 0 0 0   148.0  148.0
571  639.489282 1.592E-23 3.085E-01.03480.070 1998.88310.750.000000 0 2 0   0  A1' 0 1 0   0  A2" 12  3  A1"A1"  12  3  A2"A1' 442110 1 1 2 0 0 0   200.0  200.0
571  639.497072 7.959E-26 1.342E-03.03330.070 1722.67940.750.000000 0 1 0   1  E"  0 2 0   0  A1'  7  6  A2'E"    7  4  E' E'  331110 1 1 1 0 0 0    60.0   60.0
571  639.530446 3.256E-25 1.264E-02.03330.070 1894.06840.750.000000 0 1 0   1  E"  0 0 0   1  E'   7  1  E" E'    7  3  A2"E"  331110 1 1 1 0 0 0    60.0   60.0
571  639.571965 3.296E-25 3.999E-03.03330.070 1759.90630.750.000000 0 0 0   1  E'  0 1 0   0  A2" 12 10  E' E'   12  8  E' E"  331110 1 1 1 0 0 0   100.0  100.0
571  639.786457 1.841E-25 1.717E-03.03330.070 1443.74420.750.000000 0 1 0   1  E"  0 0 0   1  E'   3  3  A1"E'    2  1  E" E"  331110 1 1 1 0 0 0    28.0   20.0
571  639.927383 1.170E-28 2.439E-04.03330.070 3030.25860.750.000000 0 2 0   0  A1' 0 0 0   0  A1' 17  9  A1"A1"  18  6  A1'A1' 331110 1 1 1 0 0 0   280.0  296.0
571  640.126477 2.313E-27 7.940E-05.03330.070 1917.09320.750.000000 0 3 0   0  A2" 0 0 0   1  E'   9  8  E' E"    8  6  A2'E'  331110 1 1 1 0 0 0    76.0   68.0
571  640.200039 2.224E-27 3.121E+00.03350.070 4296.43340.750.000000 0 1 0   1  E"  0 0 0   1  E'  24 24  A2'E"   24 24  A2'E'  332110 1 1 2 0 0 0   196.0  196.0
571  640.234407 1.263E-24 3.165E+00.03330.070 2925.36530.750.000000 0 1 0   1  E"  0 0 0   1  E'  17 17  E" E'   17 17  E" E"  331110 1 1 1 0 0 0   140.0  140.0
571  640.442643 6.125E-24 7.525E-02.03330.070 1551.80560.750.000000 0 1 0   1  E"  0 2 0   0  A1'  4  1  E" E'    5  1  E" E"  331110 1 1 1 0 0 0    36.0   44.0
571  640.628463 1.874E-25 1.368E-01.03330.070 2659.22490.750.000000 0 0 0   1  E'  0 1 0   0  A2" 16 12  A1'E'   16 10  E' E"  331110 1 1 1 0 0 0   132.0  132.0
571  640.723006 2.029E-28 2.231E-04.03330.070 2886.08990.750.000000 0 0 0   1  E'  0 0 0   1  E'  16 10  E' A1'  15 13  E" A1" 331110 1 1 1 0 0 0   264.0  248.0
571  640.799786 2.646E-26 4.372E-04.03330.070 1860.23060.750.000000 0 3 0   0  A2" 0 0 0   1  E'   7  0  A2'A1"   7  4  E' A1' 331110 1 1 1 0 0 0   120.0  120.0
571  640.860730 3.262E-27 1.462E-04.03330.070 1971.53490.750.000000 0 3 0   0  A2" 0 0 0   1  E'   9  7  E" E'    8  5  E" E"  331110 1 1 1 0 0 0    76.0   68.0
571  640.911696 3.292E-23 1.062E+00.03440.070 2118.60420.750.000000 0 2 0   0  A1' 0 1 0   0  A2" 13  6  A1'A1'  13  6  A2'A1" 442110 1 1 2 0 0 0   216.0  216.0
571  641.010426 3.438E-27 2.110E-04.03330.070 2235.10550.750.000000 0 0 0   1  E'  0 1 0   0  A2" 12  1  E" A1"  13  3  A2"A1' 331110 1 1 1 0 0 0   200.0  216.0
571  641.051880 2.033E-27 3.401E+00.03330.070 4332.01460.750.000000 0 2 0   0  A1' 0 1 0   0  A2" 24 20  E' E'   24 20  E' E"  331110 1 1 1 0 0 0   196.0  196.0
571  641.092194 1.073E-25 2.600E-03.03330.070 1964.54870.750.000000 0 3 0   0  A2" 0 0 0   1  E'   8  3  A2"A1'   8  5  E" A1" 331110 1 1 1 0 0 0   136.0  136.0
571  641.155643 2.775E-25 1.243E-03.03330.070 1486.49680.750.000000 0 1 0   1  E"  0 0 0   1  E'   4  4  E' A1"   3  2  E' A1' 331110 1 1 1 0 0 0    72.0   56.0
571  641.156503 2.101E-26 5.401E-03.03330.070 2529.67570.750.000000 0 1 0   1  E"  0 2 0   0  A1' 12  8  E' A1"  12  6  A1'A1' 331110 1 1 1 0 0 0   200.0  200.0
571  641.329505 4.062E-24 2.494E+00.03470.070 2777.94650.750.000000 0 2 0   0  A1' 0 1 0   0  A2" 17 12  A1'A1'  17 12  A2'A1" 332110 1 1 2 0 0 0   280.0  280.0
571  641.440344 1.531E-22 1.403E+00.03330.070 1490.94170.750.000000 0 3 0   0  A2" 0 2 0   0  A1'  4  4  E' E"    5  4  E' E'  441110 1 1 1 0 0 0    36.0   44.0
571  641.457468 7.886E-27 4.388E-05.03330.070 1606.53760.750.000000 0 3 0   0  A2" 0 0 0   1  E'   6  6  A2'A1"   5  4  E' A1' 331110 1 1 1 0 0 0   104.0   88.0
571  641.465077 1.800E-25 2.090E-03.03330.070 1539.62960.750.000000 0 1 0   1  E"  0 2 0   0  A1'  4  2  E' E"    5  2  E' E'  331110 1 1 1 0 0 0    36.0   44.0
571  641.490347 2.751E-27 3.774E-05.03330.070 1679.03030.750.000000 0 3 0   0  A2" 0 0 0   1  E'   7  7  E" E'    6  5  E" E"  331110 1 1 1 0 0 0    60.0   52.0
571  641.610132 1.646E-23 5.539E-01.03330.070 1968.59490.750.000000 0 2 0   0  A1' 0 1 0   0  A2" 12  4  E' E'   12  4  E' E"  441110 1 1 1 0 0 0   100.0  100.0
571  641.685216 1.571E-26 1.023E-03.03330.070 2025.15240.750.000000 0 1 0   1  E"  0 2 0   0  A1'  8  2  E' E"    9  4  E' E'  331110 1 1 1 0 0 0    68.0   76.0
571  641.713245 2.586E-27 9.043E-03.03330.070 2954.38680.750.000000 0 1 0   1  E"  0 2 0   0  A1' 14  9  A1"E'   14  7  E" E"  331110 1 1 1 0 0 0   116.0  116.0
571  641.839070 3.597E-26 1.345E-03.03330.070 2053.47430.750.000000 0 1 0   1  E"  0 2 0   0  A1'  8  1  E" A1'   9  3  A1"A1" 331110 1 1 1 0 0 0   136.0  152.0
571  641.871160 5.571E-27 5.398E-05.03330.070 1543.40750.750.000000 0 3 0   0  A2" 0 0 0   1  E'   5  5  E" E'    4  3  A1"E"  331110 1 1 1 0 0 0    44.0   36.0
571  641.962459 1.867E-27 3.370E-05.03330.070 1760.88090.750.000000 0 3 0   0  A2" 0 0 0   1  E'   8  8  E' E"    7  6  A2'E'  331110 1 1 1 0 0 0    68.0   60.0
571  641.972322 6.189E-27 4.596E-05.03330.070 1601.03990.750.000000 0 0 0   1  E'  0 1 0   0  A2"  9  2  E' E'   10  2  E' E"  331110 1 1 1 0 0 0    76.0   84.0
571  642.054504 6.984E-27 3.374E+00.03330.070 4067.33340.750.000000 0 2 0   0  A1' 0 1 0   0  A2" 23 19  E" E"   23 19  E" E'  331110 1 1 1 0 0 0   188.0  188.0
571  642.055957 3.896E-27 9.188E-05.03330.070 1815.81580.750.000000 0 3 0   0  A2" 0 0 0   1  E'   8  7  E" E'    7  5  E" E"  331110 1 1 1 0 0 0    68.0   60.0
571  642.084776 8.992E-28 4.309E-04.03330.070 2497.54850.750.000000 0 3 0   0  A2" 0 0 0   1  E'  11  2  E' E"   11  6  A1'E'  331110 1 1 1 0 0 0    92.0   92.0
571  642.110405 1.420E-23 1.638E+00.03330.070 2252.09780.750.000000 0 2 0   0  A1' 0 1 0   0  A2" 14  8  E' E'   14  8  E' E"  441110 1 1 1 0 0 0   116.0  116.0
571  642.209092 4.367E-28 2.202E-05.03330.070 2095.67960.750.000000 0 2 0   0  A1' 0 0 0   0  A1' 15 13  E" E"   16 10  E' E'  331110 1 1 1 0 0 0   124.0  132.0
571  642.241406 3.724E-28 1.391E-04.03330.070 2446.18680.750.000000 0 1 0   1  E"  0 2 0   0  A1' 11  6  A1'E"   11  2  E' E'  331110 1 1 1 0 0 0    92.0   92.0
571  642.268031 2.973E-27 1.494E-04.03330.070 2033.48640.750.000000 0 0 0   1  E'  0 1 0   0  A2" 11  1  E" E"   12  1  E" E'  331110 1 1 1 0 0 0    92.0  100.0
571  642.574549 2.880E-26 1.094E-02.03330.070 2592.05890.750.000000 0 1 0   1  E"  0 0 0   1  E'  11  2  E' A1"  11  4  E' A1' 331110 1 1 1 0 0 0   184.0  184.0
571  642.680140 4.450E-26 1.347E-04.03330.070 1579.21970.750.000000 0 0 0   1  E'  0 1 0   0  A2" 10  7  E" A1"  10  3  A2"A1' 331110 1 1 1 0 0 0   168.0  168.0
571  642.685344 1.032E-25 9.795E-04.03330.070 1538.62410.750.000000 0 1 0   1  E"  0 0 0   1  E'   5  5  E" E'    4  3  A2"E"  331110 1 1 1 0 0 0    44.0   36.0
571  642.699113 4.300E-25 1.004E-02.03330.070 1758.16650.750.000000 0 1 0   1  E"  0 0 0   1  E'   6  1  E" E'    6  3  A1"E"  331110 1 1 1 0 0 0    52.0   52.0
571  642.749030 7.999E-27 7.313E-05.03330.070 1489.63310.750.000000 0 3 0   0  A2" 0 0 0   1  E'   4  4  E' E"    3  2  E' E'  331110 1 1 1 0 0 0    36.0   28.0
571  642.835721 4.676E-27 2.749E-04.03330.070 2189.31230.750.000000 0 3 0   0  A2" 0 0 0   1  E'  10  6  A2'A1"   9  4  E' A1' 331110 1 1 1 0 0 0   168.0  152.0
571  642.866729 2.450E-27 3.090E-05.03330.070 1852.08320.750.000000 0 3 0   0  A2" 0 0 0   1  E'   9  9  A2"A1'   8  7  E" A1" 331110 1 1 1 0 0 0   152.0  136.0
571  642.871402 5.754E-25 3.203E+00.03460.070 3099.39360.750.000000 0 1 0   1  E"  0 0 0   1  E'  18 18  A2'E"   18 18  A2'E'  332110 1 1 2 0 0 0   148.0  148.0
571  643.098013 4.573E-26 3.340E+00.03440.070 3811.69900.750.000000 0 2 0   0  A1' 0 1 0   0  A2" 22 18  A1'A1'  22 18  A2'A1" 332110 1 1 2 0 0 0   360.0  360.0
571  643.119862 5.956E-28 1.364E-05.03330.070 1783.48620.750.000000 0 1 0   1  E"  0 2 0   0  A1'  7  5  E" E'    7  1  E" E"  331110 1 1 1 0 0 0    60.0   60.0
571  643.221440 8.349E-20 1.057E+00.03330.070   14.31900.750.000000 0 1 0   0  A2" 0 0 0   0  A1'  2  1  E" E'    1  1  E" E"  441110 1 1 1 0 0 0    20.0   12.0
571  643.272848 3.158E-26 3.325E-03.03330.070 2166.37910.750.000000 0 1 0   1  E"  0 2 0   0  A1' 10  7  E" E'   10  5  E" E"  331110 1 1 1 0 0 0    84.0   84.0
571  643.291574 5.038E-24 2.389E+00.03330.070 2568.93220.750.000000 0 2 0   0  A1' 0 1 0   0  A2" 16 11  E" E"   16 11  E" E'  331110 1 1 1 0 0 0   132.0  132.0
571  643.306659 2.375E-24 4.137E-02.03330.070 1814.97490.750.000000 0 2 0   0  A1' 0 1 0   0  A2" 11  1  E" E"   11  1  E" E'  331110 1 1 1 0 0 0    92.0   92.0
571  643.816096 5.662E-25 1.468E-03.03330.070 1404.09840.750.000000 0 0 0   1  E'  0 1 0   0  A2" 10  9  A1"E"   10  7  E" E'  331110 1 1 1 0 0 0    84.0   84.0
571  643.870590 2.888E-27 3.048E-04.03330.070 2145.97200.750.000000 0 3 0   0  A2" 0 0 0   1  E'   9  1  E" E'    9  5  E" E"  331110 1 1 1 0 0 0    76.0   76.0
571  644.188111 7.132E-26 3.299E+00.03330.070 3565.14460.750.000000 0 2 0   0  A1' 0 1 0   0  A2" 21 17  E" E"   21 17  E" E'  331110 1 1 1 0 0 0   172.0  172.0
571  644.195904 1.115E-26 1.329E-04.03330.070 1543.40750.750.000000 0 3 0   0  A2" 0 0 0   1  E'   4  1  E" E'    4  3  A1"E"  331110 1 1 1 0 0 0    36.0   36.0
571  644.197645 7.741E-28 2.891E-05.03330.070 1952.62780.750.000000 0 3 0   0  A2" 0 0 0   1  E'  10 10  E' E"    9  8  E' E'  331110 1 1 1 0 0 0    84.0   76.0
571  644.226341 2.299E-28 8.701E-04.03330.070 2954.38680.750.000000 0 1 0   1  E"  0 2 0   0  A1' 13  5  E" E'   14  7  E" E"  331110 1 1 1 0 0 0   108.0  116.0
571  644.237958 1.014E-23 1.662E-01.03330.070 1801.94880.750.000000 0 2 0   0  A1' 0 1 0   0  A2" 11  2  E' E'   11  2  E' E"  441110 1 1 1 0 0 0    92.0   92.0
571  644.351765 5.812E-21 2.805E+00.03330.070  657.54040.750.000000 0 2 0   0  A1' 0 1 0   0  A2"  1  1  E" E"    2  1  E" E'  441110 1 1 1 0 0 0    12.0   20.0
571  644.373860 7.442E-26 8.097E-04.03330.070 1600.12180.750.000000 0 1 0   1  E"  0 0 0   1  E'   6  6  A2'E"    5  4  E' E'  331110 1 1 1 0 0 0    52.0   44.0
571  644.387863 3.125E-23 8.773E-01.03330.070 1929.58560.750.000000 0 2 0   0  A1' 0 1 0   0  A2" 12  5  E" E"   12  5  E" E'  441110 1 1 1 0 0 0   100.0  100.0
571  644.416809 1.282E-26 1.103E-04.03330.070 1723.85730.750.000000 0 3 0   0  A2" 0 0 0   1  E'   7  6  A2'A1"   6  4  E' A1' 331110 1 1 1 0 0 0   120.0  104.0
571  644.743801 2.541E-28 2.827E-03.03330.070 3371.95610.750.000000 0 0 0   1  E'  0 2 0   0  A1' 17  8  E' A1'  16  9  A1"A1" 331110 1 1 1 0 0 0   280.0  264.0
571  644.807919 4.580E-28 3.748E-04.03330.070 2623.17420.750.000000 0 3 0   0  A2" 0 0 0   1  E'  12  5  E" E'   11  3  A2"E"  331110 1 1 1 0 0 0   100.0   92.0
571  644.844144 5.939E-28 5.445E-03.03330.070 3200.87260.750.000000 0 0 0   1  E'  0 1 0   0  A2" 18 13  E" E"   18 11  E" E'  331110 1 1 1 0 0 0   148.0  148.0
571  644.904118 2.966E-26 1.408E-04.03330.070 1444.41040.750.000000 0 3 0   0  A2" 0 0 0   1  E'   3  3  A2"A1'   2  1  E" A1" 331110 1 1 1 0 0 0    56.0   40.0
571  644.904648 1.602E-26 5.369E-03.03330.070 2582.07100.750.000000 0 3 0   0  A2" 0 0 0   1  E'  12  6  A2'A1"  12  8  E' A1' 331110 1 1 1 0 0 0   200.0  200.0
571  644.915621 8.395E-27 2.356E-04.03330.070 2015.45580.750.000000 0 3 0   0  A2" 0 0 0   1  E'   9  6  A2'A1"   8  4  E' A1' 331110 1 1 1 0 0 0   152.0  136.0
571  644.917754 2.967E-23 1.472E+00.03330.070 2062.34270.750.000000 0 2 0   0  A1' 0 1 0   0  A2" 13  7  E" E"   13  7  E" E'  441110 1 1 1 0 0 0   108.0  108.0
571  645.247643 2.473E-28 2.256E-05.03330.070 2278.30150.750.000000 0 1 0   1  E"  0 0 0   1  E'  10  5  E" A1'   9  1  E" A1" 331110 1 1 1 0 0 0   168.0  152.0
571  645.330371 2.117E-25 3.249E+00.03330.070 3327.70300.750.000000 0 2 0   0  A1' 0 1 0   0  A2" 20 16  E' E'   20 16  E' E"  331110 1 1 1 0 0 0   164.0  164.0
571  645.350614 1.179E-23 2.266E+00.03330.070 2369.13060.750.000000 0 2 0   0  A1' 0 1 0   0  A2" 15 10  E' E'   15 10  E' E"  441110 1 1 1 0 0 0   124.0  124.0
571  645.432589 5.470E-28 3.496E-06.03330.070 1824.26070.750.000000 0 1 0   0  A2" 0 1 0   0  A2" 16 12  A2'A1"  15 15  A2"A1' 331110 1 1 1 0 0 0   264.0  248.0
571  645.507413 1.210E-26 1.788E-04.03330.070 1860.23060.750.000000 0 3 0   0  A2" 0 0 0   1  E'   8  6  A2'A1"   7  4  E' A1' 331110 1 1 1 0 0 0   136.0  120.0
571  645.519927 3.118E-27 8.821E-04.03330.070 2529.67570.750.000000 0 1 0   1  E"  0 2 0   0  A1' 11  4  E' A1"  12  6  A1'A1' 331110 1 1 1 0 0 0   184.0  200.0
571  645.657560 4.997E-25 3.242E+00.03330.070 3282.63090.750.000000 0 1 0   1  E"  0 0 0   1  E'  19 19  E" A1'  19 19  E" A1" 331110 1 1 1 0 0 0   312.0  312.0
571  645.714627 4.422E-26 4.993E-04.03330.070 1410.36900.750.000000 0 3 0   0  A2" 0 0 0   1  E'   2  2  E' E"    1  0  A2'E'  331110 1 1 1 0 0 0    20.0   12.0
571  645.786356 5.082E-23 3.766E-01.03510.070 1780.23340.750.000000 0 2 0   0  A1' 0 1 0   0  A2" 11  3  A1"A1"  11  3  A2"A1' 442110 1 1 2 0 0 0   184.0  184.0
571  645.849081 4.498E-25 7.093E-03.03330.070 1641.21420.750.000000 0 1 0   1  E"  0 0 0   1  E'   5  1  E" E'    5  3  A2"E"  331110 1 1 1 0 0 0    44.0   44.0
571  645.860729 6.891E-26 1.040E-02.03330.070 2381.59480.750.000000 0 1 0   1  E"  0 0 0   1  E'  10  2  E' A1"  10  4  E' A1' 331110 1 1 1 0 0 0   168.0  168.0
571  645.949080 4.702E-28 2.749E-05.03330.070 2062.50500.750.000000 0 3 0   0  A2" 0 0 0   1  E'  11 11  E" E'   10  9  A2"E"  331110 1 1 1 0 0 0    92.0   84.0
571  646.218870 1.033E-25 6.909E-04.03330.070 1670.98490.750.000000 0 1 0   1  E"  0 0 0   1  E'   7  7  E" A1'   6  5  E" A1" 331110 1 1 1 0 0 0   120.0  104.0
571  646.530302 1.196E-24 3.190E+00.03530.070 3099.40600.750.000000 0 2 0   0  A1' 0 1 0   0  A2" 19 15  A1"A1"  19 15  A2"A1' 332110 1 1 2 0 0 0   312.0  312.0
571  646.749380 1.620E-27 1.519E-03.03330.070 2894.39280.750.000000 0 0 0   0  A1' 0 0 0   0  A1' 20  9  A1"A1"  19 12  A1'A1' 331110 1 1 1 0 0 0   328.0  312.0
571  646.795363 1.141E-25 7.608E-05.03330.070  989.97570.750.000000 0 0 0   1  E'  0 1 0   0  A2"  5  3  A1"E"    6  1  E" E'  331110 1 1 1 0 0 0    44.0   52.0
571  646.950156 7.464E-28 3.951E-07.03330.070  976.72800.750.000000 0 0 0   1  E'  0 1 0   0  A2"  6  6  A1'E'    6  2  E' E"  331110 1 1 1 0 0 0    52.0   52.0
571  646.950989 1.680E-25 2.728E-03.03330.070 1646.61270.750.000000 0 1 0   1  E"  0 2 0   0  A1'  5  0  A2'E"    6  2  E' E'  331110 1 1 1 0 0 0    44.0   52.0
571  647.030186 8.057E-27 1.554E-04.03330.070 1814.97490.750.000000 0 0 0   1  E'  0 1 0   0  A2" 10  1  E" E"   11  1  E" E'  331110 1 1 1 0 0 0    84.0   92.0
571  647.155555 2.346E-28 9.315E-05.03330.070 2553.71700.750.000000 0 1 0   0  A2" 0 1 0   0  A2" 18 11  E" E'   17 14  E' E"  331110 1 1 1 0 0 0   148.0  140.0
571  647.231046 1.047E-26 1.401E-04.03330.070 1641.21420.750.000000 0 3 0   0  A2" 0 0 0   1  E'   6  5  E" E'    5  3  A2"E"  331110 1 1 1 0 0 0    52.0   44.0
571  647.548574 5.151E-23 2.109E+00.03500.070 2178.57100.750.000000 0 2 0   0  A1' 0 1 0   0  A2" 14  9  A1"A1"  14  9  A2"A1' 442110 1 1 2 0 0 0   232.0  232.0
571  647.793390 1.604E-24 3.121E+00.03330.070 2880.28520.750.000000 0 2 0   0  A1' 0 1 0   0  A2" 18 14  E' E'   18 14  E' E"  331110 1 1 1 0 0 0   148.0  148.0
571  647.843626 1.143E-22 1.284E+00.03490.070 1881.83210.750.000000 0 2 0   0  A1' 0 1 0   0  A2" 12  6  A1'A1'  12  6  A2'A1" 442110 1 1 2 0 0 0   200.0  200.0
571  648.015523 5.264E-23 6.771E-01.03330.070 1749.78290.750.000000 0 2 0   0  A1' 0 1 0   0  A2" 11  4  E' E'   11  4  E' E"  441110 1 1 1 0 0 0    92.0   92.0
571  648.054698 1.256E-28 2.975E-04.03330.070 2839.80220.750.000000 0 1 0   1  E"  0 2 0   0  A1' 12  0  A1'E"   13  4  E' E'  331110 1 1 1 0 0 0   100.0  108.0
571  648.063303 2.612E-28 4.737E-06.03330.070 1944.30570.750.000000 0 1 0   1  E"  0 2 0   0  A1' 10 10  E' A1"   9  6  A1'A1' 331110 1 1 1 0 0 0   168.0  152.0
571  648.114917 5.481E-28 2.648E-05.03330.070 2181.70340.750.000000 0 3 0   0  A2" 0 0 0   1  E'  12 12  A2'A1"  11 10  E' A1' 331110 1 1 1 0 0 0   200.0  184.0
571  648.186789 5.936E-26 1.157E-03.03330.070 1717.79430.750.000000 0 3 0   0  A2" 0 0 0   1  E'   6  2  E' E"    6  4  E' E'  331110 1 1 1 0 0 0    52.0   52.0
571  648.217377 3.440E-26 6.031E-04.03330.070 1751.20790.750.000000 0 1 0   1  E"  0 0 0   1  E'   8  8  E' E"    7  6  A1'E'  331110 1 1 1 0 0 0    68.0   60.0
571  648.258839 5.887E-26 1.796E-03.03330.070 1865.10440.750.000000 0 1 0   1  E"  0 2 0   0  A1'  8  6  A1'E"    8  4  E' E'  331110 1 1 1 0 0 0    68.0   68.0
571  648.317177 7.339E-27 8.666E-04.03330.070 2166.37910.750.000000 0 1 0   1  E"  0 2 0   0  A1'  9  3  A2"E'   10  5  E" E"  331110 1 1 1 0 0 0    76.0   84.0
571  648.435584 1.196E-27 3.877E-04.03330.070 2413.46290.750.000000 0 3 0   0  A2" 0 0 0   1  E'  11  5  E" E'   10  3  A2"E"  331110 1 1 1 0 0 0    92.0   84.0
571  648.596185 1.035E-25 3.282E+00.03330.070 3475.05650.750.000000 0 1 0   1  E"  0 0 0   1  E'  20 20  E' E"   20 20  E' E'  331110 1 1 1 0 0 0   164.0  164.0
571  648.840819 3.425E-25 4.138E-03.03330.070 1543.40750.750.000000 0 1 0   1  E"  0 0 0   1  E'   4  1  E" E'    4  3  A1"E"  331110 1 1 1 0 0 0    36.0   36.0
571  648.979278 3.377E-26 3.988E-04.03330.070 1538.62410.750.000000 0 3 0   0  A2" 0 0 0   1  E'   4  1  E" E'    4  3  A2"E"  331110 1 1 1 0 0 0    36.0   36.0
571  649.078710 1.149E-28 1.432E-04.03330.070 2707.26050.750.000000 0 3 0   0  A2" 0 2 0   0  A1' 12  1  E" E'   13  7  E" E"  331110 1 1 1 0 0 0   100.0  108.0
571  649.125141 4.084E-24 3.040E+00.03330.070 2670.37110.750.000000 0 2 0   0  A1' 0 1 0   0  A2" 17 13  E" E"   17 13  E" E'  331110 1 1 1 0 0 0   140.0  140.0
571  649.222023 7.006E-24 5.121E-02.03330.070 1614.12100.750.000000 0 2 0   0  A1' 0 1 0   0  A2" 10  1  E" E"   10  1  E" E'  331110 1 1 1 0 0 0    84.0   84.0
571  649.423405 9.963E-27 4.260E-04.03330.070 2093.94780.750.000000 0 0 0   0  A1' 0 0 0   0  A1' 18 10  E' E'   17 13  E" E"  331110 1 1 1 0 0 0   148.0  140.0
571  649.528280 5.200E-23 1.906E+00.03330.070 1997.28160.750.000000 0 2 0   0  A1' 0 1 0   0  A2" 13  8  E' E'   13  8  E' E"  441110 1 1 1 0 0 0   108.0  108.0
571  649.645947 7.513E-26 3.311E-04.03330.070 1519.33950.750.000000 0 1 0   1  E"  0 2 0   0  A1'  5  5  E" A1'   5  3  A1"A1" 331110 1 1 1 0 0 0    88.0   88.0
571  649.753440 1.365E-25 9.048E-03.03330.070 2189.31230.750.000000 0 1 0   1  E"  0 0 0   1  E'   9  2  E' A1"   9  4  E' A1' 331110 1 1 1 0 0 0   152.0  152.0
571  650.185093 2.992E-23 2.058E-01.03330.070 1601.03990.750.000000 0 2 0   0  A1' 0 1 0   0  A2" 10  2  E' E'   10  2  E' E"  441110 1 1 1 0 0 0    84.0   84.0
571  650.292158 1.723E-28 2.693E-06.03330.070 1636.77110.750.000000 0 1 0   1  E"  0 0 0   1  E'   5  1  E" E'    5  3  A1"E"  331110 1 1 1 0 0 0    44.0   44.0
571  650.360647 2.191E-26 5.347E-04.03330.070 1840.79000.750.000000 0 1 0   1  E"  0 0 0   1  E'   9  9  A2"E'    8  7  E" E"  331110 1 1 1 0 0 0    76.0   68.0
571  650.531133 1.972E-23 2.946E+00.03490.070 2469.69330.750.000000 0 2 0   0  A1' 0 1 0   0  A2" 16 12  A1'A1'  16 12  A2'A1" 442110 1 1 2 0 0 0   264.0  264.0
571  650.554519 1.744E-26 1.950E-04.03330.070 1567.84740.750.000000 0 3 0   0  A2" 0 0 0   1  E'   5  4  E' E"    4  2  E' E'  331110 1 1 1 0 0 0    44.0   36.0
571  650.636783 3.172E-28 1.023E-04.03330.070 2458.63180.750.000000 0 0 0   1  E'  0 1 0   0  A2" 14  8  E' E'   14  4  E' E"  331110 1 1 1 0 0 0   116.0  116.0
571  650.641012 1.115E-26 2.309E-04.03330.070 1758.16650.750.000000 0 3 0   0  A2" 0 0 0   1  E'   7  5  E" E'    6  3  A1"E"  331110 1 1 1 0 0 0    60.0   52.0
571  650.688941 1.531E-28 2.577E-05.03330.070 2310.21090.750.000000 0 3 0   0  A2" 0 0 0   1  E'  13 13  E" E'   12 11  E" E"  331110 1 1 1 0 0 0   108.0  100.0
571  650.898772 1.001E-22 1.073E+00.03330.070 1710.59370.750.000000 0 2 0   0  A1' 0 1 0   0  A2" 11  5  E" E"   11  5  E" E'  441110 1 1 1 0 0 0    92.0   92.0
571  650.908614 3.659E-26 2.910E-03.03330.070 2083.54090.750.000000 0 3 0   0  A2" 0 0 0   1  E'   9  4  E' E"    9  6  A2'E'  331110 1 1 1 0 0 0    76.0   76.0
571  651.015307 2.716E-27 3.831E-04.03330.070 2221.91390.750.000000 0 3 0   0  A2" 0 0 0   1  E'  10  5  E" E'    9  3  A1"E"  331110 1 1 1 0 0 0    84.0   76.0
571  651.074307 5.322E-28 2.199E-05.03330.070 1925.86020.750.000000 0 1 0   1  E"  0 2 0   0  A1'  8  5  E" E'    8  1  E" E"  331110 1 1 1 0 0 0    68.0   68.0
571  651.238439 2.101E-27 1.419E-06.03330.070  989.97570.750.000000 0 0 0   1  E'  0 1 0   0  A2"  5  3  A2"E"    6  1  E" E'  331110 1 1 1 0 0 0    44.0   52.0
571  651.291349 1.606E-25 1.716E-03.03330.070 1464.92620.750.000000 0 1 0   1  E"  0 0 0   1  E'   3  1  E" E'    3  3  A2"E"  331110 1 1 1 0 0 0    28.0   28.0
571  651.384054 1.394E-24 5.512E-04.03330.070 1111.87850.750.000000 0 0 0   1  E'  0 1 0   0  A2"  8  8  E' A1'   8  6  A2'A1" 331110 1 1 1 0 0 0   136.0  136.0
571  651.527651 3.397E-28 2.892E-04.03330.070 2610.20500.750.000000 0 1 0   1  E"  0 2 0   0  A1' 11  0  A2'E"   12  4  E' E'  331110 1 1 1 0 0 0    92.0  100.0
571  651.691846 4.090E-26 3.324E+00.03440.070 3676.64870.750.000000 0 1 0   1  E"  0 0 0   1  E'  21 21  A1"E'   21 21  A2"E"  332110 1 1 2 0 0 0   172.0  172.0
571  651.811973 1.501E-22 4.666E-01.03560.070 1579.21970.750.000000 0 2 0   0  A1' 0 1 0   0  A2" 10  3  A1"A1"  10  3  A2"A1' 442110 1 1 2 0 0 0   168.0  168.0
571  651.852356 5.256E-26 2.674E-04.03330.070 1506.30820.750.000000 0 3 0   0  A2" 0 0 0   1  E'   4  3  A2"A1'   3  1  E" A1" 331110 1 1 1 0 0 0    72.0   56.0
571  651.999308 1.030E-22 1.780E+00.03330.070 1825.28950.750.000000 0 2 0   0  A1' 0 1 0   0  A2" 12  7  E" E"   12  7  E" E'  441110 1 1 1 0 0 0   100.0  100.0
571  652.017089 2.252E-23 2.837E+00.03330.070 2278.28070.750.000000 0 2 0   0  A1' 0 1 0   0  A2" 15 11  E" E"   15 11  E" E'  441110 1 1 1 0 0 0   124.0  124.0
571  652.093085 5.388E-28 6.775E-04.03330.070 2707.26050.750.000000 0 1 0   1  E"  0 2 0   0  A1' 12  5  E" E'   13  7  E" E"  331110 1 1 1 0 0 0   100.0  108.0
571  652.287383 8.618E-27 3.061E-04.03330.070 1894.06840.750.000000 0 3 0   0  A2" 0 0 0   1  E'   8  5  E" E'    7  3  A2"E"  331110 1 1 1 0 0 0    68.0   60.0
571  652.354250 5.297E-27 3.571E-04.03330.070 2048.71750.750.000000 0 3 0   0  A2" 0 0 0   1  E'   9  5  E" E'    8  3  A1"E"  331110 1 1 1 0 0 0    76.0   68.0
571  652.701285 3.178E-26 4.059E-05.03330.070 1346.14020.750.000000 0 0 0   0  A1' 0 0 0   0  A1' 16 11  E" E"   15 14  E' E'  331110 1 1 1 0 0 0   132.0  124.0
571  652.708173 8.981E-27 3.157E-05.03330.070 1417.93800.750.000000 0 0 0   1  E'  0 1 0   0  A2"  8  2  E' E'    9  2  E' E"  331110 1 1 1 0 0 0    68.0   76.0
571  652.708248 2.859E-28 2.841E-04.03330.070 2658.48380.750.000000 0 1 0   1  E"  0 2 0   0  A1' 12  6  A1'E"   12  2  E' E'  331110 1 1 1 0 0 0   100.0  100.0
571  652.739807 2.659E-26 4.777E-04.03330.070 1939.62920.750.000000 0 1 0   1  E"  0 0 0   1  E'  10 10  E' A1"   9  8  E' A1' 331110 1 1 1 0 0 0   168.0  152.0
571  652.940992 2.423E-26 8.490E-04.03330.070 1865.10440.750.000000 0 1 0   1  E"  0 2 0   0  A1'  7  2  E' E"    8  4  E' E'  331110 1 1 1 0 0 0    60.0   68.0
571  652.974358 1.862E-26 1.521E-04.03330.070 1614.12100.750.000000 0 0 0   1  E'  0 1 0   0  A2"  9  1  E" E"   10  1  E" E'  331110 1 1 1 0 0 0    76.0   84.0
571  653.191040 9.993E-29 4.804E-04.03330.070 3194.38170.750.000000 0 0 0   1  E'  0 0 0   1  E'  17 10  E' A1'  16 13  E" A1" 331110 1 1 1 0 0 0   280.0  264.0
571  653.414029 2.423E-25 7.789E-03.03330.070 2015.45580.750.000000 0 1 0   1  E"  0 0 0   1  E'   8  2  E' A1"   8  4  E' A1' 331110 1 1 1 0 0 0   136.0  136.0
571  653.589077 4.853E-23 2.709E+00.03330.070 2096.16100.750.000000 0 2 0   0  A1' 0 1 0   0  A2" 14 10  E' E'   14 10  E' E"  441110 1 1 1 0 0 0   116.0  116.0
571  653.620035 9.274E-24 9.861E-02.03330.070 1462.59760.750.000000 0 1 0   1  E"  0 2 0   0  A1'  3  1  E" E'    4  1  E" E"  331110 1 1 1 0 0 0    28.0   36.0
571  653.624193 5.776E-28 6.913E-06.03330.070 1538.62410.750.000000 0 1 0   1  E"  0 0 0   1  E'   4  1  E" E'    4  3  A2"E"  331110 1 1 1 0 0 0    36.0   36.0
571  653.662793 1.969E-28 1.373E-04.03330.070 2642.18430.750.000000 0 2 0   0  A1' 0 0 0   0  A1' 16 10  E' E'   17  7  E" E"  331110 1 1 1 0 0 0   132.0  140.0
571  653.822210 4.570E-27 6.510E-03.03330.070 2747.75820.750.000000 0 3 0   0  A2" 0 0 0   1  E'  13  7  E" E'   13  9  A1"E"  331110 1 1 1 0 0 0   108.0  108.0
571  653.946975 3.190E-27 3.434E-05.03330.070 1464.92620.750.000000 0 3 0   0  A2" 0 0 0   1  E'   3  1  E" E'    3  3  A2"E"  331110 1 1 1 0 0 0    28.0   28.0
571  653.969503 1.073E-26 3.999E+00.03400.070 4158.10030.750.000000 0 2 0   0  A1' 0 1 0   0  A2" 24 21  A1"A1"  24 21  A2"A1' 332110 1 1 2 0 0 0   392.0  392.0
571  654.033156 6.841E-27 7.727E-04.03330.070 2317.10430.750.000000 0 1 0   1  E"  0 2 0   0  A1' 10  4  E' A1"  11  6  A1'A1' 331110 1 1 1 0 0 0   168.0  184.0
571  654.092617 1.556E-22 8.390E-01.03330.070 1548.65440.750.000000 0 2 0   0  A1' 0 1 0   0  A2" 10  4  E' E'   10  4  E' E"  441110 1 1 1 0 0 0    84.0   84.0
571  654.289247 3.322E-26 2.522E-04.03330.070 1780.23340.750.000000 0 0 0   1  E'  0 1 0   0  A2" 11  7  E" A1"  11  3  A2"A1' 331110 1 1 1 0 0 0   184.0  184.0
571  654.401667 1.779E-26 3.975E+00.03330.070 3901.44080.750.000000 0 2 0   0  A1' 0 1 0   0  A2" 23 20  E' E'   23 20  E' E"  331110 1 1 1 0 0 0   188.0  188.0
571  654.483234 3.664E-22 1.571E+00.03530.070 1662.62110.750.000000 0 2 0   0  A1' 0 1 0   0  A2" 11  6  A1'A1'  11  6  A2'A1" 442110 1 1 2 0 0 0   184.0  184.0
571  654.569913 4.617E-27 8.298E-03.03330.070 2779.30470.750.000000 0 1 0   1  E"  0 0 0   1  E'  12  3  A1"E'   12  5  E" E"  331110 1 1 1 0 0 0   100.0  100.0
571  654.581262 4.384E-27 4.107E-04.03330.070 2278.30150.750.000000 0 3 0   0  A2" 0 0 0   1  E'  10  3  A2"A1'   9  1  E" A1" 331110 1 1 1 0 0 0   168.0  152.0
571  654.659254 1.475E-26 1.115E-02.03330.070 2759.51590.750.000000 0 1 0   1  E"  0 2 0   0  A1' 13  8  E' A1"  13  6  A1'A1' 331110 1 1 1 0 0 0   216.0  216.0
571  654.769936 1.912E-23 6.445E-02.03330.070 1431.06880.750.000000 0 2 0   0  A1' 0 1 0   0  A2"  9  1  E" E"    9  1  E" E'  441110 1 1 1 0 0 0    76.0   76.0
571  654.830141 1.713E-24 6.374E-02.03330.070 1997.28160.750.000000 0 0 0   1  E'  0 1 0   0  A2" 13 10  E' E'   13  8  E' E"  331110 1 1 1 0 0 0   108.0  108.0
571  654.871360 5.623E-26 3.945E+00.03330.070 3653.88200.750.000000 0 2 0   0  A1' 0 1 0   0  A2" 22 19  E" E"   22 19  E" E'  331110 1 1 1 0 0 0   180.0  180.0
571  654.950657 3.085E-26 3.367E+00.03330.070 3887.38480.750.000000 0 1 0   1  E"  0 0 0   1  E'  22 22  E' A1"  22 22  E' A1' 331110 1 1 1 0 0 0   360.0  360.0
571  654.974513 9.953E-23 1.121E+00.03330.070 1404.40520.750.000000 0 1 0   1  E"  0 0 0   1  E'   2  1  E" E'    1  1  E" E"  441110 1 1 1 0 0 0    20.0   12.0
571  654.982398 2.141E-26 5.493E-03.03330.070 2361.49250.750.000000 0 1 0   1  E"  0 2 0   0  A1' 11  7  E" E'   11  5  E" E"  331110 1 1 1 0 0 0    92.0   92.0
571  654.994470 1.285E-22 1.490E+00.04390.070 1410.36900.750.000000 0 1 0   1  E"  0 0 0   1  E'   2  0  A1'E"    1  0  A2'E'  442110 1 1 2 0 0 0    20.0   12.0
571  655.154281 7.845E-27 4.387E-04.03330.070 2047.91450.750.000000 0 1 0   1  E"  0 0 0   1  E'  11 11  E" E'   10  9  A1"E"  331110 1 1 1 0 0 0    92.0   84.0
571  655.210806 9.833E-27 8.646E-06.03330.070 1105.67010.750.000000 0 0 0   1  E'  0 1 0   0  A2"  7  6  A2'E'    7  2  E' E"  331110 1 1 1 0 0 0    60.0   60.0
571  655.230230 1.069E-27 4.275E-05.03330.070 2182.86070.750.000000 0 2 0   0  A1' 0 0 0   0  A1' 15 12  A1'A1'  16  9  A1"A1" 331110 1 1 1 0 0 0   248.0  264.0
571  655.253417 1.280E-25 1.289E-03.03330.070 1450.41780.750.000000 0 1 0   1  E"  0 2 0   0  A1'  3  2  E' E"    4  2  E' E'  331110 1 1 1 0 0 0    28.0   36.0
571  655.254195 1.969E-22 2.560E+00.03520.070 1923.36100.750.000000 0 2 0   0  A1' 0 1 0   0  A2" 13  9  A1"A1"  13  9  A2"A1' 442110 1 1 2 0 0 0   216.0  216.0
571  655.383935 3.388E-25 3.908E+00.03450.070 3415.45660.750.000000 0 2 0   0  A1' 0 1 0   0  A2" 21 18  A1'A1'  21 18  A2'A1" 332110 1 1 2 0 0 0   344.0  344.0
571  655.511391 5.725E-26 8.437E-03.03330.070 2451.06840.750.000000 0 0 0   1  E'  0 1 0   0  A2" 15 11  E" A1"  15  9  A2"A1' 331110 1 1 1 0 0 0   248.0  248.0
571  655.763714 8.166E-23 2.590E-01.03330.070 1417.93800.750.000000 0 2 0   0  A1' 0 1 0   0  A2"  9  2  E' E'    9  2  E' E"  441110 1 1 1 0 0 0    76.0   76.0
571  655.852452 7.870E-22 4.294E+00.04010.070 1466.65780.750.000000 0 3 0   0  A2" 0 2 0   0  A1'  3  0  A2'A1"   4  0  A1'A1' 442110 1 1 2 0 0 0    56.0   72.0
571  655.879194 3.598E-28 1.264E-04.03330.070 2458.63180.750.000000 0 0 0   1  E'  0 1 0   0  A2" 13  2  E' E'   14  4  E' E"  331110 1 1 1 0 0 0   108.0  116.0
571  655.935832 7.783E-25 7.825E-03.03330.070 1449.73540.750.000000 0 1 0   1  E"  0 0 0   1  E'   3  2  E' E"    2  0  A1'E'  331110 1 1 1 0 0 0    28.0   20.0
571  655.944664 4.860E-25 3.865E+00.03330.070 3186.19660.750.000000 0 2 0   0  A1' 0 1 0   0  A2" 20 17  E" E"   20 17  E" E'  331110 1 1 1 0 0 0   164.0  164.0
571  655.998568 7.645E-28 2.571E-04.03330.070 2397.79840.750.000000 0 1 0   1  E"  0 2 0   0  A1' 10  0  A1'E"   11  4  E' E'  331110 1 1 1 0 0 0    84.0   92.0
571  656.200819 3.366E-28 3.560E-06.03330.070 1460.01680.750.000000 0 1 0   1  E"  0 0 0   1  E'   3  1  E" E'    3  3  A1"E"  331110 1 1 1 0 0 0    28.0   28.0
571  656.262486 1.123E-25 7.180E-04.03330.070 1626.33060.750.000000 0 1 0   1  E"  0 2 0   0  A1'  6  5  E" A1'   6  3  A1"A1" 331110 1 1 1 0 0 0   104.0  104.0
571  656.275661 3.675E-22 3.937E+00.03330.070 1462.59760.750.000000 0 3 0   0  A2" 0 2 0   0  A1'  3  1  E" E'    4  1  E" E"  441110 1 1 1 0 0 0    28.0   36.0
571  656.390310 2.089E-26 3.228E-04.03330.070 1665.23650.750.000000 0 3 0   0  A2" 0 0 0   1  E'   6  4  E' E"    5  2  E' E'  331110 1 1 1 0 0 0    52.0   44.0
571  656.394545 1.975E-22 1.127E+00.03330.070 1406.38480.750.000000 0 1 0   1  E"  0 0 0   1  E'   2  1  E" A1'   1  1  E" A1" 441110 1 1 1 0 0 0    40.0   24.0
571  656.435963 3.951E-25 4.003E-03.03330.070 1502.73640.750.000000 0 1 0   1  E"  0 0 0   1  E'   4  3  A2"E'    3  1  E" E"  331110 1 1 1 0 0 0    36.0   28.0
571  656.558751 1.327E-24 3.814E+00.03330.070 2966.13320.750.000000 0 2 0   0  A1' 0 1 0   0  A2" 19 16  E' E'   19 16  E' E"  331110 1 1 1 0 0 0   156.0  156.0
571  656.580824 3.199E-28 2.977E-04.03330.070 2642.69710.750.000000 0 3 0   0  A2" 0 0 0   1  E'  12  4  E' E"   11  2  E' E'  331110 1 1 1 0 0 0   100.0   92.0
571  656.597208 3.155E-23 2.066E-01.03330.070 1605.82150.750.000000 0 0 0   1  E'  0 1 0   0  A2" 11  9  A2"E"   11  7  E" E'  441110 1 1 1 0 0 0    92.0   92.0
571  656.755600 2.470E-27 3.047E-02.03330.070 3218.53740.750.000000 0 1 0   1  E"  0 2 0   0  A1' 15  9  A2"E'   15  7  E" E"  331110 1 1 1 0 0 0   124.0  124.0
571  657.024827 1.869E-22 2.384E+00.03330.070 1759.90630.750.000000 0 2 0   0  A1' 0 1 0   0  A2" 12  8  E' E'   12  8  E' E"  441110 1 1 1 0 0 0   100.0  100.0
571  657.077690 2.961E-22 1.330E+00.03330.070 1509.30140.750.000000 0 2 0   0  A1' 0 1 0   0  A2" 10  5  E" E"   10  5  E" E'  441110 1 1 1 0 0 0    84.0   84.0
571  657.090330 4.971E-25 2.795E-03.03330.070 1565.08340.750.000000 0 1 0   1  E"  0 0 0   1  E'   5  4  E' A1"   4  2  E' A1' 331110 1 1 1 0 0 0    88.0   72.0
571  657.231354 6.894E-24 3.753E+00.03510.070 2755.29690.750.000000 0 2 0   0  A1' 0 1 0   0  A2" 18 15  A1"A1"  18 15  A2"A1' 332110 1 1 2 0 0 0   296.0  296.0
571  657.250251 2.647E-28 7.758E-04.03330.070 2894.20820.750.000000 0 1 0   1  E"  0 2 0   0  A1' 13  6  A2'E"   14  8  E' E'  331110 1 1 1 0 0 0   108.0  116.0
571  657.314233 3.203E-22 3.243E+00.03330.070 1450.41780.750.000000 0 3 0   0  A2" 0 2 0   0  A1'  3  2  E' E"    4  2  E' E'  441110 1 1 1 0 0 0    28.0   36.0
571  657.431794 4.102E-22 5.876E-01.03600.070 1396.04250.750.000000 0 2 0   0  A1' 0 1 0   0  A2"  9  3  A1"A1"   9  3  A2"A1' 442110 1 1 2 0 0 0   152.0  152.0
571  657.531581 9.387E-26 1.104E-03.03330.070 1751.05430.750.000000 0 1 0   1  E"  0 2 0   0  A1'  6  1  E" A1'   7  3  A1"A1" 331110 1 1 1 0 0 0   104.0  120.0
571  657.563665 3.755E-25 2.089E-04.03330.070 1123.28760.750.000000 0 0 0   1  E'  0 1 0   0  A2"  6  2  E' A1'   7  0  A2'A1" 331110 1 1 1 0 0 0   104.0  120.0
571  657.652300 3.343E-25 5.797E-03.03330.070 1860.23060.750.000000 0 1 0   1  E"  0 0 0   1  E'   7  2  E' A1"   7  4  E' A1' 331110 1 1 1 0 0 0   120.0  120.0
571  657.753204 4.387E-27 4.026E-04.03330.070 2165.48380.750.000000 0 1 0   1  E"  0 0 0   1  E'  12 12  A2'E"   11 10  E' E'  331110 1 1 1 0 0 0   100.0   92.0
571  657.909060 1.606E-25 2.171E-03.03330.070 1636.77110.750.000000 0 1 0   1  E"  0 0 0   1  E'   6  5  E" E'    5  3  A1"E"  331110 1 1 1 0 0 0    52.0   44.0
571  657.967587 8.506E-24 3.683E+00.03330.070 2553.71700.750.000000 0 2 0   0  A1' 0 1 0   0  A2" 17 14  E' E'   17 14  E' E"  331110 1 1 1 0 0 0   140.0  140.0
571  657.996648 9.153E-26 9.256E-04.03330.070 1449.73540.750.000000 0 3 0   0  A2" 0 0 0   1  E'   3  2  E' E"    2  0  A1'E'  331110 1 1 1 0 0 0    28.0   20.0
571  658.007915 4.632E-26 2.830E-03.03330.070 2025.15240.750.000000 0 1 0   1  E"  0 2 0   0  A1'  9  6  A2'E"    9  4  E' E'  331110 1 1 1 0 0 0    76.0   76.0
571  658.120069 1.672E-25 1.270E-03.03330.070 1626.33060.750.000000 0 1 0   1  E"  0 2 0   0  A1'  5  1  E" A1'   6  3  A1"A1" 331110 1 1 1 0 0 0    88.0  104.0
571  658.380606 5.554E-27 3.413E+00.03330.070 4107.24060.750.000000 0 1 0   1  E"  0 0 0   1  E'  23 23  E" E'   23 23  E" E"  331110 1 1 1 0 0 0   188.0  188.0
571  658.396806 1.212E-26 6.938E-04.03330.070 1988.73540.750.000000 0 1 0   1  E"  0 2 0   0  A1'  8  3  A1"E'    9  5  E" E"  331110 1 1 1 0 0 0    68.0   76.0
571  658.749084 1.165E-26 7.563E-03.03330.070 2550.09010.750.000000 0 1 0   1  E"  0 0 0   1  E'  11  3  A2"E'   11  5  E" E"  331110 1 1 1 0 0 0    92.0   92.0
571  658.772535 1.993E-23 3.601E+00.03330.070 2361.42210.750.000000 0 2 0   0  A1' 0 1 0   0  A2" 16 13  E" E"   16 13  E" E'  441110 1 1 1 0 0 0   132.0  132.0
571  658.776929 2.190E-25 2.673E-03.03330.070 1539.62960.750.000000 0 1 0   1  E"  0 2 0   0  A1'  4  0  A1'E"    5  2  E' E'  331110 1 1 1 0 0 0    36.0   44.0
571  658.856445 1.214E-26 1.294E-04.03330.070 1460.01680.750.000000 0 3 0   0  A2" 0 0 0   1  E'   3  1  E" E'    3  3  A1"E"  331110 1 1 1 0 0 0    28.0   28.0
571  658.889968 1.025E-25 1.784E-03.03330.070 1717.79430.750.000000 0 1 0   1  E"  0 0 0   1  E'   7  6  A1'E"    6  4  E' E'  331110 1 1 1 0 0 0    60.0   52.0
571  658.942834 7.747E-28 2.498E-03.03330.070 2966.23490.750.000000 0 0 0   1  E'  0 1 0   0  A2" 17 12  A2'E'   17 10  E' E"  331110 1 1 1 0 0 0   140.0  140.0
571  659.088505 3.003E-22 1.980E+00.03330.070 1605.82150.750.000000 0 2 0   0  A1' 0 1 0   0  A2" 11  7  E" E"   11  7  E" E'  441110 1 1 1 0 0 0    92.0   92.0
571  659.192025 4.144E-22 1.912E+00.04070.070 1430.12250.750.000000 0 3 0   0  A2" 0 2 0   0  A1'  3  3  A2"A1'   4  3  A1"A1" 442110 1 1 2 0 0 0    56.0   72.0
571  659.283612 1.552E-27 7.079E-04.03330.070 2477.28880.750.000000 0 1 0   1  E"  0 2 0   0  A1' 11  5  E" E'   12  7  E" E"  331110 1 1 1 0 0 0    92.0  100.0
571  659.307900 8.017E-26 3.955E-05.03330.070  879.31620.750.000000 0 0 0   1  E'  0 1 0   0  A2"  4  3  A2"E"    5  1  E" E'  331110 1 1 1 0 0 0    36.0   44.0
571  659.635136 2.063E-28 9.405E-05.03330.070 2510.02130.750.000000 0 0 0   1  E'  0 1 0   0  A2" 13  0  A2'E'   14  2  E' E"  331110 1 1 1 0 0 0   108.0  116.0
571  659.651262 8.846E-23 3.505E+00.03550.070 2178.43970.750.000000 0 2 0   0  A1' 0 1 0   0  A2" 15 12  A1'A1'  15 12  A2'A1" 442110 1 1 2 0 0 0   248.0  248.0
571  659.658604 4.824E-28 3.977E-05.03330.070 2085.83870.750.000000 0 1 0   1  E"  0 2 0   0  A1'  9  5  E" E'    9  1  E" E"  331110 1 1 1 0 0 0    76.0   76.0
571  659.797896 4.253E-22 1.057E+00.03330.070 1365.35450.750.000000 0 2 0   0  A1' 0 1 0   0  A2"  9  4  E' E'    9  4  E' E"  441110 1 1 1 0 0 0    76.0   76.0
571  659.803521 1.072E-25 1.453E-03.03330.070 1808.14680.750.000000 0 3 0   0  A2" 0 0 0   1  E'   7  3  A2"A1'   7  5  E" A1" 331110 1 1 1 0 0 0   120.0  120.0
571  659.909920 4.830E-23 8.278E-02.03330.070 1265.95030.750.000000 0 2 0   0  A1' 0 1 0   0  A2"  8  1  E" E"    8  1  E" E'  441110 1 1 1 0 0 0    68.0   68.0
571  659.912624 4.311E-28 2.382E-03.03330.070 3261.42450.750.000000 0 0 0   0  A1' 0 0 0   0  A1' 21  9  A1"A1"  20 12  A1'A1' 331110 1 1 1 0 0 0   344.0  328.0
571  659.938131 3.112E-28 3.604E-04.03330.070 2685.75560.750.000000 0 3 0   0  A2" 0 0 0   1  E'  12  2  E' E"   11  0  A2'E'  331110 1 1 1 0 0 0   100.0   92.0
571  660.029315 1.270E-25 1.518E-03.03330.070 1808.14680.750.000000 0 1 0   1  E"  0 0 0   1  E'   8  7  E" A1'   7  5  E" A1" 331110 1 1 1 0 0 0   136.0  120.0
571  660.039305 2.792E-19 1.634E+00.04290.070   57.43990.750.000000 0 1 0   0  A2" 0 0 0   0  A1'  3  0  A2'A1"   2  0  A1'A1' 442110 1 1 2 0 0 0    56.0   40.0
571  660.169118 3.637E-26 1.392E-04.03330.070 1431.06880.750.000000 0 0 0   1  E'  0 1 0   0  A2"  8  1  E" E"    9  1  E" E'  331110 1 1 1 0 0 0    68.0   76.0
571  660.429432 1.272E-19 1.455E+00.03330.070   52.61160.750.000000 0 1 0   0  A2" 0 0 0   0  A1'  3  1  E" E'    2  1  E" E"  441110 1 1 1 0 0 0    28.0   20.0
571  660.440601 1.780E-26 4.246E-04.03330.070 1781.61070.750.000000 0 3 0   0  A2" 0 0 0   1  E'   7  4  E' E"    6  2  E' E'  331110 1 1 1 0 0 0    60.0   52.0
571  660.473001 6.632E-28 1.735E-05.03330.070 2117.47350.750.000000 0 1 0   0  A2" 0 1 0   0  A2" 17 12  A2'A1"  16 15  A2"A1' 331110 1 1 1 0 0 0   280.0  264.0
571  660.473851 1.368E-28 1.895E-03.03330.070 3419.27600.750.000000 0 0 0   1  E'  0 2 0   0  A1' 18 11  E" A1"  17 12  A1'A1' 331110 1 1 1 0 0 0   296.0  280.0
571  660.501844 4.689E-27 3.721E-04.03330.070 2292.35840.750.000000 0 1 0   1  E"  0 0 0   1  E'  13 13  E" A1'  12 11  E" A1" 331110 1 1 1 0 0 0   216.0  200.0
571  660.608830 9.291E-23 3.394E+00.03330.070 2004.79600.750.000000 0 2 0   0  A1' 0 1 0   0  A2" 14 11  E" E"   14 11  E" E'  441110 1 1 1 0 0 0   116.0  116.0
571  660.652310 2.244E-26 1.899E-04.03330.070 1780.23340.750.000000 0 0 0   1  E'  0 1 0   0  A2" 10  1  E" A1"  11  3  A2"A1' 331110 1 1 1 0 0 0   168.0  184.0
571  660.778774 1.083E-21 1.945E+00.03560.070 1461.13010.750.000000 0 2 0   0  A1' 0 1 0   0  A2" 10  6  A1'A1'  10  6  A2'A1" 442110 1 1 2 0 0 0   168.0  168.0
571  660.931850 2.063E-22 3.326E-01.03330.070 1252.77520.750.000000 0 2 0   0  A1' 0 1 0   0  A2"  8  2  E' E'    8  2  E' E"  441110 1 1 1 0 0 0    68.0   68.0
571  661.136260 2.666E-26 3.683E-03.03330.070 2211.79290.750.000000 0 3 0   0  A2" 0 0 0   1  E'  10  5  E" E'   10  7  E" E"  331110 1 1 1 0 0 0    84.0   84.0
571  661.237835 4.069E-25 4.238E-03.03330.070 1723.85730.750.000000 0 1 0   1  E"  0 0 0   1  E'   6  2  E' A1"   6  4  E' A1' 331110 1 1 1 0 0 0   104.0  104.0
571  661.322381 3.794E-26 1.323E-03.03330.070 1907.82160.750.000000 0 1 0   1  E"  0 0 0   1  E'   9  8  E' E"    8  6  A2'E'  331110 1 1 1 0 0 0    76.0   68.0
571  661.505668 1.426E-27 2.086E-04.03330.070 2202.74700.750.000000 0 1 0   1  E"  0 2 0   0  A1'  9  0  A2'E"   10  4  E' E'  331110 1 1 1 0 0 0    76.0   84.0
571  661.604546 8.550E-20 9.146E-01.03330.070   38.11860.750.000000 0 1 0   0  A2" 0 0 0   0  A1'  3  2  E' E"    2  2  E' E'  441110 1 1 1 0 0 0    28.0   20.0
571  661.650326 1.843E-22 3.263E+00.03330.070 1840.51650.750.000000 0 2 0   0  A1' 0 1 0   0  A2" 13 10  E' E'   13 10  E' E"  441110 1 1 1 0 0 0   108.0  108.0
571  661.697985 1.115E-27 5.872E-04.03330.070 2665.27360.750.000000 0 3 0   0  A2" 0 0 0   1  E'  12  3  A2"A1'  12  7  E" A1" 331110 1 1 1 0 0 0   200.0  200.0
571  661.817170 1.309E-27 4.864E-04.03330.070 2433.74900.750.000000 0 3 0   0  A2" 0 0 0   1  E'  11  4  E' E"   10  2  E' E'  331110 1 1 1 0 0 0    92.0   84.0
571  661.877404 5.788E-26 5.015E-04.03330.070 1685.61190.750.000000 0 3 0   0  A2" 0 0 0   1  E'   6  3  A2"A1'   5  1  E" A1" 331110 1 1 1 0 0 0   104.0   88.0
571  661.976680 7.581E-28 1.096E-04.03330.070 2256.59940.750.000000 0 0 0   1  E'  0 1 0   0  A2" 12  0  A1'E'   13  2  E' E"  331110 1 1 1 0 0 0   100.0  108.0
571  661.991924 1.910E-27 3.461E+00.03350.070 4336.19090.750.000000 0 1 0   1  E"  0 0 0   1  E'  24 24  A1'E"   24 24  A1'E'  332110 1 1 2 0 0 0   196.0  196.0
571  662.124083 3.450E-23 2.815E-02.03330.070 1277.50510.750.000000 0 0 0   1  E'  0 1 0   0  A2"  9  8  E' A1'   9  6  A2'A1" 441110 1 1 1 0 0 0   152.0  152.0
571  662.272232 2.262E-26 5.251E-04.03330.070 1943.36870.750.000000 0 3 0   0  A2" 0 0 0   1  E'   8  3  A2"A1'   7  1  E" A1" 331110 1 1 1 0 0 0   136.0  120.0
571  662.475471 1.718E-28 1.626E-04.03330.070 2642.69710.750.000000 0 1 0   1  E"  0 0 0   1  E'  12  6  A2'E"   11  2  E' E'  331110 1 1 1 0 0 0   100.0   92.0
571  662.556806 4.081E-26 5.526E-04.03330.070 1600.12180.750.000000 0 3 0   0  A2" 0 0 0   1  E'   5  2  E' E"    5  4  E' E'  331110 1 1 1 0 0 0    44.0   44.0
571  662.654910 1.038E-21 7.551E-01.03860.070 1230.80210.750.000000 0 2 0   0  A1' 0 1 0   0  A2"  8  3  A1"A1"   8  3  A2"A1' 442110 1 1 2 0 0 0   136.0  136.0
571  662.743334 7.513E-26 8.649E-04.03330.070 1404.40520.750.000000 0 3 0   0  A2" 0 0 0   1  E'   2  1  E" E'    1  1  E" E"  331110 1 1 1 0 0 0    20.0   12.0
571  662.751326 2.098E-28 7.552E-04.03330.070 3090.47080.750.000000 0 1 0   1  E"  0 2 0   0  A1' 14  7  E" A1'  15  9  A1"A1" 331110 1 1 1 0 0 0   232.0  248.0
571  662.762874 2.178E-26 1.172E-03.03330.070 2016.81170.750.000000 0 1 0   1  E"  0 0 0   1  E'  10  9  A1"E'    9  7  E" E"  331110 1 1 1 0 0 0    84.0   76.0
571  662.780937 6.884E-22 3.110E+00.03550.070 1685.62530.750.000000 0 2 0   0  A1' 0 1 0   0  A2" 12  9  A1"A1"  12  9  A2"A1' 442110 1 1 2 0 0 0   200.0  200.0
571  662.866376 1.193E-26 4.879E-04.03330.070 1916.79800.750.000000 0 3 0   0  A2" 0 0 0   1  E'   8  4  E' E"    7  2  E' E'  331110 1 1 1 0 0 0    68.0   60.0
571  662.880945 8.100E-22 1.676E+00.03330.070 1325.85440.750.000000 0 2 0   0  A1' 0 1 0   0  A2"  9  5  E" E"    9  5  E" E'  441110 1 1 1 0 0 0    76.0   76.0
571  662.908007 3.717E-27 7.998E-04.03330.070 2429.23790.750.000000 0 0 0   0  A1' 0 0 0   0  A1' 19 10  E' E'   18 13  E" E"  331110 1 1 1 0 0 0   156.0  148.0
571  663.032452 1.203E-26 5.967E-04.03330.070 2121.90890.750.000000 0 1 0   1  E"  0 2 0   0  A1'  9  4  E' A1"  10  6  A1'A1' 331110 1 1 1 0 0 0   152.0  168.0
571  663.072066 2.987E-27 9.515E-03.03330.070 2922.59650.750.000000 0 3 0   0  A2" 0 0 0   1  E'  14  8  E' E"   14 10  E' E'  331110 1 1 1 0 0 0   116.0  116.0
571  663.123279 9.413E-21 6.135E+00.04480.070  624.96490.750.000000 0 2 0   0  A1' 0 1 0   0  A2"  0  0  A1'A1'   1  0  A2'A1" 442110 1 1 2 0 0 0     8.0   24.0
571  663.180325 2.554E-26 6.584E-03.03330.070 2338.90100.750.000000 0 1 0   1  E"  0 0 0   1  E'  10  3  A1"E'   10  5  E" E"  331110 1 1 1 0 0 0    84.0   84.0
571  663.286693 7.219E-27 3.856E-04.03330.070 1971.53490.750.000000 0 3 0   0  A2" 0 0 0   1  E'   8  1  E" E'    8  5  E" E"  331110 1 1 1 0 0 0    68.0   68.0
571  663.381814 3.168E-27 5.126E-04.03330.070 2243.01220.750.000000 0 3 0   0  A2" 0 0 0   1  E'  10  4  E' E"    9  2  E' E'  331110 1 1 1 0 0 0    84.0   76.0
571  663.396885 1.198E-27 3.459E-04.03330.070 2428.52690.750.000000 0 1 0   1  E"  0 0 0   1  E'  14 14  E' E"   13 12  A1'E'  331110 1 1 1 0 0 0   116.0  108.0
571  663.456852 3.782E-28 1.095E-03.03330.070 2888.00160.750.000000 0 1 0   1  E"  0 2 0   0  A1' 13  6  A2'E"   13  2  E' E'  331110 1 1 1 0 0 0   108.0  108.0
571  663.803329 6.642E-27 5.145E-04.03330.070 2070.64620.750.000000 0 3 0   0  A2" 0 0 0   1  E'   9  4  E' E"    8  2  E' E'  331110 1 1 1 0 0 0    76.0   68.0
571  663.855701 5.601E-28 8.481E-05.03330.070 2264.91000.750.000000 0 1 0   1  E"  0 2 0   0  A1' 12 11  E" E'   11  7  E" E"  331110 1 1 1 0 0 0   100.0   92.0
571  663.928931 1.238E-25 1.285E-03.03330.070 1751.05430.750.000000 0 1 0   1  E"  0 2 0   0  A1'  7  5  E" A1'   7  3  A1"A1" 331110 1 1 1 0 0 0   120.0  120.0
571  664.006191 6.028E-22 2.929E+00.03330.070 1540.14530.750.000000 0 2 0   0  A1' 0 1 0   0  A2" 11  8  E' E'   11  8  E' E"  441110 1 1 1 0 0 0    92.0   92.0
571  664.022839 1.003E-26 1.849E-05.03330.070 1252.77520.750.000000 0 0 0   1  E'  0 1 0   0  A2"  7  2  E' E'    8  2  E' E"  331110 1 1 1 0 0 0    60.0   68.0
571  664.091274 6.456E-28 3.228E-07.03330.070  879.31620.750.000000 0 0 0   1  E'  0 1 0   0  A2"  4  3  A1"E"    5  1  E" E'  331110 1 1 1 0 0 0    36.0   44.0
571  664.318086 1.314E-25 2.138E-04.03330.070 1252.77520.750.000000 0 0 0   1  E'  0 1 0   0  A2"  8  6  A2'E'    8  2  E' E"  331110 1 1 1 0 0 0    68.0   68.0
571  664.334967 2.393E-26 1.049E-03.03330.070 2135.11880.750.000000 0 1 0   1  E"  0 0 0   1  E'  11 10  E' A1"  10  8  E' A1' 331110 1 1 1 0 0 0   184.0  168.0
571  664.382180 6.778E-28 6.578E-04.03330.070 2646.80980.750.000000 0 1 0   1  E"  0 2 0   0  A1' 12  6  A1'E"   13  8  E' E'  331110 1 1 1 0 0 0   100.0  108.0
571  664.602020 1.133E-22 1.091E-01.03330.070 1118.88420.750.000000 0 2 0   0  A1' 0 1 0   0  A2"  7  1  E" E"    7  1  E" E'  441110 1 1 1 0 0 0    60.0   60.0
571  664.621767 1.136E-25 6.999E-04.03330.070 1579.59280.750.000000 0 3 0   0  A2" 0 0 0   1  E'   5  3  A2"A1'   4  1  E" A1" 331110 1 1 1 0 0 0    88.0   72.0
571  664.654040 3.479E-25 2.445E-03.03330.070 1606.53760.750.000000 0 1 0   1  E"  0 0 0   1  E'   5  2  E' A1"   5  4  E' A1' 331110 1 1 1 0 0 0    88.0   88.0
571  664.737520 2.857E-26 5.976E-04.03330.070 1722.67940.750.000000 0 1 0   1  E"  0 2 0   0  A1'  6  2  E' E"    7  4  E' E'  331110 1 1 1 0 0 0    52.0   60.0
571  664.747990 1.168E-27 1.325E-04.03330.070 2204.93340.750.000000 0 0 0   1  E'  0 1 0   0  A2" 12  2  E' E'   13  4  E' E"  331110 1 1 1 0 0 0   100.0  108.0
571  664.847792 2.041E-27 4.082E-04.03330.070 2285.65850.750.000000 0 3 0   0  A2" 0 0 0   1  E'  10  2  E' E"   10  6  A2'E'  331110 1 1 1 0 0 0    84.0   84.0
571  665.064186 2.856E-28 2.395E-06.03330.070 1699.58120.750.000000 0 2 0   0  A1' 0 0 0   0  A1' 14 14  E' E'   15 11  E" E"  331110 1 1 1 0 0 0   116.0  124.0
571  665.088765 1.076E-21 1.358E+00.03330.070 1200.01560.750.000000 0 2 0   0  A1' 0 1 0   0  A2"  8  4  E' E'    8  4  E' E"  441110 1 1 1 0 0 0    68.0   68.0
571  665.235109 2.371E-27 1.194E-04.03330.070 2020.52050.750.000000 0 0 0   1  E'  0 1 0   0  A2" 11  0  A2'E'   12  2  E' E"  331110 1 1 1 0 0 0    92.0  100.0
571  665.333279 9.844E-22 2.714E+00.03330.070 1404.09840.750.000000 0 2 0   0  A1' 0 1 0   0  A2" 10  7  E" E"   10  7  E" E'  441110 1 1 1 0 0 0    84.0   84.0
571  665.653962 4.844E-22 4.387E-01.03330.070 1105.67010.750.000000 0 2 0   0  A1' 0 1 0   0  A2"  7  2  E' E'    7  2  E' E"  441110 1 1 1 0 0 0    60.0   60.0
571  666.346998 5.788E-27 8.718E-04.03330.070 2262.41870.750.000000 0 1 0   1  E"  0 0 0   1  E'  12 11  E" E'   11  9  A2"E"  331110 1 1 1 0 0 0   100.0   92.0
571  666.390529 1.618E-27 3.385E-05.03330.070 1998.88310.750.000000 0 0 0   1  E'  0 1 0   0  A2" 12  7  E" A1"  12  3  A2"A1' 331110 1 1 1 0 0 0   200.0  200.0
571  666.436996 5.849E-28 3.231E-04.03330.070 2573.97530.750.000000 0 1 0   1  E"  0 0 0   1  E'  15 15  A2"E'   14 13  E" E"  331110 1 1 1 0 0 0   124.0  116.0
571  666.535281 2.319E-26 1.263E-04.03330.070 1648.63690.750.000000 0 0 0   0  A1' 0 0 0   0  A1' 17 11  E" E"   16 14  E' E'  331110 1 1 1 0 0 0   140.0  132.0
571  666.800587 2.943E-21 2.433E+00.03590.070 1277.50510.750.000000 0 2 0   0  A1' 0 1 0   0  A2"  9  6  A1'A1'   9  6  A2'A1" 442110 1 1 2 0 0 0   152.0  152.0
571  667.182245 1.715E-28 8.028E-06.03330.070 1942.17700.750.000000 0 1 0   1  E"  0 0 0   1  E'   8  4  E' E"    7  0  A2'E'  331110 1 1 1 0 0 0    68.0   60.0
571  667.202856 2.756E-27 5.014E-04.03330.070 2264.91000.750.000000 0 1 0   1  E"  0 2 0   0  A1' 10  5  E" E'   11  7  E" E"  331110 1 1 1 0 0 0    84.0   92.0
571  667.378795 2.000E-26 1.620E-04.03330.070 1450.41780.750.000000 0 1 0   1  E"  0 2 0   0  A1'  4  4  E' E"    4  2  E' E'  331110 1 1 1 0 0 0    36.0   36.0
571  667.419864 2.435E-21 9.956E-01.03900.070 1083.63440.750.000000 0 2 0   0  A1' 0 1 0   0  A2"  7  3  A1"A1"   7  3  A2"A1' 442110 1 1 2 0 0 0   120.0  120.0
571  667.483580 2.163E-26 1.486E-02.03330.070 2573.97350.750.000000 0 1 0   1  E"  0 2 0   0  A1' 12  7  E" E'   12  5  E" E"  331110 1 1 1 0 0 0   100.0  100.0
571  667.785125 1.433E-25 1.544E-03.03330.070 1508.80930.750.000000 0 3 0   0  A2" 0 0 0   1  E'   4  2  E' E"    3  0  A2'E'  331110 1 1 1 0 0 0    36.0   28.0
571  667.787439 4.764E-26 5.382E-03.03330.070 2145.97200.750.000000 0 1 0   1  E"  0 0 0   1  E'   9  3  A1"E'    9  5  E" E"  331110 1 1 1 0 0 0    76.0   76.0
571  667.935394 3.071E-24 4.556E+00.03330.070 2823.58520.750.000000 0 2 0   0  A1' 0 1 0   0  A2" 19 17  E" E"   19 17  E" E'  331110 1 1 1 0 0 0   156.0  156.0
571  667.939633 7.707E-24 4.504E+00.03330.070 2621.09160.750.000000 0 2 0   0  A1' 0 1 0   0  A2" 18 16  E' E'   18 16  E' E"  331110 1 1 1 0 0 0   148.0  148.0
571  667.991119 2.329E-24 4.602E+00.03470.070 3035.35260.750.000000 0 2 0   0  A1' 0 1 0   0  A2" 20 18  A1'A1'  20 18  A2'A1" 332110 1 1 2 0 0 0   328.0  328.0
571  668.008421 3.679E-23 4.444E+00.03530.070 2427.90010.750.000000 0 2 0   0  A1' 0 1 0   0  A2" 17 15  A1"A1"  17 15  A2"A1' 442110 1 1 2 0 0 0   280.0  280.0
571  668.015613 3.203E-27 8.740E-04.03330.070 2399.47820.750.000000 0 1 0   1  E"  0 0 0   1  E'  13 12  A1'E"   12 10  E' E'  331110 1 1 1 0 0 0   108.0  100.0
571  668.102164 4.206E-25 4.641E+00.03330.070 3256.36460.750.000000 0 2 0   0  A1' 0 1 0   0  A2" 21 19  E" E"   21 19  E" E'  331110 1 1 1 0 0 0   172.0  172.0
571  668.140323 2.125E-27 1.493E-04.03330.070 2025.15240.750.000000 0 1 0   1  E"  0 2 0   0  A1'  8  0  A1'E"    9  4  E' E'  331110 1 1 1 0 0 0    68.0   76.0
571  668.146267 4.171E-23 4.375E+00.03330.070 2244.03790.750.000000 0 2 0   0  A1' 0 1 0   0  A2" 16 14  E' E'   16 14  E' E"  441110 1 1 1 0 0 0   132.0  132.0
571  668.175285 1.045E-27 4.751E-04.03330.070 2471.45800.750.000000 0 3 0   0  A2" 0 0 0   1  E'  11  2  E' E"   10  0  A1'E'  331110 1 1 1 0 0 0    92.0   84.0
571  668.186540 3.017E-25 3.307E-03.03330.070 1391.19320.750.000000 0 1 0   1  E"  0 2 0   0  A1'  2  1  E" E'    3  1  E" E"  331110 1 1 1 0 0 0    20.0   28.0
571  668.223685 1.259E-28 1.321E-04.03330.070 2691.13080.750.000000 0 0 0   1  E'  0 1 0   0  A2" 14  3  A1"E"   15  5  E" E'  331110 1 1 1 0 0 0   116.0  124.0
571  668.259804 1.863E-25 1.003E-03.03330.070 1508.45990.750.000000 0 1 0   1  E"  0 0 0   1  E'   4  2  E' A1"   4  4  E' A1' 331110 1 1 1 0 0 0    72.0   72.0
571  668.262505 2.050E-21 2.153E+00.03330.070 1160.38500.750.000000 0 2 0   0  A1' 0 1 0   0  A2"  8  5  E" E"    8  5  E" E'  441110 1 1 1 0 0 0    68.0   68.0
571  668.263823 1.447E-25 4.675E+00.03330.070 3486.59100.750.000000 0 2 0   0  A1' 0 1 0   0  A2" 22 20  E' E'   22 20  E' E"  331110 1 1 1 0 0 0   180.0  180.0
571  668.357611 8.980E-23 4.295E+00.03330.070 2069.53110.750.000000 0 2 0   0  A1' 0 1 0   0  A2" 15 13  E" E"   15 13  E" E'  441110 1 1 1 0 0 0   124.0  124.0
571  668.471344 9.494E-26 4.704E+00.03410.070 3726.00040.750.000000 0 2 0   0  A1' 0 1 0   0  A2" 23 21  A1"A1"  23 21  A2"A1' 332110 1 1 2 0 0 0   376.0  376.0
571  668.630132 2.445E-26 5.947E-02.03330.070 3006.49890.750.000000 0 1 0   1  E"  0 2 0   0  A1' 14  8  E' A1"  14  6  A1'A1' 331110 1 1 1 0 0 0   232.0  232.0
571  668.646820 3.665E-22 4.203E+00.03560.070 1904.40460.750.000000 0 2 0   0  A1' 0 1 0   0  A2" 14 12  A1'A1'  14 12  A2'A1" 442110 1 1 2 0 0 0   232.0  232.0
571  668.661763 5.897E-26 1.174E-04.03330.070 1265.95030.750.000000 0 0 0   1  E'  0 1 0   0  A2"  7  1  E" E"    8  1  E" E'  331110 1 1 1 0 0 0    60.0   68.0
571  668.688355 4.345E-26 5.868E-03.03330.070 2202.74700.750.000000 0 1 0   1  E"  0 2 0   0  A1' 10  6  A1'E"   10  4  E' E'  331110 1 1 1 0 0 0    84.0   84.0
571  668.707184 1.063E-26 3.260E-04.03330.070 1828.64750.750.000000 0 1 0   1  E"  0 2 0   0  A1'  7  3  A1"E'    8  5  E" E"  331110 1 1 1 0 0 0    60.0   68.0
571  668.719936 1.485E-26 4.729E+00.03330.070 3974.56100.750.000000 0 2 0   0  A1' 0 1 0   0  A2" 24 22  E' E'   24 22  E' E"  331110 1 1 1 0 0 0   196.0  196.0
571  668.724299 3.111E-28 3.523E-05.03330.070 2145.97200.750.000000 0 1 0   1  E"  0 0 0   1  E'   9  3  A2"E'    9  5  E" E"  331110 1 1 1 0 0 0    76.0   76.0
571  668.769882 4.965E-28 9.004E-05.03330.070 2263.34300.750.000000 0 1 0   1  E"  0 2 0   0  A1' 10  5  E" E'   10  1  E" E"  331110 1 1 1 0 0 0    84.0   84.0
571  668.788816 6.037E-28 6.565E-04.03330.070 2826.11960.750.000000 0 1 0   1  E"  0 2 0   0  A1' 13  7  E" A1'  14  9  A1"A1" 331110 1 1 1 0 0 0   216.0  232.0
571  668.807448 2.476E-22 1.487E-01.03330.070  989.97570.750.000000 0 2 0   0  A1' 0 1 0   0  A2"  6  1  E" E"    6  1  E" E'  441110 1 1 1 0 0 0    52.0   52.0
571  669.018190 3.541E-22 4.095E+00.03330.070 1748.68210.750.000000 0 2 0   0  A1' 0 1 0   0  A2" 13 11  E" E"   13 11  E" E'  441110 1 1 1 0 0 0   108.0  108.0
571  669.475952 6.461E-22 3.968E+00.03330.070 1602.38640.750.000000 0 2 0   0  A1' 0 1 0   0  A2" 12 10  E' E'   12 10  E' E"  441110 1 1 1 0 0 0   100.0  100.0
571  669.509177 6.360E-27 1.227E-04.03330.070 1801.94880.750.000000 0 0 0   1  E'  0 1 0   0  A2" 10  0  A1'E'   11  2  E' E"  331110 1 1 1 0 0 0    84.0   92.0
571  669.580745 4.607E-27 1.417E-04.03330.070 1828.64750.750.000000 0 3 0   0  A2" 0 2 0   0  A1'  7  1  E" E'    8  5  E" E"  331110 1 1 1 0 0 0    60.0   68.0
571  669.621625 5.455E-28 3.030E-04.03330.070 2728.68820.750.000000 0 1 0   1  E"  0 0 0   1  E'  16 16  E' A1"  15 14  E' A1' 331110 1 1 1 0 0 0   264.0  248.0
571  669.694152 2.957E-28 5.354E-05.03330.070 2262.41870.750.000000 0 1 0   1  E"  0 0 0   1  E'  10  5  E" E'   11  9  A2"E"  331110 1 1 1 0 0 0    84.0   92.0
571  669.773285 5.922E-28 7.196E-05.03330.070 2260.52450.750.000000 0 2 0   0  A1' 0 0 0   0  A1' 15 11  E" E"   16  8  E' E'  331110 1 1 1 0 0 0   124.0  132.0
571  669.884669 1.059E-21 5.981E-01.03330.070  976.72800.750.000000 0 2 0   0  A1' 0 1 0   0  A2"  6  2  E' E'    6  2  E' E"  441110 1 1 1 0 0 0    52.0   52.0
571  669.923072 2.528E-21 1.792E+00.03330.070 1052.75630.750.000000 0 2 0   0  A1' 0 1 0   0  A2"  7  4  E' E'    7  4  E' E"  441110 1 1 1 0 0 0    60.0   60.0
571  669.936581 4.109E-28 4.266E-06.03330.070 1379.01120.750.000000 0 1 0   1  E"  0 2 0   0  A1'  2  2  E' E"    3  2  E' E'  331110 1 1 1 0 0 0    20.0   28.0
571  670.009175 3.100E-27 8.053E-04.03330.070 2545.61120.750.000000 0 1 0   1  E"  0 0 0   1  E'  14 13  E" A1'  13 11  E" A1" 331110 1 1 1 0 0 0   232.0  216.0
571  670.024288 2.222E-21 3.819E+00.03550.070 1465.53860.750.000000 0 2 0   0  A1' 0 1 0   0  A2" 11  9  A1"A1"  11  9  A2"A1' 442110 1 1 2 0 0 0   184.0  184.0
571  670.498756 2.169E-26 2.709E-03.03330.070 2252.09780.750.000000 0 0 0   1  E'  0 1 0   0  A2" 14 10  E' E'   14  8  E' E"  331110 1 1 1 0 0 0   116.0  116.0
571  670.667353 1.793E-21 3.641E+00.03330.070 1338.15900.750.000000 0 2 0   0  A1' 0 1 0   0  A2" 10  8  E' E'   10  8  E' E"  441110 1 1 1 0 0 0    84.0   84.0
571  670.753198 2.561E-25 4.665E-03.03330.070 1825.28950.750.000000 0 0 0   1  E'  0 1 0   0  A2" 12  9  A2"E"   12  7  E" E'  331110 1 1 1 0 0 0   100.0  100.0
571  670.830280 5.962E-23 3.492E-02.03330.070 1013.01180.750.000000 0 0 0   1  E'  0 1 0   0  A2"  7  7  E" E"    7  5  E" E'  441110 1 1 1 0 0 0    60.0   60.0
571  671.223901 8.183E-27 5.856E-05.03330.070 1606.53760.750.000000 0 3 0   0  A2" 0 0 0   1  E'   5  0  A2'A1"   5  4  E' A1' 331110 1 1 1 0 0 0    88.0   88.0
571  671.307822 4.098E-28 1.995E-04.03330.070 2700.64820.750.000000 0 2 0   0  A1' 0 0 0   0  A1' 16  9  A1"A1"  17  6  A1'A1' 331110 1 1 1 0 0 0   264.0  280.0
571  671.409364 2.702E-21 3.427E+00.03330.070 1220.26640.750.000000 0 2 0   0  A1' 0 1 0   0  A2"  9  7  E" E"    9  7  E" E'  441110 1 1 1 0 0 0    76.0   76.0
571  671.497103 1.502E-27 5.289E-04.03330.070 2416.93110.750.000000 0 1 0   1  E"  0 2 0   0  A1' 11  6  A1'E"   12  8  E' E'  331110 1 1 1 0 0 0    92.0  100.0
571  671.694805 5.325E-21 1.358E+00.03940.070  954.63580.750.000000 0 2 0   0  A1' 0 1 0   0  A2"  6  3  A1"A1"   6  3  A2"A1' 442110 1 1 2 0 0 0   104.0  104.0
571  671.735711 4.411E-26 5.592E-03.03330.070 2349.29530.750.000000 0 3 0   0  A2" 0 0 0   1  E'  11  6  A2'A1"  11  8  E' A1' 331110 1 1 1 0 0 0   184.0  184.0
571  671.784890 4.067E-27 5.966E-03.03330.070 2727.51980.750.000000 0 1 0   1  E"  0 0 0   1  E'  12  4  E' E"   12  6  A2'E'  331110 1 1 1 0 0 0   100.0  100.0
571  671.826552 1.487E-28 7.555E-06.03330.070 2121.90890.750.000000 0 3 0   0  A2" 0 2 0   0  A1'  9  0  A2'A1"  10  6  A1'A1' 331110 1 1 1 0 0 0   152.0  168.0
571  671.842802 5.212E-26 2.092E-03.03330.070 1907.82160.750.000000 0 3 0   0  A2" 0 0 0   1  E'   8  4  E' E"    8  6  A2'E'  331110 1 1 1 0 0 0    68.0   68.0
571  671.932077 1.993E-25 2.103E-03.03330.070 1450.41780.750.000000 0 1 0   1  E"  0 2 0   0  A1'  3  0  A2'E"    4  2  E' E'  331110 1 1 1 0 0 0    28.0   36.0
571  672.099110 5.851E-25 4.679E-03.03330.070 1663.22410.750.000000 0 1 0   1  E"  0 0 0   1  E'   6  4  E' A1"   5  2  E' A1' 331110 1 1 1 0 0 0   104.0   88.0
571  672.134941 5.456E-25 6.928E-03.03330.070 1581.36070.750.000000 0 1 0   1  E"  0 0 0   1  E'   5  3  A1"E'    4  1  E" E"  331110 1 1 1 0 0 0    44.0   36.0
571  672.142104 7.161E-28 7.453E-04.03330.070 2700.98430.750.000000 0 1 0   1  E"  0 0 0   1  E'  15 14  E' E"   14 12  A1'E'  331110 1 1 1 0 0 0   124.0  116.0
571  672.224388 1.664E-25 3.594E-03.03330.070 1754.38170.750.000000 0 1 0   1  E"  0 0 0   1  E'   7  5  E" E'    6  3  A2"E"  331110 1 1 1 0 0 0    60.0   52.0
571  672.255067 7.550E-21 3.166E+00.03760.070 1111.87850.750.000000 0 2 0   0  A1' 0 1 0   0  A2"  8  6  A1'A1'   8  6  A2'A1" 442110 1 1 2 0 0 0   136.0  136.0
571  672.285403 1.268E-24 1.384E-02.03330.070 1508.80930.750.000000 0 1 0   1  E"  0 0 0   1  E'   4  2  E' E"    3  0  A2'E'  331110 1 1 1 0 0 0    36.0   28.0
571  672.461149 3.003E-22 1.541E+00.03330.070 1444.41040.750.000000 0 1 0   1  E"  0 0 0   1  E'   3  1  E" A1'   2  1  E" A1" 441110 1 1 1 0 0 0    56.0   40.0
571  672.473390 1.470E-22 1.503E+00.03330.070 1443.74420.750.000000 0 1 0   1  E"  0 0 0   1  E'   3  1  E" E'    2  1  E" E"  441110 1 1 1 0 0 0    28.0   20.0
571  672.482992 3.684E-28 2.943E-06.03330.070 1662.84020.750.000000 0 1 0   1  E"  0 2 0   0  A1'  6  4  E' A1"   6  0  A1'A1' 331110 1 1 1 0 0 0   104.0  104.0
571  672.489451 5.069E-22 2.123E-01.03330.070  879.31620.750.000000 0 2 0   0  A1' 0 1 0   0  A2"  5  1  E" E"    5  1  E" E'  441110 1 1 1 0 0 0    44.0   44.0
571  672.516438 9.431E-26 2.930E-03.03330.070 1854.82600.750.000000 0 1 0   1  E"  0 0 0   1  E'   8  6  A2'E"    7  4  E' E'  331110 1 1 1 0 0 0    68.0   60.0
571  672.606233 7.230E-26 3.963E-03.03330.070 1971.53490.750.000000 0 1 0   1  E"  0 0 0   1  E'   8  3  A2"E'    8  5  E" E"  331110 1 1 1 0 0 0    68.0   68.0
571  672.609329 1.649E-26 3.958E-04.03330.070 1944.30570.750.000000 0 1 0   1  E"  0 2 0   0  A1'  8  4  E' A1"   9  6  A1'A1' 331110 1 1 1 0 0 0   136.0  152.0
571  672.613887 1.324E-25 2.484E-03.03330.070 1893.45700.750.000000 0 1 0   1  E"  0 2 0   0  A1'  8  5  E" A1'   8  3  A1"A1" 331110 1 1 1 0 0 0   136.0  136.0
571  672.614492 1.637E-22 1.725E+00.04290.070 1449.73540.750.000000 0 1 0   1  E"  0 0 0   1  E'   3  0  A2'E"    2  0  A1'E'  442110 1 1 2 0 0 0    28.0   20.0
571  672.615720 5.543E-27 2.075E-02.03330.070 3106.57980.750.000000 0 3 0   0  A2" 0 0 0   1  E'  15  9  A2"A1'  15 11  E" A1" 331110 1 1 1 0 0 0   248.0  248.0
571  672.758894 1.020E-28 3.593E-03.03330.070 3644.48250.750.000000 0 0 0   0  A1' 0 0 0   0  A1' 22  9  A1"A1"  21 12  A1'A1' 331110 1 1 1 0 0 0   360.0  344.0
571  672.882385 4.094E-26 4.253E-04.03330.070 1539.62960.750.000000 0 1 0   1  E"  0 2 0   0  A1'  5  4  E' E"    5  2  E' E'  331110 1 1 1 0 0 0    44.0   44.0
571  672.950899 1.216E-28 2.851E-04.03330.070 2892.64880.750.000000 0 1 0   1  E"  0 0 0   1  E'  17 17  E" E'   16 15  A1"E"  331110 1 1 1 0 0 0   140.0  132.0
571  672.972471 1.046E-25 2.481E-03.03330.070 1964.54870.750.000000 0 1 0   1  E"  0 0 0   1  E'   9  7  E" A1'   8  5  E" A1" 331110 1 1 1 0 0 0   152.0  136.0
571  672.982805 2.411E-27 1.433E-03.03330.070 2740.65650.750.000000 0 0 0   1  E'  0 1 0   0  A2" 16 11  E" A1"  16  9  A2"A1' 331110 1 1 1 0 0 0   264.0  264.0
571  673.033488 2.983E-26 1.255E-05.03330.070  786.98330.750.000000 0 0 0   1  E'  0 1 0   0  A2"  3  3  A1"E"    4  1  E" E'  331110 1 1 1 0 0 0    28.0   36.0
571  673.231607 4.768E-21 2.811E+00.03330.070 1013.01180.750.000000 0 2 0   0  A1' 0 1 0   0  A2"  7  5  E" E"    7  5  E" E'  441110 1 1 1 0 0 0    60.0   60.0
571  673.254841 1.294E-28 6.627E-04.03330.070 3014.48120.750.000000 0 1 0   1  E"  0 2 0   0  A1' 14  8  E' E"   15 10  E' E'  331110 1 1 1 0 0 0   116.0  124.0
571  673.376101 2.046E-22 9.695E-01.03330.070 1427.51450.750.000000 0 1 0   1  E"  0 0 0   1  E'   3  2  E' A1"   2  2  E' A1' 441110 1 1 1 0 0 0    56.0   40.0
571  673.587477 2.807E-26 2.153E-03.03330.070 2083.54090.750.000000 0 1 0   1  E"  0 0 0   1  E'  10  8  E' E"    9  6  A2'E'  331110 1 1 1 0 0 0    84.0   76.0
571  673.589483 2.168E-21 8.539E-01.03330.070  866.04010.750.000000 0 2 0   0  A1' 0 1 0   0  A2"  5  2  E' E'    5  2  E' E"  441110 1 1 1 0 0 0    44.0   44.0
571  673.988653 3.168E-24 5.902E-03.03330.070 1461.13010.750.000000 0 0 0   1  E'  0 1 0   0  A2" 10  8  E' A1'  10  6  A2'A1" 331110 1 1 1 0 0 0   168.0  168.0
571  674.102281 3.258E-27 1.307E-04.03330.070 1968.59490.750.000000 0 0 0   1  E'  0 1 0   0  A2" 11  2  E' E'   12  4  E' E"  331110 1 1 1 0 0 0    92.0  100.0
571  674.155688 4.101E-27 1.370E-05.03330.070 1417.93800.750.000000 0 0 0   1  E'  0 1 0   0  A2"  9  6  A1'E'    9  2  E' E"  331110 1 1 1 0 0 0    76.0   76.0
571  674.259810 5.531E-21 2.444E+00.03330.070  923.68130.750.000000 0 2 0   0  A1' 0 1 0   0  A2"  6  4  E' E'    6  4  E' E"  441110 1 1 1 0 0 0    52.0   52.0
571  674.355349 1.453E-26 1.902E-03.03330.070 2211.79290.750.000000 0 1 0   1  E"  0 0 0   1  E'  11  9  A1"E'   10  7  E" E"  331110 1 1 1 0 0 0    92.0   84.0
571  674.404120 3.162E-28 6.925E-04.03330.070 2865.58820.750.000000 0 1 0   1  E"  0 0 0   1  E'  16 15  A2"E'   15 13  E" E"  331110 1 1 1 0 0 0   132.0  124.0
571  674.569253 3.113E-27 6.099E-04.03330.070 2275.93700.750.000000 0 3 0   0  A2" 0 0 0   1  E'  10  2  E' E"    9  0  A2'E'  331110 1 1 1 0 0 0    84.0   76.0
571  674.685498 1.962E-26 2.084E-04.03330.070 1501.90890.750.000000 0 3 0   0  A2" 0 0 0   1  E'   4  2  E' E"    4  4  E' E'  331110 1 1 1 0 0 0    36.0   36.0
571  674.890224 1.006E-22 9.729E-01.03330.070 1430.78100.750.000000 0 1 0   1  E"  0 0 0   1  E'   3  2  E' E"    2  2  E' E'  441110 1 1 1 0 0 0    28.0   20.0
571  674.897148 1.459E-26 1.189E-04.03330.070 1601.03990.750.000000 0 0 0   1  E'  0 1 0   0  A2"  9  0  A2'E'   10  2  E' E"  331110 1 1 1 0 0 0    76.0   84.0
571  675.068674 1.185E-25 1.564E-03.03330.070 1587.60990.750.000000 0 3 0   0  A2" 0 0 0   1  E'   5  2  E' E"    4  0  A1'E'  331110 1 1 1 0 0 0    44.0   36.0
571  675.071189 4.427E-28 5.160E-05.03330.070 2427.90010.750.000000 0 1 0   0  A2" 0 1 0   0  A2" 18 12  A2'A1"  17 15  A2"A1' 331110 1 1 1 0 0 0   296.0  280.0
571  675.129016 3.735E-24 3.849E-02.03330.070 1443.74420.750.000000 0 3 0   0  A2" 0 0 0   1  E'   3  1  E" E'    2  1  E" E"  331110 1 1 1 0 0 0    28.0   20.0
571  675.268517 1.445E-26 1.701E-03.03330.070 2349.29530.750.000000 0 1 0   1  E"  0 0 0   1  E'  12 10  E' A1"  11  8  E' A1' 331110 1 1 1 0 0 0   200.0  184.0
571  675.348745 1.453E-27 5.220E-04.03330.070 2578.61520.750.000000 0 1 0   1  E"  0 2 0   0  A1' 12  7  E" A1'  13  9  A1"A1" 331110 1 1 1 0 0 0   200.0  216.0
571  675.438292 1.090E-20 1.939E+00.03960.070  843.90120.750.000000 0 2 0   0  A1' 0 1 0   0  A2"  5  3  A1"A1"   5  3  A2"A1' 442110 1 1 2 0 0 0    88.0   88.0
571  675.482575 6.893E-28 9.571E-06.03330.070 1797.27480.750.000000 0 2 0   0  A1' 0 0 0   0  A1' 14 13  E" E"   15 10  E' E'  331110 1 1 1 0 0 0   116.0  124.0
571  675.614272 9.821E-22 3.238E-01.03330.070  786.98330.750.000000 0 2 0   0  A1' 0 1 0   0  A2"  4  1  E" E"    4  1  E" E'  441110 1 1 1 0 0 0    36.0   36.0
571  675.940585 8.129E-27 8.741E-06.03330.070 1105.67010.750.000000 0 0 0   1  E'  0 1 0   0  A2"  6  2  E' E'    7  2  E' E"  331110 1 1 1 0 0 0    52.0   60.0
571  675.955362 3.936E-22 4.409E+00.03330.070 1391.19320.750.000000 0 3 0   0  A2" 0 2 0   0  A1'  2  1  E" E'    3  1  E" E"  441110 1 1 1 0 0 0    20.0   28.0
571  675.990910 2.385E-27 8.914E-05.03330.070 1865.10440.750.000000 0 1 0   1  E"  0 2 0   0  A1'  7  0  A2'E"    8  4  E' E'  331110 1 1 1 0 0 0    60.0   68.0
571  676.065697 4.590E-27 3.659E-04.03330.070 2069.43160.750.000000 0 1 0   1  E"  0 2 0   0  A1'  9  5  E" E'   10  7  E" E"  331110 1 1 1 0 0 0    76.0   84.0
571  676.066903 1.183E-27 1.389E-03.03330.070 2781.12190.750.000000 0 0 0   0  A1' 0 0 0   0  A1' 20 10  E' E'   19 13  E" E"  331110 1 1 1 0 0 0   164.0  156.0
571  676.291873 4.690E-28 1.447E-04.03330.070 2420.02640.750.000000 0 0 0   1  E'  0 1 0   0  A2" 13  3  A2"E"   14  5  E" E'  331110 1 1 1 0 0 0   108.0  116.0
571  676.313591 3.439E-27 1.535E-03.03330.070 2496.04270.750.000000 0 1 0   1  E"  0 0 0   1  E'  13 11  E" E'   12  9  A2"E"  331110 1 1 1 0 0 0   108.0  100.0
571  676.387776 9.790E-26 2.883E-03.03330.070 1815.81580.750.000000 0 1 0   1  E"  0 0 0   1  E'   7  3  A2"E'    7  5  E" E"  331110 1 1 1 0 0 0    60.0   60.0
571  676.504390 1.019E-25 8.564E-04.03330.070 1670.98490.750.000000 0 3 0   0  A2" 0 0 0   1  E'   6  3  A2"A1'   6  5  E" A1" 331110 1 1 1 0 0 0   104.0  104.0
571  676.593406 8.663E-26 1.133E-03.03330.070 1791.35690.750.000000 0 3 0   0  A2" 0 0 0   1  E'   7  3  A2"A1'   6  1  E" A1" 331110 1 1 1 0 0 0   120.0  104.0
571  676.734000 4.201E-21 1.302E+00.03330.070  773.68380.750.000000 0 2 0   0  A1' 0 1 0   0  A2"  4  2  E' E'    4  2  E' E"  441110 1 1 1 0 0 0    36.0   36.0
571  676.790496 2.668E-28 6.453E-04.03330.070 3039.40690.750.000000 0 1 0   1  E"  0 0 0   1  E'  17 16  E' A1"  16 14  E' A1' 331110 1 1 1 0 0 0   280.0  264.0
571  676.886062 9.686E-27 5.121E-03.03330.070 2497.54850.750.000000 0 1 0   1  E"  0 0 0   1  E'  11  4  E' E"   11  6  A1'E'  331110 1 1 1 0 0 0    92.0   92.0
571  676.929448 6.621E-21 4.754E+00.03600.070 1263.26140.750.000000 0 2 0   0  A1' 0 1 0   0  A2" 10  9  A1"A1"  10  9  A2"A1' 442110 1 1 2 0 0 0   168.0  168.0
571  676.944862 4.928E-21 4.601E+00.03330.070 1154.09340.750.000000 0 2 0   0  A1' 0 1 0   0  A2"  9  8  E' E'    9  8  E' E"  441110 1 1 1 0 0 0    76.0   76.0
571  676.951040 4.459E-26 4.337E-04.03330.070 1430.78100.750.000000 0 3 0   0  A2" 0 0 0   1  E'   3  2  E' E"    2  2  E' E'  331110 1 1 1 0 0 0    28.0   20.0
571  676.979972 1.393E-19 1.716E+00.03330.070  110.00330.750.000000 0 1 0   0  A2" 0 0 0   0  A1'  4  1  E" E'    3  1  E" E"  441110 1 1 1 0 0 0    36.0   28.0
571  677.013884 2.091E-21 4.881E+00.03330.070 1381.94580.750.000000 0 2 0   0  A1' 0 1 0   0  A2" 11 10  E' E'   11 10  E' E"  441110 1 1 1 0 0 0    92.0   92.0
571  677.062950 6.865E-21 4.414E+00.03330.070 1054.45750.750.000000 0 2 0   0  A1' 0 1 0   0  A2"  8  7  E" E"    8  7  E" E'  441110 1 1 1 0 0 0    68.0   68.0
571  677.070705 8.325E-26 6.119E-01.03330.070 3086.59340.750.000000 0 3 0   0  A2" 0 2 0   0  A1' 14  4  E' E"   14  4  E' E'  331110 1 1 1 0 0 0   116.0  116.0
571  677.072492 2.617E-22 2.772E+00.03330.070 1379.01120.750.000000 0 3 0   0  A2" 0 2 0   0  A1'  2  2  E' E"    3  2  E' E'  441110 1 1 1 0 0 0    20.0   28.0
571  677.116849 2.208E-26 3.081E-04.03330.070 1597.94110.750.000000 0 1 0   1  E"  0 2 0   0  A1'  5  2  E' E"    6  4  E' E'  331110 1 1 1 0 0 0    44.0   52.0
571  677.195266 1.245E-21 4.989E+00.03330.070 1510.12950.750.000000 0 2 0   0  A1' 0 1 0   0  A2" 12 11  E" E"   12 11  E" E'  441110 1 1 1 0 0 0   100.0  100.0
571  677.285833 2.009E-28 4.777E-06.03330.070 1939.62920.750.000000 0 1 0   1  E"  0 0 0   1  E'   8  4  E' A1"   9  8  E' A1' 331110 1 1 1 0 0 0   136.0  152.0
571  677.286469 1.777E-20 4.181E+00.03830.070  964.36820.750.000000 0 2 0   0  A1' 0 1 0   0  A2"  7  6  A1'A1'   7  6  A2'A1" 442110 1 1 2 0 0 0   120.0  120.0
571  677.394581 1.521E-27 1.354E-03.03330.070 2652.11170.750.000000 0 1 0   1  E"  0 0 0   1  E'  14 12  A2'E"   13 10  E' E'  331110 1 1 1 0 0 0   116.0  108.0
571  677.470611 1.402E-21 5.082E+00.03590.070 1647.79430.750.000000 0 2 0   0  A1' 0 1 0   0  A2" 13 12  A1'A1'  13 12  A2'A1" 442110 1 1 2 0 0 0   216.0  216.0
571  677.489700 3.620E-26 2.607E+00.03330.070 3594.57320.750.000000 0 3 0   0  A2" 0 2 0   0  A1' 17 10  E' E"   17 10  E' E'  331110 1 1 1 0 0 0   140.0  140.0
571  677.544845 1.196E-28 5.101E-06.03330.070 2121.90890.750.000000 0 1 0   1  E"  0 2 0   0  A1' 11 10  E' A1"  10  6  A1'A1' 331110 1 1 1 0 0 0   184.0  168.0
571  677.581364 4.477E-27 4.145E-04.03330.070 2099.43490.750.000000 0 3 0   0  A2" 0 0 0   1  E'   9  2  E' E"    8  0  A1'E'  331110 1 1 1 0 0 0    76.0   68.0
571  677.618112 1.057E-20 3.884E+00.03330.070  883.83880.750.000000 0 2 0   0  A1' 0 1 0   0  A2"  6  5  E" E"    6  5  E" E'  441110 1 1 1 0 0 0    52.0   52.0
571  677.836853 3.736E-22 5.163E+00.03330.070 1794.92060.750.000000 0 2 0   0  A1' 0 1 0   0  A2" 14 13  E" E"   14 13  E" E'  441110 1 1 1 0 0 0   116.0  116.0
571  678.001543 1.668E-28 1.283E-04.03330.070 2573.97350.750.000000 0 1 0   1  E"  0 2 0   0  A1' 11  1  E" E'   12  5  E" E"  331110 1 1 1 0 0 0    92.0  100.0
571  678.060520 1.134E-20 3.492E+00.03330.070  812.88120.750.000000 0 2 0   0  A1' 0 1 0   0  A2"  5  4  E' E'    5  4  E' E"  441110 1 1 1 0 0 0    44.0   44.0
571  678.141802 8.053E-26 4.700E-04.03330.070 1519.33950.750.000000 0 1 0   1  E"  0 2 0   0  A1'  4  1  E" A1'   5  3  A1"A1" 331110 1 1 1 0 0 0    72.0   88.0
571  678.147839 1.198E-19 1.380E+00.03330.070   95.53600.750.000000 0 1 0   0  A2" 0 0 0   0  A1'  4  2  E' E"    3  2  E' E'  441110 1 1 1 0 0 0    36.0   28.0
571  678.152125 1.836E-21 5.469E-01.03330.070  713.04110.750.000000 0 2 0   0  A1' 0 1 0   0  A2"  3  1  E" E"    3  1  E" E'  441110 1 1 1 0 0 0    28.0   28.0
571  678.290836 1.889E-22 5.234E+00.03330.070 1951.48760.750.000000 0 2 0   0  A1' 0 1 0   0  A2" 15 14  E' E'   15 14  E' E"  441110 1 1 1 0 0 0   124.0  124.0
571  678.290919 8.552E-28 3.751E-04.03330.070 2458.28150.750.000000 0 1 0   1  E"  0 2 0   0  A1' 11  5  E" E'   11  1  E" E"  331110 1 1 1 0 0 0    92.0   92.0
571  678.475188 7.741E-26 8.939E-05.03330.070 1118.88420.750.000000 0 0 0   1  E'  0 1 0   0  A2"  6  1  E" E"    7  1  E" E'  331110 1 1 1 0 0 0    52.0   60.0
571  678.493536 8.908E-27 3.552E+00.03330.070 3968.29160.750.000000 0 3 0   0  A2" 0 2 0   0  A1' 19 13  E" E'   19 13  E" E"  331110 1 1 1 0 0 0   156.0  156.0
571  678.616298 2.114E-20 2.957E+00.04050.070  751.50620.750.000000 0 2 0   0  A1' 0 1 0   0  A2"  4  3  A1"A1"   4  3  A2"A1' 442110 1 1 2 0 0 0    72.0   72.0
571  678.805487 2.021E-28 1.278E-05.03330.070 2235.10550.750.000000 0 0 0   1  E'  0 1 0   0  A2" 13  7  E" A1"  13  3  A2"A1' 331110 1 1 1 0 0 0   216.0  216.0
571  678.829321 1.814E-22 5.297E+00.03540.070 2117.47350.750.000000 0 2 0   0  A1' 0 1 0   0  A2" 16 15  A1"A1"  16 15  A2"A1' 442110 1 1 2 0 0 0   264.0  264.0
571  678.962535 3.419E-28 5.277E-04.03330.070 2749.75010.750.000000 0 1 0   1  E"  0 2 0   0  A1' 13  8  E' E"   14 10  E' E'  331110 1 1 1 0 0 0   108.0  116.0
571  678.991508 1.369E-27 1.276E-03.03330.070 2817.00140.750.000000 0 1 0   1  E"  0 0 0   1  E'  15 13  E" A1'  14 11  E" A1" 331110 1 1 1 0 0 0   248.0  232.0
571  679.165088 3.743E-28 4.616E+00.03420.070 4854.88280.750.000000 0 3 0   0  A2" 0 2 0   0  A1' 23 18  A2'A1"  23 18  A1'A1' 332110 1 1 2 0 0 0   376.0  376.0
571  679.244800 1.514E-25 9.400E-01.03330.070 3050.56900.750.000000 0 3 0   0  A2" 0 2 0   0  A1' 14  5  E" E'   14  5  E" E"  331110 1 1 1 0 0 0   116.0  116.0
571  679.247431 2.510E-27 3.514E-04.03330.070 2204.15150.750.000000 0 1 0   1  E"  0 2 0   0  A1' 10  6  A2'E"   11  8  E' E'  331110 1 1 1 0 0 0    84.0   92.0
571  679.287985 7.852E-21 2.200E+00.03330.070  699.72320.750.000000 0 2 0   0  A1' 0 1 0   0  A2"  3  2  E' E'    3  2  E' E"  441110 1 1 1 0 0 0    28.0   28.0
571  679.448984 4.139E-23 5.354E+00.03330.070 2292.85510.750.000000 0 2 0   0  A1' 0 1 0   0  A2" 17 16  E' E'   17 16  E' E"  441110 1 1 1 0 0 0   140.0  140.0
571  679.457255 5.947E-26 8.954E-04.03330.070 1646.61270.750.000000 0 1 0   1  E"  0 2 0   0  A1'  6  4  E' E"    6  2  E' E'  331110 1 1 1 0 0 0    52.0   52.0
571  679.648417 1.239E-25 1.630E+00.03330.070 3218.53740.750.000000 0 3 0   0  A2" 0 2 0   0  A1' 15  7  E" E'   15  7  E" E"  331110 1 1 1 0 0 0   124.0  124.0
571  679.672391 5.290E-27 1.070E-03.03330.070 2440.88570.750.000000 0 3 0   0  A2" 0 0 0   1  E'  11  3  A2"A1'  10  1  E" A1" 331110 1 1 1 0 0 0   184.0  168.0
571  679.682395 1.397E-26 4.484E-02.03330.070 2900.03700.750.000000 0 3 0   0  A2" 0 2 0   0  A1' 13  1  E" E'   13  1  E" E"  331110 1 1 1 0 0 0   108.0  108.0
571  679.841252 7.951E-26 1.452E-03.03330.070 1686.13980.750.000000 0 3 0   0  A2" 0 0 0   1  E'   6  2  E' E"    5  0  A2'E'  331110 1 1 1 0 0 0    52.0   44.0
571  680.013062 8.680E-26 1.747E-01.03330.070 2803.70720.750.000000 0 1 0   1  E"  0 2 0   0  A1' 13  7  E" E'   13  5  E" E"  331110 1 1 1 0 0 0   108.0  108.0
571  680.021201 1.209E-26 3.060E-04.03330.070 1968.29560.750.000000 0 0 0   0  A1' 0 0 0   0  A1' 18 11  E" E"   17 14  E' E'  331110 1 1 1 0 0 0   148.0  140.0
571  680.078138 3.451E-21 1.105E+00.03330.070  657.54040.750.000000 0 2 0   0  A1' 0 1 0   0  A2"  2  1  E" E"    2  1  E" E'  441110 1 1 1 0 0 0    20.0   20.0
571  680.109848 1.579E-19 8.129E-01.04250.070   71.39630.750.000000 0 1 0   0  A2" 0 0 0   0  A1'  4  3  A2"A1'   3  3  A1"A1" 442110 1 1 2 0 0 0    72.0   56.0
571  680.112054 1.244E-26 2.276E-04.03330.070 1686.24340.750.000000 0 1 0   1  E"  0 2 0   0  A1'  6  3  A2"E'    7  5  E" E"  331110 1 1 1 0 0 0    52.0   60.0
571  680.146426 1.796E-23 5.405E+00.03330.070 2477.60810.750.000000 0 2 0   0  A1' 0 1 0   0  A2" 18 17  E" E"   18 17  E" E'  441110 1 1 1 0 0 0   148.0  148.0
571  680.146654 6.946E-26 2.282E-02.03330.070 2397.79840.750.000000 0 1 0   1  E"  0 2 0   0  A1' 11  6  A2'E"   11  4  E' E'  331110 1 1 1 0 0 0    92.0   92.0
571  680.396499 2.884E-28 1.184E-03.03330.070 2991.39810.750.000000 0 1 0   1  E"  0 0 0   1  E'  16 14  E' E"   15 12  A1'E'  331110 1 1 1 0 0 0   132.0  124.0
571  680.404951 3.104E-24 3.371E-03.03330.070 1160.38500.750.000000 0 0 0   1  E'  0 1 0   0  A2"  8  7  E" E"    8  5  E" E'  331110 1 1 1 0 0 0    68.0   68.0
571  680.547092 1.852E-25 2.418E+00.03410.070 3371.95610.750.000000 0 3 0   0  A2" 0 2 0   0  A1' 16  9  A2"A1'  16  9  A1"A1" 332110 1 1 2 0 0 0   264.0  264.0
571  680.573147 4.355E-28 7.720E-06.03330.070 1679.58460.750.000000 0 1 0   1  E"  0 0 0   1  E'   6  3  A1"E'    5  1  E" E"  331110 1 1 1 0 0 0    52.0   44.0
571  680.584747 4.803E-28 5.613E-04.03330.070 2675.75440.750.000000 0 3 0   0  A2" 0 0 0   1  E'  12  1  E" E'   11  1  E" E"  331110 1 1 1 0 0 0   100.0   92.0
571  680.708908 5.912E-26 1.795E-01.03330.070 2888.00160.750.000000 0 3 0   0  A2" 0 2 0   0  A1' 13  2  E' E"   13  2  E' E'  331110 1 1 1 0 0 0   108.0  108.0
571  680.890127 5.011E-26 3.412E+00.03430.070 3735.06770.750.000000 0 3 0   0  A2" 0 2 0   0  A1' 18 12  A2'A1"  18 12  A1'A1' 332110 1 1 2 0 0 0   296.0  296.0
571  680.898399 6.285E-28 4.551E+00.03330.070 4592.79720.750.000000 0 3 0   0  A2" 0 2 0   0  A1' 22 17  E" E'   22 17  E" E"  331110 1 1 1 0 0 0   180.0  180.0
571  680.918179 1.483E-23 5.452E+00.03490.070 2671.70710.750.000000 0 2 0   0  A1' 0 1 0   0  A2" 19 18  A1'A1'  19 18  A2'A1" 442110 1 1 2 0 0 0   312.0  312.0
571  681.127477 9.868E-26 1.747E-03.03330.070 1679.03030.750.000000 0 1 0   1  E"  0 0 0   1  E'   6  3  A1"E'    6  5  E" E"  331110 1 1 1 0 0 0    52.0   52.0
571  681.197219 3.953E-20 4.997E+00.04250.070  677.51510.750.000000 0 2 0   0  A1' 0 1 0   0  A2"  3  3  A1"A1"   3  3  A2"A1' 442110 1 1 2 0 0 0    56.0   56.0
571  681.226211 1.477E-20 4.445E+00.03330.070  644.20890.750.000000 0 2 0   0  A1' 0 1 0   0  A2"  2  2  E' E'    2  2  E' E"  441110 1 1 1 0 0 0    20.0   20.0
571  681.285153 2.198E-20 5.328E+00.03330.070  720.43290.750.000000 0 2 0   0  A1' 0 1 0   0  A2"  4  4  E' E'    4  4  E' E"  441110 1 1 1 0 0 0    36.0   36.0
571  681.343054 2.999E-25 8.037E-05.03330.070  883.74030.750.000000 0 0 0   1  E'  0 1 0   0  A2"  4  2  E' A1'   5  0  A2'A1" 331110 1 1 1 0 0 0    72.0   88.0
571  681.373063 7.460E-21 3.337E+00.03330.070  620.51910.750.000000 0 2 0   0  A1' 0 1 0   0  A2"  1  1  E" E"    1  1  E" E'  441110 1 1 1 0 0 0    12.0   12.0
571  681.489032 2.168E-20 5.549E+00.03330.070  772.95630.750.000000 0 2 0   0  A1' 0 1 0   0  A2"  5  5  E" E"    5  5  E" E'  441110 1 1 1 0 0 0    44.0   44.0
571  681.496927 2.830E-26 1.078E-04.03330.070 1417.93800.750.000000 0 0 0   1  E'  0 1 0   0  A2"  8  0  A1'E'    9  2  E' E"  331110 1 1 1 0 0 0    68.0   76.0
571  681.538939 1.590E-27 4.749E-05.03330.070 1815.81580.750.000000 0 1 0   1  E"  0 0 0   1  E'   7  3  A1"E'    7  5  E" E"  331110 1 1 1 0 0 0    60.0   60.0
571  681.594781 7.075E-27 1.723E-02.03330.070 2842.10960.750.000000 0 3 0   0  A2" 0 0 0   1  E'  13  4  E' E"   13  8  E' E'  331110 1 1 1 0 0 0   108.0  108.0
571  681.658519 2.954E-26 1.251E-03.03330.070 2078.83600.750.000000 0 3 0   0  A2" 0 0 0   1  E'   9  3  A2"A1'   8  1  E" A1" 331110 1 1 1 0 0 0   152.0  136.0
571  681.760718 2.916E-24 5.494E+00.03330.070 2875.12560.750.000000 0 2 0   0  A1' 0 1 0   0  A2" 20 19  E" E"   20 19  E" E'  331110 1 1 1 0 0 0   164.0  164.0
571  681.760966 4.252E-27 3.983E-04.03330.070 2099.43490.750.000000 0 1 0   1  E"  0 0 0   1  E'   9  4  E' E"    8  0  A1'E'  331110 1 1 1 0 0 0    76.0   68.0
571  681.807825 3.893E-20 5.710E+00.03900.070  835.07790.750.000000 0 2 0   0  A1' 0 1 0   0  A2"  6  6  A1'A1'   6  6  A2'A1" 442110 1 1 2 0 0 0   104.0  104.0
571  681.968684 1.153E-28 1.094E-03.03330.070 3174.92000.750.000000 0 1 0   1  E"  0 0 0   1  E'  17 15  A1"E'   16 13  E" E"  331110 1 1 1 0 0 0   140.0  132.0
571  682.012891 2.950E-25 4.078E-01.03450.070 2867.92800.750.000000 0 3 0   0  A2" 0 2 0   0  A1' 13  3  A2"A1'  13  3  A1"A1" 332110 1 1 2 0 0 0   216.0  216.0
571  682.062840 9.863E-28 4.242E-07.03330.070  879.31620.750.000000 0 0 0   1  E'  0 1 0   0  A2"  5  5  E" E"    5  1  E" E'  331110 1 1 1 0 0 0    44.0   44.0
571  682.127870 2.087E-26 1.018E-03.03330.070 1942.17700.750.000000 0 3 0   0  A2" 0 0 0   1  E'   8  2  E' E"    7  0  A2'E'  331110 1 1 1 0 0 0    68.0   60.0
571  682.144974 4.423E-26 1.252E-03.03330.070 1804.36080.750.000000 0 3 0   0  A2" 0 0 0   1  E'   7  2  E' E"    6  0  A1'E'  331110 1 1 1 0 0 0    60.0   52.0
571  682.205171 2.694E-27 3.501E-04.03330.070 2348.40620.750.000000 0 1 0   1  E"  0 2 0   0  A1' 11  7  E" A1'  12  9  A1"A1" 331110 1 1 1 0 0 0   184.0  200.0
571  682.240197 1.943E-26 4.077E-03.03330.070 2285.65850.750.000000 0 1 0   1  E"  0 0 0   1  E'  10  4  E' E"   10  6  A2'E'  331110 1 1 1 0 0 0    84.0   84.0
571  682.240451 1.617E-20 5.833E+00.03330.070  906.78910.750.000000 0 2 0   0  A1' 0 1 0   0  A2"  7  7  E" E"    7  7  E" E'  441110 1 1 1 0 0 0    60.0   60.0
571  682.255139 1.752E-25 6.575E-03.03330.070 2053.47430.750.000000 0 1 0   1  E"  0 2 0   0  A1'  9  5  E" A1'   9  3  A1"A1" 331110 1 1 1 0 0 0   152.0  152.0
571  682.263111 1.309E-26 2.418E-01.03330.070 3299.85330.750.000000 0 3 0   0  A2" 0 0 0   1  E'  16 10  E' E"   16 12  A1'E'  331110 1 1 1 0 0 0   132.0  132.0
571  682.360106 1.561E-28 5.444E-04.03330.070 2930.29780.750.000000 0 1 0   1  E"  0 2 0   0  A1' 14  9  A2"E'   15 11  E" E"  331110 1 1 1 0 0 0   116.0  124.0
571  682.412501 2.442E-27 7.312E-05.03330.070 1815.81580.750.000000 0 3 0   0  A2" 0 0 0   1  E'   7  1  E" E'    7  5  E" E"  331110 1 1 1 0 0 0    60.0   60.0
571  682.439292 1.188E-28 9.231E-03.03460.070 3761.33350.750.000000 0 0 0   2  A1' 0 3 0   0  A2" 18 18  A1'A1'  18 18  A2'A1" 332110 1 1 2 0 0 0   296.0  296.0
571  682.513381 1.602E-28 2.915E-06.03330.070 1683.84200.750.000000 0 1 0   1  E"  0 0 0   1  E'   6  3  A2"E'    7  7  E" E"  331110 1 1 1 0 0 0    52.0   60.0
571  682.665348 2.009E-27 4.474E+00.03330.070 4339.78660.750.000000 0 3 0   0  A2" 0 2 0   0  A1' 21 16  E' E"   21 16  E' E'  331110 1 1 1 0 0 0   172.0  172.0
571  682.670479 1.092E-24 5.534E+00.03330.070 3087.83590.750.000000 0 2 0   0  A1' 0 1 0   0  A2" 21 20  E' E'   21 20  E' E"  331110 1 1 1 0 0 0   172.0  172.0
571  682.673595 2.522E-26 1.238E-02.03330.070 2496.04270.750.000000 0 3 0   0  A2" 0 0 0   1  E'  12  7  E" E'   12  9  A2"E"  331110 1 1 1 0 0 0   100.0  100.0
571  682.785775 1.253E-20 5.931E+00.03330.070  988.08000.750.000000 0 2 0   0  A1' 0 1 0   0  A2"  8  8  E' E'    8  8  E' E"  441110 1 1 1 0 0 0    68.0   68.0
571  682.793523 7.558E-26 1.299E-04.03330.070 1396.04250.750.000000 0 0 0   1  E'  0 1 0   0  A2"  8  1  E" A1"   9  3  A2"A1' 331110 1 1 1 0 0 0   136.0  152.0
571  682.818959 1.516E-26 1.948E-04.03330.070 1784.13360.750.000000 0 1 0   1  E"  0 2 0   0  A1'  7  4  E' A1"   8  6  A1'A1' 331110 1 1 1 0 0 0   120.0  136.0
571  683.044633 3.124E-28 9.500E-05.03330.070 2361.49250.750.000000 0 1 0   1  E"  0 2 0   0  A1' 10  1  E" E'   11  5  E" E"  331110 1 1 1 0 0 0    84.0   92.0
571  683.316303 6.623E-26 3.231E+00.03330.070 3511.06960.750.000000 0 3 0   0  A2" 0 2 0   0  A1' 17 11  E" E'   17 11  E" E"  331110 1 1 1 0 0 0   140.0  140.0
571  683.442606 1.824E-20 6.014E+00.03610.070 1078.93950.750.000000 0 2 0   0  A1' 0 1 0   0  A2"  9  9  A1"A1"   9  9  A2"A1' 442110 1 1 2 0 0 0   152.0  152.0
571  683.599122 1.134E-28 1.336E-04.03330.070 2675.75440.750.000000 0 1 0   1  E"  0 0 0   1  E'  12  5  E" E'   11  1  E" E"  331110 1 1 1 0 0 0   100.0   92.0
571  683.618861 5.377E-25 1.363E+00.03400.070 3006.49890.750.000000 0 3 0   0  A2" 0 2 0   0  A1' 14  6  A2'A1"  14  6  A1'A1' 332110 1 1 2 0 0 0   232.0  232.0
571  683.643878 7.805E-25 5.570E+00.03430.070 3309.80960.750.000000 0 2 0   0  A1' 0 1 0   0  A2" 22 21  A1"A1"  22 21  A2"A1' 332110 1 1 2 0 0 0   360.0  360.0
571  683.717030 2.218E-25 2.204E+00.03330.070 3158.54680.750.000000 0 3 0   0  A2" 0 2 0   0  A1' 15  8  E' E"   15  8  E' E'  331110 1 1 1 0 0 0   124.0  124.0
571  683.838774 1.369E-26 2.013E-04.03330.070 1337.61860.750.000000 0 1 0   1  E"  0 2 0   0  A1'  1  1  E" E'    2  1  E" E"  331110 1 1 1 0 0 0    12.0   20.0
571  683.902146 2.914E-25 7.063E-01.03330.070 2839.80220.750.000000 0 3 0   0  A2" 0 2 0   0  A1' 13  4  E' E"   13  4  E' E'  331110 1 1 1 0 0 0   108.0  108.0
571  683.966152 7.763E-27 1.210E-04.03330.070 1749.78290.750.000000 0 0 0   1  E'  0 1 0   0  A2" 10  2  E' E'   11  4  E' E"  331110 1 1 1 0 0 0    84.0   92.0
571  684.209702 6.245E-21 6.085E+00.03330.070 1179.35520.750.000000 0 2 0   0  A1' 0 1 0   0  A2" 10 10  E' E'   10 10  E' E"  441110 1 1 1 0 0 0    84.0   84.0
571  684.260039 6.094E-26 3.846E-03.03330.070 2016.81170.750.000000 0 3 0   0  A2" 0 0 0   1  E'   9  5  E" E'    9  7  E" E"  331110 1 1 1 0 0 0    76.0   76.0
571  684.474317 1.223E-26 4.381E+00.03510.070 4095.89040.750.000000 0 3 0   0  A2" 0 2 0   0  A1' 20 15  A2"A1'  20 15  A1"A1" 332110 1 1 2 0 0 0   328.0  328.0
571  684.578597 6.276E-28 1.382E-04.03330.070 2488.58750.750.000000 0 0 0   1  E'  0 1 0   0  A2" 13  1  E" A1"  14  3  A2"A1' 331110 1 1 1 0 0 0   216.0  232.0
571  684.618609 7.585E-28 5.746E-06.03330.070 1601.03990.750.000000 0 0 0   1  E'  0 1 0   0  A2" 10  6  A2'E'   10  2  E' E"  331110 1 1 1 0 0 0    84.0   84.0
571  684.677336 1.328E-25 5.604E+00.03330.070 3541.01700.750.000000 0 2 0   0  A1' 0 1 0   0  A2" 23 22  E' E'   23 22  E' E"  331110 1 1 1 0 0 0   188.0  188.0
571  684.732292 3.282E-26 1.168E-05.03330.070 1207.45220.750.000000 0 0 0   0  A1' 0 0 0   0  A1' 16 12  A1'A1'  15 15  A1"A1" 331110 1 1 1 0 0 0   264.0  248.0
571  684.738193 1.487E-27 1.476E-04.03330.070 2166.11930.750.000000 0 0 0   1  E'  0 1 0   0  A2" 12  3  A1"E"   13  5  E" E'  331110 1 1 1 0 0 0   100.0  108.0
571  684.866970 3.256E-24 3.571E-02.03330.070 1502.73640.750.000000 0 3 0   0  A2" 0 0 0   1  E'   4  1  E" E'    3  1  E" E"  331110 1 1 1 0 0 0    36.0   28.0
571  684.922604 2.331E-26 2.125E-03.03330.070 2092.09370.750.000000 0 3 0   0  A2" 0 0 0   1  E'   9  2  E' E"    9  6  A1'E'  331110 1 1 1 0 0 0    76.0   76.0
571  684.948562 8.271E-27 6.784E-05.03330.070 1391.19320.750.000000 0 1 0   1  E"  0 2 0   0  A1'  3  3  A2"E'    3  1  E" E"  331110 1 1 1 0 0 0    28.0   28.0
571  684.955311 7.060E-28 3.591E-04.03330.070 2502.16690.750.000000 0 1 0   1  E"  0 2 0   0  A1' 12  8  E' E"   13 10  E' E'  331110 1 1 1 0 0 0   100.0  108.0
571  684.957549 2.818E-27 4.911E-03.03330.070 2913.91100.750.000000 0 1 0   1  E"  0 0 0   1  E'  13  5  E" A1'  13  7  E" A1" 331110 1 1 1 0 0 0   216.0  216.0
571  684.985645 1.651E-26 3.072E-03.03330.070 2278.20340.750.000000 0 1 0   1  E"  0 0 0   1  E'  11  8  E' E"   10  6  A1'E'  331110 1 1 1 0 0 0    92.0   84.0
571  685.013331 6.823E-26 3.554E-03.03330.070 2140.04970.750.000000 0 1 0   1  E"  0 0 0   1  E'  10  7  E" A1'   9  5  E" A1" 331110 1 1 1 0 0 0   168.0  152.0
571  685.085763 4.040E-21 6.148E+00.03330.070 1289.31370.750.000000 0 2 0   0  A1' 0 1 0   0  A2" 11 11  E" E"   11 11  E" E'  441110 1 1 1 0 0 0    92.0   92.0
571  685.119235 7.712E-27 2.704E-03.03330.070 2425.54810.750.000000 0 1 0   1  E"  0 0 0   1  E'  12  9  A2"E'   11  7  E" E"  331110 1 1 1 0 0 0   100.0   92.0
571  685.134592 1.823E-27 4.035E-05.03330.070 1722.67940.750.000000 0 1 0   1  E"  0 2 0   0  A1'  6  0  A1'E"    7  4  E' E'  331110 1 1 1 0 0 0    52.0   60.0
571  685.207590 6.854E-26 4.218E-03.03330.070 2011.09920.750.000000 0 1 0   1  E"  0 0 0   1  E'   9  6  A1'E"    8  4  E' E'  331110 1 1 1 0 0 0    76.0   68.0
571  685.257393 5.791E-26 6.919E-04.03330.070 1561.37900.750.000000 0 1 0   1  E"  0 0 0   1  E'   5  3  A2"E'    5  5  E" E"  331110 1 1 1 0 0 0    44.0   44.0
571  685.258782 4.653E-27 1.791E-04.03330.070 1891.67570.750.000000 0 1 0   1  E"  0 2 0   0  A1'  8  5  E" E'    9  7  E" E"  331110 1 1 1 0 0 0    68.0   76.0
571  685.407896 6.936E-27 2.411E-03.03330.070 2582.07100.750.000000 0 1 0   1  E"  0 0 0   1  E'  13 10  E' A1"  12  8  E' A1' 331110 1 1 1 0 0 0   216.0  200.0
571  685.415542 2.236E-26 1.243E-03.03330.070 2062.34270.750.000000 0 0 0   1  E'  0 1 0   0  A2" 13  9  A1"E"   13  7  E" E'  331110 1 1 1 0 0 0   108.0  108.0
571  685.554729 1.378E-28 5.711E-04.03330.070 3120.22450.750.000000 0 1 0   1  E"  0 2 0   0  A1' 15 10  E' A1"  16 12  A1'A1' 331110 1 1 1 0 0 0   248.0  264.0
571  685.571498 1.353E-25 5.207E-03.03330.070 1891.36300.750.000000 0 1 0   1  E"  0 0 0   1  E'   8  5  E" E'    7  3  A1"E"  331110 1 1 1 0 0 0    68.0   60.0
571  685.690555 6.197E-28 1.097E-04.03330.070 2328.79070.750.000000 0 2 0   0  A1' 0 0 0   0  A1' 15 10  E' E'   16  7  E" E"  331110 1 1 1 0 0 0   124.0  132.0
571  685.767309 4.317E-26 5.636E+00.03330.070 3781.42800.750.000000 0 2 0   0  A1' 0 1 0   0  A2" 24 23  E" E"   24 23  E" E'  331110 1 1 1 0 0 0   196.0  196.0
571  685.788282 3.909E-26 4.518E-02.03330.070 2670.55090.750.000000 0 3 0   0  A2" 0 2 0   0  A1' 12  1  E" E'   12  1  E" E"  331110 1 1 1 0 0 0   100.0  100.0
571  685.844783 1.496E-27 2.171E-03.03330.070 2747.75820.750.000000 0 1 0   1  E"  0 0 0   1  E'  14 11  E" E'   13  9  A1"E"  331110 1 1 1 0 0 0   116.0  108.0
571  686.035454 8.348E-27 1.666E-03.03330.070 2434.52260.750.000000 0 3 0   0  A2" 0 0 0   1  E'  11  3  A2"A1'  11  7  E" A1" 331110 1 1 1 0 0 0   184.0  184.0
571  686.069443 4.945E-21 6.205E+00.03600.070 1408.80000.750.000000 0 2 0   0  A1' 0 1 0   0  A2" 12 12  A1'A1'  12 12  A2'A1" 442110 1 1 2 0 0 0   200.0  200.0
571  686.101248 5.414E-25 6.908E-03.03330.070 1780.85130.750.000000 0 1 0   1  E"  0 0 0   1  E'   7  4  E' A1"   6  2  E' A1' 331110 1 1 1 0 0 0   120.0  104.0
571  686.269354 1.546E-25 2.832E+00.03330.070 3295.84710.750.000000 0 3 0   0  A2" 0 2 0   0  A1' 16 10  E' E"   16 10  E' E'  331110 1 1 1 0 0 0   132.0  132.0
571  686.333134 1.765E-26 4.273E+00.03330.070 3861.14760.750.000000 0 3 0   0  A2" 0 2 0   0  A1' 19 14  E' E"   19 14  E' E'  331110 1 1 1 0 0 0   156.0  156.0
571  686.352335 8.295E-26 9.012E-04.03330.070 1379.01120.750.000000 0 1 0   1  E"  0 2 0   0  A1'  2  0  A1'E"    3  2  E' E'  331110 1 1 1 0 0 0    20.0   28.0
571  686.394153 3.348E-28 1.469E-04.03330.070 2644.14300.750.000000 0 0 0   1  E'  0 1 0   0  A2" 14  4  E' A1'  15  6  A2'A1" 331110 1 1 1 0 0 0   232.0  248.0
571  686.421492 6.191E-28 1.968E-03.03330.070 2922.59650.750.000000 0 1 0   1  E"  0 0 0   1  E'  15 12  A1'E"   14 10  E' E'  331110 1 1 1 0 0 0   124.0  116.0
571  686.674145 2.946E-25 1.382E-03.03330.070 1662.62110.750.000000 0 0 0   1  E'  0 1 0   0  A2" 11  8  E' A1'  11  6  A2'A1" 331110 1 1 1 0 0 0   184.0  184.0
571  686.749056 3.353E-26 1.670E-04.03330.070 1430.12250.750.000000 0 1 0   1  E"  0 2 0   0  A1'  3  1  E" A1'   4  3  A1"A1" 331110 1 1 1 0 0 0    56.0   72.0
571  686.770776 5.740E-25 1.035E-02.03330.070 1679.58460.750.000000 0 1 0   1  E"  0 0 0   1  E'   6  3  A2"E'    5  1  E" E"  331110 1 1 1 0 0 0    52.0   44.0
571  686.949673 1.950E-27 8.952E-04.03330.070 2524.17050.750.000000 0 0 0   1  E'  0 1 0   0  A2" 15 10  E' E'   15  8  E' E"  331110 1 1 1 0 0 0   124.0  124.0
571  686.961326 7.801E-26 8.074E-04.03330.070 1489.63310.750.000000 0 3 0   0  A2" 0 0 0   1  E'   4  2  E' E"    3  2  E' E'  331110 1 1 1 0 0 0    36.0   28.0
571  687.004367 3.490E-28 8.131E-06.03330.070 1929.91070.750.000000 0 1 0   1  E"  0 2 0   0  A1'  8  4  E' A1"   8  0  A1'A1' 331110 1 1 1 0 0 0   136.0  136.0
571  687.008575 4.938E-25 1.962E+00.03330.070 2954.38680.750.000000 0 3 0   0  A2" 0 2 0   0  A1' 14  7  E" E'   14  7  E" E"  331110 1 1 1 0 0 0   116.0  116.0
571  687.075486 8.567E-26 2.093E-03.03330.070 1771.32410.750.000000 0 1 0   1  E"  0 2 0   0  A1'  7  4  E' E"    7  2  E' E'  331110 1 1 1 0 0 0    60.0   60.0
571  687.121228 4.891E-28 1.789E-03.03330.070 3106.57980.750.000000 0 1 0   1  E"  0 0 0   1  E'  16 13  E" A1'  15 11  E" A1" 331110 1 1 1 0 0 0   264.0  248.0
571  687.159343 1.434E-21 6.259E+00.03330.070 1537.79830.750.000000 0 2 0   0  A1' 0 1 0   0  A2" 13 13  E" E"   13 13  E" E'  441110 1 1 1 0 0 0   108.0  108.0
571  687.209950 1.986E-25 2.173E-01.03330.070 2658.48380.750.000000 0 3 0   0  A2" 0 2 0   0  A1' 12  2  E' E"   12  2  E' E'  331110 1 1 1 0 0 0   100.0  100.0
571  687.448023 1.457E-24 1.989E-02.03330.070 1587.60990.750.000000 0 1 0   1  E"  0 0 0   1  E'   5  2  E' E"    4  0  A1'E'  331110 1 1 1 0 0 0    44.0   36.0
571  687.480480 2.853E-27 1.747E-04.03330.070 2008.82630.750.000000 0 1 0   1  E"  0 2 0   0  A1'  9  6  A1'E"   10  8  E' E'  331110 1 1 1 0 0 0    76.0   84.0
571  687.508748 3.594E-28 3.769E-04.03330.070 2665.40490.750.000000 0 1 0   1  E"  0 2 0   0  A1' 13  9  A1"E'   14 11  E" E"  331110 1 1 1 0 0 0   108.0  116.0
571  687.838925 2.128E-27 2.344E-05.03330.070 1885.21240.750.000000 0 2 0   0  A1' 0 0 0   0  A1' 14 12  A1'A1'  15  9  A1"A1" 331110 1 1 1 0 0 0   232.0  248.0
571  688.117062 4.809E-25 9.893E-01.03330.070 2803.70720.750.000000 0 3 0   0  A2" 0 2 0   0  A1' 13  5  E" E'   13  5  E" E"  331110 1 1 1 0 0 0   108.0  108.0
571  688.249107 4.840E-26 4.147E+00.03330.070 3635.59680.750.000000 0 3 0   0  A2" 0 2 0   0  A1' 18 13  E" E'   18 13  E" E"  331110 1 1 1 0 0 0   148.0  148.0
571  688.354026 7.898E-22 6.309E+00.03330.070 1676.29130.750.000000 0 2 0   0  A1' 0 1 0   0  A2" 14 14  E' E'   14 14  E' E"  441110 1 1 1 0 0 0   116.0  116.0
571  688.508441 4.363E-27 3.066E-06.03330.070  976.72800.750.000000 0 0 0   1  E'  0 1 0   0  A2"  5  2  E' E'    6  2  E' E"  331110 1 1 1 0 0 0    44.0   52.0
571  688.599233 9.832E-25 4.897E-01.03480.070 2638.37240.750.000000 0 3 0   0  A2" 0 2 0   0  A1' 12  3  A2"A1'  12  3  A1"A1" 332110 1 1 2 0 0 0   200.0  200.0
571  688.683983 1.533E-28 4.483E-06.03330.070 1981.68710.750.000000 0 1 0   0  A2" 0 1 0   0  A2" 17 13  E" E'   16 16  E' E"  331110 1 1 1 0 0 0   140.0  132.0
571  688.724726 7.866E-25 2.845E+00.03460.070 3090.47080.750.000000 0 3 0   0  A2" 0 2 0   0  A1' 15  9  A2"A1'  15  9  A1"A1" 332110 1 1 2 0 0 0   248.0  248.0
571  688.802658 7.746E-27 9.027E-03.03330.070 2670.55090.750.000000 0 1 0   1  E"  0 2 0   0  A1' 12  5  E" E'   12  1  E" E"  331110 1 1 1 0 0 0   100.0  100.0
571  688.904201 3.274E-28 2.274E-03.03330.070 3149.32520.750.000000 0 0 0   0  A1' 0 0 0   0  A1' 21 10  E' E'   20 13  E" E"  331110 1 1 1 0 0 0   172.0  164.0
571  688.905208 2.095E-27 9.634E-04.03330.070 2462.00500.750.000000 0 3 0   0  A2" 0 0 0   1  E'  11  1  E" E'   10  1  E" E"  331110 1 1 1 0 0 0    92.0   84.0
571  688.981154 1.265E-28 5.463E+00.03330.070 4973.06650.750.000000 0 3 0   0  A2" 0 2 0   0  A1' 24 20  E' E"   24 20  E' E'  331110 1 1 1 0 0 0   196.0  196.0
571  689.054583 6.019E-28 3.823E-07.03330.070  989.97570.750.000000 0 0 0   1  E'  0 1 0   0  A2"  6  5  E" E"    6  1  E" E'  331110 1 1 1 0 0 0    52.0   52.0
571  689.072974 6.939E-25 6.035E-01.03330.070 2610.20500.750.000000 0 3 0   0  A2" 0 2 0   0  A1' 12  4  E' E"   12  4  E' E'  331110 1 1 1 0 0 0   100.0  100.0
571  689.102205 1.416E-26 1.307E-03.03330.070 2092.09370.750.000000 0 1 0   1  E"  0 0 0   1  E'   9  4  E' E"    9  6  A1'E'  331110 1 1 1 0 0 0    76.0   76.0
571  689.175008 4.641E-28 6.143E-05.03330.070 2166.37910.750.000000 0 1 0   1  E"  0 2 0   0  A1'  9  1  E" E'   10  5  E" E"  331110 1 1 1 0 0 0    76.0   84.0
571  689.238414 2.111E-28 1.192E-04.03330.070 2755.29690.750.000000 0 1 0   0  A2" 0 1 0   0  A2" 19 12  A2'A1"  18 15  A2"A1' 331110 1 1 1 0 0 0   312.0  296.0
571  689.345959 2.122E-26 1.938E-04.03330.070 1462.59760.750.000000 0 1 0   1  E"  0 2 0   0  A1'  4  3  A1"E'    4  1  E" E"  331110 1 1 1 0 0 0    36.0   36.0
571  689.401894 4.545E-26 8.985E-05.03330.070 1252.77520.750.000000 0 0 0   1  E'  0 1 0   0  A2"  7  0  A2'E'    8  2  E' E"  331110 1 1 1 0 0 0    60.0   68.0
571  689.500180 3.452E-27 1.781E-04.03330.070 2135.56290.750.000000 0 1 0   1  E"  0 2 0   0  A1' 10  7  E" A1'  11  9  A1"A1" 331110 1 1 1 0 0 0   168.0  184.0
571  689.511885 1.601E-22 1.779E+00.03330.070 1502.73640.750.000000 0 1 0   1  E"  0 0 0   1  E'   4  1  E" E'    3  1  E" E"  441110 1 1 1 0 0 0    36.0   28.0
571  689.587728 1.579E-28 1.106E-02.03330.070 3581.98510.750.000000 0 0 0   2  A1' 0 3 0   0  A2" 17 17  E" E"   17 17  E" E'  331110 1 1 1 0 0 0   140.0  140.0
571  689.597256 1.678E-22 1.920E+00.04230.070 1508.80930.750.000000 0 1 0   1  E"  0 0 0   1  E'   4  0  A1'E"    3  0  A2'E'  442110 1 1 2 0 0 0    36.0   28.0
571  689.608912 7.920E-26 5.955E-05.03330.070  989.97570.750.000000 0 0 0   1  E'  0 1 0   0  A2"  5  1  E" E"    6  1  E" E'  331110 1 1 1 0 0 0    44.0   52.0
571  689.652022 8.258E-22 6.358E+00.03620.070 1824.26070.750.000000 0 2 0   0  A1' 0 1 0   0  A2" 15 15  A1"A1"  15 15  A2"A1' 442110 1 1 2 0 0 0   248.0  248.0
571  689.795902 1.980E-28 2.578E-04.03330.070 2749.98460.750.000000 0 2 0   0  A1' 0 0 0   0  A1' 16  8  E' E'   17  5  E" E"  331110 1 1 1 0 0 0   132.0  140.0
571  689.824990 1.078E-23 6.220E+00.03610.070 2468.91550.750.000000 0 2 0   1  E'  0 1 0   1  E"   9  9  A1"E"    9  9  A1"E'  442110 1 1 2 0 0 0    76.0   76.0
571  689.874491 3.543E-28 4.029E-04.03330.070 2838.09090.750.000000 0 1 0   1  E"  0 2 0   0  A1' 14 10  E' A1"  15 12  A1'A1' 331110 1 1 1 0 0 0   232.0  248.0
571  689.956008 6.472E-27 1.571E-04.03330.070 1998.88310.750.000000 0 0 0   1  E'  0 1 0   0  A2" 11  1  E" A1"  12  3  A2"A1' 331110 1 1 1 0 0 0   184.0  200.0
571  690.152918 6.961E-27 7.315E-05.03330.070 1490.94170.750.000000 0 1 0   1  E"  0 2 0   0  A1'  4  2  E' E"    5  4  E' E'  331110 1 1 1 0 0 0    36.0   44.0
571  690.157882 4.322E-28 5.417E+00.03330.070 4709.38780.750.000000 0 3 0   0  A2" 0 2 0   0  A1' 23 19  E" E'   23 19  E" E"  331110 1 1 1 0 0 0   188.0  188.0
571  690.164360 1.244E-24 5.744E-04.03330.070  923.68130.750.000000 0 0 0   1  E'  0 1 0   0  A2"  6  6  A1'E'    6  4  E' E"  331110 1 1 1 0 0 0    52.0   52.0
571  690.222920 2.844E-22 1.462E+00.03330.070 1486.49680.750.000000 0 1 0   1  E"  0 0 0   1  E'   4  2  E' A1"   3  2  E' A1' 441110 1 1 1 0 0 0    72.0   56.0
571  690.228925 2.515E-25 4.000E+00.03470.070 3419.27600.750.000000 0 3 0   0  A2" 0 2 0   0  A1' 17 12  A2'A1"  17 12  A1'A1' 332110 1 1 2 0 0 0   280.0  280.0
571  690.265584 7.439E-24 6.283E+00.03330.070 2567.64060.750.000000 0 2 0   1  E'  0 1 0   1  E"  10 10  E' E'   10 10  E' E"  331110 1 1 1 0 0 0    84.0   84.0
571  690.433453 2.024E-24 1.691E+00.03440.070 2759.51590.750.000000 0 3 0   0  A2" 0 2 0   0  A1' 13  6  A2'A1"  13  6  A1'A1' 332110 1 1 2 0 0 0   216.0  216.0
571  690.576458 4.526E-28 9.433E-05.03330.070 2440.88570.750.000000 0 1 0   1  E"  0 0 0   1  E'  11  5  E" A1'  10  1  E" A1" 331110 1 1 1 0 0 0   184.0  168.0
571  690.712892 7.202E-27 4.111E-03.03330.070 2665.27360.750.000000 0 1 0   1  E"  0 0 0   1  E'  12  5  E" A1'  12  7  E" A1" 331110 1 1 1 0 0 0   200.0  200.0
571  690.823076 9.700E-24 6.339E+00.03330.070 2675.83840.750.000000 0 2 0   1  E'  0 1 0   1  E"  11 11  E" A1"  11 11  E" A1' 331110 1 1 1 0 0 0   184.0  184.0
571  690.843385 7.706E-26 1.725E-03.03330.070 1751.20790.750.000000 0 3 0   0  A2" 0 0 0   1  E'   7  4  E' E"    7  6  A1'E'  331110 1 1 1 0 0 0    60.0   60.0
571  690.957331 4.689E-25 1.048E-03.03330.070 1325.85440.750.000000 0 0 0   1  E'  0 1 0   0  A2"  9  7  E" E"    9  5  E" E'  331110 1 1 1 0 0 0    76.0   76.0
571  691.000351 2.104E-28 5.494E-04.03330.070 3047.13220.750.000000 0 0 0   1  E'  0 1 0   0  A2" 17 11  E" A1"  17  9  A2"A1' 331110 1 1 1 0 0 0   280.0  280.0
571  691.027971 6.980E-26 4.070E-04.03330.070 1553.18660.750.000000 0 3 0   0  A2" 0 0 0   1  E'   5  3  A2"A1'   5  5  E" A1" 331110 1 1 1 0 0 0    88.0   88.0
571  691.051836 2.053E-22 6.406E+00.03330.070 1981.68710.750.000000 0 2 0   0  A1' 0 1 0   0  A2" 16 16  E' E'   16 16  E' E"  441110 1 1 1 0 0 0   132.0  132.0
571  691.173063 3.225E-22 1.831E+00.03330.070 1506.30820.750.000000 0 1 0   1  E"  0 0 0   1  E'   4  1  E" A1'   3  1  E" A1" 441110 1 1 1 0 0 0    72.0   56.0
571  691.326690 1.022E-27 1.876E-04.03330.070 2271.86230.750.000000 0 1 0   1  E"  0 2 0   0  A1' 11  8  E' E"   12 10  E' E'  331110 1 1 1 0 0 0    92.0  100.0
571  691.359941 2.814E-27 5.360E+00.03440.070 4454.79700.750.000000 0 3 0   0  A2" 0 2 0   0  A1' 22 18  A2'A1"  22 18  A1'A1' 332110 1 1 2 0 0 0   360.0  360.0
571  691.460417 8.729E-25 2.620E+00.03330.070 2894.20820.750.000000 0 3 0   0  A2" 0 2 0   0  A1' 14  8  E' E"   14  8  E' E'  331110 1 1 1 0 0 0   116.0  116.0
571  691.461604 1.399E-22 1.465E+00.03330.070 1489.63310.750.000000 0 1 0   1  E"  0 0 0   1  E'   4  2  E' E"    3  2  E' E'  441110 1 1 1 0 0 0    36.0   28.0
571  691.495421 2.994E-24 6.388E+00.03600.070 2793.49460.750.000000 0 2 0   1  E'  0 1 0   1  E"  12 12  A1'E'   12 12  A1'E"  332110 1 1 2 0 0 0   100.0  100.0
571  691.568884 2.016E-25 2.041E-03.03330.070 1430.78100.750.000000 0 1 0   1  E"  0 0 0   1  E'   3  0  A2'E"    2  2  E' E'  331110 1 1 1 0 0 0    28.0   20.0
571  691.926742 9.489E-23 8.621E-01.04250.070 1460.01680.750.000000 0 1 0   1  E"  0 0 0   1  E'   4  3  A1"E'    3  3  A1"E"  442110 1 1 2 0 0 0    36.0   28.0
571  691.961658 1.014E-28 2.085E-05.03330.070 2275.93700.750.000000 0 1 0   1  E"  0 0 0   1  E'  10  4  E' E"    9  0  A2'E'  331110 1 1 1 0 0 0    84.0   76.0
571  692.038688 4.315E-27 5.254E-05.03330.070 1561.45690.750.000000 0 1 0   1  E"  0 2 0   0  A1'  5  3  A1"E'    6  5  E" E"  331110 1 1 1 0 0 0    44.0   52.0
571  692.266053 5.682E-26 2.523E-03.03330.070 1917.09320.750.000000 0 1 0   1  E"  0 0 0   1  E'   8  4  E' E"    8  6  A2'E'  331110 1 1 1 0 0 0    68.0   68.0
571  692.278157 3.089E-25 3.831E+00.03330.070 3212.22380.750.000000 0 3 0   0  A2" 0 2 0   0  A1' 16 11  E" E'   16 11  E" E"  331110 1 1 1 0 0 0   132.0  132.0
571  692.280532 1.751E-24 6.433E+00.03330.070 2920.59380.750.000000 0 2 0   1  E'  0 1 0   1  E"  13 13  E" E"   13 13  E" E'  331110 1 1 1 0 0 0   108.0  108.0
571  692.390722 6.643E-25 8.917E-03.03330.070 1581.36070.750.000000 0 3 0   0  A2" 0 0 0   1  E'   5  1  E" E'    4  1  E" E"  331110 1 1 1 0 0 0    44.0   36.0
571  692.494409 2.568E-19 2.004E+00.04000.070  191.24590.750.000000 0 1 0   0  A2" 0 0 0   0  A1'  5  0  A2'A1"   4  0  A1'A1' 442110 1 1 2 0 0 0    88.0   72.0
571  692.517519 6.021E-25 4.981E-02.03330.070 2231.03170.750.000000 0 1 0   1  E"  0 2 0   0  A1' 10  5  E" A1'  10  3  A1"A1" 331110 1 1 1 0 0 0   168.0  168.0
571  692.551965 9.704E-23 6.453E+00.03330.070 2148.54990.750.000000 0 2 0   0  A1' 0 1 0   0  A2" 17 17  E" E"   17 17  E" E'  441110 1 1 1 0 0 0   140.0  140.0
571  692.594858 4.362E-27 5.292E+00.03330.070 4209.33270.750.000000 0 3 0   0  A2" 0 2 0   0  A1' 21 17  E" E'   21 17  E" E"  331110 1 1 1 0 0 0   172.0  172.0
571  692.628735 1.440E-25 6.568E-02.03330.070 2458.28150.750.000000 0 3 0   0  A2" 0 2 0   0  A1' 11  1  E" E'   11  1  E" E"  331110 1 1 1 0 0 0    92.0   92.0
571  692.759580 5.267E-28 2.518E-02.03330.070 3501.62640.750.000000 0 3 0   0  A2" 0 0 0   1  E'  17 11  E" E'   17 13  E" E"  331110 1 1 1 0 0 0   140.0  140.0
571  692.878663 1.263E-19 1.928E+00.03330.070  186.43750.750.000000 0 1 0   0  A2" 0 0 0   0  A1'  5  1  E" E'    4  1  E" E"  441110 1 1 1 0 0 0    44.0   36.0
571  692.967017 5.881E-28 2.028E-04.03330.070 2417.70030.750.000000 0 1 0   1  E"  0 2 0   0  A1' 12  9  A2"E'   13 11  E" E"  331110 1 1 1 0 0 0   100.0  108.0
571  693.167085 4.972E-27 6.353E-04.03330.070 2304.84630.750.000000 0 0 0   0  A1' 0 0 0   0  A1' 19 11  E" E"   18 14  E' E'  331110 1 1 1 0 0 0   156.0  148.0
571  693.176291 1.945E-24 6.475E+00.03330.070 3057.11980.750.000000 0 2 0   1  E'  0 1 0   1  E"  14 14  E' A1'  14 14  E' A1" 331110 1 1 1 0 0 0   232.0  232.0
571  693.446504 6.136E-25 2.645E-01.03330.070 2446.18680.750.000000 0 3 0   0  A2" 0 2 0   0  A1' 11  2  E' E"   11  2  E' E'  331110 1 1 1 0 0 0    92.0   92.0
571  693.588556 4.002E-27 1.401E-04.03330.070 1929.58560.750.000000 0 0 0   1  E'  0 1 0   0  A2" 11  3  A2"E"   12  5  E" E'  331110 1 1 1 0 0 0    92.0  100.0
571  693.668529 5.879E-27 4.492E-05.03330.070 1641.65470.750.000000 0 1 0   1  E"  0 2 0   0  A1'  6  4  E' A1"   7  6  A1'A1' 331110 1 1 1 0 0 0   104.0  120.0
571  693.834512 1.164E-25 1.165E-01.03330.070 2652.11170.750.000000 0 3 0   0  A2" 0 0 0   1  E'  13  8  E' E"   13 10  E' E'  331110 1 1 1 0 0 0   108.0  108.0
571  693.869691 1.287E-26 5.210E+00.03330.070 3973.03330.750.000000 0 3 0   0  A2" 0 2 0   0  A1' 20 16  E' E"   20 16  E' E'  331110 1 1 1 0 0 0   164.0  164.0
571  693.955877 1.206E-27 1.551E-04.03330.070 2372.76750.750.000000 0 0 0   1  E'  0 1 0   0  A2" 13  4  E' A1'  14  6  A2'A1" 331110 1 1 1 0 0 0   216.0  232.0
571  694.008612 1.881E-24 1.390E+00.03330.070 2573.97350.750.000000 0 3 0   0  A2" 0 2 0   0  A1' 12  5  E" E'   12  5  E" E"  331110 1 1 1 0 0 0   100.0  100.0
571  694.035858 1.188E-19 1.696E+00.03330.070  172.00420.750.000000 0 1 0   0  A2" 0 0 0   0  A1'  5  2  E' E"    4  2  E' E'  441110 1 1 1 0 0 0    44.0   36.0
571  694.150916 8.735E-23 6.500E+00.03460.070 2324.82740.750.000000 0 2 0   0  A1' 0 1 0   0  A2" 18 18  A1'A1'  18 18  A2'A1" 442110 1 1 2 0 0 0   296.0  296.0
571  694.180567 5.133E-25 6.515E+00.03620.070 3203.05520.750.000000 0 2 0   1  E'  0 1 0   1  E"  15 15  A1"E"   15 15  A1"E'  332110 1 1 2 0 0 0   124.0  124.0
571  694.246127 9.268E-23 8.678E-01.04250.070 1464.92620.750.000000 0 1 0   1  E"  0 0 0   1  E'   4  3  A2"E'    3  3  A2"E"  442110 1 1 2 0 0 0    36.0   28.0
571  694.319998 1.798E-24 2.354E+00.03330.070 2707.26050.750.000000 0 3 0   0  A2" 0 2 0   0  A1' 13  7  E" E'   13  7  E" E"  331110 1 1 1 0 0 0   108.0  108.0
571  694.357841 1.560E-26 1.040E-04.03330.070 1548.65440.750.000000 0 0 0   1  E'  0 1 0   0  A2"  9  2  E' E'   10  4  E' E"  331110 1 1 1 0 0 0    76.0   84.0
571  694.398638 7.155E-25 3.633E+00.03330.070 3014.48120.750.000000 0 3 0   0  A2" 0 2 0   0  A1' 15 10  E' E"   15 10  E' E'  331110 1 1 1 0 0 0   124.0  124.0
571  694.427513 6.553E-28 2.235E-04.03330.070 2573.05140.750.000000 0 1 0   1  E"  0 2 0   0  A1' 13 10  E' A1"  14 12  A1'A1' 331110 1 1 1 0 0 0   216.0  232.0
571  694.538345 2.889E-24 5.662E-01.03510.070 2426.01970.750.000000 0 3 0   0  A2" 0 2 0   0  A1' 11  3  A2"A1'  11  3  A1"A1" 332110 1 1 2 0 0 0   184.0  184.0
571  694.614741 5.479E-28 2.827E-03.03330.070 3017.64080.750.000000 0 1 0   1  E"  0 0 0   1  E'  15 11  E" E'   14  9  A1"E"  331110 1 1 1 0 0 0   124.0  116.0
571  694.640459 2.056E-28 2.553E-03.03330.070 3211.12020.750.000000 0 1 0   1  E"  0 0 0   1  E'  16 12  A1'E"   15 10  E' E'  331110 1 1 1 0 0 0   132.0  124.0
571  694.705357 7.785E-22 6.013E+00.04360.070 1341.68020.750.000000 0 3 0   0  A2" 0 2 0   0  A1'  1  0  A2'A1"   2  0  A1'A1' 442110 1 1 2 0 0 0    24.0   40.0
571  694.744795 2.799E-27 3.151E-03.03330.070 2833.22060.750.000000 0 1 0   1  E"  0 0 0   1  E'  14 10  E' A1"  13  8  E' A1' 331110 1 1 1 0 0 0   232.0  216.0
571  694.746755 6.744E-27 1.338E-03.03330.070 2267.09530.750.000000 0 3 0   0  A2" 0 0 0   1  E'  10  1  E" E'    9  1  E" E"  331110 1 1 1 0 0 0    84.0   76.0
571  694.817366 1.478E-28 2.316E-03.03330.070 3413.63930.750.000000 0 1 0   1  E"  0 0 0   1  E'  17 13  E" A1'  16 11  E" A1" 331110 1 1 1 0 0 0   280.0  264.0
571  694.830783 3.931E-26 4.602E-04.03330.070 1551.80560.750.000000 0 1 0   1  E"  0 2 0   0  A1'  5  3  A2"E'    5  1  E" E"  331110 1 1 1 0 0 0    44.0   44.0
571  694.831212 3.990E-26 5.049E-04.03330.070 1567.84740.750.000000 0 3 0   0  A2" 0 0 0   1  E'   5  2  E' E"    4  2  E' E'  331110 1 1 1 0 0 0    44.0   36.0
571  694.844154 8.156E-27 2.309E-04.03330.070 1797.35940.750.000000 0 1 0   1  E"  0 0 0   1  E'   7  3  A2"E'    6  1  E" E"  331110 1 1 1 0 0 0    60.0   52.0
571  694.967620 3.216E-25 2.843E-01.03330.070 2610.20500.750.000000 0 1 0   1  E"  0 2 0   0  A1' 12  6  A2'E"   12  4  E' E'  331110 1 1 1 0 0 0   100.0  100.0
571  694.995787 1.491E-25 7.496E-04.03330.070 1427.51450.750.000000 0 3 0   0  A2" 0 0 0   1  E'   3  0  A2'A1"   2  2  E' A1' 331110 1 1 1 0 0 0    56.0   40.0
571  695.035641 3.437E-27 3.546E-03.03330.070 2657.87800.750.000000 0 1 0   1  E"  0 0 0   1  E'  13  9  A1"E'   12  7  E" E"  331110 1 1 1 0 0 0   108.0  100.0
571  695.082356 2.980E-22 4.518E+00.03330.070 1337.61860.750.000000 0 3 0   0  A2" 0 2 0   0  A1'  1  1  E" E'    2  1  E" E"  441110 1 1 1 0 0 0    12.0   20.0
571  695.085635 2.093E-27 4.305E-05.03330.070 1731.52050.750.000000 0 1 0   1  E"  0 2 0   0  A1'  7  5  E" E'    8  7  E" E"  331110 1 1 1 0 0 0    60.0   68.0
571  695.191126 7.222E-26 5.113E+00.03530.070 3745.93630.750.000000 0 3 0   0  A2" 0 2 0   0  A1' 19 15  A2"A1'  19 15  A1"A1" 332110 1 1 2 0 0 0   312.0  312.0
571  695.291246 2.576E-25 6.554E+00.03330.070 3358.38160.750.000000 0 2 0   1  E'  0 1 0   1  E"  16 16  E' E'   16 16  E' E"  331110 1 1 1 0 0 0   132.0  132.0
571  695.492462 8.127E-27 4.042E-03.03330.070 2491.62970.750.000000 0 1 0   1  E"  0 0 0   1  E'  12  8  E' E"   11  6  A2'E'  331110 1 1 1 0 0 0   100.0   92.0
571  695.599686 1.549E-28 2.932E-06.03330.070 1801.94880.750.000000 0 0 0   1  E'  0 1 0   0  A2" 11  6  A1'E'   11  2  E' E"  331110 1 1 1 0 0 0    92.0   92.0
571  695.622589 7.874E-28 1.156E-05.03330.070 1597.94110.750.000000 0 1 0   1  E"  0 2 0   0  A1'  5  0  A2'E"    6  4  E' E'  331110 1 1 1 0 0 0    44.0   52.0
571  695.652289 1.752E-25 7.725E-03.03330.070 1913.70700.750.000000 0 1 0   1  E"  0 2 0   0  A1'  8  4  E' E"    8  2  E' E'  331110 1 1 1 0 0 0    68.0   68.0
571  695.714366 1.760E-28 2.500E-04.03330.070 2737.88870.750.000000 0 1 0   1  E"  0 2 0   0  A1' 14 11  E" E'   15 13  E" E"  331110 1 1 1 0 0 0   116.0  124.0
571  695.847226 1.872E-23 6.546E+00.03330.070 2510.49700.750.000000 0 2 0   0  A1' 0 1 0   0  A2" 19 19  E" E"   19 19  E" E'  441110 1 1 1 0 0 0   156.0  156.0
571  695.979571 2.043E-19 1.304E+00.04050.070  147.92160.750.000000 0 1 0   0  A2" 0 0 0   0  A1'  5  3  A2"A1'   4  3  A1"A1" 442110 1 1 2 0 0 0    88.0   72.0
571  696.047754 5.166E-27 3.356E-02.03330.070 3050.56900.750.000000 0 1 0   1  E"  0 2 0   0  A1' 14  7  E" E'   14  5  E" E"  331110 1 1 1 0 0 0   116.0  116.0
571  696.119968 3.718E-26 4.690E-03.03330.070 2334.49140.750.000000 0 1 0   1  E"  0 0 0   1  E'  11  7  E" A1'  10  5  E" A1" 331110 1 1 1 0 0 0   184.0  168.0
571  696.291191 4.030E-28 1.336E-02.03330.070 3412.24390.750.000000 0 0 0   2  A1' 0 3 0   0  A2" 16 16  E' E'   16 16  E' E"  331110 1 1 1 0 0 0   132.0  132.0
571  696.304201 1.510E-27 4.462E-05.03330.070 1831.03830.750.000000 0 1 0   1  E"  0 2 0   0  A1'  8  6  A2'E"    9  8  E' E'  331110 1 1 1 0 0 0    68.0   76.0
571  696.460110 5.212E-28 3.316E-05.03330.070 1988.73540.750.000000 0 1 0   1  E"  0 2 0   0  A1'  8  1  E" E'    9  5  E" E"  331110 1 1 1 0 0 0    68.0   76.0
571  696.506272 2.459E-25 6.591E+00.03330.070 3523.07990.750.000000 0 2 0   1  E'  0 1 0   1  E"  17 17  E" A1"  17 17  E" A1' 331110 1 1 1 0 0 0   280.0  280.0
571  696.561311 3.097E-24 3.384E+00.03500.070 2826.11960.750.000000 0 3 0   0  A2" 0 2 0   0  A1' 14  9  A2"A1'  14  9  A1"A1" 332110 1 1 2 0 0 0   232.0  232.0
571  696.565545 9.624E-26 5.001E+00.03330.070 3528.07860.750.000000 0 3 0   0  A2" 0 2 0   0  A1' 18 14  E' E"   18 14  E' E'  331110 1 1 1 0 0 0   148.0  148.0
571  696.921061 4.142E-26 5.585E-03.03330.070 2186.47790.750.000000 0 1 0   1  E"  0 0 0   1  E'  10  6  A2'E"    9  4  E' E'  331110 1 1 1 0 0 0    84.0   76.0
571  696.931566 2.995E-28 3.152E-07.03330.070 1118.88420.750.000000 0 0 0   1  E'  0 1 0   0  A2"  7  5  E" E"    7  1  E" E'  331110 1 1 1 0 0 0    60.0   60.0
571  696.939521 1.285E-26 2.641E-03.03330.070 2434.52260.750.000000 0 1 0   1  E"  0 0 0   1  E'  11  5  E" A1'  11  7  E" A1" 331110 1 1 1 0 0 0   184.0  184.0
571  697.029280 2.571E-25 1.351E-02.03330.070 2135.11880.750.000000 0 3 0   0  A2" 0 0 0   1  E'  10  6  A2'A1"  10  8  E' A1' 331110 1 1 1 0 0 0   168.0  168.0
571  697.299914 6.821E-24 2.051E+00.03490.070 2529.67570.750.000000 0 3 0   0  A2" 0 2 0   0  A1' 12  6  A2'A1"  12  6  A1'A1' 332110 1 1 2 0 0 0   200.0  200.0
571  697.330285 2.166E-27 4.881E-05.03330.070 1940.19090.750.000000 0 1 0   1  E"  0 2 0   0  A1'  9  7  E" A1'  10  9  A1"A1" 331110 1 1 1 0 0 0   152.0  168.0
571  697.518641 5.529E-26 1.321E-03.03330.070 1760.88090.750.000000 0 1 0   1  E"  0 0 0   1  E'   7  4  E' E"    7  6  A2'E'  331110 1 1 1 0 0 0    60.0   60.0
571  697.538946 2.439E-25 4.529E-03.03330.070 1679.58460.750.000000 0 3 0   0  A2" 0 0 0   1  E'   6  1  E" E'    5  1  E" E"  331110 1 1 1 0 0 0    52.0   44.0
571  697.639484 7.643E-24 6.593E+00.03330.070 2705.53520.750.000000 0 2 0   0  A1' 0 1 0   0  A2" 20 20  E' E'   20 20  E' E"  331110 1 1 1 0 0 0   164.0  164.0
571  697.767799 3.078E-24 1.061E+00.03330.070 2397.79840.750.000000 0 3 0   0  A2" 0 2 0   0  A1' 11  4  E' E"   11  4  E' E'  331110 1 1 1 0 0 0    92.0   92.0
571  697.823693 5.589E-26 6.627E+00.03460.070 3697.13010.750.000000 0 2 0   1  E'  0 1 0   1  E"  18 18  A2'E'   18 18  A1'E"  332110 1 1 2 0 0 0   148.0  148.0
571  697.893572 9.094E-26 6.918E-03.03330.070 2047.60380.750.000000 0 1 0   1  E"  0 0 0   1  E'   9  5  E" E'    8  3  A2"E"  331110 1 1 1 0 0 0    76.0   68.0
571  697.999076 2.434E-25 4.869E+00.03330.070 3319.49620.750.000000 0 3 0   0  A2" 0 2 0   0  A1' 17 13  E" E'   17 13  E" E"  331110 1 1 1 0 0 0   140.0  140.0
571  698.168648 7.609E-28 5.539E-05.03330.070 2058.95970.750.000000 0 1 0   1  E"  0 2 0   0  A1' 10  8  E' E"   11 10  E' E'  331110 1 1 1 0 0 0    84.0   92.0
571  698.222244 3.953E-26 6.025E-05.03330.070 1511.28230.750.000000 0 0 0   0  A1' 0 0 0   0  A1' 17 12  A1'A1'  16 15  A1"A1" 331110 1 1 1 0 0 0   280.0  264.0
571  698.451628 5.703E-25 4.370E-04.03330.070 1052.75630.750.000000 0 0 0   1  E'  0 1 0   0  A2"  7  6  A1'E'    7  4  E' E"  331110 1 1 1 0 0 0    60.0   60.0
571  698.499090 4.139E-25 8.144E-02.03330.070 2263.34300.750.000000 0 3 0   0  A2" 0 2 0   0  A1' 10  1  E" E'   10  1  E" E"  331110 1 1 1 0 0 0    84.0   84.0
571  698.604657 1.978E-26 1.864E-03.03330.070 2091.23790.750.000000 0 3 0   0  A2" 0 0 0   1  E'   9  1  E" E'    8  1  E" E"  331110 1 1 1 0 0 0    76.0   68.0
571  698.690709 5.838E-26 6.679E-05.03330.070 1105.67010.750.000000 0 0 0   1  E'  0 1 0   0  A2"  6  0  A1'E'    7  2  E' E"  331110 1 1 1 0 0 0    52.0   60.0
571  698.733011 6.809E-20 7.431E-01.03330.070  114.14820.750.000000 0 1 0   0  A2" 0 0 0   0  A1'  5  4  E' E"    4  4  E' E'  441110 1 1 1 0 0 0    44.0   36.0
571  698.823493 5.185E-28 6.443E-05.03330.070 2187.32480.750.000000 0 1 0   1  E"  0 2 0   0  A1' 11  9  A1"E'   12 11  E" E"  331110 1 1 1 0 0 0    92.0  100.0
571  699.024136 3.972E-25 9.016E-03.03330.070 1917.89090.750.000000 0 1 0   1  E"  0 0 0   1  E'   8  4  E' A1"   7  2  E' A1' 331110 1 1 1 0 0 0   136.0  120.0
571  699.081849 3.402E-26 1.332E-04.03330.070 1579.21970.750.000000 0 0 0   1  E'  0 1 0   0  A2"  9  1  E" A1"  10  3  A2"A1' 331110 1 1 1 0 0 0   152.0  168.0
571  699.136373 3.070E-24 3.035E+00.03330.070 2646.80980.750.000000 0 3 0   0  A2" 0 2 0   0  A1' 13  8  E' E"   13  8  E' E'  331110 1 1 1 0 0 0   108.0  108.0
571  699.241723 2.420E-26 6.663E+00.03330.070 3880.51150.750.000000 0 2 0   1  E'  0 1 0   1  E"  19 19  E" E"   19 19  E" E'  331110 1 1 1 0 0 0   156.0  156.0
571  699.281309 1.737E-24 3.228E-01.03330.070 2251.22500.750.000000 0 3 0   0  A2" 0 2 0   0  A1' 10  2  E' E"   10  2  E' E'  331110 1 1 1 0 0 0    84.0   84.0
571  699.298877 6.806E-28 7.617E-05.03330.070 2325.26490.750.000000 0 1 0   1  E"  0 2 0   0  A1' 12 10  E' A1"  13 12  A1'A1' 331110 1 1 1 0 0 0   200.0  216.0
571  699.497621 1.166E-24 4.716E+00.03490.070 3120.22450.750.000000 0 3 0   0  A2" 0 2 0   0  A1' 16 12  A2'A1"  16 12  A1'A1' 332110 1 1 2 0 0 0   264.0  264.0
571  699.526367 5.948E-24 6.641E+00.03440.070 2909.91740.750.000000 0 2 0   0  A1' 0 1 0   0  A2" 21 21  A1"A1"  21 21  A2"A1' 332110 1 1 2 0 0 0   344.0  344.0
571  699.598899 2.141E-28 9.094E-05.03330.070 2472.75740.750.000000 0 1 0   1  E"  0 2 0   0  A1' 13 11  E" E'   14 13  E" E"  331110 1 1 1 0 0 0   108.0  116.0
571  699.690063 1.474E-28 1.315E-04.03330.070 2796.30280.750.000000 0 1 0   1  E"  0 2 0   0  A1' 15 13  E" A1'  16 15  A1"A1" 331110 1 1 1 0 0 0   248.0  264.0
571  699.727804 1.287E-28 1.092E-04.03330.070 2629.77850.750.000000 0 1 0   1  E"  0 2 0   0  A1' 14 12  A2'E"   15 14  E' E'  331110 1 1 1 0 0 0   116.0  124.0
571  699.995318 5.464E-25 1.569E-02.03330.070 1797.35940.750.000000 0 1 0   1  E"  0 0 0   1  E'   7  3  A1"E'    6  1  E" E"  331110 1 1 1 0 0 0    60.0   52.0
571  700.209546 5.301E-26 2.619E-03.03330.070 1934.61210.750.000000 0 3 0   0  A2" 0 0 0   1  E'   8  1  E" E'    7  1  E" E"  331110 1 1 1 0 0 0    68.0   60.0
571  700.238892 4.940E-26 6.420E-04.03330.070 1881.83210.750.000000 0 0 0   1  E'  0 1 0   0  A2" 12  8  E' A1'  12  6  A2'A1" 331110 1 1 1 0 0 0   200.0  200.0
571  700.406004 5.878E-24 1.711E+00.03330.070 2361.49250.750.000000 0 3 0   0  A2" 0 2 0   0  A1' 11  5  E" E'   11  5  E" E"  331110 1 1 1 0 0 0    92.0   92.0
571  700.744624 3.144E-26 5.491E-04.03330.070 1665.23650.750.000000 0 3 0   0  A2" 0 0 0   1  E'   6  2  E' E"    5  2  E' E'  331110 1 1 1 0 0 0    52.0   44.0
571  700.758811 1.997E-26 6.698E+00.03330.070 4073.20280.750.000000 0 2 0   1  E'  0 1 0   1  E"  20 20  E' A1'  20 20  E' A1" 331110 1 1 1 0 0 0   328.0  328.0
571  700.831478 3.085E-27 5.736E-04.03330.070 2316.80930.750.000000 0 0 0   1  E'  0 1 0   0  A2" 14  9  A1"E"   14  7  E" E'  331110 1 1 1 0 0 0   116.0  116.0
571  700.868879 9.406E-27 2.707E-04.03330.070 1797.35940.750.000000 0 3 0   0  A2" 0 0 0   1  E'   7  1  E" E'    6  1  E" E"  331110 1 1 1 0 0 0    60.0   52.0
571  701.066839 1.322E-24 4.539E+00.03330.070 2930.29780.750.000000 0 3 0   0  A2" 0 2 0   0  A1' 15 11  E" E'   15 11  E" E"  331110 1 1 1 0 0 0   124.0  124.0
571  701.277056 1.197E-24 2.318E-02.03330.070 1686.13980.750.000000 0 1 0   1  E"  0 0 0   1  E'   6  2  E' E"    5  0  A2'E'  331110 1 1 1 0 0 0    52.0   44.0
571  701.374611 8.087E-26 1.371E-03.03330.070 1658.78320.750.000000 0 1 0   1  E"  0 2 0   0  A1'  6  3  A1"E'    6  1  E" E"  331110 1 1 1 0 0 0    52.0   52.0
571  701.427486 6.029E-24 2.842E+00.03330.070 2477.28880.750.000000 0 3 0   0  A2" 0 2 0   0  A1' 12  7  E" E'   12  7  E" E"  331110 1 1 1 0 0 0   100.0  100.0
571  701.506674 1.104E-24 6.689E+00.03330.070 3123.61820.750.000000 0 2 0   0  A1' 0 1 0   0  A2" 22 22  E' E'   22 22  E' E"  331110 1 1 1 0 0 0   180.0  180.0
571  701.649351 2.821E-26 2.288E-03.03330.070 2221.89980.750.000000 0 1 0   1  E"  0 0 0   1  E'  10  5  E" A1'  10  7  E" A1" 331110 1 1 1 0 0 0   168.0  168.0
571  701.689963 7.021E-28 8.371E-06.03330.070 1551.80560.750.000000 0 1 0   1  E"  0 2 0   0  A1'  5  3  A1"E'    5  1  E" E"  331110 1 1 1 0 0 0    44.0   44.0
571  701.807289 1.337E-27 6.952E-07.03330.070  866.04010.750.000000 0 0 0   1  E'  0 1 0   0  A2"  4  2  E' E'    5  2  E' E"  331110 1 1 1 0 0 0    36.0   44.0
571  701.851138 8.208E-24 6.964E-01.03560.070 2231.03170.750.000000 0 3 0   0  A2" 0 2 0   0  A1' 10  3  A2"A1'  10  3  A1"A1" 332110 1 1 2 0 0 0   168.0  168.0
571  701.865385 1.353E-27 4.530E-05.03330.070 1963.53950.750.000000 0 2 0   0  A1' 0 0 0   0  A1' 14 11  E" E"   15  8  E' E'  331110 1 1 1 0 0 0   116.0  124.0
571  701.928937 3.657E-27 1.509E-04.03330.070 2118.60420.750.000000 0 0 0   1  E'  0 1 0   0  A2" 12  4  E' A1'  13  6  A2'A1" 331110 1 1 1 0 0 0   200.0  216.0
571  702.032268 6.270E-28 6.410E+00.03400.070 4812.06980.750.000000 0 3 0   0  A2" 0 2 0   0  A1' 24 21  A2"A1'  24 21  A1"A1" 332110 1 1 2 0 0 0   392.0  392.0
571  702.044472 5.931E-26 3.292E-05.03330.070  879.31620.750.000000 0 0 0   1  E'  0 1 0   0  A2"  4  1  E" E"    5  1  E" E'  331110 1 1 1 0 0 0    36.0   44.0
571  702.347847 1.205E-27 5.699E-06.03330.070 1341.68020.750.000000 0 1 0   1  E"  0 2 0   0  A1'  2  2  E' A1"   2  0  A1'A1' 331110 1 1 1 0 0 0    40.0   40.0
571  702.363573 2.260E-28 1.581E-04.03330.070 2588.50770.750.000000 0 0 0   1  E'  0 1 0   0  A2" 14  5  E" E"   15  7  E" E'  331110 1 1 1 0 0 0   116.0  124.0
571  702.373718 3.925E-27 6.732E+00.03440.070 4275.18260.750.000000 0 2 0   1  E'  0 1 0   1  E"  21 21  A1"E"   21 21  A2"E'  332110 1 1 2 0 0 0   172.0  172.0
571  702.391767 3.638E-26 5.216E-04.03330.070 1623.67820.750.000000 0 1 0   1  E"  0 0 0   1  E'   6  4  E' E"    6  6  A1'E'  331110 1 1 1 0 0 0    52.0   52.0
571  702.484304 1.422E-27 2.240E-02.03330.070 3398.30980.750.000000 0 0 0   2  E'  0 1 0   1  E"  16 16  E' A1'  16 16  E' A1" 331110 1 1 1 0 0 0   264.0  264.0
571  702.491522 1.082E-25 5.510E-04.03330.070 1509.30140.750.000000 0 0 0   1  E'  0 1 0   0  A2" 10  7  E" E"   10  5  E" E'  331110 1 1 1 0 0 0    84.0   84.0
571  702.543154 1.975E-27 1.627E-02.03620.070 3252.13410.750.000000 0 0 0   2  A1' 0 3 0   0  A2" 15 15  A1"A1"  15 15  A2"A1' 332110 1 1 2 0 0 0   248.0  248.0
571  702.591837 1.037E-27 6.368E+00.03330.070 4555.84250.750.000000 0 3 0   0  A2" 0 2 0   0  A1' 23 20  E' E"   23 20  E' E'  331110 1 1 1 0 0 0   188.0  188.0
571  702.688544 3.052E-24 6.743E+00.03330.070 2952.86020.750.000000 0 2 0   1  E'  0 1 0   1  E"  13 13  E" A1"  13 13  E" A1' 331110 1 1 1 0 0 0   216.0  216.0
571  702.709809 1.257E-27 1.552E-04.03330.070 2387.76100.750.000000 0 2 0   0  A1' 0 0 0   0  A1' 15  9  A1"A1"  16  6  A1'A1' 331110 1 1 1 0 0 0   248.0  264.0
571  702.712007 2.826E-24 4.333E+00.03330.070 2749.75010.750.000000 0 3 0   0  A2" 0 2 0   0  A1' 14 10  E' E"   14 10  E' E'  331110 1 1 1 0 0 0   116.0  116.0
571  702.869192 9.045E-27 1.226E-04.03330.070 1710.59370.750.000000 0 0 0   1  E'  0 1 0   0  A2" 10  3  A2"E"   11  5  E" E'  331110 1 1 1 0 0 0    84.0   92.0
571  702.996562 6.022E-28 6.368E-04.03330.070 2642.69710.750.000000 0 3 0   0  A2" 0 0 0   1  E'  12  2  E' E"   11  2  E' E'  331110 1 1 1 0 0 0   100.0   92.0
571  703.182777 3.267E-27 6.317E+00.03330.070 4308.75340.750.000000 0 3 0   0  A2" 0 2 0   0  A1' 22 19  E" E'   22 19  E" E"  331110 1 1 1 0 0 0   180.0  180.0
571  703.288243 1.696E-28 2.215E-05.03330.070 2292.85510.750.000000 0 1 0   0  A2" 0 1 0   0  A2" 18 13  E" E'   17 16  E' E"  331110 1 1 1 0 0 0   148.0  140.0
571  703.314578 2.596E-24 2.274E-01.03330.070 2073.70170.750.000000 0 3 0   0  A2" 0 2 0   0  A1'  9  2  E' E"    9  2  E' E'  331110 1 1 1 0 0 0    76.0   76.0
571  703.579364 3.906E-25 6.739E+00.03330.070 3346.61150.750.000000 0 2 0   0  A1' 0 1 0   0  A2" 23 23  E" E"   23 23  E" E'  331110 1 1 1 0 0 0   188.0  188.0
571  703.647038 8.982E-24 1.335E+00.03330.070 2202.74700.750.000000 0 3 0   0  A2" 0 2 0   0  A1' 10  4  E' E"   10  4  E' E'  331110 1 1 1 0 0 0    84.0   84.0
571  703.755477 1.537E-28 1.565E-05.03330.070 2267.38200.750.000000 0 1 0   1  E"  0 2 0   0  A1' 10  4  E' A1"  10  0  A1'A1' 331110 1 1 1 0 0 0   168.0  168.0
571  703.810847 1.962E-26 6.256E+00.03450.070 4070.84050.750.000000 0 3 0   0  A2" 0 2 0   0  A1' 21 18  A2'A1"  21 18  A1'A1' 332110 1 1 2 0 0 0   344.0  344.0
571  703.926622 2.118E-23 2.508E+00.03530.070 2317.10430.750.000000 0 3 0   0  A2" 0 2 0   0  A1' 11  6  A2'A1"  11  6  A1'A1' 442110 1 1 2 0 0 0   184.0  184.0
571  703.953181 1.232E-28 1.120E-06.03330.070 1401.71810.750.000000 0 1 0   1  E"  0 2 0   0  A1'  3  2  E' E"    4  4  E' E'  331110 1 1 1 0 0 0    28.0   36.0
571  704.003840 1.094E-24 1.019E-01.03330.070 2085.83870.750.000000 0 3 0   0  A2" 0 2 0   0  A1'  9  1  E" E'    9  1  E" E"  331110 1 1 1 0 0 0    76.0   76.0
571  704.008575 2.283E-28 4.204E-04.03330.070 2813.30720.750.000000 0 0 0   1  E'  0 1 0   0  A2" 16 10  E' E'   16  8  E' E"  331110 1 1 1 0 0 0   132.0  132.0
571  704.067102 2.431E-28 1.255E-06.03330.070 1358.71230.750.000000 0 1 0   1  E"  0 2 0   0  A1'  2  1  E" A1'   3  3  A1"A1" 331110 1 1 1 0 0 0    40.0   56.0
571  704.085594 1.472E-27 6.766E+00.03330.070 4486.42880.750.000000 0 2 0   1  E'  0 1 0   1  E"  22 22  E' E'   22 22  E' E"  331110 1 1 1 0 0 0   180.0  180.0
571  704.089608 1.317E-27 4.384E-03.03330.070 2908.56830.750.000000 0 1 0   1  E"  0 0 0   1  E'  14  9  A2"E'   13  7  E" E"  331110 1 1 1 0 0 0   116.0  108.0
571  704.433959 8.374E-25 6.805E+00.03330.070 3091.92380.750.000000 0 2 0   1  E'  0 1 0   1  E"  14 14  E' E'   14 14  E' E"  331110 1 1 1 0 0 0   116.0  116.0
571  704.437381 1.137E-23 4.093E+00.03520.070 2578.61520.750.000000 0 3 0   0  A2" 0 2 0   0  A1' 13  9  A2"A1'  13  9  A1"A1" 442110 1 1 2 0 0 0   216.0  216.0
571  704.481558 2.805E-26 6.184E+00.03330.070 3842.14120.750.000000 0 3 0   0  A2" 0 2 0   0  A1' 20 17  E" E'   20 17  E" E"  331110 1 1 1 0 0 0   164.0  164.0
571  704.584232 1.207E-28 4.857E-06.03330.070 2094.86950.750.000000 0 1 0   1  E"  0 2 0   0  A1' 11 10  E' A1"  12 12  A1'A1' 331110 1 1 1 0 0 0   184.0  200.0
571  704.600412 7.410E-28 1.921E-03.03330.070 2842.10960.750.000000 0 1 0   1  E"  0 0 0   1  E'  13  6  A1'E"   13  8  E' E'  331110 1 1 1 0 0 0   108.0  108.0
571  704.857833 2.956E-22 2.035E+00.03330.070 1579.59280.750.000000 0 1 0   1  E"  0 0 0   1  E'   5  1  E" A1'   4  1  E" A1" 441110 1 1 1 0 0 0    88.0   72.0
571  704.895097 2.337E-26 6.299E-04.03330.070 1781.61070.750.000000 0 3 0   0  A2" 0 0 0   1  E'   7  2  E' E"    6  2  E' E'  331110 1 1 1 0 0 0    60.0   52.0
571  704.951276 4.088E-28 1.385E-05.03330.070 1828.64750.750.000000 0 1 0   1  E"  0 2 0   0  A1'  7  1  E" E'    8  5  E" E"  331110 1 1 1 0 0 0    60.0   68.0
571  704.957751 1.732E-28 5.776E-05.03330.070 2529.67570.750.000000 0 1 0   1  E"  0 2 0   0  A1' 11  2  E' A1"  12  6  A1'A1' 331110 1 1 1 0 0 0   184.0  200.0
571  705.088513 3.433E-27 5.009E-03.03330.070 2723.62410.750.000000 0 1 0   1  E"  0 0 0   1  E'  13  8  E' E"   12  6  A1'E'  331110 1 1 1 0 0 0   108.0  100.0
571  705.200223 7.633E-26 6.099E+00.03330.070 3622.69200.750.000000 0 3 0   0  A2" 0 2 0   0  A1' 19 16  E' E"   19 16  E' E'  331110 1 1 1 0 0 0   156.0  156.0
571  705.291653 2.580E-26 8.120E-05.03330.070 1365.35450.750.000000 0 0 0   1  E'  0 1 0   0  A2"  8  2  E' E'    9  4  E' E"  331110 1 1 1 0 0 0    68.0   76.0
571  705.442412 1.784E-25 3.601E-02.03330.070 2426.01970.750.000000 0 1 0   1  E"  0 2 0   0  A1' 11  5  E" A1'  11  3  A1"A1" 331110 1 1 1 0 0 0   184.0  184.0
571  705.565768 2.393E-25 7.599E-03.03330.070 1840.79000.750.000000 0 3 0   0  A2" 0 0 0   1  E'   8  5  E" E'    8  7  E" E"  331110 1 1 1 0 0 0    68.0   68.0
571  705.584615 1.031E-28 2.003E-07.03330.070 1265.95030.750.000000 0 0 0   1  E'  0 1 0   0  A2"  8  5  E" E"    8  1  E" E'  331110 1 1 1 0 0 0    68.0   68.0
571  705.679474 2.480E-26 2.657E-02.03330.070 2817.00140.750.000000 0 3 0   0  A2" 0 0 0   1  E'  14  9  A2"A1'  14 11  E" A1" 331110 1 1 1 0 0 0   232.0  232.0
571  705.702579 1.455E-22 2.024E+00.03330.070 1581.36070.750.000000 0 1 0   1  E"  0 0 0   1  E'   5  1  E" E'    4  1  E" E"  441110 1 1 1 0 0 0    44.0   36.0
571  705.743609 2.638E-25 6.789E+00.03350.070 3578.87040.750.000000 0 2 0   0  A1' 0 1 0   0  A2" 24 24  A1'A1'  24 24  A2'A1" 332110 1 1 2 0 0 0   392.0  392.0
571  705.884260 1.625E-27 6.817E-04.03330.070 2433.74900.750.000000 0 3 0   0  A2" 0 0 0   1  E'  11  2  E' E"   10  2  E' E'  331110 1 1 1 0 0 0    92.0   84.0
571  705.894044 1.053E-27 6.799E+00.03330.070 4706.91960.750.000000 0 2 0   1  E'  0 1 0   1  E"  23 23  E" A1"  23 23  E" A1' 331110 1 1 1 0 0 0   376.0  376.0
571  705.953763 1.462E-22 2.098E+00.04000.070 1587.60990.750.000000 0 1 0   1  E"  0 0 0   1  E'   5  0  A2'E"    4  0  A1'E'  442110 1 1 2 0 0 0    44.0   36.0
571  705.971994 3.950E-25 6.000E+00.03510.070 3412.52820.750.000000 0 3 0   0  A2" 0 2 0   0  A1' 18 15  A2"A1'  18 15  A1"A1" 332110 1 1 2 0 0 0   296.0  296.0
571  705.980470 1.694E-27 1.187E-03.03330.070 2658.01380.750.000000 0 0 0   0  A1' 0 0 0   0  A1' 20 11  E" E"   19 14  E' E'  331110 1 1 1 0 0 0   164.0  156.0
571  706.108237 2.664E-22 1.714E+00.03330.070 1565.08340.750.000000 0 1 0   1  E"  0 0 0   1  E'   5  2  E' A1"   4  2  E' A1' 441110 1 1 1 0 0 0    88.0   72.0
571  706.242004 1.070E-23 3.811E+00.03330.070 2416.93110.750.000000 0 3 0   0  A2" 0 2 0   0  A1' 12  8  E' E"   12  8  E' E'  441110 1 1 1 0 0 0   100.0  100.0
571  706.250488 4.201E-25 6.605E+00.03620.070 3240.41230.750.000000 0 2 0   1  E'  0 1 0   1  E"  15 15  A2"E"   15 15  A2"E'  332110 1 1 2 0 0 0   124.0  124.0
571  706.266286 1.733E-26 5.823E-03.03330.070 2547.69760.750.000000 0 1 0   1  E"  0 0 0   1  E'  12  7  E" A1'  11  5  E" A1" 331110 1 1 1 0 0 0   200.0  184.0
571  706.370119 4.145E-27 3.608E-04.03330.070 2070.64620.750.000000 0 3 0   0  A2" 0 0 0   1  E'   9  2  E' E"    8  2  E' E'  331110 1 1 1 0 0 0    76.0   68.0
571  706.550093 1.690E-23 2.121E+00.03330.070 2166.37910.750.000000 0 3 0   0  A2" 0 2 0   0  A1' 10  5  E" E'   10  5  E" E"  441110 1 1 1 0 0 0    84.0   84.0
571  706.737686 8.075E-28 6.760E-04.03330.070 2592.54030.750.000000 0 3 0   0  A2" 0 0 0   1  E'  12  4  E' E"   12  8  E' E'  331110 1 1 1 0 0 0   100.0  100.0
571  706.801899 4.853E-25 5.886E+00.03330.070 3211.68460.750.000000 0 3 0   0  A2" 0 2 0   0  A1' 17 14  E' E"   17 14  E' E'  331110 1 1 1 0 0 0   140.0  140.0
571  706.907777 5.445E-27 1.405E-02.03330.070 2839.80220.750.000000 0 1 0   1  E"  0 2 0   0  A1' 13  6  A1'E"   13  4  E' E'  331110 1 1 1 0 0 0   108.0  108.0
571  707.020249 2.321E-23 9.310E-01.03600.070 2053.47430.750.000000 0 3 0   0  A2" 0 2 0   0  A1'  9  3  A2"A1'   9  3  A1"A1" 442110 1 1 2 0 0 0   152.0  152.0
571  707.210560 1.374E-22 1.797E+00.03330.070 1567.84740.750.000000 0 1 0   1  E"  0 0 0   1  E'   5  2  E' E"    4  2  E' E'  441110 1 1 1 0 0 0    44.0   36.0
571  707.211679 5.307E-27 2.453E-04.03330.070 1917.09320.750.000000 0 3 0   0  A2" 0 0 0   1  E'   8  2  E' E"    8  6  A2'E'  331110 1 1 1 0 0 0    68.0   68.0
571  707.464771 1.170E-28 1.289E-06.03330.070 1490.94170.750.000000 0 1 0   1  E"  0 2 0   0  A1'  4  0  A1'E"    5  4  E' E'  331110 1 1 1 0 0 0    36.0   44.0
571  707.494080 3.820E-27 6.977E-04.03330.070 2243.01220.750.000000 0 3 0   0  A2" 0 0 0   1  E'  10  2  E' E"    9  2  E' E'  331110 1 1 1 0 0 0    84.0   76.0
571  707.494179 2.097E-24 1.859E-01.03330.070 2073.70170.750.000000 0 1 0   1  E"  0 2 0   0  A1'  9  4  E' E"    9  2  E' E'  331110 1 1 1 0 0 0    76.0   76.0
571  707.506925 1.497E-26 6.919E-04.03330.070 1916.79800.750.000000 0 3 0   0  A2" 0 0 0   1  E'   8  2  E' E"    7  2  E' E'  331110 1 1 1 0 0 0    68.0   60.0
571  707.572240 5.563E-27 9.590E-05.03330.070 1658.78320.750.000000 0 1 0   1  E"  0 2 0   0  A1'  6  3  A2"E'    6  1  E" E"  331110 1 1 1 0 0 0    52.0   52.0
571  707.621076 2.130E-26 6.942E-03.03330.070 2380.80710.750.000000 0 1 0   1  E"  0 0 0   1  E'  11  6  A1'E"   10  4  E' E'  331110 1 1 1 0 0 0    92.0   84.0
571  707.694858 1.132E-24 5.752E+00.03330.070 3020.19470.750.000000 0 3 0   0  A2" 0 2 0   0  A1' 16 13  E" E'   16 13  E" E"  331110 1 1 1 0 0 0   132.0  132.0
571  707.722507 1.096E-25 5.772E-05.03330.070 1083.63440.750.000000 0 0 0   1  E'  0 1 0   0  A2"  6  1  E" A1"   7  3  A2"A1' 331110 1 1 1 0 0 0   104.0  120.0
571  707.781133 1.081E-25 1.499E-03.03330.070 1613.84560.750.000000 0 3 0   0  A2" 0 0 0   1  E'   6  4  E' E"    6  6  A1'E'  331110 1 1 1 0 0 0    52.0   52.0
571  707.799174 1.795E-28 6.830E+00.03350.070 4936.63350.750.000000 0 2 0   1  E'  0 1 0   1  E"  24 24  A2'E'   24 24  A2'E"  332110 1 1 2 0 0 0   196.0  196.0
571  707.805955 2.250E-25 3.191E-04.03330.070 1200.01560.750.000000 0 0 0   1  E'  0 1 0   0  A2"  8  6  A2'E'    8  4  E' E"  331110 1 1 1 0 0 0    68.0   68.0
571  707.949879 1.713E-23 3.180E+00.03330.070 2264.91000.750.000000 0 3 0   0  A2" 0 2 0   0  A1' 11  7  E" E'   11  7  E" E"  441110 1 1 1 0 0 0    92.0   92.0
571  708.012333 1.213E-22 1.379E+00.04050.070 1538.62410.750.000000 0 1 0   1  E"  0 0 0   1  E'   5  3  A2"E'    4  3  A2"E"  442110 1 1 2 0 0 0    44.0   36.0
571  708.052522 5.226E-26 1.854E-03.03330.070 2027.67690.750.000000 0 1 0   1  E"  0 0 0   1  E'   9  5  E" A1'   9  7  E" A1" 331110 1 1 1 0 0 0   152.0  152.0
571  708.136002 9.894E-20 2.116E+00.03330.070  281.83970.750.000000 0 1 0   0  A2" 0 0 0   0  A1'  6  1  E" E'    5  1  E" E"  441110 1 1 1 0 0 0    52.0   44.0
571  708.188902 1.809E-26 2.859E-01.03620.070 3240.41230.750.000000 0 0 0   2  E'  0 1 0   1  E"  15 15  A2"E"   15 15  A2"E'  332110 1 1 2 0 0 0   124.0  124.0
571  708.348851 4.337E-25 6.938E+00.03330.070 3398.30980.750.000000 0 2 0   1  E'  0 1 0   1  E"  16 16  E' A1'  16 16  E' A1" 331110 1 1 1 0 0 0   264.0  264.0
571  708.655704 5.001E-24 5.597E+00.03550.070 2838.09090.750.000000 0 3 0   0  A2" 0 2 0   0  A1' 15 12  A2'A1"  15 12  A1'A1' 332110 1 1 2 0 0 0   248.0  248.0
571  708.717323 4.953E-25 1.361E-02.03330.070 1783.48620.750.000000 0 1 0   1  E"  0 2 0   0  A1'  7  3  A2"E'    7  1  E" E"  331110 1 1 1 0 0 0    60.0   60.0
571  708.773457 5.459E-25 5.993E-03.03330.070 1489.63310.750.000000 0 1 0   1  E"  0 0 0   1  E'   4  0  A1'E"    3  2  E' E'  331110 1 1 1 0 0 0    36.0   28.0
571  708.796318 6.030E-28 2.511E-06.03330.070 1516.16130.750.000000 0 2 0   0  A1' 0 0 0   0  A1' 13 13  E" E"   14 10  E' E'  331110 1 1 1 0 0 0   108.0  116.0
571  708.961389 2.611E-24 1.266E-01.03330.070 1925.86020.750.000000 0 3 0   0  A2" 0 2 0   0  A1'  8  1  E" E'    8  1  E" E"  331110 1 1 1 0 0 0    68.0   68.0
571  709.140257 5.175E-26 8.610E-03.03330.070 2222.97260.750.000000 0 1 0   1  E"  0 0 0   1  E'  10  5  E" E'    9  3  A2"E"  331110 1 1 1 0 0 0    84.0   76.0
571  709.279456 9.721E-20 1.945E+00.03330.070  267.44860.750.000000 0 1 0   0  A2" 0 0 0   0  A1'  6  2  E' E"    5  2  E' E'  441110 1 1 1 0 0 0    52.0   44.0
571  709.285464 3.898E-25 7.598E-05.03330.070  843.90120.750.000000 0 0 0   1  E'  0 1 0   0  A2"  5  5  E" A1"   5  3  A2"A1' 331110 1 1 1 0 0 0    88.0   88.0
571  709.297086 2.393E-23 1.683E+00.03330.070 2025.15240.750.000000 0 3 0   0  A2" 0 2 0   0  A1'  9  4  E' E"    9  4  E' E'  441110 1 1 1 0 0 0    76.0   76.0
571  709.307069 1.919E-28 3.203E-04.03330.070 2790.26140.750.000000 0 2 0   0  A1' 0 0 0   0  A1' 16  7  E" E"   17  4  E' E'  331110 1 1 1 0 0 0   132.0  140.0
571  709.411813 5.666E-26 4.213E-05.03330.070  976.72800.750.000000 0 0 0   1  E'  0 1 0   0  A2"  5  0  A2'E'    6  2  E' E"  331110 1 1 1 0 0 0    44.0   52.0
571  709.500782 7.760E-28 1.586E-04.03330.070 2316.80930.750.000000 0 0 0   1  E'  0 1 0   0  A2" 13  5  E" E"   14  7  E" E'  331110 1 1 1 0 0 0   108.0  116.0
571  709.529086 5.844E-27 2.960E-04.03330.070 1934.61210.750.000000 0 1 0   1  E"  0 0 0   1  E'   8  3  A2"E'    7  1  E" E"  331110 1 1 1 0 0 0    68.0   60.0
571  709.689190 5.227E-24 5.417E+00.03330.070 2665.40490.750.000000 0 3 0   0  A2" 0 2 0   0  A1' 14 11  E" E'   14 11  E" E"  331110 1 1 1 0 0 0   116.0  116.0
571  710.035298 3.522E-26 8.183E-06.03330.070  717.47920.750.000000 0 0 0   1  E'  0 1 0   0  A2"  2  2  E' A1'   3  0  A2'A1" 331110 1 1 1 0 0 0    40.0   56.0
571  710.061892 3.759E-27 1.852E-05.03330.070 1466.65780.750.000000 0 1 0   1  E"  0 2 0   0  A1'  4  2  E' A1"   4  0  A1'A1' 331110 1 1 1 0 0 0    72.0   72.0
571  710.088139 1.187E-22 1.390E+00.04050.070 1543.40750.750.000000 0 1 0   1  E"  0 0 0   1  E'   5  3  A1"E'    4  3  A1"E"  442110 1 1 2 0 0 0    44.0   36.0
571  710.226828 9.295E-27 1.349E-04.03330.070 1881.83210.750.000000 0 0 0   1  E'  0 1 0   0  A2" 11  4  E' A1'  12  6  A2'A1" 331110 1 1 1 0 0 0   184.0  200.0
571  710.239158 6.072E-23 3.099E+00.03560.070 2121.90890.750.000000 0 3 0   0  A2" 0 2 0   0  A1' 10  6  A2'A1"  10  6  A1'A1' 442110 1 1 2 0 0 0   168.0  168.0
571  710.285759 1.822E-26 4.069E-03.03330.070 2444.21740.750.000000 0 3 0   0  A2" 0 0 0   1  E'  11  0  A2'A1"  10  2  E' A1' 331110 1 1 1 0 0 0   184.0  168.0
571  710.351162 2.808E-28 3.703E-05.03330.070 2317.10430.750.000000 0 1 0   1  E"  0 2 0   0  A1' 10  2  E' A1"  11  6  A1'A1' 331110 1 1 1 0 0 0   168.0  184.0
571  710.441175 1.684E-24 3.110E-01.03330.070 2262.41870.750.000000 0 3 0   0  A2" 0 0 0   1  E'  11  7  E" E'   11  9  A2"E"  331110 1 1 1 0 0 0    92.0   92.0
571  710.458321 1.027E-25 7.028E+00.03330.070 3565.59970.750.000000 0 2 0   1  E'  0 1 0   1  E"  17 17  E" E"   17 17  E" E'  331110 1 1 1 0 0 0   140.0  140.0
571  710.549720 4.185E-27 3.684E-04.03330.070 2070.64620.750.000000 0 1 0   1  E"  0 0 0   1  E'   9  4  E' E"    8  2  E' E'  331110 1 1 1 0 0 0    76.0   68.0
571  710.597914 1.138E-23 5.221E-01.03330.070 1913.70700.750.000000 0 3 0   0  A2" 0 2 0   0  A1'  8  2  E' E"    8  2  E' E'  441110 1 1 1 0 0 0    68.0   68.0
571  710.603084 8.228E-23 7.883E-01.03330.070 1501.90890.750.000000 0 1 0   1  E"  0 0 0   1  E'   5  4  E' E"    4  4  E' E'  441110 1 1 1 0 0 0    44.0   36.0
571  710.728384 2.767E-25 1.240E-02.03330.070 2074.21290.750.000000 0 1 0   1  E"  0 0 0   1  E'   9  4  E' A1"   8  2  E' A1' 331110 1 1 1 0 0 0   152.0  136.0
571  710.799982 1.031E-23 5.206E+00.03330.070 2502.16690.750.000000 0 3 0   0  A2" 0 2 0   0  A1' 13 10  E' E"   13 10  E' E'  441110 1 1 1 0 0 0   108.0  108.0
571  710.982971 6.431E-27 5.348E-04.03330.070 2221.89980.750.000000 0 3 0   0  A2" 0 0 0   1  E'  10  3  A2"A1'  10  7  E" A1" 331110 1 1 1 0 0 0   168.0  168.0
571  711.024653 1.114E-28 4.555E-05.03330.070 2458.63180.750.000000 0 0 0   1  E'  0 1 0   0  A2" 13  0  A2'E'   14  4  E' E"  331110 1 1 1 0 0 0   108.0  116.0
571  711.199454 1.850E-19 1.656E+00.03960.070  243.43630.750.000000 0 1 0   0  A2" 0 0 0   0  A1'  6  3  A2"A1'   5  3  A1"A1" 442110 1 1 2 0 0 0   104.0   88.0
571  711.351662 2.625E-26 1.867E-04.03330.070 1832.31100.750.000000 0 0 0   0  A1' 0 0 0   0  A1' 18 12  A1'A1'  17 15  A1"A1" 331110 1 1 1 0 0 0   296.0  280.0
571  711.992614 3.828E-23 4.960E+00.03550.070 2348.40620.750.000000 0 3 0   0  A2" 0 2 0   0  A1' 12  9  A2"A1'  12  9  A1"A1" 442110 1 1 2 0 0 0   200.0  200.0
571  712.183893 5.754E-23 1.201E+00.03860.070 1893.45700.750.000000 0 3 0   0  A2" 0 2 0   0  A1'  8  3  A2"A1'   8  3  A1"A1" 442110 1 1 2 0 0 0   136.0  136.0
571  712.336425 4.494E-23 2.669E+00.03330.070 1988.73540.750.000000 0 3 0   0  A2" 0 2 0   0  A1'  9  5  E" E'    9  5  E" E"  441110 1 1 1 0 0 0    76.0   76.0
571  712.520093 2.840E-25 1.450E-02.03330.070 1934.61210.750.000000 0 1 0   1  E"  0 0 0   1  E'   8  3  A1"E'    7  1  E" E"  331110 1 1 1 0 0 0    68.0   60.0
571  712.566571 8.501E-26 8.037E-05.03330.070 1230.80210.750.000000 0 0 0   1  E'  0 1 0   0  A2"  7  1  E" A1"   8  3  A2"A1' 331110 1 1 1 0 0 0   120.0  136.0
571  712.612475 1.678E-26 9.700E-05.03330.070 1509.30140.750.000000 0 0 0   1  E'  0 1 0   0  A2"  9  3  A1"E"   10  5  E" E'  331110 1 1 1 0 0 0    76.0   84.0
571  712.632332 2.820E-27 2.398E-03.03330.070 2592.54030.750.000000 0 1 0   1  E"  0 0 0   1  E'  12  6  A2'E"   12  8  E' E'  331110 1 1 1 0 0 0   100.0  100.0
571  712.678099 1.214E-23 7.948E-02.03330.070 1565.08340.750.000000 0 3 0   0  A2" 0 0 0   1  E'   5  0  A2'A1"   4  2  E' A1' 441110 1 1 1 0 0 0    88.0   72.0
571  712.701293 4.622E-26 7.101E+00.03460.070 3742.26500.750.000000 0 2 0   1  E'  0 1 0   1  E"  18 18  A1'E'   18 18  A2'E"  332110 1 1 2 0 0 0   148.0  148.0
571  713.271270 3.332E-23 4.669E+00.03330.070 2204.15150.750.000000 0 3 0   0  A2" 0 2 0   0  A1' 11  8  E' E"   11  8  E' E'  441110 1 1 1 0 0 0    92.0   92.0
571  713.509672 1.954E-27 1.627E-02.03330.070 3091.92380.750.000000 0 0 0   2  E'  0 1 0   1  E"  14 14  E' E'   14 14  E' E"  331110 1 1 1 0 0 0   116.0  116.0
571  713.642682 3.555E-28 4.607E-05.03330.070 2204.93340.750.000000 0 0 0   1  E'  0 1 0   0  A2" 12  0  A1'E'   13  4  E' E"  331110 1 1 1 0 0 0   100.0  108.0
571  713.684523 7.373E-25 2.272E-02.03330.070 1804.36080.750.000000 0 1 0   1  E"  0 0 0   1  E'   7  2  E' E"    6  0  A1'E'  331110 1 1 1 0 0 0    60.0   52.0
571  713.713788 1.594E-22 7.950E-01.03330.070 1508.45990.750.000000 0 1 0   1  E"  0 0 0   1  E'   5  4  E' A1"   4  4  E' A1' 441110 1 1 1 0 0 0    88.0   72.0
571  713.868486 1.657E-24 4.614E-02.03330.070 1783.48620.750.000000 0 1 0   1  E"  0 2 0   0  A1'  7  3  A1"E'    7  1  E" E"  331110 1 1 1 0 0 0    60.0   60.0
571  713.918623 8.115E-20 1.242E+00.03330.070  209.76270.750.000000 0 1 0   0  A2" 0 0 0   0  A1'  6  4  E' E"    5  4  E' E'  441110 1 1 1 0 0 0    52.0   44.0
571  713.987722 6.284E-26 1.078E-03.03330.070 1852.08320.750.000000 0 1 0   1  E"  0 0 0   1  E'   8  5  E" A1'   8  7  E" A1" 331110 1 1 1 0 0 0   136.0  136.0
571  714.559992 5.906E-23 2.162E+00.03330.070 1865.10440.750.000000 0 3 0   0  A2" 0 2 0   0  A1'  8  4  E' E"    8  4  E' E'  441110 1 1 1 0 0 0    68.0   68.0
571  714.616415 9.158E-27 3.620E-04.03330.070 2118.60420.750.000000 0 0 0   1  E'  0 1 0   0  A2" 13  8  E' A1'  13  6  A2'A1" 331110 1 1 1 0 0 0   216.0  216.0
571  714.622283 1.907E-28 3.826E-06.03330.070 1686.24340.750.000000 0 1 0   1  E"  0 2 0   0  A1'  6  1  E" E'    7  5  E" E"  331110 1 1 1 0 0 0    52.0   60.0
571  714.638492 5.404E-23 4.325E+00.03330.070 2069.43160.750.000000 0 3 0   0  A2" 0 2 0   0  A1' 10  7  E" E'   10  7  E" E"  441110 1 1 1 0 0 0    84.0   84.0
571  714.742047 4.072E-24 1.137E-01.03330.070 1783.48620.750.000000 0 3 0   0  A2" 0 2 0   0  A1'  7  1  E" E'    7  1  E" E"  331110 1 1 1 0 0 0    60.0   60.0
571  714.954379 2.634E-26 3.367E-04.03330.070 1710.59370.750.000000 0 0 0   1  E'  0 1 0   0  A2" 11  7  E" E"   11  5  E" E'  331110 1 1 1 0 0 0    92.0   92.0
571  715.069704 3.960E-26 7.174E+00.03330.070 3928.28840.750.000000 0 2 0   1  E'  0 1 0   1  E"  19 19  E" A1"  19 19  E" A1' 331110 1 1 1 0 0 0   312.0  312.0
571  715.181721 2.641E-23 6.959E-01.03330.070 1771.32410.750.000000 0 3 0   0  A2" 0 2 0   0  A1'  7  2  E' E"    7  2  E' E'  441110 1 1 1 0 0 0    60.0   60.0
571  715.434428 6.994E-27 6.882E-03.03330.070 2779.47400.750.000000 0 1 0   1  E"  0 0 0   1  E'  13  7  E" A1'  12  5  E" A1" 331110 1 1 1 0 0 0   216.0  200.0
571  715.753122 2.890E-26 1.365E-05.03330.070  786.98330.750.000000 0 0 0   1  E'  0 1 0   0  A2"  3  1  E" E"    4  1  E" E'  331110 1 1 1 0 0 0    28.0   36.0
571  715.949216 1.701E-28 7.537E-08.03330.070  773.68380.750.000000 0 0 0   1  E'  0 1 0   0  A2"  3  2  E' E'    4  2  E' E"  331110 1 1 1 0 0 0    28.0   36.0
571  716.065662 1.605E-22 3.879E+00.03590.070 1944.30570.750.000000 0 3 0   0  A2" 0 2 0   0  A1'  9  6  A2'A1"   9  6  A1'A1' 442110 1 1 2 0 0 0   152.0  152.0
571  716.349122 3.619E-25 1.041E-04.03330.070  954.63580.750.000000 0 0 0   1  E'  0 1 0   0  A2"  6  5  E" A1"   6  3  A2"A1' 331110 1 1 1 0 0 0   104.0  104.0
571  716.482655 1.266E-25 7.338E+00.03470.070 3703.34370.750.000000 0 3 0   0  A2" 0 2 0   0  A1' 20 18  A2'A1"  20 18  A1'A1' 332110 1 1 2 0 0 0   328.0  328.0
571  716.501592 2.286E-26 7.403E+00.03330.070 3924.46680.750.000000 0 3 0   0  A2" 0 2 0   0  A1' 21 19  E" E'   21 19  E" E"  331110 1 1 1 0 0 0   172.0  172.0
571  716.518540 1.668E-25 7.264E+00.03330.070 3491.52050.750.000000 0 3 0   0  A2" 0 2 0   0  A1' 19 17  E" E'   19 17  E" E"  331110 1 1 1 0 0 0   156.0  156.0
571  716.545999 3.104E-28 1.649E-04.03330.070 2524.17050.750.000000 0 0 0   1  E'  0 1 0   0  A2" 14  6  A1'E'   15  8  E' E"  331110 1 1 1 0 0 0   116.0  124.0
571  716.571523 7.865E-27 7.459E+00.03330.070 4154.85480.750.000000 0 3 0   0  A2" 0 2 0   0  A1' 22 20  E' E"   22 20  E' E'  331110 1 1 1 0 0 0   180.0  180.0
571  716.613052 4.186E-25 7.179E+00.03330.070 3289.03120.750.000000 0 3 0   0  A2" 0 2 0   0  A1' 18 16  E' E"   18 16  E' E'  331110 1 1 1 0 0 0   148.0  148.0
571  716.673714 3.086E-26 6.009E-03.03330.070 2251.22500.750.000000 0 1 0   1  E"  0 2 0   0  A1' 10  4  E' E"   10  2  E' E'  331110 1 1 1 0 0 0    84.0   84.0
571  716.688603 5.159E-27 7.509E+00.03410.070 4394.47180.750.000000 0 3 0   0  A2" 0 2 0   0  A1' 23 21  A2"A1'  23 21  A1"A1" 332110 1 1 2 0 0 0   376.0  376.0
571  716.715334 2.071E-20 3.124E+00.04390.070  624.96490.750.000000 0 2 0   0  A1' 0 1 0   0  A2"  2  0  A1'A1'   1  0  A2'A1" 442110 1 1 2 0 0 0    40.0   24.0
571  716.769979 1.997E-24 7.081E+00.03530.070 3095.90850.750.000000 0 3 0   0  A2" 0 2 0   0  A1' 17 15  A2"A1'  17 15  A1"A1" 332110 1 1 2 0 0 0   280.0  280.0
571  716.782381 3.358E-26 5.528E-05.03330.070 1200.01560.750.000000 0 0 0   1  E'  0 1 0   0  A2"  7  2  E' E'    8  4  E' E"  331110 1 1 1 0 0 0    60.0   68.0
571  716.848956 8.065E-28 7.551E+00.03330.070 4643.28100.750.000000 0 3 0   0  A2" 0 2 0   0  A1' 24 22  E' E"   24 22  E' E'  331110 1 1 1 0 0 0   196.0  196.0
571  716.896049 1.320E-22 1.583E+00.03900.070 1751.05430.750.000000 0 3 0   0  A2" 0 2 0   0  A1'  7  3  A2"A1'   7  3  A1"A1" 442110 1 1 2 0 0 0   120.0  120.0
571  716.926827 4.558E-28 3.100E-04.03330.070 2588.50770.750.000000 0 0 0   1  E'  0 1 0   0  A2" 15  9  A2"E"   15  7  E" E'  331110 1 1 1 0 0 0   124.0  124.0
571  716.962031 2.224E-27 1.453E-04.03330.070 2062.34270.750.000000 0 0 0   1  E'  0 1 0   0  A2" 12  5  E" E"   13  7  E" E'  331110 1 1 1 0 0 0   100.0  108.0
571  716.990477 7.422E-27 2.251E-03.03330.070 2360.95460.750.000000 0 1 0   1  E"  0 0 0   1  E'  11  6  A2'E"   11  8  E' E'  331110 1 1 1 0 0 0    92.0   92.0
571  716.993091 2.262E-24 6.970E+00.03330.070 2912.18410.750.000000 0 3 0   0  A2" 0 2 0   0  A1' 16 14  E' E"   16 14  E' E'  331110 1 1 1 0 0 0   132.0  132.0
571  717.099436 7.943E-21 2.347E+00.03330.070  620.51910.750.000000 0 2 0   0  A1' 0 1 0   0  A2"  2  1  E" E"    1  1  E" E'  441110 1 1 1 0 0 0    20.0   12.0
571  717.121843 1.896E-28 2.007E-06.03330.070 1751.05430.750.000000 0 1 0   1  E"  0 2 0   0  A1'  8  7  E" A1'   7  3  A1"A1" 331110 1 1 1 0 0 0   136.0  120.0
571  717.156876 3.393E-28 1.950E-05.03330.070 2121.90890.750.000000 0 1 0   1  E"  0 2 0   0  A1'  9  2  E' A1"  10  6  A1'A1' 331110 1 1 1 0 0 0   152.0  168.0
571  717.160713 9.297E-28 4.190E-05.03330.070 1968.59490.750.000000 0 0 0   1  E'  0 1 0   0  A2" 11  0  A2'E'   12  4  E' E"  331110 1 1 1 0 0 0    92.0  100.0
571  717.279673 9.471E-27 8.208E-03.03330.070 2593.91230.750.000000 0 1 0   1  E"  0 0 0   1  E'  12  6  A1'E"   11  4  E' E'  331110 1 1 1 0 0 0   100.0   92.0
571  717.286137 4.861E-24 6.841E+00.03330.070 2737.88870.750.000000 0 3 0   0  A2" 0 2 0   0  A1' 15 13  E" E'   15 13  E" E"  331110 1 1 1 0 0 0   124.0  124.0
571  717.369423 1.554E-27 7.576E-05.03330.070 2032.38070.750.000000 0 2 0   0  A1' 0 0 0   0  A1' 14 10  E' E'   15  7  E" E"  331110 1 1 1 0 0 0   116.0  124.0
571  717.405387 1.034E-28 6.557E-05.03330.070 2621.09160.750.000000 0 1 0   0  A2" 0 1 0   0  A2" 19 13  E" E'   18 16  E' E"  331110 1 1 1 0 0 0   156.0  148.0
571  717.469534 5.551E-20 6.945E-01.03330.070  166.36930.750.000000 0 1 0   0  A2" 0 0 0   0  A1'  6  5  E" E'    5  5  E" E"  441110 1 1 1 0 0 0    52.0   44.0
571  717.481824 5.539E-28 2.674E-03.03330.070 2991.39810.750.000000 0 3 0   0  A2" 0 0 0   1  E'  15 10  E' E"   15 12  A1'E'  331110 1 1 1 0 0 0   124.0  124.0
571  717.561694 8.082E-27 7.248E+00.03330.070 4123.65270.750.000000 0 2 0   1  E'  0 1 0   1  E"  20 20  E' E'   20 20  E' E"  331110 1 1 1 0 0 0   164.0  164.0
571  717.614139 8.776E-27 4.724E-03.03330.070 2638.37240.750.000000 0 1 0   1  E"  0 2 0   0  A1' 12  5  E" A1'  12  3  A1"A1" 331110 1 1 1 0 0 0   200.0  200.0
571  717.652846 1.981E-23 6.692E+00.03560.070 2573.05140.750.000000 0 3 0   0  A2" 0 2 0   0  A1' 14 12  A2'A1"  14 12  A1'A1' 442110 1 1 2 0 0 0   232.0  232.0
571  717.708214 1.108E-22 3.425E+00.03330.070 1828.64750.750.000000 0 3 0   0  A2" 0 2 0   0  A1'  8  5  E" E'    8  5  E" E"  441110 1 1 1 0 0 0    68.0   68.0
571  718.096922 1.910E-23 6.519E+00.03330.070 2417.70030.750.000000 0 3 0   0  A2" 0 2 0   0  A1' 13 11  E" E'   13 11  E" E"  441110 1 1 1 0 0 0   108.0  108.0
571  718.186368 7.931E-26 2.311E-04.03330.070 1365.35450.750.000000 0 0 0   1  E'  0 1 0   0  A2"  9  6  A2'E'    9  4  E' E"  331110 1 1 1 0 0 0    76.0   76.0
571  718.280928 9.573E-26 4.756E-03.03330.070 1925.86020.750.000000 0 1 0   1  E"  0 2 0   0  A1'  8  3  A2"E'    8  1  E" E"  331110 1 1 1 0 0 0    68.0   68.0
571  718.340410 1.322E-23 2.345E-01.03330.070 1658.78320.750.000000 0 3 0   0  A2" 0 2 0   0  A1'  6  1  E" E'    6  1  E" E"  441110 1 1 1 0 0 0    52.0   52.0
571  718.467815 4.932E-28 2.052E-03.03330.070 3027.51930.750.000000 0 0 0   0  A1' 0 0 0   0  A1' 21 11  E" E"   20 14  E' E'  331110 1 1 1 0 0 0   172.0  164.0
571  718.622047 3.475E-23 6.316E+00.03330.070 2271.86230.750.000000 0 3 0   0  A2" 0 2 0   0  A1' 12 10  E' E"   12 10  E' E'  441110 1 1 1 0 0 0   100.0  100.0
571  718.657856 2.891E-27 6.665E-03.03330.070 2952.86020.750.000000 0 0 0   2  E'  0 1 0   1  E"  13 13  E" A1"  13 13  E" A1' 331110 1 1 1 0 0 0   216.0  216.0
571  718.693594 5.277E-28 3.263E-03.03330.070 3027.92310.750.000000 0 1 0   1  E"  0 0 0   1  E'  14  7  E" E'   14  9  A2"E"  331110 1 1 1 0 0 0   116.0  116.0
571  718.943620 6.885E-28 1.123E-05.03960.070 1641.21420.750.000000 0 1 0   1  E"  0 0 0   1  E'   6  3  A1"E'    5  3  A2"E"  332110 1 1 2 0 0 0    52.0   44.0
571  718.973667 1.940E-26 1.087E-04.03330.070 1662.62110.750.000000 0 0 0   1  E'  0 1 0   0  A2" 10  4  E' A1'  11  6  A2'A1" 331110 1 1 1 0 0 0   168.0  184.0
571  719.231871 1.191E-22 6.077E+00.03550.070 2135.56290.750.000000 0 3 0   0  A2" 0 2 0   0  A1' 11  9  A2"A1'  11  9  A1"A1" 442110 1 1 2 0 0 0   184.0  184.0
571  719.256141 2.567E-26 1.030E-02.03330.070 2417.31630.750.000000 0 1 0   1  E"  0 0 0   1  E'  11  5  E" E'   10  3  A2"E"  331110 1 1 1 0 0 0    92.0   84.0
571  719.368396 5.664E-23 9.495E-01.03330.070 1646.61270.750.000000 0 3 0   0  A2" 0 2 0   0  A1'  6  2  E' E"    6  2  E' E'  441110 1 1 1 0 0 0    52.0   52.0
571  719.371941 1.355E-22 2.849E+00.03330.070 1722.67940.750.000000 0 3 0   0  A2" 0 2 0   0  A1'  7  4  E' E"    7  4  E' E'  441110 1 1 1 0 0 0    60.0   60.0
571  719.522484 1.257E-25 5.766E-03.03330.070 2074.21290.750.000000 0 3 0   0  A2" 0 0 0   1  E'   9  0  A2'A1"   8  2  E' A1' 331110 1 1 1 0 0 0   152.0  136.0
571  719.565147 1.322E-26 1.797E-04.03330.070 1301.89220.750.000000 0 1 0   1  E"  0 2 0   0  A1'  1  1  E" E'    1  1  E" E"  331110 1 1 1 0 0 0    12.0   12.0
571  719.632352 4.554E-26 4.195E-04.03330.070 1695.35090.750.000000 0 1 0   1  E"  0 0 0   1  E'   7  5  E" A1'   7  7  E" A1" 331110 1 1 1 0 0 0   120.0  120.0
571  719.929996 9.583E-23 5.793E+00.03330.070 2008.82630.750.000000 0 3 0   0  A2" 0 2 0   0  A1' 10  8  E' E"   10  8  E' E'  441110 1 1 1 0 0 0    84.0   84.0
571  720.175205 3.145E-27 7.324E+00.03440.070 4328.34060.750.000000 0 2 0   1  E'  0 1 0   1  E"  21 21  A2"E"   21 21  A1"E'  332110 1 1 2 0 0 0   172.0  172.0
571  720.179143 2.331E-24 3.259E-02.03330.070 1780.85130.750.000000 0 3 0   0  A2" 0 0 0   1  E'   7  0  A2'A1"   6  2  E' A1' 331110 1 1 1 0 0 0   120.0  104.0
571  720.435432 3.039E-27 1.004E-05.03330.070 1604.82950.750.000000 0 2 0   0  A1' 0 0 0   0  A1' 13 12  A1'A1'  14  9  A1"A1" 331110 1 1 1 0 0 0   216.0  232.0
571  720.719900 1.439E-22 5.451E+00.03330.070 1891.67570.750.000000 0 3 0   0  A2" 0 2 0   0  A1'  9  7  E" E'    9  7  E" E"  441110 1 1 1 0 0 0    76.0   76.0
571  720.742166 1.657E-24 3.962E-02.03330.070 1939.62920.750.000000 0 3 0   0  A2" 0 0 0   1  E'   9  6  A2'A1"   9  8  E' A1' 331110 1 1 1 0 0 0   152.0  152.0
571  720.889854 3.998E-28 3.307E-03.03330.070 3086.59340.750.000000 0 1 0   1  E"  0 2 0   0  A1' 14  6  A1'E"   14  4  E' E'  331110 1 1 1 0 0 0   116.0  116.0
571  721.025848 6.325E-28 2.087E-04.03330.070 2437.52100.750.000000 0 2 0   0  A1' 0 0 0   0  A1' 15  8  E' E'   16  5  E" E"  331110 1 1 1 0 0 0   124.0  132.0
571  721.158708 2.828E-22 2.158E+00.03940.070 1626.33060.750.000000 0 3 0   0  A2" 0 2 0   0  A1'  6  3  A2"A1'   6  3  A1"A1" 442110 1 1 2 0 0 0   104.0  104.0
571  721.271936 1.065E-26 5.329E-04.03330.070 1925.86020.750.000000 0 1 0   1  E"  0 2 0   0  A1'  8  3  A1"E'    8  1  E" E"  331110 1 1 1 0 0 0    68.0   68.0
571  721.281005 1.123E-22 2.221E+00.03330.070 1679.58460.750.000000 0 1 0   1  E"  0 0 0   1  E'   6  1  E" E'    5  1  E" E"  441110 1 1 1 0 0 0    52.0   44.0
571  721.393154 1.269E-25 1.242E-02.03330.070 2249.74440.750.000000 0 1 0   1  E"  0 0 0   1  E'  10  4  E' A1"   9  2  E' A1' 331110 1 1 1 0 0 0   168.0  152.0
571  721.569826 3.764E-26 2.062E-05.03330.070  866.04010.750.000000 0 0 0   1  E'  0 1 0   0  A2"  4  0  A1'E'    5  2  E' E"  331110 1 1 1 0 0 0    36.0   44.0
571  721.604481 4.001E-22 5.034E+00.03760.070 1784.13360.750.000000 0 3 0   0  A2" 0 2 0   0  A1'  8  6  A2'A1"   8  6  A1'A1' 442110 1 1 2 0 0 0   136.0  136.0
571  721.674129 1.110E-22 2.269E+00.03930.070 1686.13980.750.000000 0 1 0   1  E"  0 0 0   1  E'   6  0  A1'E"    5  0  A2'E'  442110 1 1 2 0 0 0    52.0   44.0
571  721.675127 1.984E-27 3.419E-05.03330.070 1749.78290.750.000000 0 0 0   1  E'  0 1 0   0  A2" 10  0  A1'E'   11  4  E' E"  331110 1 1 1 0 0 0    84.0   92.0
571  721.761180 1.174E-25 1.146E-03.03330.070 1337.61860.750.000000 0 1 0   1  E"  0 2 0   0  A1'  2  1  E" E'    2  1  E" E"  331110 1 1 1 0 0 0    20.0   20.0
571  721.871039 2.244E-22 2.052E+00.03330.070 1663.22410.750.000000 0 1 0   1  E"  0 0 0   1  E'   6  2  E' A1"   5  2  E' A1' 441110 1 1 1 0 0 0   104.0   88.0
571  721.945743 2.664E-23 3.351E-01.03330.070 1551.80560.750.000000 0 3 0   0  A2" 0 2 0   0  A1'  5  1  E" E'    5  1  E" E"  441110 1 1 1 0 0 0    44.0   44.0
571  722.180428 1.113E-22 2.058E+00.03330.070 1665.23650.750.000000 0 1 0   1  E"  0 0 0   1  E'   6  2  E' E"    5  2  E' E'  441110 1 1 1 0 0 0    52.0   44.0
571  722.254920 2.880E-27 2.633E-05.03330.070 1662.84020.750.000000 0 1 0   1  E"  0 2 0   0  A1'  6  2  E' A1"   6  0  A1'A1' 331110 1 1 1 0 0 0   104.0  104.0
571  722.392252 1.360E-19 2.336E+00.03830.070  400.89540.750.000000 0 1 0   0  A2" 0 0 0   0  A1'  7  0  A2'A1"   6  0  A1'A1' 442110 1 1 2 0 0 0   120.0  104.0
571  722.521506 3.013E-27 3.025E-04.03330.070 2091.23790.750.000000 0 1 0   1  E"  0 0 0   1  E'   9  3  A1"E'    8  1  E" E"  331110 1 1 1 0 0 0    76.0   68.0
571  722.564183 2.517E-22 4.471E+00.03330.070 1686.24340.750.000000 0 3 0   0  A2" 0 2 0   0  A1'  7  5  E" E'    7  5  E" E"  441110 1 1 1 0 0 0    60.0   60.0
571  722.677135 3.057E-27 3.088E-05.03330.070 1464.92620.750.000000 0 3 0   0  A2" 0 0 0   1  E'   4  1  E" E'    3  3  A2"E"  331110 1 1 1 0 0 0    36.0   28.0
571  722.766592 6.824E-20 2.292E+00.03330.070  396.11760.750.000000 0 1 0   0  A2" 0 0 0   0  A1'  7  1  E" E'    6  1  E" E"  441110 1 1 1 0 0 0    60.0   52.0
571  722.797252 2.325E-28 5.699E-08.03330.070  883.74030.750.000000 0 0 0   1  E'  0 1 0   0  A2"  5  4  E' A1'   5  0  A2'A1" 331110 1 1 1 0 0 0    88.0   88.0
571  722.863120 2.454E-26 6.678E-05.03330.070 1325.85440.750.000000 0 0 0   1  E'  0 1 0   0  A2"  8  3  A1"E"    9  5  E" E'  331110 1 1 1 0 0 0    68.0   76.0
571  722.906262 2.334E-27 7.401E+00.03330.070 4542.33540.750.000000 0 2 0   1  E'  0 1 0   1  E"  22 22  E' A1'  22 22  E' A1" 331110 1 1 1 0 0 0   360.0  360.0
571  722.973967 2.203E-22 2.254E+00.03330.070 1685.61190.750.000000 0 1 0   1  E"  0 0 0   1  E'   6  1  E" A1'   5  1  E" A1" 441110 1 1 1 0 0 0   104.0   88.0
571  723.049018 1.139E-22 1.355E+00.03330.070 1539.62960.750.000000 0 3 0   0  A2" 0 2 0   0  A1'  5  2  E' E"    5  2  E' E'  441110 1 1 1 0 0 0    44.0   44.0
571  723.148017 2.352E-28 1.703E-04.03330.070 2740.65650.750.000000 0 0 0   1  E'  0 1 0   0  A2" 15  7  E" A1"  16  9  A2"A1' 331110 1 1 1 0 0 0   248.0  264.0
571  723.227454 1.005E-27 1.556E-04.03330.070 2252.09780.750.000000 0 0 0   1  E'  0 1 0   0  A2" 13  6  A1'E'   14  8  E' E"  331110 1 1 1 0 0 0   108.0  116.0
571  723.386696 1.077E-22 1.740E+00.03960.070 1636.77110.750.000000 0 1 0   1  E"  0 0 0   1  E'   6  3  A1"E'    5  3  A1"E"  442110 1 1 2 0 0 0    52.0   44.0
571  723.458367 1.546E-25 1.556E-02.03330.070 2091.23790.750.000000 0 1 0   1  E"  0 0 0   1  E'   9  3  A2"E'    8  1  E" E"  331110 1 1 1 0 0 0    76.0   68.0
571  723.512699 1.012E-27 9.359E-06.03330.070 1325.43510.750.000000 0 1 0   1  E"  0 2 0   0  A1'  2  2  E' E"    2  2  E' E'  331110 1 1 1 0 0 0    20.0   20.0
571  723.685682 2.901E-22 3.882E+00.03330.070 1597.94110.750.000000 0 3 0   0  A2" 0 2 0   0  A1'  6  4  E' E"    6  4  E' E'  441110 1 1 1 0 0 0    52.0   52.0
571  723.694866 1.206E-26 4.129E-03.03330.070 2399.47820.750.000000 0 3 0   0  A2" 0 0 0   1  E'  12  8  E' E"   12 10  E' E'  331110 1 1 1 0 0 0   100.0  100.0
571  723.870429 1.316E-26 1.577E-03.03330.070 2147.56490.750.000000 0 1 0   1  E"  0 0 0   1  E'  10  6  A1'E"   10  8  E' E'  331110 1 1 1 0 0 0    84.0   84.0
571  723.893635 6.875E-20 2.160E+00.03330.070  381.77650.750.000000 0 1 0   0  A2" 0 0 0   0  A1'  7  2  E' E"    6  2  E' E'  441110 1 1 1 0 0 0    60.0   52.0
571  723.996511 1.223E-27 2.235E-03.03330.070 2759.72370.750.000000 0 1 0   1  E"  0 0 0   1  E'  13  7  E" E'   13  9  A1"E"  331110 1 1 1 0 0 0   108.0  108.0
571  724.131094 1.247E-26 4.500E-04.03330.070 2170.26170.750.000000 0 0 0   0  A1' 0 0 0   0  A1' 19 12  A1'A1'  18 15  A1"A1" 331110 1 1 1 0 0 0   312.0  296.0
571  724.512392 2.136E-25 1.019E-04.03330.070 1083.63440.750.000000 0 0 0   1  E'  0 1 0   0  A2"  7  5  E" A1"   7  3  A2"A1' 331110 1 1 1 0 0 0   120.0  120.0
571  724.564070 3.024E-28 8.351E-06.03330.070 1944.30570.750.000000 0 1 0   1  E"  0 2 0   0  A1'  8  2  E' A1"   9  6  A1'A1' 331110 1 1 1 0 0 0   136.0  152.0
571  724.660582 3.574E-25 1.954E-02.03330.070 1942.17700.750.000000 0 1 0   1  E"  0 0 0   1  E'   8  2  E' E"    7  0  A2'E'  331110 1 1 1 0 0 0    68.0   60.0
571  724.800541 5.237E-27 1.200E-04.03330.070 1825.28950.750.000000 0 0 0   1  E'  0 1 0   0  A2" 11  5  E" E"   12  7  E" E'  331110 1 1 1 0 0 0    92.0  100.0
571  724.875143 5.684E-22 3.077E+00.03960.070 1519.33950.750.000000 0 3 0   0  A2" 0 2 0   0  A1'  5  3  A2"A1'   5  3  A1"A1" 442110 1 1 2 0 0 0    88.0   88.0
571  724.886485 1.588E-28 3.036E-05.03330.070 2243.01220.750.000000 0 1 0   1  E"  0 0 0   1  E'  10  4  E' E"    9  2  E' E'  331110 1 1 1 0 0 0    84.0   76.0
571  724.965509 2.937E-24 5.189E-02.03330.070 1683.84200.750.000000 0 3 0   0  A2" 0 0 0   1  E'   7  5  E" E'    7  7  E" E"  331110 1 1 1 0 0 0    60.0   60.0
571  725.005821 5.004E-23 5.028E-01.03330.070 1462.59760.750.000000 0 3 0   0  A2" 0 2 0   0  A1'  4  1  E" E'    4  1  E" E"  441110 1 1 1 0 0 0    36.0   36.0
571  725.024375 2.237E-24 2.042E-02.03330.070 1391.19320.750.000000 0 1 0   1  E"  0 2 0   0  A1'  3  1  E" E'    3  1  E" E"  331110 1 1 1 0 0 0    28.0   28.0
571  725.141249 1.062E-22 1.760E+00.03960.070 1641.21420.750.000000 0 1 0   1  E"  0 0 0   1  E'   6  3  A2"E'    5  3  A2"E"  442110 1 1 2 0 0 0    52.0   44.0
571  725.624876 5.950E-28 1.531E-05.03330.070 1760.88090.750.000000 0 3 0   0  A2" 0 0 0   1  E'   7  2  E' E"    7  6  A2'E'  331110 1 1 1 0 0 0    60.0   60.0
571  725.716300 7.706E-25 1.058E-02.03330.070 1567.84740.750.000000 0 1 0   1  E"  0 0 0   1  E'   5  0  A2'E"    4  2  E' E'  331110 1 1 1 0 0 0    44.0   36.0
571  725.747089 4.131E-28 7.480E+00.03330.070 4765.62120.750.000000 0 2 0   1  E'  0 1 0   1  E"  23 23  E" E"   23 23  E" E'  331110 1 1 1 0 0 0   188.0  188.0
571  725.785854 1.378E-19 1.936E+00.03920.070  357.84860.750.000000 0 1 0   0  A2" 0 0 0   0  A1'  7  3  A2"A1'   6  3  A1"A1" 442110 1 1 2 0 0 0   120.0  104.0
571  725.880893 6.611E-27 6.998E-03.03330.070 2630.45830.750.000000 0 3 0   0  A2" 0 0 0   1  E'  12  1  E" E'   11  3  A1"E"  331110 1 1 1 0 0 0   100.0   92.0
571  725.948160 9.658E-23 1.314E+00.03330.070 1600.12180.750.000000 0 1 0   1  E"  0 0 0   1  E'   6  4  E' E"    5  4  E' E'  441110 1 1 1 0 0 0    52.0   44.0
571  726.107459 3.430E-22 7.546E+00.03600.070 1940.19090.750.000000 0 3 0   0  A2" 0 2 0   0  A1' 10  9  A2"A1'  10  9  A1"A1" 442110 1 1 2 0 0 0   168.0  168.0
571  726.126891 1.082E-22 7.749E+00.03330.070 2058.95970.750.000000 0 3 0   0  A2" 0 2 0   0  A1' 11 10  E' E"   11 10  E' E'  441110 1 1 1 0 0 0    92.0   92.0
571  726.176543 2.173E-22 2.064E+00.03330.070 1450.41780.750.000000 0 3 0   0  A2" 0 2 0   0  A1'  4  2  E' E"    4  2  E' E'  441110 1 1 1 0 0 0    36.0   36.0
571  726.181431 2.552E-22 7.303E+00.03330.070 1831.03830.750.000000 0 3 0   0  A2" 0 2 0   0  A1'  9  8  E' E"    9  8  E' E'  441110 1 1 1 0 0 0    76.0   76.0
571  726.237229 6.443E-23 7.920E+00.03330.070 2187.32480.750.000000 0 3 0   0  A2" 0 2 0   0  A1' 12 11  E" E'   12 11  E" E"  441110 1 1 1 0 0 0   100.0  100.0
571  726.351277 3.551E-22 7.007E+00.03330.070 1731.52050.750.000000 0 3 0   0  A2" 0 2 0   0  A1'  8  7  E" E'    8  7  E" E"  441110 1 1 1 0 0 0    68.0   68.0
571  726.435959 7.246E-23 8.068E+00.03590.070 2325.26490.750.000000 0 3 0   0  A2" 0 2 0   0  A1' 13 12  A2'A1"  13 12  A1'A1' 442110 1 1 2 0 0 0   216.0  216.0
571  726.619432 9.182E-22 6.636E+00.03830.070 1641.65470.750.000000 0 3 0   0  A2" 0 2 0   0  A1'  7  6  A2'A1"   7  6  A1'A1' 442110 1 1 2 0 0 0   120.0  120.0
571  726.660073 1.561E-25 1.348E-03.03330.070 1379.01120.750.000000 0 1 0   1  E"  0 2 0   0  A1'  3  2  E' E"    3  2  E' E'  331110 1 1 1 0 0 0    28.0   28.0
571  726.720548 1.928E-23 8.195E+00.03330.070 2472.75740.750.000000 0 3 0   0  A2" 0 2 0   0  A1' 14 13  E" E'   14 13  E" E"  441110 1 1 1 0 0 0   116.0  116.0
571  726.988290 5.451E-22 6.163E+00.03330.070 1561.45690.750.000000 0 3 0   0  A2" 0 2 0   0  A1'  6  5  E" E'    6  5  E" E"  441110 1 1 1 0 0 0    52.0   52.0
571  727.088457 9.732E-24 8.308E+00.03330.070 2629.77850.750.000000 0 3 0   0  A2" 0 2 0   0  A1' 15 14  E' E"   15 14  E' E'  331110 1 1 1 0 0 0   124.0  124.0
571  727.282668 3.384E-27 2.462E-05.03330.070 1548.65440.750.000000 0 0 0   1  E'  0 1 0   0  A2"  9  0  A2'E'   10  4  E' E"  331110 1 1 1 0 0 0    76.0   84.0
571  727.322050 5.519E-26 5.642E-04.03330.070 1464.92620.750.000000 0 1 0   1  E"  0 0 0   1  E'   4  1  E" E'    3  3  A2"E"  331110 1 1 1 0 0 0    36.0   28.0
571  727.460167 5.835E-22 5.540E+00.03330.070 1490.94170.750.000000 0 3 0   0  A2" 0 2 0   0  A1'  5  4  E' E"    5  4  E' E'  441110 1 1 1 0 0 0    44.0   44.0
571  727.537152 9.323E-24 8.408E+00.03540.070 2796.30280.750.000000 0 3 0   0  A2" 0 2 0   0  A1' 16 15  A2"A1'  16 15  A1"A1" 332110 1 1 2 0 0 0   264.0  264.0
571  727.586605 3.217E-26 3.214E-04.03330.070 1460.01680.750.000000 0 3 0   0  A2" 0 0 0   1  E'   4  1  E" E'    3  3  A1"E"  331110 1 1 1 0 0 0    36.0   28.0
571  727.680001 9.217E-23 8.473E-01.03330.070 1391.19320.750.000000 0 3 0   0  A2" 0 2 0   0  A1'  3  1  E" E'    3  1  E" E"  441110 1 1 1 0 0 0    28.0   28.0
571  727.920689 6.157E-27 6.108E-04.03330.070 2085.83870.750.000000 0 1 0   1  E"  0 2 0   0  A1'  9  3  A1"E'    9  1  E" E"  331110 1 1 1 0 0 0    76.0   76.0
571  728.038072 1.085E-21 4.691E+00.04050.070 1430.12250.750.000000 0 3 0   0  A2" 0 2 0   0  A1'  4  3  A2"A1'   4  3  A1"A1" 442110 1 1 2 0 0 0    72.0   72.0
571  728.064108 2.121E-24 8.497E+00.03330.070 2972.30410.750.000000 0 3 0   0  A2" 0 2 0   0  A1' 17 16  E' E"   17 16  E' E'  331110 1 1 1 0 0 0   140.0  140.0
571  728.182211 3.208E-26 7.643E-05.03330.070 1461.13010.750.000000 0 0 0   1  E'  0 1 0   0  A2"  9  4  E' A1'  10  6  A2'A1" 331110 1 1 1 0 0 0   152.0  168.0
571  728.225045 3.754E-26 1.336E-05.03330.070  773.68380.750.000000 0 0 0   1  E'  0 1 0   0  A2"  4  4  E' E'    4  2  E' E"  331110 1 1 1 0 0 0    36.0   36.0
571  728.247790 3.039E-27 1.437E-03.03330.070 2446.18680.750.000000 0 1 0   1  E"  0 2 0   0  A1' 11  4  E' E"   11  2  E' E'  331110 1 1 1 0 0 0    92.0   92.0
571  728.292362 6.123E-27 2.162E-04.03330.070 1929.58560.750.000000 0 0 0   1  E'  0 1 0   0  A2" 12  7  E" E"   12  5  E" E'  331110 1 1 1 0 0 0   100.0  100.0
571  728.463808 6.724E-20 1.617E+00.03330.070  324.29250.750.000000 0 1 0   0  A2" 0 0 0   0  A1'  7  4  E' E"    6  4  E' E'  441110 1 1 1 0 0 0    60.0   52.0
571  728.666829 9.175E-25 8.578E+00.03330.070 3157.75460.750.000000 0 3 0   0  A2" 0 2 0   0  A1' 18 17  E" E'   18 17  E" E"  331110 1 1 1 0 0 0   148.0  148.0
571  728.683360 1.395E-28 7.561E+00.03350.070 4998.18280.750.000000 0 2 0   1  E'  0 1 0   1  E"  24 24  A1'E'   24 24  A1'E"  332110 1 1 2 0 0 0   196.0  196.0
571  728.720889 4.012E-22 3.485E+00.03330.070 1379.01120.750.000000 0 3 0   0  A2" 0 2 0   0  A1'  3  2  E' E"    3  2  E' E'  441110 1 1 1 0 0 0    28.0   28.0
571  728.785651 1.876E-22 1.326E+00.03330.070 1606.53760.750.000000 0 1 0   1  E"  0 0 0   1  E'   6  4  E' A1"   5  4  E' A1' 441110 1 1 1 0 0 0   104.0   88.0
571  728.854412 3.156E-26 3.024E-05.03330.070 1052.75630.750.000000 0 0 0   1  E'  0 1 0   0  A2"  6  2  E' E'    7  4  E' E"  331110 1 1 1 0 0 0    52.0   60.0
571  728.857549 2.686E-27 2.670E-04.03330.070 2085.83870.750.000000 0 1 0   1  E"  0 2 0   0  A1'  9  3  A2"E'    9  1  E" E"  331110 1 1 1 0 0 0    76.0   76.0
571  728.895268 5.186E-27 5.534E-03.03330.070 2630.45830.750.000000 0 1 0   1  E"  0 0 0   1  E'  12  5  E" E'   11  3  A1"E"  331110 1 1 1 0 0 0   100.0   92.0
571  729.106083 8.641E-28 1.662E-04.03330.070 2451.06840.750.000000 0 0 0   1  E'  0 1 0   0  A2" 14  7  E" A1"  15  9  A2"A1' 331110 1 1 1 0 0 0   232.0  248.0
571  729.342855 7.552E-25 8.652E+00.03490.070 3352.62530.750.000000 0 3 0   0  A2" 0 2 0   0  A1' 19 18  A2'A1"  19 18  A1'A1' 332110 1 1 2 0 0 0   312.0  312.0
571  729.406455 1.348E-22 7.369E-01.03330.070 1553.18660.750.000000 0 1 0   1  E"  0 0 0   1  E'   6  5  E" A1'   5  5  E" A1" 441110 1 1 1 0 0 0   104.0   88.0
571  729.530001 1.756E-22 1.751E+00.03330.070 1337.61860.750.000000 0 3 0   0  A2" 0 2 0   0  A1'  2  1  E" E'    2  1  E" E"  441110 1 1 1 0 0 0    20.0   20.0
571  729.548973 2.497E-26 1.653E-04.03330.070 1548.65440.750.000000 0 0 0   1  E'  0 1 0   0  A2" 10  6  A1'E'   10  4  E' E"  331110 1 1 1 0 0 0    84.0   84.0
571  729.584326 2.134E-27 3.503E-05.03960.070 1636.77110.750.000000 0 1 0   1  E"  0 0 0   1  E'   6  3  A2"E'    5  3  A1"E"  332110 1 1 2 0 0 0    52.0   44.0
571  729.650736 1.107E-24 1.126E-02.03330.070 1462.59760.750.000000 0 1 0   1  E"  0 2 0   0  A1'  4  1  E" E'    4  1  E" E"  331110 1 1 1 0 0 0    36.0   36.0
571  729.744162 1.642E-27 2.163E-04.03330.070 2372.76750.750.000000 0 0 0   1  E'  0 1 0   0  A2" 14  8  E' A1'  14  6  A2'A1" 331110 1 1 1 0 0 0   232.0  232.0
571  729.957003 3.758E-28 3.853E-04.03330.070 2821.39100.750.000000 0 2 0   0  A1' 0 0 0   0  A1' 16  6  A1'A1'  17  3  A1"A1" 331110 1 1 1 0 0 0   264.0  280.0
571  730.071575 1.129E-28 1.686E-06.03330.070 1646.61270.750.000000 0 1 0   1  E"  0 2 0   0  A1'  7  6  A1'E"    6  2  E' E'  331110 1 1 1 0 0 0    60.0   52.0
571  730.089787 1.480E-25 8.720E+00.03330.070 3556.88630.750.000000 0 3 0   0  A2" 0 2 0   0  A1' 20 19  E" E'   20 19  E" E"  331110 1 1 1 0 0 0   164.0  164.0
571  730.238232 2.676E-27 1.320E-04.03330.070 1997.28160.750.000000 0 0 0   1  E'  0 1 0   0  A2" 12  6  A2'E'   13  8  E' E"  331110 1 1 1 0 0 0   100.0  108.0
571  730.343920 1.060E-26 1.309E-04.03330.070 1543.40750.750.000000 0 3 0   0  A2" 0 0 0   1  E'   5  1  E" E'    4  3  A1"E"  331110 1 1 1 0 0 0    44.0   36.0
571  730.532510 1.737E-26 9.079E-04.03330.070 1952.62780.750.000000 0 1 0   1  E"  0 0 0   1  E'   9  6  A2'E"    9  8  E' E'  331110 1 1 1 0 0 0    76.0   76.0
571  730.602216 2.002E-21 7.918E+00.04250.070 1358.71230.750.000000 0 3 0   0  A2" 0 2 0   0  A1'  3  3  A2"A1'   3  3  A1"A1" 442110 1 1 2 0 0 0    56.0   56.0
571  730.633859 1.250E-28 3.342E-03.03330.070 3413.08020.750.000000 0 0 0   0  A1' 0 0 0   0  A1' 22 11  E" E"   21 14  E' E'  331110 1 1 1 0 0 0   180.0  172.0
571  730.648610 7.474E-22 7.042E+00.03330.070 1325.43510.750.000000 0 3 0   0  A2" 0 2 0   0  A1'  2  2  E' E"    2  2  E' E'  441110 1 1 1 0 0 0    20.0   20.0
571  730.664011 1.113E-21 8.443E+00.03330.070 1401.71810.750.000000 0 3 0   0  A2" 0 2 0   0  A1'  4  4  E' E"    4  4  E' E'  441110 1 1 1 0 0 0    36.0   36.0
571  730.676821 1.469E-25 1.412E-03.03330.070 1450.41780.750.000000 0 1 0   1  E"  0 2 0   0  A1'  4  2  E' E"    4  2  E' E'  331110 1 1 1 0 0 0    36.0   36.0
571  730.703111 6.948E-27 3.336E-06.03330.070  713.04110.750.000000 0 0 0   1  E'  0 1 0   0  A2"  2  1  E" E"    3  1  E" E'  331110 1 1 1 0 0 0    20.0   28.0
571  730.775550 1.057E-26 1.709E-05.03330.070 1363.17220.750.000000 0 0 0   0  A1' 0 0 0   0  A1' 17 13  E" E"   16 16  E' E'  331110 1 1 1 0 0 0   140.0  132.0
571  730.808730 3.775E-22 5.289E+00.03330.070 1301.89220.750.000000 0 3 0   0  A2" 0 2 0   0  A1'  1  1  E" E'    1  1  E" E"  441110 1 1 1 0 0 0    12.0   12.0
571  730.833266 1.096E-21 8.794E+00.03330.070 1454.44540.750.000000 0 3 0   0  A2" 0 2 0   0  A1'  5  5  E" E'    5  5  E" E"  441110 1 1 1 0 0 0    44.0   44.0
571  730.905298 5.520E-26 8.782E+00.03330.070 3770.50640.750.000000 0 3 0   0  A2" 0 2 0   0  A1' 21 20  E' E"   21 20  E' E'  331110 1 1 1 0 0 0   172.0  172.0
571  730.940541 9.924E-28 1.562E-03.03330.070 2867.92800.750.000000 0 1 0   1  E"  0 2 0   0  A1' 13  5  E" A1'  13  3  A1"A1" 331110 1 1 1 0 0 0   216.0  216.0
571  730.976109 7.416E-26 2.621E-05.03330.070  954.63580.750.000000 0 0 0   1  E'  0 1 0   0  A2"  5  1  E" A1"   6  3  A2"A1' 331110 1 1 1 0 0 0    88.0  104.0
571  730.978305 4.948E-26 1.167E-02.03330.070 2444.21740.750.000000 0 1 0   1  E"  0 0 0   1  E'  11  4  E' A1"  10  2  E' A1' 331110 1 1 1 0 0 0   184.0  168.0
571  731.109299 1.967E-21 9.047E+00.03900.070 1516.88570.750.000000 0 3 0   0  A2" 0 2 0   0  A1'  6  6  A2'A1"   6  6  A1'A1' 442110 1 1 2 0 0 0   104.0  104.0
571  731.491112 8.153E-22 9.240E+00.03330.070 1589.02950.750.000000 0 3 0   0  A2" 0 2 0   0  A1'  7  7  E" E'    7  7  E" E"  441110 1 1 1 0 0 0    60.0   60.0
571  731.787159 3.926E-26 8.841E+00.03430.070 3993.45340.750.000000 0 3 0   0  A2" 0 2 0   0  A1' 22 21  A2"A1'  22 21  A1"A1" 332110 1 1 2 0 0 0   360.0  360.0
571  731.881650 2.065E-28 4.415E-03.03330.070 3375.35890.750.000000 0 0 0   1  E'  0 0 0   0  A1' 23 23  E" E"   24 22  E' E'  331110 1 1 1 0 0 0   188.0  196.0
571  731.959257 6.075E-20 1.195E+00.03330.070  281.05250.750.000000 0 1 0   0  A2" 0 0 0   0  A1'  7  5  E" E'    6  5  E" E"  441110 1 1 1 0 0 0    60.0   52.0
571  731.977654 6.303E-22 9.395E+00.03330.070 1670.86580.750.000000 0 3 0   0  A2" 0 2 0   0  A1'  8  8  E' E"    8  8  E' E'  441110 1 1 1 0 0 0    68.0   68.0
571  732.100510 2.156E-28 4.026E-04.03330.070 2759.72370.750.000000 0 3 0   0  A2" 0 0 0   1  E'  13  5  E" E'   13  9  A1"E"  331110 1 1 1 0 0 0   108.0  108.0
571  732.218078 3.326E-27 1.986E-03.03330.070 2509.23900.750.000000 0 1 0   1  E"  0 0 0   1  E'  12  7  E" E'   12  9  A1"E"  331110 1 1 1 0 0 0   100.0  100.0
571  732.231520 5.637E-28 5.699E-06.03330.070 1460.01680.750.000000 0 1 0   1  E"  0 0 0   1  E'   4  1  E" E'    3  3  A1"E"  331110 1 1 1 0 0 0    36.0   28.0
571  732.567834 9.139E-22 9.523E+00.03610.070 1762.38210.750.000000 0 3 0   0  A2" 0 2 0   0  A1'  9  9  A2"A1'   9  9  A1"A1" 442110 1 1 2 0 0 0   152.0  152.0
571  732.733264 6.655E-27 8.895E+00.03330.070 4225.69440.750.000000 0 3 0   0  A2" 0 2 0   0  A1' 23 22  E' E"   23 22  E' E'  331110 1 1 1 0 0 0   188.0  188.0
571  732.817632 5.023E-28 1.902E-05.03330.070 2027.67690.750.000000 0 3 0   0  A2" 0 0 0   1  E'   9  3  A2"A1'   9  7  E" A1" 331110 1 1 1 0 0 0   152.0  152.0
571  732.995702 3.372E-28 2.611E-03.03330.070 3222.83210.750.000000 0 1 0   1  E"  0 0 0   1  E'  15  8  E' A1"  15 10  E' A1' 331110 1 1 1 0 0 0   248.0  248.0
571  733.079503 9.814E-27 8.657E-05.03330.070 1605.82150.750.000000 0 0 0   1  E'  0 1 0   0  A2" 10  5  E" E"   11  7  E" E'  331110 1 1 1 0 0 0    84.0   92.0
571  733.090096 7.118E-26 1.563E-02.03330.070 2267.09530.750.000000 0 1 0   1  E"  0 0 0   1  E'  10  3  A2"E'    9  1  E" E"  331110 1 1 1 0 0 0    84.0   76.0
571  733.164985 7.538E-28 7.849E-04.03330.070 2623.17420.750.000000 0 3 0   0  A2" 0 0 0   1  E'  12  1  E" E'   11  3  A2"E"  331110 1 1 1 0 0 0   100.0   92.0
571  733.260527 3.118E-22 9.633E+00.03330.070 1863.56490.750.000000 0 3 0   0  A2" 0 2 0   0  A1' 10 10  E' E"   10 10  E' E'  441110 1 1 1 0 0 0    84.0   84.0
571  733.301113 6.480E-23 7.444E-01.03330.070 1561.37900.750.000000 0 1 0   1  E"  0 0 0   1  E'   6  5  E" E'    5  5  E" E"  441110 1 1 1 0 0 0    52.0   44.0
571  733.593957 6.421E-27 2.675E-03.03330.070 2417.31630.750.000000 0 3 0   0  A2" 0 0 0   1  E'  11  1  E" E'   10  3  A2"E"  331110 1 1 1 0 0 0    92.0   84.0
571  733.652778 1.212E-20 3.197E+00.03330.070  657.54040.750.000000 0 2 0   0  A1' 0 1 0   0  A2"  3  1  E" E"    2  1  E" E'  441110 1 1 1 0 0 0    28.0   20.0
571  733.683336 2.616E-26 3.712E-05.03330.070 1160.38500.750.000000 0 0 0   1  E'  0 1 0   0  A2"  7  3  A2"E"    8  5  E" E'  331110 1 1 1 0 0 0    60.0   68.0
571  733.741650 2.152E-27 8.946E+00.03330.070 4467.19530.750.000000 0 3 0   0  A2" 0 2 0   0  A1' 24 23  E" E'   24 23  E" E"  331110 1 1 1 0 0 0   196.0  196.0
571  733.746609 9.833E-26 8.670E-05.03330.070 1230.80210.750.000000 0 0 0   1  E'  0 1 0   0  A2"  8  5  E" A1"   8  3  A2"A1' 331110 1 1 1 0 0 0   136.0  136.0
571  733.749368 1.655E-28 2.435E-06.03330.070 1784.13360.750.000000 0 1 0   1  E"  0 2 0   0  A1'  7  2  E' A1"   8  6  A1'A1' 331110 1 1 1 0 0 0   120.0  136.0
571  733.903642 2.442E-27 2.453E-05.03330.070 1683.79670.750.000000 0 2 0   0  A1' 0 0 0   0  A1' 13 11  E" E"   14  8  E' E'  331110 1 1 1 0 0 0   108.0  116.0
571  734.037034 3.064E-26 7.956E-04.03920.070 1758.16650.750.000000 0 1 0   1  E"  0 0 0   1  E'   7  3  A2"E'    6  3  A1"E"  332110 1 1 2 0 0 0    60.0   52.0
571  734.054587 2.008E-22 9.730E+00.03330.070 1974.39940.750.000000 0 3 0   0  A2" 0 2 0   0  A1' 11 11  E" E'   11 11  E" E"  441110 1 1 1 0 0 0    92.0   92.0
571  734.080407 4.454E-27 1.512E-05.03330.070 1365.35450.750.000000 0 0 0   1  E'  0 1 0   0  A2"  8  0  A1'E'    9  4  E' E"  331110 1 1 1 0 0 0    68.0   76.0
571  734.081695 4.774E-26 2.211E-05.03330.070  866.04010.750.000000 0 0 0   1  E'  0 1 0   0  A2"  5  4  E' E'    5  2  E' E"  331110 1 1 1 0 0 0    44.0   44.0
571  734.259664 1.431E-25 1.542E-02.03330.070 2099.43490.750.000000 0 1 0   1  E"  0 0 0   1  E'   9  2  E' E"    8  0  A1'E'  331110 1 1 1 0 0 0    76.0   68.0
571  734.277708 3.338E-27 1.136E-04.03330.070 2091.84190.750.000000 0 2 0   0  A1' 0 0 0   0  A1' 14  9  A1"A1"  15  6  A1'A1' 331110 1 1 1 0 0 0   232.0  248.0
571  734.529745 1.579E-22 2.412E+00.03330.070 1791.35690.750.000000 0 1 0   1  E"  0 0 0   1  E'   7  1  E" A1'   6  1  E" A1" 441110 1 1 1 0 0 0   120.0  104.0
571  734.611622 1.711E-28 5.434E-05.03330.070 2360.95460.750.000000 0 3 0   0  A2" 0 0 0   1  E'  11  4  E' E"   11  8  E' E'  331110 1 1 1 0 0 0    92.0   92.0
571  734.638632 1.768E-28 1.776E-04.03330.070 2659.22490.750.000000 0 0 0   1  E'  0 1 0   0  A2" 15  8  E' E'   16 10  E' E"  331110 1 1 1 0 0 0   124.0  132.0
571  734.802329 8.099E-21 2.009E+00.03330.070  644.20890.750.000000 0 2 0   0  A1' 0 1 0   0  A2"  3  2  E' E'    2  2  E' E"  441110 1 1 1 0 0 0    28.0   20.0
571  734.948853 2.447E-22 9.818E+00.03600.070 2094.86950.750.000000 0 3 0   0  A2" 0 2 0   0  A1' 12 12  A2'A1"  12 12  A1'A1' 442110 1 1 2 0 0 0   200.0  200.0
571  735.125417 1.364E-26 6.356E-06.03330.070  773.68380.750.000000 0 0 0   1  E'  0 1 0   0  A2"  3  0  A2'E'    4  2  E' E"  331110 1 1 1 0 0 0    28.0   36.0
571  735.127294 1.589E-25 1.941E-03.03330.070 1538.62410.750.000000 0 3 0   0  A2" 0 0 0   1  E'   5  1  E" E'    4  3  A2"E"  331110 1 1 1 0 0 0    44.0   36.0
571  735.257600 1.563E-25 2.035E-03.03330.070 1551.80560.750.000000 0 1 0   1  E"  0 2 0   0  A1'  5  1  E" E'    5  1  E" E"  331110 1 1 1 0 0 0    44.0   44.0
571  735.340007 2.602E-27 1.453E-04.03330.070 2178.57100.750.000000 0 0 0   1  E'  0 1 0   0  A2" 13  7  E" A1"  14  9  A2"A1' 331110 1 1 1 0 0 0   216.0  232.0
571  735.428366 4.841E-26 5.945E-04.03330.070 1539.62960.750.000000 0 1 0   1  E"  0 2 0   0  A1'  5  2  E' E"    5  2  E' E'  331110 1 1 1 0 0 0    44.0   44.0
571  735.647509 2.867E-28 5.905E-06.03330.070 1940.19090.750.000000 0 1 0   1  E"  0 2 0   0  A1' 11 11  E" A1'  10  9  A1"A1" 331110 1 1 1 0 0 0   184.0  168.0
571  735.691668 3.622E-26 9.242E-06.03330.070  843.90120.750.000000 0 0 0   1  E'  0 1 0   0  A2"  4  1  E" A1"   5  3  A2"A1' 331110 1 1 1 0 0 0    72.0   88.0
571  735.909419 7.382E-26 1.258E-03.03330.070 1641.21420.750.000000 0 3 0   0  A2" 0 0 0   1  E'   6  1  E" E'    5  3  A2"E"  331110 1 1 1 0 0 0    52.0   44.0
571  735.942162 7.062E-23 9.899E+00.03330.070 2224.95770.750.000000 0 3 0   0  A2" 0 2 0   0  A1' 13 13  E" E'   13 13  E" E"  441110 1 1 1 0 0 0   108.0  108.0
571  736.155674 1.775E-26 1.354E-03.03330.070 2047.91450.750.000000 0 3 0   0  A2" 0 0 0   1  E'  10  7  E" E'   10  9  A1"E"  331110 1 1 1 0 0 0    84.0   84.0
571  736.179360 1.836E-28 1.926E-04.03330.070 2623.17420.750.000000 0 1 0   1  E"  0 0 0   1  E'  12  5  E" E'   11  3  A2"E"  331110 1 1 1 0 0 0   100.0   92.0
571  736.239410 7.599E-23 2.400E+00.03330.070 1797.35940.750.000000 0 1 0   1  E"  0 0 0   1  E'   7  1  E" E'    6  1  E" E"  441110 1 1 1 0 0 0    60.0   52.0
571  736.314892 8.587E-20 6.600E-01.03870.070  228.05330.750.000000 0 1 0   0  A2" 0 0 0   0  A1'  7  6  A2'A1"   6  6  A1'A1' 442110 1 1 2 0 0 0   120.0  104.0
571  736.434647 7.796E-23 2.282E+00.03330.070 1781.61070.750.000000 0 1 0   1  E"  0 0 0   1  E'   7  2  E' E"    6  2  E' E'  441110 1 1 1 0 0 0    60.0   52.0
571  736.570656 4.682E-27 9.298E-04.03330.070 2524.85390.750.000000 0 0 0   0  A1' 0 0 0   0  A1' 20 12  A1'A1'  19 15  A1"A1" 331110 1 1 1 0 0 0   328.0  312.0
571  736.602358 4.027E-28 1.071E-05.03330.070 1831.03830.750.000000 0 1 0   1  E"  0 2 0   0  A1' 10 10  E' E"    9  8  E' E'  331110 1 1 1 0 0 0    84.0   76.0
571  736.734441 7.444E-23 2.436E+00.03830.070 1804.36080.750.000000 0 1 0   1  E"  0 0 0   1  E'   7  0  A2'E"    6  0  A1'E'  442110 1 1 2 0 0 0    60.0   52.0
571  736.788319 4.192E-20 2.460E+00.03330.070  529.16200.750.000000 0 1 0   0  A2" 0 0 0   0  A1'  8  1  E" E'    7  1  E" E"  441110 1 1 1 0 0 0    68.0   60.0
571  736.842431 6.005E-28 1.307E-04.03330.070 2263.34300.750.000000 0 1 0   1  E"  0 2 0   0  A1' 10  3  A2"E'   10  1  E" E"  331110 1 1 1 0 0 0    84.0   84.0
571  736.943021 9.531E-28 5.694E-07.03330.070 1123.28760.750.000000 0 0 0   1  E'  0 1 0   0  A2"  7  4  E' A1'   7  0  A2'A1" 331110 1 1 1 0 0 0   120.0  120.0
571  736.973993 1.391E-26 3.508E-04.03330.070 1776.38920.750.000000 0 1 0   1  E"  0 0 0   1  E'   8  6  A1'E"    8  8  E' E'  331110 1 1 1 0 0 0    68.0   68.0
571  737.031657 1.534E-22 2.240E+00.03330.070 1780.85130.750.000000 0 1 0   1  E"  0 0 0   1  E'   7  2  E' A1"   6  2  E' A1' 441110 1 1 1 0 0 0   120.0  104.0
571  737.033360 3.866E-23 9.975E+00.03330.070 2364.64540.750.000000 0 3 0   0  A2" 0 2 0   0  A1' 14 14  E' E"   14 14  E' E'  441110 1 1 1 0 0 0   116.0  116.0
571  737.395014 9.597E-28 1.743E-05.03330.070 1731.52050.750.000000 0 1 0   1  E"  0 2 0   0  A1'  9  9  A1"E'    8  7  E" E"  331110 1 1 1 0 0 0    76.0   68.0
571  737.441356 2.305E-27 7.705E-04.03330.070 2545.61120.750.000000 0 3 0   0  A2" 0 0 0   1  E'  13  9  A2"A1'  13 11  E" A1" 331110 1 1 1 0 0 0   216.0  216.0
571  737.447347 2.835E-27 1.171E-03.03330.070 2413.46290.750.000000 0 3 0   0  A2" 0 0 0   1  E'  11  1  E" E'   10  3  A2"E"  331110 1 1 1 0 0 0    92.0   84.0
571  737.642252 5.687E-27 9.802E-05.03330.070 1759.90630.750.000000 0 0 0   1  E'  0 1 0   0  A2" 11  6  A1'E'   12  8  E' E"  331110 1 1 1 0 0 0    92.0  100.0
571  737.821849 7.300E-23 1.879E+00.03920.070 1754.38170.750.000000 0 1 0   1  E"  0 0 0   1  E'   7  3  A2"E'    6  3  A2"E"  442110 1 1 2 0 0 0    60.0   52.0
571  737.896692 4.288E-20 2.354E+00.03330.070  514.87850.750.000000 0 1 0   0  A2" 0 0 0   0  A1'  8  2  E' E"    7  2  E' E'  441110 1 1 1 0 0 0    68.0   60.0
571  737.950628 3.913E-26 4.376E-05.03330.070 1277.50510.750.000000 0 0 0   1  E'  0 1 0   0  A2"  8  4  E' A1'   9  6  A2'A1" 331110 1 1 1 0 0 0   136.0  152.0
571  738.021301 4.034E-27 2.650E-05.03330.070 1641.65470.750.000000 0 1 0   1  E"  0 2 0   0  A1'  8  8  E' A1"   7  6  A1'A1' 331110 1 1 1 0 0 0   136.0  120.0
571  738.221318 4.017E-23 1.005E+01.03620.070 2513.91280.750.000000 0 3 0   0  A2" 0 2 0   0  A1' 15 15  A2"A1'  15 15  A1"A1" 442110 1 1 2 0 0 0   248.0  248.0
571  738.477233 3.816E-27 3.852E-05.03330.070 1561.45690.750.000000 0 1 0   1  E"  0 2 0   0  A1'  7  7  E" E'    6  5  E" E"  331110 1 1 1 0 0 0    60.0   52.0
571  738.523201 1.856E-26 1.353E-04.03330.070 1337.61860.750.000000 0 1 0   1  E"  0 2 0   0  A1'  3  3  A2"E'    2  1  E" E"  331110 1 1 1 0 0 0    28.0   20.0
571  738.738350 1.048E-27 2.291E-04.03330.070 2263.34300.750.000000 0 1 0   1  E"  0 2 0   0  A1' 10  3  A1"E'   10  1  E" E"  331110 1 1 1 0 0 0    84.0   84.0
571  738.758992 6.567E-27 5.433E-05.03330.070 1490.94170.750.000000 0 1 0   1  E"  0 2 0   0  A1'  6  6  A1'E"    5  4  E' E'  331110 1 1 1 0 0 0    52.0   44.0
571  738.785451 1.472E-26 1.021E-04.03330.070 1379.01120.750.000000 0 1 0   1  E"  0 2 0   0  A1'  4  4  E' E"    3  2  E' E'  331110 1 1 1 0 0 0    36.0   28.0
571  738.862923 2.064E-26 7.507E-05.03330.070 1430.12250.750.000000 0 1 0   1  E"  0 2 0   0  A1'  5  5  E" A1'   4  3  A1"A1" 331110 1 1 1 0 0 0    88.0   72.0
571  738.869464 3.360E-26 6.041E-03.03330.070 2222.97260.750.000000 0 3 0   0  A2" 0 0 0   1  E'  10  1  E" E'    9  3  A2"E"  331110 1 1 1 0 0 0    84.0   76.0
571  738.959108 1.052E-27 2.812E-05.03330.070 1929.91070.750.000000 0 1 0   1  E"  0 2 0   0  A1'  8  2  E' A1"   8  0  A1'A1' 331110 1 1 1 0 0 0   136.0  136.0
571  738.986403 2.112E-26 1.320E-02.03330.070 2657.64090.750.000000 0 1 0   1  E"  0 0 0   1  E'  12  4  E' A1"  11  2  E' A1' 331110 1 1 1 0 0 0   200.0  184.0
571  739.083300 1.083E-27 2.259E-03.03330.070 2936.04570.750.000000 0 1 0   1  E"  0 0 0   1  E'  14  8  E' A1"  14 10  E' A1' 331110 1 1 1 0 0 0   232.0  232.0
571  739.188197 5.449E-23 1.434E+00.03920.070 1758.16650.750.000000 0 1 0   1  E"  0 0 0   1  E'   7  3  A1"E'    6  3  A1"E"  442110 1 1 2 0 0 0    60.0   52.0
571  739.504948 9.914E-24 1.012E+01.03330.070 2672.73900.750.000000 0 3 0   0  A2" 0 2 0   0  A1' 16 16  E' E"   16 16  E' E'  441110 1 1 1 0 0 0   132.0  132.0
571  739.731545 6.397E-27 1.367E-03.03330.070 2276.74340.750.000000 0 1 0   1  E"  0 0 0   1  E'  11  7  E" E'   11  9  A2"E"  331110 1 1 1 0 0 0    92.0   92.0
571  739.756499 8.855E-20 2.175E+00.03890.070  491.04560.750.000000 0 1 0   0  A2" 0 0 0   0  A1'  8  3  A2"A1'   7  3  A1"A1" 442110 1 1 2 0 0 0   136.0  120.0
571  739.928175 8.248E-27 1.480E-03.03330.070 2221.91390.750.000000 0 3 0   0  A2" 0 0 0   1  E'  10  1  E" E'    9  3  A1"E"  331110 1 1 1 0 0 0    84.0   76.0
571  739.928453 2.697E-25 2.603E-03.03330.070 1325.43510.750.000000 0 1 0   1  E"  0 2 0   0  A1'  2  0  A1'E"    2  2  E' E'  331110 1 1 1 0 0 0    20.0   20.0
571  740.061759 2.353E-23 6.206E-01.03330.070 1758.16650.750.000000 0 3 0   0  A2" 0 0 0   1  E'   7  1  E" E'    6  3  A1"E"  441110 1 1 1 0 0 0    60.0   52.0
571  740.137949 6.030E-28 1.603E-04.03330.070 2369.13060.750.000000 0 0 0   1  E'  0 1 0   0  A2" 14  8  E' E'   15 10  E' E"  331110 1 1 1 0 0 0   116.0  124.0
571  740.352495 6.203E-25 1.047E-02.03330.070 1636.77110.750.000000 0 3 0   0  A2" 0 0 0   1  E'   6  1  E" E'    5  3  A1"E"  331110 1 1 1 0 0 0    52.0   44.0
571  740.396550 6.317E-28 2.670E-04.03330.070 2478.14080.750.000000 0 2 0   0  A1' 0 0 0   0  A1' 15  7  E" E"   16  4  E' E'  331110 1 1 1 0 0 0   124.0  132.0
571  740.605275 7.846E-23 1.703E+00.03330.070 1717.79430.750.000000 0 1 0   1  E"  0 0 0   1  E'   7  4  E' E"    6  4  E' E'  441110 1 1 1 0 0 0    60.0   52.0
571  740.715074 7.480E-28 1.988E-07.03330.070  954.63580.750.000000 0 0 0   1  E'  0 1 0   0  A2"  7  7  E" A1"   6  3  A2"A1' 331110 1 1 1 0 0 0   120.0  104.0
571  740.753239 1.033E-25 4.660E-03.03330.070 1894.06840.750.000000 0 3 0   0  A2" 0 0 0   1  E'   8  1  E" E'    7  3  A2"E"  331110 1 1 1 0 0 0    68.0   60.0
571  740.804201 2.660E-26 4.715E-04.03330.070 1646.61270.750.000000 0 1 0   1  E"  0 2 0   0  A1'  6  2  E' E"    6  2  E' E'  331110 1 1 1 0 0 0    52.0   52.0
571  740.820911 4.487E-28 5.658E-04.03330.070 2658.48380.750.000000 0 1 0   1  E"  0 2 0   0  A1' 12  4  E' E"   12  2  E' E'  331110 1 1 1 0 0 0   100.0  100.0
571  740.883220 4.655E-24 1.019E+01.03330.070 2841.10180.750.000000 0 3 0   0  A2" 0 2 0   0  A1' 17 17  E" E'   17 17  E" E"  331110 1 1 1 0 0 0   140.0  140.0
571  741.066276 3.571E-26 2.441E-05.03330.070  976.72800.750.000000 0 0 0   1  E'  0 1 0   0  A2"  6  4  E' E'    6  2  E' E"  331110 1 1 1 0 0 0    52.0   52.0
571  741.125057 2.533E-26 2.171E-03.03330.070 2048.71750.750.000000 0 3 0   0  A2" 0 0 0   1  E'   9  1  E" E'    8  3  A1"E"  331110 1 1 1 0 0 0    76.0   68.0
571  741.471924 2.723E-26 1.439E-02.03330.070 2462.00500.750.000000 0 1 0   1  E"  0 0 0   1  E'  11  3  A1"E'   10  1  E" E"  331110 1 1 1 0 0 0    92.0   84.0
571  741.555183 1.746E-26 1.091E-05.03330.070  923.68130.750.000000 0 0 0   1  E'  0 1 0   0  A2"  5  2  E' E'    6  4  E' E"  331110 1 1 1 0 0 0    44.0   52.0
571  741.846821 6.960E-27 1.154E-04.03330.070 1749.78290.750.000000 0 0 0   1  E'  0 1 0   0  A2" 11  6  A2'E'   11  4  E' E"  331110 1 1 1 0 0 0    92.0   92.0
571  741.873622 1.371E-26 5.130E-05.03330.070 1404.09840.750.000000 0 0 0   1  E'  0 1 0   0  A2"  9  5  E" E"   10  7  E" E'  331110 1 1 1 0 0 0    76.0   84.0
571  741.912683 6.273E-27 1.113E-04.03330.070 1923.36100.750.000000 0 0 0   1  E'  0 1 0   0  A2" 12  7  E" A1"  13  9  A2"A1' 331110 1 1 1 0 0 0   200.0  216.0
571  741.984403 2.235E-28 2.581E-05.03330.070 2166.11930.750.000000 0 0 0   1  E'  0 1 0   0  A2" 12  1  E" E"   13  5  E" E'  331110 1 1 1 0 0 0   100.0  108.0
571  742.082470 4.703E-26 8.872E-04.03330.070 1658.78320.750.000000 0 1 0   1  E"  0 2 0   0  A1'  6  1  E" E'    6  1  E" E"  331110 1 1 1 0 0 0    52.0   52.0
571  742.161437 4.246E-27 7.467E-06.03330.070 1200.01560.750.000000 0 0 0   1  E'  0 1 0   0  A2"  7  0  A2'E'    8  4  E' E"  331110 1 1 1 0 0 0    60.0   68.0
571  742.238807 1.778E-25 1.520E-02.03330.070 2047.60380.750.000000 0 3 0   0  A2" 0 0 0   1  E'   9  1  E" E'    8  3  A2"E"  331110 1 1 1 0 0 0    76.0   68.0
571  742.355184 4.157E-24 1.026E+01.03460.070 3018.97830.750.000000 0 3 0   0  A2" 0 2 0   0  A1' 18 18  A2'A1"  18 18  A1'A1' 332110 1 1 2 0 0 0   296.0  296.0
571  742.388628 4.568E-20 1.921E+00.03330.070  457.62700.750.000000 0 1 0   0  A2" 0 0 0   0  A1'  8  4  E' E"    7  4  E' E'  441110 1 1 1 0 0 0    68.0   60.0
571  742.449004 1.295E-27 1.386E-04.03330.070 2166.11930.750.000000 0 0 0   1  E'  0 1 0   0  A2" 13  7  E" E"   13  5  E" E'  331110 1 1 1 0 0 0   108.0  108.0
571  742.475494 4.202E-26 5.042E-04.03330.070 1763.26260.750.000000 0 3 0   0  A2" 0 0 0   1  E'   8  6  A2'A1"   8  8  E' A1' 331110 1 1 1 0 0 0   136.0  136.0
571  742.573463 4.934E-26 1.159E-02.03330.070 2275.93700.750.000000 0 1 0   1  E"  0 0 0   1  E'  10  2  E' E"    9  0  A2'E'  331110 1 1 1 0 0 0    84.0   76.0
571  742.577501 7.057E-25 1.376E-02.03330.070 1665.23650.750.000000 0 1 0   1  E"  0 0 0   1  E'   6  0  A1'E"    5  2  E' E'  331110 1 1 1 0 0 0    52.0   44.0
571  742.874502 1.166E-27 1.311E-05.03330.070 1551.80560.750.000000 0 1 0   1  E"  0 2 0   0  A1'  6  5  E" E'    5  1  E" E"  331110 1 1 1 0 0 0    52.0   44.0
571  742.973012 2.283E-24 5.954E-02.03920.070 1754.38170.750.000000 0 1 0   1  E"  0 0 0   1  E'   7  3  A1"E'    6  3  A2"E"  332110 1 1 2 0 0 0    60.0   52.0
571  743.095212 1.531E-22 1.722E+00.03330.070 1723.85730.750.000000 0 1 0   1  E"  0 0 0   1  E'   7  4  E' A1"   6  4  E' A1' 441110 1 1 1 0 0 0   120.0  104.0
571  743.338733 2.832E-25 2.555E-03.03330.070 1379.01120.750.000000 0 1 0   1  E"  0 2 0   0  A1'  3  0  A2'E"    3  2  E' E'  331110 1 1 1 0 0 0    28.0   28.0
571  743.458579 1.836E-24 8.230E-02.03330.070 1891.36300.750.000000 0 3 0   0  A2" 0 0 0   1  E'   8  1  E" E'    7  3  A1"E"  331110 1 1 1 0 0 0    68.0   60.0
571  743.517055 1.158E-26 8.781E-05.03330.070 1685.72090.750.000000 0 0 0   0  A1' 0 0 0   0  A1' 18 13  E" E"   17 16  E' E'  331110 1 1 1 0 0 0   148.0  140.0
571  743.655776 1.445E-25 1.846E-03.03330.070 1543.40750.750.000000 0 1 0   1  E"  0 0 0   1  E'   5  1  E" E'    4  3  A1"E"  331110 1 1 1 0 0 0    44.0   36.0
571  743.846573 3.972E-24 1.038E-01.03330.070 1754.38170.750.000000 0 3 0   0  A2" 0 0 0   1  E'   7  1  E" E'    6  3  A2"E"  331110 1 1 1 0 0 0    60.0   52.0
571  743.919997 8.837E-25 1.032E+01.03330.070 3206.34430.750.000000 0 3 0   0  A2" 0 2 0   0  A1' 19 19  E" E'   19 19  E" E"  331110 1 1 1 0 0 0   156.0  156.0
571  743.998304 1.450E-22 1.264E+00.03330.070 1670.98490.750.000000 0 1 0   1  E"  0 0 0   1  E'   7  5  E" A1'   6  5  E" A1" 441110 1 1 1 0 0 0   120.0  104.0
571  744.007228 3.747E-26 6.777E-05.03330.070 1396.04250.750.000000 0 0 0   1  E'  0 1 0   0  A2"  9  5  E" A1"   9  3  A2"A1' 331110 1 1 1 0 0 0   152.0  152.0
571  744.064169 2.664E-28 5.407E-06.03330.070 1893.45700.750.000000 0 1 0   1  E"  0 2 0   0  A1'  9  7  E" A1'   8  3  A1"A1" 331110 1 1 1 0 0 0   152.0  136.0
571  744.488992 2.338E-28 1.553E-04.03330.070 2568.93220.750.000000 0 0 0   1  E'  0 1 0   0  A2" 15  9  A1"E"   16 11  E" E'  331110 1 1 1 0 0 0   124.0  132.0
571  745.154778 1.688E-26 1.390E-05.03330.070 1013.01180.750.000000 0 0 0   1  E'  0 1 0   0  A2"  6  3  A1"E"    7  5  E" E'  331110 1 1 1 0 0 0    52.0   60.0
571  745.195451 2.282E-28 1.195E-04.03330.070 2458.28150.750.000000 0 1 0   1  E"  0 2 0   0  A1' 11  3  A1"E'   11  1  E" E"  331110 1 1 1 0 0 0    92.0   92.0
571  745.513210 9.102E-27 6.024E-05.03330.070 1540.14530.750.000000 0 0 0   1  E'  0 1 0   0  A2" 10  6  A2'E'   11  8  E' E"  331110 1 1 1 0 0 0    84.0   92.0
571  745.555162 2.647E-28 1.271E-04.03330.070 2644.14300.750.000000 0 0 0   1  E'  0 1 0   0  A2" 15  8  E' A1'  15  6  A2'A1" 331110 1 1 1 0 0 0   248.0  248.0
571  745.576945 3.577E-25 1.039E+01.03330.070 3403.17470.750.000000 0 3 0   0  A2" 0 2 0   0  A1' 20 20  E' E"   20 20  E' E'  331110 1 1 1 0 0 0   164.0  164.0
571  745.821430 4.604E-20 1.584E+00.03330.070  414.56360.750.000000 0 1 0   0  A2" 0 0 0   0  A1'  8  5  E" E'    7  5  E" E"  441110 1 1 1 0 0 0    68.0   60.0
571  745.912082 1.309E-28 9.719E-07.03330.070 1337.61860.750.000000 0 1 0   1  E"  0 2 0   0  A1'  3  3  A1"E'    2  1  E" E"  331110 1 1 1 0 0 0    28.0   20.0
571  745.948609 1.618E-27 1.244E-04.03330.070 2096.16100.750.000000 0 0 0   1  E'  0 1 0   0  A2" 13  8  E' E'   14 10  E' E"  331110 1 1 1 0 0 0   108.0  116.0
571  746.168794 5.133E-28 2.063E-05.03330.070 1929.58560.750.000000 0 0 0   1  E'  0 1 0   0  A2" 11  1  E" E"   12  5  E" E'  331110 1 1 1 0 0 0    92.0  100.0
571  746.721270 1.471E-26 4.205E-04.03330.070 1771.32410.750.000000 0 1 0   1  E"  0 2 0   0  A1'  7  2  E' E"    7  2  E' E'  331110 1 1 1 0 0 0    60.0   60.0
571  746.864805 2.657E-28 1.692E-07.03330.070  657.54040.750.000000 0 0 0   1  E'  0 1 0   0  A2"  1  1  E" E"    2  1  E" E'  331110 1 1 1 0 0 0    12.0   20.0
571  746.975682 2.410E-27 8.619E-07.03330.070  713.04110.750.000000 0 0 0   1  E'  0 1 0   0  A2"  3  3  A1"E"    3  1  E" E'  331110 1 1 1 0 0 0    28.0   28.0
571  747.146999 9.307E-27 7.836E-04.03330.070 2062.50500.750.000000 0 1 0   1  E"  0 0 0   1  E'  10  7  E" E'   10  9  A2"E"  331110 1 1 1 0 0 0    84.0   84.0
571  747.325473 2.759E-25 1.046E+01.03440.070 3609.44380.750.000000 0 3 0   0  A2" 0 2 0   0  A1' 21 21  A2"A1'  21 21  A1"A1" 332110 1 1 2 0 0 0   344.0  344.0
571  747.434759 2.849E-27 1.760E-03.03330.070 2666.74040.750.000000 0 1 0   1  E"  0 0 0   1  E'  13  8  E' A1"  13 10  E' A1' 331110 1 1 1 0 0 0   216.0  216.0
571  747.575796 6.981E-23 1.277E+00.03330.070 1679.03030.750.000000 0 1 0   1  E"  0 0 0   1  E'   7  5  E" E'    6  5  E" E"  441110 1 1 1 0 0 0    60.0   52.0
571  747.988673 1.970E-25 1.979E-03.03330.070 1450.41780.750.000000 0 1 0   1  E"  0 2 0   0  A1'  4  0  A1'E"    4  2  E' E'  331110 1 1 1 0 0 0    36.0   36.0
571  748.297412 5.544E-22 3.799E+00.04500.070 1288.08810.750.000000 0 3 0   0  A2" 0 2 0   0  A1'  1  0  A2'A1"   0  0  A1'A1' 442110 1 1 2 0 0 0    24.0    8.0
571  748.330803 5.246E-23 7.004E-01.03870.070 1613.84560.750.000000 0 1 0   1  E"  0 0 0   1  E'   7  6  A2'E"    6  6  A1'E'  442110 1 1 2 0 0 0    60.0   52.0
571  748.352135 2.971E-26 1.729E-05.03330.070 1111.87850.750.000000 0 0 0   1  E'  0 1 0   0  A2"  7  4  E' A1'   8  6  A2'A1" 331110 1 1 1 0 0 0   120.0  136.0
571  748.439151 4.345E-28 5.490E-06.03330.070 1538.62410.750.000000 0 1 0   1  E"  0 0 0   1  E'   5  1  E" E'    4  3  A2"E"  331110 1 1 1 0 0 0    44.0   36.0
571  748.656542 9.009E-27 1.260E-02.03330.070 2675.75440.750.000000 0 1 0   1  E"  0 0 0   1  E'  12  3  A2"E'   11  1  E" E"  331110 1 1 1 0 0 0   100.0   92.0
571  748.679441 1.459E-27 1.729E-03.03330.070 2895.80310.750.000000 0 0 0   0  A1' 0 0 0   0  A1' 21 12  A1'A1'  20 15  A1"A1" 331110 1 1 1 0 0 0   344.0  328.0
571  748.866333 2.258E-28 1.967E-04.03330.070 2777.94650.750.000000 0 0 0   1  E'  0 1 0   0  A2" 16 10  E' A1'  17 12  A2'A1" 331110 1 1 1 0 0 0   264.0  280.0
571  748.897320 1.149E-26 7.097E-05.03330.070 1685.62530.750.000000 0 0 0   1  E'  0 1 0   0  A2" 11  7  E" A1"  12  9  A2"A1' 331110 1 1 1 0 0 0   184.0  200.0
571  748.974343 3.224E-27 4.716E-05.03330.070 1753.19250.750.000000 0 2 0   0  A1' 0 0 0   0  A1' 13 10  E' E'   14  7  E" E"  331110 1 1 1 0 0 0   108.0  116.0
571  749.155912 1.954E-26 2.211E-05.03330.070 1105.67010.750.000000 0 0 0   1  E'  0 1 0   0  A2"  7  4  E' E'    7  2  E' E"  331110 1 1 1 0 0 0    60.0   60.0
571  749.165225 5.070E-26 1.053E+01.03330.070 3825.12490.750.000000 0 3 0   0  A2" 0 2 0   0  A1' 22 22  E' E"   22 22  E' E'  331110 1 1 1 0 0 0   180.0  180.0
571  749.178633 2.782E-20 3.976E+00.04230.070  717.47920.750.000000 0 2 0   0  A1' 0 1 0   0  A2"  4  0  A1'A1'   3  0  A2'A1" 442110 1 1 2 0 0 0    72.0   56.0
571  749.556466 1.333E-20 3.734E+00.03330.070  713.04110.750.000000 0 2 0   0  A1' 0 1 0   0  A2"  4  1  E" E"    3  1  E" E'  441110 1 1 1 0 0 0    36.0   28.0
571  749.642435 8.284E-28 1.451E-04.03330.070 2278.28070.750.000000 0 0 0   1  E'  0 1 0   0  A2" 14  9  A2"E"   15 11  E" E'  331110 1 1 1 0 0 0   116.0  124.0
571  749.707679 1.507E-26 8.513E-03.03330.070 2471.45800.750.000000 0 1 0   1  E"  0 0 0   1  E'  11  2  E' E"   10  0  A1'E'  331110 1 1 1 0 0 0    92.0   84.0
571  749.860141 4.564E-20 2.650E+00.03720.070  685.58420.750.000000 0 1 0   0  A2" 0 0 0   0  A1'  9  0  A2'A1"   8  0  A1'A1' 442110 1 1 2 0 0 0   152.0  136.0
571  750.012226 1.017E-27 4.811E-07.03330.070  699.72320.750.000000 0 0 0   1  E'  0 1 0   0  A2"  2  0  A1'E'    3  2  E' E"  331110 1 1 1 0 0 0    20.0   28.0
571  750.039637 4.817E-23 2.485E+00.03330.070 1916.79800.750.000000 0 1 0   1  E"  0 0 0   1  E'   8  2  E' E"    7  2  E' E'  441110 1 1 1 0 0 0    68.0   60.0
571  750.072778 8.562E-26 3.956E-03.03890.070 1894.06840.750.000000 0 1 0   1  E"  0 0 0   1  E'   8  3  A2"E'    7  3  A2"E"  332110 1 1 2 0 0 0    68.0   60.0
571  750.095514 8.614E-20 1.159E+00.03810.070  361.78300.750.000000 0 1 0   0  A2" 0 0 0   0  A1'  8  6  A2'A1"   7  6  A1'A1' 442110 1 1 2 0 0 0   136.0  120.0
571  750.112579 1.659E-26 5.074E-04.03330.070 1783.48620.750.000000 0 1 0   1  E"  0 2 0   0  A1'  7  1  E" E'    7  1  E" E"  331110 1 1 1 0 0 0    60.0   60.0
571  750.221569 2.307E-20 2.621E+00.03330.070  680.84720.750.000000 0 1 0   0  A2" 0 0 0   0  A1'  9  1  E" E'    8  1  E" E"  441110 1 1 1 0 0 0    76.0   68.0
571  750.557624 1.719E-28 9.127E-05.03330.070 2458.28150.750.000000 0 1 0   1  E"  0 2 0   0  A1' 11  3  A2"E'   11  1  E" E"  331110 1 1 1 0 0 0    92.0   92.0
571  750.583396 4.561E-23 2.570E+00.03330.070 1934.61210.750.000000 0 1 0   1  E"  0 0 0   1  E'   8  1  E" E'    7  1  E" E"  441110 1 1 1 0 0 0    68.0   60.0
571  750.694641 1.141E-20 3.003E+00.03330.070  699.72320.750.000000 0 2 0   0  A1' 0 1 0   0  A2"  4  2  E' E'    3  2  E' E"  441110 1 1 1 0 0 0    36.0   28.0
571  750.978877 9.497E-23 2.469E+00.03330.070 1917.89090.750.000000 0 1 0   1  E"  0 0 0   1  E'   8  2  E' A1"   7  2  E' A1' 441110 1 1 1 0 0 0   136.0  120.0
571  751.096072 1.776E-26 1.060E+01.03330.070 4050.19080.750.000000 0 3 0   0  A2" 0 2 0   0  A1' 23 23  E" E'   23 23  E" E"  331110 1 1 1 0 0 0   188.0  188.0
571  751.115689 4.444E-23 2.601E+00.03770.070 1942.17700.750.000000 0 1 0   1  E"  0 0 0   1  E'   8  0  A1'E"    7  0  A2'E'  442110 1 1 2 0 0 0    68.0   60.0
571  751.268535 1.227E-26 2.150E-05.03330.070 1220.26640.750.000000 0 0 0   1  E'  0 1 0   0  A2"  8  5  E" E"    9  7  E" E'  331110 1 1 1 0 0 0    68.0   76.0
571  751.272642 1.859E-28 4.491E-04.03330.070 2843.84150.750.000000 0 2 0   0  A1' 0 0 0   0  A1' 16  5  E" E"   17  2  E' E'  331110 1 1 1 0 0 0   132.0  140.0
571  751.309415 2.384E-20 2.534E+00.03330.070  666.62860.750.000000 0 1 0   0  A2" 0 0 0   0  A1'  9  2  E' E"    8  2  E' E'  441110 1 1 1 0 0 0    76.0   68.0
571  751.411330 9.335E-28 1.436E-05.03330.070 1710.59370.750.000000 0 0 0   1  E'  0 1 0   0  A2" 10  1  E" E"   11  5  E" E'  331110 1 1 1 0 0 0    84.0   92.0
571  751.477765 1.549E-28 2.127E-04.03330.070 2700.98430.750.000000 0 3 0   0  A2" 0 0 0   1  E'  14 10  E' E"   14 12  A1'E'  331110 1 1 1 0 0 0   116.0  116.0
571  751.604536 2.632E-27 2.674E-06.03330.070 1052.75630.750.000000 0 0 0   1  E'  0 1 0   0  A2"  6  0  A1'E'    7  4  E' E"  331110 1 1 1 0 0 0    52.0   60.0
571  751.640814 3.399E-27 1.370E-06.03330.070  786.98330.750.000000 0 0 0   1  E'  0 1 0   0  A2"  4  3  A2"E"    4  1  E" E'  331110 1 1 1 0 0 0    36.0   36.0
571  751.781374 4.623E-27 4.379E-03.03330.070 2593.91230.750.000000 0 3 0   0  A2" 0 0 0   1  E'  12  2  E' E"   11  4  E' E'  331110 1 1 1 0 0 0   100.0   92.0
571  751.938917 2.227E-27 2.859E-04.03330.070 2165.48380.750.000000 0 3 0   0  A2" 0 0 0   1  E'  11  8  E' E"   11 10  E' E'  331110 1 1 1 0 0 0    92.0   92.0
571  751.944679 8.847E-23 2.610E+00.03330.070 1943.36870.750.000000 0 1 0   1  E"  0 0 0   1  E'   8  1  E" A1'   7  1  E" A1" 441110 1 1 1 0 0 0   136.0  120.0
571  752.023741 3.455E-27 8.408E-05.03330.070 1840.51650.750.000000 0 0 0   1  E'  0 1 0   0  A2" 12  8  E' E'   13 10  E' E"  331110 1 1 1 0 0 0   100.0  108.0
571  752.196332 1.773E-27 1.612E-04.03330.070 2142.01180.750.000000 0 2 0   0  A1' 0 0 0   0  A1' 14  8  E' E'   15  5  E" E"  331110 1 1 1 0 0 0   116.0  124.0
571  752.607409 1.489E-20 1.767E+00.04250.070  677.51510.750.000000 0 2 0   0  A1' 0 1 0   0  A2"  4  3  A1"A1"   3  3  A2"A1' 442110 1 1 2 0 0 0    72.0   56.0
571  752.612207 4.402E-28 6.276E-07.03330.070 1200.01560.750.000000 0 0 0   1  E'  0 1 0   0  A2"  9  8  E' E'    8  4  E' E"  331110 1 1 1 0 0 0    76.0   68.0
571  752.778119 4.800E-23 2.204E+00.03890.070 1891.36300.750.000000 0 1 0   1  E"  0 0 0   1  E'   8  3  A2"E'    7  3  A1"E"  442110 1 1 2 0 0 0    68.0   60.0
571  752.922391 2.402E-27 2.595E-06.03330.070 1341.94710.750.000000 0 2 0   0  A1' 0 0 0   0  A1' 12 12  A1'A1'  13  9  A1"A1" 331110 1 1 1 0 0 0   200.0  216.0
571  753.006087 5.001E-23 7.089E-01.03870.070 1623.67820.750.000000 0 1 0   1  E"  0 0 0   1  E'   7  6  A1'E"    6  6  A1'E'  442110 1 1 2 0 0 0    60.0   52.0
571  753.063786 4.929E-23 2.295E+00.03890.070 1894.06840.750.000000 0 1 0   1  E"  0 0 0   1  E'   8  3  A1"E'    7  3  A2"E"  442110 1 1 2 0 0 0    68.0   60.0
571  753.118159 1.187E-26 1.068E+01.03350.070 4284.61410.750.000000 0 3 0   0  A2" 0 2 0   0  A1' 24 24  A2'A1"  24 24  A1'A1' 332110 1 1 2 0 0 0   392.0  392.0
571  753.130626 7.485E-27 3.835E-04.03330.070 1913.70700.750.000000 0 1 0   1  E"  0 2 0   0  A1'  8  2  E' E"    8  2  E' E'  331110 1 1 1 0 0 0    68.0   68.0
571  753.134992 5.019E-20 2.388E+00.03870.070  642.90750.750.000000 0 1 0   0  A2" 0 0 0   0  A1'  9  3  A2"A1'   8  3  A1"A1" 442110 1 1 2 0 0 0   152.0  136.0
571  753.138782 7.939E-28 1.664E-04.03330.070 2469.69330.750.000000 0 0 0   1  E'  0 1 0   0  A2" 15 10  E' A1'  16 12  A2'A1" 331110 1 1 1 0 0 0   248.0  264.0
571  753.803247 2.074E-28 2.069E-03.03330.070 3121.48970.750.000000 0 1 0   1  E"  0 0 0   1  E'  15  9  A2"E'   15 11  E" E"  331110 1 1 1 0 0 0   124.0  124.0
571  753.867923 1.215E-27 2.729E-06.03330.070 1435.44440.750.000000 0 0 0   1  E'  0 1 0   0  A2"  9  4  E' A1'   9  0  A2'A1" 331110 1 1 1 0 0 0   152.0  152.0
571  753.934106 1.120E-25 1.442E-03.03330.070 1539.62960.750.000000 0 1 0   1  E"  0 2 0   0  A1'  5  0  A2'E"    5  2  E' E'  331110 1 1 1 0 0 0    44.0   44.0
571  753.934726 9.577E-27 2.681E-05.03330.070 1338.15900.750.000000 0 0 0   1  E'  0 1 0   0  A2"  9  6  A1'E'   10  8  E' E"  331110 1 1 1 0 0 0    76.0   84.0
571  754.411280 8.233E-27 3.014E-04.03330.070 1866.78440.750.000000 0 1 0   1  E"  0 0 0   1  E'   9  7  E" E'    9  9  A2"E"  331110 1 1 1 0 0 0    76.0   76.0
571  754.533245 5.155E-23 1.990E+00.03330.070 1854.82600.750.000000 0 1 0   1  E"  0 0 0   1  E'   8  4  E' E"    7  4  E' E'  441110 1 1 1 0 0 0    68.0   60.0
571  754.802013 3.513E-27 7.723E-07.03330.070  751.50620.750.000000 0 0 0   1  E'  0 1 0   0  A2"  3  1  E" A1"   4  3  A2"A1' 331110 1 1 1 0 0 0    56.0   72.0
571  754.927671 1.980E-27 9.987E-05.03330.070 2004.79600.750.000000 0 0 0   1  E'  0 1 0   0  A2" 13  9  A1"E"   14 11  E" E'  331110 1 1 1 0 0 0   108.0  116.0
571  754.966168 2.449E-27 1.129E-06.03330.070  812.88120.750.000000 0 0 0   1  E'  0 1 0   0  A2"  4  2  E' E'    5  4  E' E"  331110 1 1 1 0 0 0    36.0   44.0
571  755.029241 1.689E-27 7.722E-05.03330.070 1968.59490.750.000000 0 0 0   1  E'  0 1 0   0  A2" 12  6  A1'E'   12  4  E' E"  331110 1 1 1 0 0 0   100.0  100.0
571  755.264452 3.159E-20 6.354E-01.03330.070  299.19310.750.000000 0 1 0   0  A2" 0 0 0   0  A1'  8  7  E" E'    7  7  E" E"  441110 1 1 1 0 0 0    68.0   60.0
571  755.271746 1.200E-26 4.922E-05.03330.070 1579.21970.750.000000 0 0 0   1  E'  0 1 0   0  A2" 10  5  E" A1"  10  3  A2"A1' 331110 1 1 1 0 0 0   168.0  168.0
571  755.515876 4.405E-27 1.997E-05.03330.070 1466.65780.750.000000 0 1 0   1  E"  0 2 0   0  A1'  5  4  E' A1"   4  0  A1'A1' 331110 1 1 1 0 0 0    88.0   72.0
571  755.632577 6.001E-27 1.204E-03.03330.070 2415.19970.750.000000 0 1 0   1  E"  0 0 0   1  E'  12  8  E' A1"  12 10  E' A1' 331110 1 1 1 0 0 0   200.0  200.0
571  755.715601 2.676E-20 2.180E+00.03330.070  609.63890.750.000000 0 1 0   0  A2" 0 0 0   0  A1'  9  4  E' E"    8  4  E' E'  441110 1 1 1 0 0 0    76.0   68.0
571  755.769032 4.158E-27 6.219E-03.03330.070 2685.75560.750.000000 0 1 0   1  E"  0 0 0   1  E'  12  2  E' E"   11  0  A2'E'  331110 1 1 1 0 0 0   100.0   92.0
571  755.769126 5.190E-26 2.401E-03.03890.070 1891.36300.750.000000 0 1 0   1  E"  0 0 0   1  E'   8  3  A1"E'    7  3  A1"E"  332110 1 1 2 0 0 0    68.0   60.0
571  755.897549 7.005E-27 2.709E-04.03330.070 2025.22440.750.000000 0 0 0   0  A1' 0 0 0   0  A1' 19 13  E" E"   18 16  E' E'  331110 1 1 1 0 0 0   156.0  148.0
571  756.361241 1.417E-26 3.355E-05.03330.070 1465.53860.750.000000 0 0 0   1  E'  0 1 0   0  A2" 10  7  E" A1"  11  9  A2"A1' 331110 1 1 1 0 0 0   168.0  184.0
571  756.395880 1.815E-28 1.911E-04.03330.070 2670.37110.750.000000 0 0 0   1  E'  0 1 0   0  A2" 16 11  E" E"   17 13  E" E'  331110 1 1 1 0 0 0   132.0  140.0
571  756.424188 3.824E-28 1.561E-07.03330.070  786.98330.750.000000 0 0 0   1  E'  0 1 0   0  A2"  4  3  A1"E"    4  1  E" E'  331110 1 1 1 0 0 0    36.0   36.0
571  756.684413 1.024E-22 2.040E+00.03330.070 1860.23060.750.000000 0 1 0   1  E"  0 0 0   1  E'   8  4  E' A1"   7  4  E' A1' 441110 1 1 1 0 0 0   136.0  120.0
571  757.362954 2.389E-28 8.496E-05.03330.070 2420.02640.750.000000 0 0 0   1  E'  0 1 0   0  A2" 14  7  E" E"   14  5  E" E'  331110 1 1 1 0 0 0   116.0  116.0
571  757.375356 3.173E-27 1.700E-06.03330.070  883.83880.750.000000 0 0 0   1  E'  0 1 0   0  A2"  5  3  A2"E"    6  5  E" E'  331110 1 1 1 0 0 0    44.0   52.0
571  757.454893 2.520E-27 1.321E-06.03330.070  879.31620.750.000000 0 0 0   1  E'  0 1 0   0  A2"  5  3  A1"E"    5  1  E" E'  331110 1 1 1 0 0 0    44.0   44.0
571  757.487553 2.852E-25 2.566E-03.03330.070 1301.89220.750.000000 0 1 0   1  E"  0 2 0   0  A1'  2  1  E" E'    1  1  E" E"  331110 1 1 1 0 0 0    20.0   12.0
571  757.606059 2.161E-27 1.188E-04.03330.070 2178.43970.750.000000 0 0 0   1  E'  0 1 0   0  A2" 14 10  E' A1'  15 12  A2'A1" 331110 1 1 1 0 0 0   232.0  248.0
571  757.638088 4.158E-27 1.731E-06.03330.070  866.04010.750.000000 0 0 0   1  E'  0 1 0   0  A2"  6  6  A1'E'    5  2  E' E"  331110 1 1 1 0 0 0    52.0   44.0
571  757.793895 1.310E-27 8.505E-06.03330.070 1509.30140.750.000000 0 0 0   1  E'  0 1 0   0  A2"  9  1  E" E"   10  5  E" E'  331110 1 1 1 0 0 0    76.0   84.0
571  757.924091 1.075E-22 1.669E+00.03330.070 1808.14680.750.000000 0 1 0   1  E"  0 0 0   1  E'   8  5  E" A1'   7  5  E" A1" 441110 1 1 1 0 0 0   136.0  120.0
571  758.159247 2.144E-25 9.098E-04.03330.070 1358.71230.750.000000 0 1 0   1  E"  0 2 0   0  A1'  3  1  E" A1'   3  3  A1"A1" 331110 1 1 1 0 0 0    56.0   56.0
571  758.324050 8.339E-27 1.742E-05.03330.070 1252.77520.750.000000 0 0 0   1  E'  0 1 0   0  A2"  8  4  E' E'    8  2  E' E"  331110 1 1 1 0 0 0    68.0   68.0
571  758.568242 4.978E-27 4.208E-05.03330.070 1602.38640.750.000000 0 0 0   1  E'  0 1 0   0  A2" 11  8  E' E'   12 10  E' E"  331110 1 1 1 0 0 0    92.0  100.0
571  758.826174 2.810E-26 1.045E-02.03330.070 2380.80710.750.000000 0 3 0   0  A2" 0 0 0   1  E'  11  2  E' E"   10  4  E' E'  331110 1 1 1 0 0 0    92.0   84.0
571  759.080004 2.856E-20 1.905E+00.03330.070  566.77440.750.000000 0 1 0   0  A2" 0 0 0   0  A1'  9  5  E" E'    8  5  E" E"  441110 1 1 1 0 0 0    76.0   68.0
571  759.210400 7.624E-25 2.986E-03.03330.070 1341.68020.750.000000 0 1 0   1  E"  0 2 0   0  A1'  3  2  E' A1"   2  0  A1'A1' 331110 1 1 1 0 0 0    56.0   40.0
571  759.335239 5.967E-27 3.294E-04.03330.070 1925.86020.750.000000 0 1 0   1  E"  0 2 0   0  A1'  8  1  E" E'    8  1  E" E"  331110 1 1 1 0 0 0    68.0   68.0
571  759.484565 4.605E-25 1.430E-02.03330.070 1781.61070.750.000000 0 1 0   1  E"  0 0 0   1  E'   7  0  A2'E"    6  2  E' E'  331110 1 1 1 0 0 0    60.0   52.0
571  759.489091 7.560E-27 2.549E-06.03330.070  964.36820.750.000000 0 0 0   1  E'  0 1 0   0  A2"  6  4  E' A1'   7  6  A2'A1" 331110 1 1 1 0 0 0   104.0  120.0
571  759.651478 2.048E-25 3.708E-03.03330.070 1641.21420.750.000000 0 1 0   1  E"  0 0 0   1  E'   6  1  E" E'    5  3  A2"E"  331110 1 1 1 0 0 0    52.0   44.0
571  759.850869 1.328E-27 4.773E-03.03330.070 3127.53390.750.000000 0 0 0   1  E'  0 0 0   0  A1' 22 22  E' A1'  23 21  A1"A1" 331110 1 1 1 0 0 0   360.0  376.0
571  759.918912 3.973E-28 1.196E-02.03330.070 3573.62830.750.000000 0 0 0   1  E'  0 0 0   0  A1' 23 22  E' A1'  24 21  A1"A1" 331110 1 1 1 0 0 0   376.0  392.0
571  759.992877 3.459E-27 3.511E-04.03330.070 2073.70170.750.000000 0 1 0   1  E"  0 2 0   0  A1'  9  2  E' E"    9  2  E' E'  331110 1 1 1 0 0 0    76.0   76.0
571  760.067609 5.618E-28 1.416E-04.03330.070 2361.42210.750.000000 0 0 0   1  E'  0 1 0   0  A2" 15 11  E" E"   16 13  E" E'  331110 1 1 1 0 0 0   124.0  132.0
571  760.073484 2.324E-28 2.737E-05.03330.070 2267.38200.750.000000 0 1 0   1  E"  0 2 0   0  A1' 10  2  E' A1"  10  0  A1'A1' 331110 1 1 1 0 0 0   168.0  168.0
571  760.380553 2.802E-27 9.693E-05.03330.070 1852.01510.750.000000 0 3 0   0  A2" 0 0 0   1  E'   9  7  E" E'    9  9  A1"E"  331110 1 1 1 0 0 0    76.0   76.0
571  760.464853 3.886E-28 2.975E-03.03330.070 3282.82240.750.000000 0 0 0   0  A1' 0 0 0   0  A1' 22 12  A1'A1'  21 15  A1"A1" 331110 1 1 1 0 0 0   360.0  344.0
571  760.556865 3.316E-27 5.277E-05.03330.070 1748.68210.750.000000 0 0 0   1  E'  0 1 0   0  A2" 12  9  A1"E"   13 11  E" E'  331110 1 1 1 0 0 0   100.0  108.0
571  760.708249 1.264E-27 3.282E-04.03330.070 2509.78080.750.000000 0 2 0   0  A1' 0 0 0   0  A1' 15  6  A1'A1'  16  3  A1"A1" 331110 1 1 1 0 0 0   248.0  264.0
571  760.750299 1.369E-25 1.065E-03.03330.070 1391.19320.750.000000 0 1 0   1  E"  0 2 0   0  A1'  4  3  A1"E'    3  1  E" E"  331110 1 1 1 0 0 0    36.0   28.0
571  760.769717 3.465E-26 3.778E-04.03330.070 1501.90890.750.000000 0 3 0   0  A2" 0 0 0   1  E'   5  2  E' E"    4  4  E' E'  331110 1 1 1 0 0 0    44.0   36.0
571  761.118743 5.199E-23 1.689E+00.03330.070 1815.81580.750.000000 0 1 0   1  E"  0 0 0   1  E'   8  5  E" E'    7  5  E" E"  441110 1 1 1 0 0 0    68.0   60.0
571  761.201273 5.540E-26 1.034E-03.03330.070 1646.61270.750.000000 0 1 0   1  E"  0 2 0   0  A1'  6  0  A1'E"    6  2  E' E'  331110 1 1 1 0 0 0    52.0   52.0
571  761.358270 4.187E-27 3.809E-06.03330.070 1054.45750.750.000000 0 0 0   1  E'  0 1 0   0  A2"  7  5  E" E"    8  7  E" E'  331110 1 1 1 0 0 0    60.0   68.0
571  761.630135 5.257E-23 2.747E+00.03330.070 2078.83600.750.000000 0 1 0   1  E"  0 0 0   1  E'   9  1  E" A1'   8  1  E" A1" 441110 1 1 1 0 0 0   152.0  136.0
571  761.897969 1.010E-27 5.354E-07.03330.070  879.31620.750.000000 0 0 0   1  E'  0 1 0   0  A2"  5  3  A2"E"    5  1  E" E'  331110 1 1 1 0 0 0    44.0   44.0
571  762.094129 9.819E-26 8.364E-04.03330.070 1450.41780.750.000000 0 1 0   1  E"  0 2 0   0  A1'  5  4  E' E"    4  2  E' E'  331110 1 1 1 0 0 0    44.0   36.0
571  762.155278 5.156E-23 1.226E+00.03810.070 1751.20790.750.000000 0 1 0   1  E"  0 0 0   1  E'   8  6  A1'E"    7  6  A1'E'  442110 1 1 2 0 0 0    68.0   60.0
571  762.319173 2.780E-28 1.686E-04.03330.070 2553.71700.750.000000 0 0 0   1  E'  0 1 0   0  A2" 16 12  A2'E'   17 14  E' E"  331110 1 1 1 0 0 0   132.0  140.0
571  762.335862 4.188E-27 6.607E-05.03330.070 1904.40460.750.000000 0 0 0   1  E'  0 1 0   0  A2" 13 10  E' A1'  14 12  A2'A1" 331110 1 1 1 0 0 0   216.0  232.0
571  762.458555 8.478E-28 5.585E-07.03330.070  923.68130.750.000000 0 0 0   1  E'  0 1 0   0  A2"  5  0  A2'E'    6  4  E' E"  331110 1 1 1 0 0 0    44.0   52.0
571  762.656872 5.850E-28 1.573E-03.03330.070 2833.44320.750.000000 0 1 0   1  E"  0 0 0   1  E'  14  9  A1"E'   14 11  E" E"  331110 1 1 1 0 0 0   116.0  116.0
571  762.731695 5.214E-26 2.949E-04.03330.070 1508.45990.750.000000 0 1 0   1  E"  0 0 0   1  E'   5  2  E' A1"   4  4  E' A1' 331110 1 1 1 0 0 0    88.0   72.0
571  762.999816 4.307E-27 5.634E-06.03330.070 1154.09340.750.000000 0 0 0   1  E'  0 1 0   0  A2"  8  6  A2'E'    9  8  E' E"  331110 1 1 1 0 0 0    68.0   76.0
571  763.048418 2.652E-23 2.673E+00.03330.070 2070.64620.750.000000 0 1 0   1  E"  0 0 0   1  E'   9  2  E' E"    8  2  E' E'  441110 1 1 1 0 0 0    76.0   68.0
571  763.088573 1.144E-20 2.777E+00.03330.070  851.03240.750.000000 0 1 0   0  A2" 0 0 0   0  A1' 10  1  E" E'    9  1  E" E"  441110 1 1 1 0 0 0    84.0   76.0
571  763.253627 1.479E-25 7.472E-04.03330.070 1519.33950.750.000000 0 1 0   1  E"  0 2 0   0  A1'  6  5  E" A1'   5  3  A1"A1" 331110 1 1 1 0 0 0   104.0   88.0
571  763.265322 5.970E-20 1.559E+00.03760.070  514.23980.750.000000 0 1 0   0  A2" 0 0 0   0  A1'  9  6  A2'A1"   8  6  A1'A1' 442110 1 1 2 0 0 0   152.0  136.0
571  763.824641 9.618E-27 6.882E-04.03330.070 2181.70340.750.000000 0 1 0   1  E"  0 0 0   1  E'  11  8  E' A1"  11 10  E' A1' 331110 1 1 1 0 0 0   184.0  184.0
571  763.912111 1.253E-27 8.251E-05.03330.070 2069.53110.750.000000 0 0 0   1  E'  0 1 0   0  A2" 14 11  E" E"   15 13  E" E'  331110 1 1 1 0 0 0   116.0  124.0
571  764.028441 2.425E-25 3.892E-02.03330.070 2186.47790.750.000000 0 3 0   0  A2" 0 0 0   1  E'  10  2  E' E"    9  4  E' E'  331110 1 1 1 0 0 0    84.0   76.0
571  764.094555 4.071E-28 7.297E-06.03330.070 1636.77110.750.000000 0 1 0   1  E"  0 0 0   1  E'   6  1  E" E'    5  3  A1"E"  331110 1 1 1 0 0 0    52.0   44.0
571  764.154393 1.190E-20 2.705E+00.03330.070  836.88550.750.000000 0 1 0   0  A2" 0 0 0   0  A1' 10  2  E' E"    9  2  E' E'  441110 1 1 1 0 0 0    84.0   76.0
571  764.235353 7.663E-26 9.859E-04.03330.070 1597.94110.750.000000 0 1 0   1  E"  0 2 0   0  A1'  7  6  A2'E"    6  4  E' E'  331110 1 1 1 0 0 0    60.0   52.0
571  764.316198 2.445E-23 2.732E+00.03330.070 2091.23790.750.000000 0 1 0   1  E"  0 0 0   1  E'   9  1  E" E'    8  1  E" E"  441110 1 1 1 0 0 0    76.0   68.0
571  764.366687 2.620E-28 2.005E-04.03330.070 2755.29690.750.000000 0 0 0   1  E'  0 1 0   0  A2" 17 13  E" A1"  18 15  A2"A1' 331110 1 1 1 0 0 0   280.0  296.0
571  764.405990 1.127E-27 8.712E-07.03330.070  989.97570.750.000000 0 0 0   1  E'  0 1 0   0  A2"  6  3  A2"E"    6  1  E" E'  331110 1 1 1 0 0 0    52.0   52.0
571  764.415451 8.237E-27 8.224E-06.03330.070 1263.26140.750.000000 0 0 0   1  E'  0 1 0   0  A2"  9  7  E" A1"  10  9  A2"A1' 331110 1 1 1 0 0 0   152.0  168.0
571  764.817736 2.373E-23 2.763E+00.03720.070 2099.43490.750.000000 0 1 0   1  E"  0 0 0   1  E'   9  0  A2'E"    8  0  A1'E'  442110 1 1 2 0 0 0    76.0   68.0
571  764.822365 1.219E-20 4.157E+00.03330.070  786.98330.750.000000 0 2 0   0  A1' 0 1 0   0  A2"  5  1  E" E"    4  1  E" E'  441110 1 1 1 0 0 0    44.0   36.0
571  764.852808 5.136E-23 2.645E+00.03330.070 2074.21290.750.000000 0 1 0   1  E"  0 0 0   1  E'   9  2  E' A1"   8  2  E' A1' 441110 1 1 1 0 0 0   152.0  136.0
571  765.007199 3.262E-25 5.698E-03.03330.070 1686.24340.750.000000 0 1 0   1  E"  0 2 0   0  A1'  8  7  E" E'    7  5  E" E"  331110 1 1 1 0 0 0    68.0   60.0
571  765.041906 2.063E-25 1.878E-02.03870.070 2048.71750.750.000000 0 1 0   1  E"  0 0 0   1  E'   9  3  A1"E'    8  3  A1"E"  332110 1 1 2 0 0 0    76.0   68.0
571  765.111209 3.009E-25 1.805E-03.03330.070 1519.33950.750.000000 0 1 0   1  E"  0 2 0   0  A1'  5  1  E" A1'   5  3  A1"A1" 331110 1 1 1 0 0 0    88.0   88.0
571  765.256375 3.993E-22 3.664E+00.03330.070 1301.89220.750.000000 0 3 0   0  A2" 0 2 0   0  A1'  2  1  E" E'    1  1  E" E"  441110 1 1 1 0 0 0    20.0   12.0
571  765.292022 7.115E-28 1.026E-04.03330.070 2244.03790.750.000000 0 0 0   1  E'  0 1 0   0  A2" 15 12  A2'E'   16 14  E' E"  331110 1 1 1 0 0 0   124.0  132.0
571  765.383519 1.352E-27 4.101E-06.03330.070 1325.85440.750.000000 0 0 0   1  E'  0 1 0   0  A2"  8  1  E" E"    9  5  E" E'  331110 1 1 1 0 0 0    68.0   76.0
571  765.488207 7.675E-27 7.831E-05.03330.070 1813.12700.750.000000 0 2 0   0  A1' 0 0 0   0  A1' 13  9  A1"A1"  14  6  A1'A1' 331110 1 1 1 0 0 0   216.0  232.0
571  765.619088 3.655E-27 1.179E-05.03330.070 1381.94580.750.000000 0 0 0   1  E'  0 1 0   0  A2" 10  8  E' E'   11 10  E' E"  331110 1 1 1 0 0 0    84.0   92.0
571  765.669120 4.493E-28 5.661E-06.03330.070 1784.13360.750.000000 0 1 0   1  E"  0 2 0   0  A1'  9  8  E' A1"   8  6  A1'A1' 331110 1 1 1 0 0 0   152.0  136.0
571  765.796159 3.156E-27 1.038E-05.03330.070 1421.52860.750.000000 0 2 0   0  A1' 0 0 0   0  A1' 12 11  E" E"   13  8  E' E'  331110 1 1 1 0 0 0   100.0  108.0
571  765.859302 1.173E-25 1.767E-03.03330.070 1600.12180.750.000000 0 3 0   0  A2" 0 0 0   1  E'   6  2  E' E"    5  4  E' E'  331110 1 1 1 0 0 0    52.0   44.0
571  765.917086 1.325E-23 1.007E+00.03330.070 2011.09920.750.000000 0 3 0   0  A2" 0 0 0   1  E'   9  2  E' E"    8  4  E' E'  441110 1 1 1 0 0 0    76.0   68.0
571  765.941464 2.538E-20 2.583E+00.03590.070  813.27820.750.000000 0 1 0   0  A2" 0 0 0   0  A1' 10  3  A2"A1'   9  3  A1"A1" 442110 1 1 2 0 0 0   168.0  152.0
571  765.945744 1.141E-20 3.656E+00.03330.070  773.68380.750.000000 0 2 0   0  A1' 0 1 0   0  A2"  5  2  E' E'    4  2  E' E"  441110 1 1 1 0 0 0    44.0   36.0
571  765.978766 2.743E-23 2.502E+00.03870.070 2048.71750.750.000000 0 1 0   1  E"  0 0 0   1  E'   9  3  A2"E'    8  3  A1"E"  442110 1 1 2 0 0 0    76.0   68.0
571  766.045511 1.948E-28 1.238E-03.03330.070 3189.87270.750.000000 0 2 0   0  A1' 0 0 0   0  A1' 17  3  A1"A1"  18  0  A1'A1' 331110 1 1 1 0 0 0   280.0  296.0
571  766.143283 6.863E-28 2.642E-05.03330.070 1891.67570.750.000000 0 1 0   1  E"  0 2 0   0  A1' 10  9  A2"E'    9  7  E" E"  331110 1 1 1 0 0 0    84.0   76.0
571  766.155656 2.723E-23 2.472E+00.03870.070 2047.60380.750.000000 0 1 0   1  E"  0 0 0   1  E'   9  3  A1"E'    8  3  A2"E"  442110 1 1 2 0 0 0    76.0   68.0
571  766.160194 6.144E-28 3.850E-07.03330.070  644.20890.750.000000 0 0 0   1  E'  0 1 0   0  A2"  1  0  A2'E'    2  2  E' E"  331110 1 1 1 0 0 0    12.0   20.0
571  766.458251 3.939E-28 2.449E-05.03330.070 2008.82630.750.000000 0 1 0   1  E"  0 2 0   0  A1' 11 10  E' E"   10  8  E' E'  331110 1 1 1 0 0 0    92.0   84.0
571  766.461544 4.924E-23 1.241E+00.03810.070 1760.88090.750.000000 0 1 0   1  E"  0 0 0   1  E'   8  6  A2'E"    7  6  A2'E'  442110 1 1 2 0 0 0    68.0   60.0
571  766.481655 7.651E-28 1.271E-04.03330.070 2427.90010.750.000000 0 0 0   1  E'  0 1 0   0  A2" 16 13  E" A1"  17 15  A2"A1' 331110 1 1 1 0 0 0   264.0  280.0
571  766.613812 3.017E-27 1.662E-05.03330.070 1510.12950.750.000000 0 0 0   1  E'  0 1 0   0  A2" 11  9  A2"E"   12 11  E" E'  331110 1 1 1 0 0 0    92.0  100.0
571  766.620286 3.091E-28 1.637E-05.03330.070 2135.56290.750.000000 0 1 0   1  E"  0 2 0   0  A1' 12 11  E" A1'  11  9  A1"A1" 331110 1 1 1 0 0 0   200.0  184.0
571  766.895317 2.675E-27 5.923E-07.03330.070  677.51510.750.000000 0 0 0   1  E'  0 1 0   0  A2"  2  1  E" A1"   3  3  A2"A1' 331110 1 1 1 0 0 0    40.0   56.0
571  767.045989 3.056E-28 2.904E-05.03330.070 2324.82740.750.000000 0 0 0   1  E'  0 1 0   0  A2" 17 16  E' A1'  18 18  A2'A1" 331110 1 1 1 0 0 0   280.0  296.0
571  767.092516 1.941E-25 1.767E-02.03870.070 2047.60380.750.000000 0 1 0   1  E"  0 0 0   1  E'   9  3  A2"E'    8  3  A2"E"  332110 1 1 2 0 0 0    76.0   68.0
571  767.222544 1.138E-28 1.770E-05.03330.070 2372.76750.750.000000 0 0 0   1  E'  0 1 0   0  A2" 13  2  E' A1'  14  6  A2'A1" 331110 1 1 1 0 0 0   216.0  232.0
571  767.285519 1.451E-27 3.216E-04.03330.070 2251.22500.750.000000 0 1 0   1  E"  0 2 0   0  A1' 10  2  E' E"   10  2  E' E'  331110 1 1 1 0 0 0    84.0   84.0
571  767.358778 2.235E-25 1.068E-03.03330.070 1430.12250.750.000000 0 1 0   1  E"  0 2 0   0  A1'  4  1  E" A1'   4  3  A1"A1" 331110 1 1 1 0 0 0    72.0   72.0
571  767.405367 4.640E-27 2.300E-05.03330.070 1647.79430.750.000000 0 0 0   1  E'  0 1 0   0  A2" 12 10  E' A1'  13 12  A2'A1" 331110 1 1 1 0 0 0   200.0  216.0
571  767.408525 3.858E-23 6.701E-01.03330.070 1683.84200.750.000000 0 1 0   1  E"  0 0 0   1  E'   8  7  E" E'    7  7  E" E"  441110 1 1 1 0 0 0    68.0   60.0
571  767.441925 2.122E-28 1.166E-06.03330.070 1509.30140.750.000000 0 0 0   1  E'  0 1 0   0  A2" 11  9  A2"E"   10  5  E" E'  331110 1 1 1 0 0 0    92.0   84.0
571  767.464262 3.213E-27 3.296E-05.03330.070 1780.23340.750.000000 0 0 0   1  E'  0 1 0   0  A2" 11  5  E" A1"  11  3  A2"A1' 331110 1 1 1 0 0 0   184.0  184.0
571  767.486739 1.950E-28 1.566E-04.03330.070 2621.09160.750.000000 0 0 0   1  E'  0 1 0   0  A2" 17 14  E' E'   18 16  E' E"  331110 1 1 1 0 0 0   140.0  148.0
571  767.822930 3.479E-27 6.071E-05.03330.070 1658.78320.750.000000 0 1 0   1  E"  0 2 0   0  A1'  7  5  E" E'    6  1  E" E"  331110 1 1 1 0 0 0    60.0   52.0
571  767.833274 1.943E-20 2.809E+00.04050.070  751.50620.750.000000 0 2 0   0  A1' 0 1 0   0  A2"  5  3  A1"A1"   4  3  A2"A1' 442110 1 1 2 0 0 0    88.0   72.0
571  767.930013 3.036E-27 6.501E-04.03330.070 2381.39520.750.000000 0 0 0   0  A1' 0 0 0   0  A1' 20 13  E" E"   19 16  E' E'  331110 1 1 1 0 0 0   164.0  156.0
571  767.979154 2.516E-27 1.993E-05.03330.070 1391.19320.750.000000 0 1 0   1  E"  0 2 0   0  A1'  4  3  A2"E'    3  1  E" E"  331110 1 1 1 0 0 0    36.0   28.0
571  767.999316 1.666E-27 3.130E-05.03330.070 1794.92060.750.000000 0 0 0   1  E'  0 1 0   0  A2" 13 11  E" E"   14 13  E" E'  331110 1 1 1 0 0 0   108.0  116.0
571  768.040449 7.366E-28 8.391E-05.03330.070 2292.35840.750.000000 0 3 0   0  A2" 0 0 0   1  E'  12  9  A2"A1'  12 11  E" A1" 331110 1 1 1 0 0 0   200.0  200.0
571  768.190805 1.738E-27 1.357E-06.03330.070  989.97570.750.000000 0 0 0   1  E'  0 1 0   0  A2"  6  3  A1"E"    6  1  E" E'  331110 1 1 1 0 0 0    52.0   52.0
571  768.195548 2.418E-28 1.177E-04.03330.070 2671.70710.750.000000 0 0 0   1  E'  0 1 0   0  A2" 18 16  E' A1'  19 18  A2'A1" 331110 1 1 1 0 0 0   296.0  312.0
571  768.321430 2.900E-20 1.133E+00.03330.070  451.94500.750.000000 0 1 0   0  A2" 0 0 0   0  A1'  9  7  E" E'    8  7  E" E"  441110 1 1 1 0 0 0    76.0   68.0
571  768.401152 1.118E-27 4.192E-05.03330.070 1951.48760.750.000000 0 0 0   1  E'  0 1 0   0  A2" 14 12  A2'E'   15 14  E' E"  331110 1 1 1 0 0 0   116.0  124.0
571  768.448761 7.391E-27 3.480E-06.03330.070 1083.63440.750.000000 0 0 0   1  E'  0 1 0   0  A2"  8  7  E" A1"   7  3  A2"A1' 331110 1 1 1 0 0 0   136.0  120.0
571  768.468896 1.382E-20 2.410E+00.03330.070  780.18550.750.000000 0 1 0   0  A2" 0 0 0   0  A1' 10  4  E' E"    9  4  E' E'  441110 1 1 1 0 0 0    84.0   76.0
571  768.495018 2.449E-28 2.104E-05.03330.070 2148.54990.750.000000 0 0 0   1  E'  0 1 0   0  A2" 16 15  A2"E"   17 17  E" E'  331110 1 1 1 0 0 0   132.0  140.0
571  768.508251 2.310E-28 9.261E-05.03330.070 2477.60810.750.000000 0 0 0   1  E'  0 1 0   0  A2" 17 15  A2"E"   18 17  E" E'  331110 1 1 1 0 0 0   140.0  148.0
571  768.539859 2.806E-27 1.201E-05.03330.070 1417.93800.750.000000 0 0 0   1  E'  0 1 0   0  A2"  9  4  E' E'    9  2  E' E"  331110 1 1 1 0 0 0    76.0   76.0
571  768.616328 1.408E-27 5.533E-05.03330.070 2117.47350.750.000000 0 0 0   1  E'  0 1 0   0  A2" 15 13  E" A1"  16 15  A2"A1' 331110 1 1 1 0 0 0   248.0  264.0
571  768.650251 4.157E-28 7.203E-05.03330.070 2292.85510.750.000000 0 0 0   1  E'  0 1 0   0  A2" 16 14  E' E'   17 16  E' E"  331110 1 1 1 0 0 0   132.0  140.0
571  768.711510 2.829E-25 6.589E-03.03330.070 1717.79430.750.000000 0 3 0   0  A2" 0 0 0   1  E'   7  2  E' E"    6  4  E' E'  331110 1 1 1 0 0 0    60.0   52.0
571  769.017604 1.580E-26 3.051E-06.03330.070  717.47920.750.000000 0 0 0   1  E'  0 1 0   0  A2"  3  2  E' A1'   3  0  A2'A1" 331110 1 1 1 0 0 0    56.0   56.0
571  769.040529 3.473E-28 4.802E-05.03330.070 2204.93340.750.000000 0 0 0   1  E'  0 1 0   0  A2" 13  6  A2'E'   13  4  E' E"  331110 1 1 1 0 0 0   108.0  108.0
571  769.200134 1.559E-27 6.108E-07.03330.070  720.43290.750.000000 0 0 0   1  E'  0 1 0   0  A2"  3  2  E' E'    4  4  E' E"  331110 1 1 1 0 0 0    28.0   36.0
571  769.301556 1.287E-28 7.398E-07.03330.070 1508.45990.750.000000 0 3 0   0  A2" 0 0 0   1  E'   5  0  A2'A1"   4  4  E' A1' 331110 1 1 1 0 0 0    88.0   72.0
571  769.478870 8.689E-25 3.483E-02.03330.070 1854.82600.750.000000 0 3 0   0  A2" 0 0 0   1  E'   8  2  E' E"    7  4  E' E'  331110 1 1 1 0 0 0    68.0   60.0
571  769.485565 5.826E-23 2.281E+00.03330.070 2015.45580.750.000000 0 1 0   1  E"  0 0 0   1  E'   9  4  E' A1"   8  4  E' A1' 441110 1 1 1 0 0 0   152.0  136.0
571  769.715380 2.086E-27 2.301E-04.03330.070 2085.83870.750.000000 0 1 0   1  E"  0 2 0   0  A1'  9  1  E" E'    9  1  E" E"  331110 1 1 1 0 0 0    76.0   76.0
571  769.759969 3.618E-28 1.474E-05.03330.070 1981.68710.750.000000 0 0 0   1  E'  0 1 0   0  A2" 15 14  E' E'   16 16  E' E"  331110 1 1 1 0 0 0   124.0  132.0
571  769.771188 2.455E-26 7.438E-04.03330.070 1771.32410.750.000000 0 1 0   1  E"  0 2 0   0  A1'  7  0  A2'E"    7  2  E' E'  331110 1 1 1 0 0 0    60.0   60.0
571  770.096687 1.674E-23 1.285E+00.03330.070 2011.09920.750.000000 0 1 0   1  E"  0 0 0   1  E'   9  4  E' E"    8  4  E' E'  441110 1 1 1 0 0 0    76.0   68.0
571  770.376291 1.794E-28 7.924E-05.03330.070 2671.70710.750.000000 0 0 0   1  E'  0 1 0   0  A2" 20 20  E' A1'  19 18  A2'A1" 331110 1 1 1 0 0 0   328.0  312.0
571  770.451138 1.320E-27 5.208E-07.03330.070  772.95630.750.000000 0 0 0   1  E'  0 1 0   0  A2"  4  3  A1"E"    5  5  E" E'  331110 1 1 1 0 0 0    36.0   44.0
571  770.466943 5.548E-27 6.285E-03.03330.070 2779.47400.750.000000 0 3 0   0  A2" 0 0 0   1  E'  13  3  A2"A1'  12  5  E" A1" 331110 1 1 1 0 0 0   216.0  200.0
571  770.508820 6.391E-21 1.599E+00.03330.070  720.43290.750.000000 0 2 0   0  A1' 0 1 0   0  A2"  5  4  E' E'    4  4  E' E"  441110 1 1 1 0 0 0    44.0   36.0
571  770.837077 9.759E-28 9.916E-06.03330.070 1824.26070.750.000000 0 0 0   1  E'  0 1 0   0  A2" 14 13  E" A1"  15 15  A2"A1' 331110 1 1 1 0 0 0   232.0  248.0
571  770.874227 2.971E-28 1.465E-05.03330.070 2118.60420.750.000000 0 0 0   1  E'  0 1 0   0  A2" 12  2  E' A1'  13  6  A2'A1" 331110 1 1 1 0 0 0   200.0  216.0
571  771.180710 6.482E-23 1.990E+00.03330.070 1964.54870.750.000000 0 1 0   1  E"  0 0 0   1  E'   9  5  E" A1'   8  5  E" A1" 441110 1 1 1 0 0 0   152.0  136.0
571  771.423078 1.840E-27 2.142E-04.03330.070 2182.96370.750.000000 0 2 0   0  A1' 0 0 0   0  A1' 14  7  E" E"   15  4  E' E'  331110 1 1 1 0 0 0   116.0  124.0
571  771.459656 1.599E-27 3.501E-07.03330.070  835.07790.750.000000 0 0 0   1  E'  0 1 0   0  A2"  5  4  E' A1'   6  6  A2'A1" 331110 1 1 1 0 0 0    88.0  104.0
571  771.567656 1.352E-27 1.072E-03.03330.070 2562.91990.750.000000 0 1 0   1  E"  0 0 0   1  E'  13  9  A2"E'   13 11  E" E"  331110 1 1 1 0 0 0   108.0  108.0
571  771.588765 1.367E-28 5.857E-06.03330.070 2053.47430.750.000000 0 1 0   1  E"  0 2 0   0  A1' 10  7  E" A1'   9  3  A1"A1" 331110 1 1 1 0 0 0   168.0  152.0
571  771.722541 5.930E-28 6.318E-06.03330.070 1676.29130.750.000000 0 0 0   1  E'  0 1 0   0  A2" 13 12  A2'E'   14 14  E' E"  331110 1 1 1 0 0 0   108.0  116.0
571  771.760480 1.526E-20 2.181E+00.03330.070  737.54090.750.000000 0 1 0   0  A2" 0 0 0   0  A1' 10  5  E" E'    9  5  E" E"  441110 1 1 1 0 0 0    84.0   76.0
571  771.938744 9.392E-27 2.639E-04.03330.070 1966.52630.750.000000 0 1 0   1  E"  0 0 0   1  E'  10  8  E' A1"  10 10  E' A1' 331110 1 1 1 0 0 0   168.0  168.0
571  772.241216 3.033E-28 1.596E-07.03330.070  906.78910.750.000000 0 0 0   1  E'  0 1 0   0  A2"  6  5  E" E"    7  7  E" E'  331110 1 1 1 0 0 0    52.0   60.0
571  772.412564 6.357E-28 3.738E-06.03330.070 1537.79830.750.000000 0 0 0   1  E'  0 1 0   0  A2" 12 11  E" E"   13 13  E" E'  331110 1 1 1 0 0 0   100.0  108.0
571  772.478812 2.547E-28 3.258E-07.03330.070 1118.88420.750.000000 0 0 0   1  E'  0 1 0   0  A2"  7  3  A1"E"    7  1  E" E'  331110 1 1 1 0 0 0    60.0   60.0
571  772.743431 7.040E-28 8.846E-06.03330.070 1819.31550.750.000000 0 0 0   1  E'  0 1 0   0  A2" 11  4  E' A1'  11  0  A2'A1" 331110 1 1 1 0 0 0   184.0  184.0
571  772.825264 7.346E-23 6.839E-01.03330.070 1695.35090.750.000000 0 1 0   1  E"  0 0 0   1  E'   8  7  E" A1'   7  7  E" A1" 441110 1 1 1 0 0 0   136.0  120.0
571  772.903379 1.159E-27 1.982E-06.03330.070 1408.80000.750.000000 0 0 0   1  E'  0 1 0   0  A2" 11 10  E' A1'  12 12  A2'A1" 331110 1 1 1 0 0 0   184.0  200.0
571  772.908328 6.449E-26 1.247E-02.03330.070 2381.59480.750.000000 0 3 0   0  A2" 0 0 0   1  E'  11  0  A2'A1"  10  4  E' A1' 331110 1 1 1 0 0 0   184.0  168.0
571  773.191271 4.186E-28 8.773E-07.03330.070 1289.31370.750.000000 0 0 0   1  E'  0 1 0   0  A2" 10  9  A2"E"   11 11  E" E'  331110 1 1 1 0 0 0    84.0   92.0
571  773.272584 1.992E-28 2.704E-07.03330.070 1179.35520.750.000000 0 0 0   1  E'  0 1 0   0  A2"  9  8  E' E'   10 10  E' E"  331110 1 1 1 0 0 0    76.0   84.0
571  773.708667 1.876E-28 5.114E-04.03330.070 2857.21430.750.000000 0 2 0   0  A1' 0 0 0   0  A1' 16  4  E' E'   17  1  E" E"  331110 1 1 1 0 0 0   132.0  140.0
571  773.723322 1.859E-28 6.776E-05.03330.070 2477.60810.750.000000 0 0 0   1  E'  0 1 0   0  A2" 19 19  E" E"   18 17  E" E'  331110 1 1 1 0 0 0   156.0  148.0
571  773.962429 3.165E-23 2.024E+00.03330.070 1971.53490.750.000000 0 1 0   1  E"  0 0 0   1  E'   9  5  E" E'    8  5  E" E"  441110 1 1 1 0 0 0    76.0   68.0
571  774.227028 9.460E-28 1.487E-06.03330.070 1160.38500.750.000000 0 0 0   1  E'  0 1 0   0  A2"  7  1  E" E"    8  5  E" E'  331110 1 1 1 0 0 0    60.0   68.0
571  774.313476 2.213E-20 6.180E-01.03330.070  379.78000.750.000000 0 1 0   0  A2" 0 0 0   0  A1'  9  8  E' E"    8  8  E' E'  441110 1 1 1 0 0 0    76.0   68.0
571  774.395754 3.149E-26 1.100E-05.03330.070  786.98330.750.000000 0 0 0   1  E'  0 1 0   0  A2"  5  5  E" E"    4  1  E" E'  331110 1 1 1 0 0 0    44.0   36.0
571  774.832388 1.256E-25 1.746E-03.03330.070 1751.05430.750.000000 0 1 0   1  E"  0 2 0   0  A1'  7  1  E" A1'   7  3  A1"A1" 331110 1 1 1 0 0 0   120.0  120.0
571  774.978899 5.565E-28 2.962E-04.03330.070 2446.18680.750.000000 0 1 0   1  E"  0 2 0   0  A1' 11  2  E' E"   11  2  E' E'  331110 1 1 1 0 0 0    92.0   92.0
571  775.066524 1.010E-20 2.950E+00.03450.070 1044.24900.750.000000 0 1 0   0  A2" 0 0 0   0  A1' 11  0  A2'A1"  10  0  A1'A1' 442110 1 1 2 0 0 0   184.0  168.0
571  775.112328 1.380E-24 1.370E+01.03620.070 3252.13410.750.000000 0 4 0   0  A1' 0 3 0   0  A2" 15 15  A1"A1"  15 15  A2"A1' 332110 1 1 2 0 0 0   248.0  248.0
571  775.184152 2.194E-27 2.826E-06.03330.070 1118.88420.750.000000 0 0 0   1  E'  0 1 0   0  A2"  7  3  A2"E"    7  1  E" E'  331110 1 1 1 0 0 0    60.0   60.0
571  775.338762 3.489E-23 1.643E+00.03760.070 1907.82160.750.000000 0 1 0   1  E"  0 0 0   1  E'   9  6  A2'E"    8  6  A2'E'  442110 1 1 2 0 0 0    76.0   68.0
571  775.413008 5.127E-21 2.930E+00.03330.070 1039.56190.750.000000 0 1 0   0  A2" 0 0 0   0  A1' 11  1  E" E'   10  1  E" E"  441110 1 1 1 0 0 0    92.0   84.0
571  775.432290 2.010E-25 5.795E-03.03330.070 1758.16650.750.000000 0 1 0   1  E"  0 0 0   1  E'   7  1  E" E'    6  3  A1"E"  331110 1 1 1 0 0 0    60.0   52.0
571  775.498290 1.311E-23 2.848E+00.03330.070 2243.01220.750.000000 0 1 0   1  E"  0 0 0   1  E'  10  2  E' E"    9  2  E' E'  441110 1 1 1 0 0 0    84.0   76.0
571  775.808809 6.075E-28 1.042E-05.03330.070 1881.83210.750.000000 0 0 0   1  E'  0 1 0   0  A2" 11  2  E' A1'  12  6  A2'A1" 331110 1 1 1 0 0 0   184.0  200.0
571  775.851622 3.382E-20 1.893E+00.03580.070  685.27850.750.000000 0 1 0   0  A2" 0 0 0   0  A1' 10  6  A2'A1"   9  6  A1'A1' 442110 1 1 2 0 0 0   168.0  152.0
571  776.327952 3.386E-25 1.380E+01.03330.070 3412.24390.750.000000 0 4 0   0  A1' 0 3 0   0  A2" 16 16  E' E'   16 16  E' E"  331110 1 1 1 0 0 0   132.0  132.0
571  776.455585 5.360E-21 2.868E+00.03330.070 1025.49330.750.000000 0 1 0   0  A2" 0 0 0   0  A1' 11  2  E' E"   10  2  E' E'  441110 1 1 1 0 0 0    92.0   84.0
571  776.494745 2.298E-25 1.267E-02.03330.070 1916.79800.750.000000 0 1 0   1  E"  0 0 0   1  E'   8  0  A1'E"    7  2  E' E'  331110 1 1 1 0 0 0    68.0   60.0
571  776.634898 6.417E-27 2.459E-05.03330.070 1528.21140.750.000000 0 0 0   0  A1' 0 0 0   0  A1' 18 14  E' E'   17 17  E" E"  331110 1 1 1 0 0 0   148.0  140.0
571  776.906576 3.595E-28 5.671E-05.03330.070 2292.85510.750.000000 0 0 0   1  E'  0 1 0   0  A2" 18 18  A1'E'   17 16  E' E"  331110 1 1 1 0 0 0   148.0  140.0
571  777.173107 5.083E-26 6.227E-04.03330.070 1723.85730.750.000000 0 3 0   0  A2" 0 0 0   1  E'   7  0  A2'A1"   6  4  E' A1' 331110 1 1 1 0 0 0   120.0  104.0
571  777.212805 2.057E-26 4.072E-03.03590.070 2222.97260.750.000000 0 1 0   1  E"  0 0 0   1  E'  10  3  A2"E'    9  3  A2"E"  332110 1 1 2 0 0 0    84.0   76.0
571  777.441810 1.177E-23 2.891E+00.03330.070 2267.09530.750.000000 0 1 0   1  E"  0 0 0   1  E'  10  1  E" E'    9  1  E" E"  441110 1 1 1 0 0 0    84.0   76.0
571  777.639750 1.580E-25 1.389E+01.03330.070 3581.98510.750.000000 0 4 0   0  A1' 0 3 0   0  A2" 17 17  E" E"   17 17  E" E'  331110 1 1 1 0 0 0   140.0  140.0
571  777.711160 2.500E-23 2.822E+00.03330.070 2249.74440.750.000000 0 1 0   1  E"  0 0 0   1  E'  10  2  E' A1"   9  2  E' A1' 441110 1 1 1 0 0 0   168.0  152.0
571  777.859940 1.139E-23 2.922E+00.03480.070 2275.93700.750.000000 0 1 0   1  E"  0 0 0   1  E'  10  0  A1'E"    9  0  A2'E'  442110 1 1 2 0 0 0    84.0   76.0
571  777.885213 2.301E-28 1.414E-03.03330.070 3009.32990.750.000000 0 1 0   1  E"  0 0 0   1  E'  15 10  E' E"   15 12  A2'E'  331110 1 1 1 0 0 0   124.0  124.0
571  778.204353 1.153E-20 2.765E+00.03530.070 1002.02900.750.000000 0 1 0   0  A2" 0 0 0   0  A1' 11  3  A2"A1'  10  3  A1"A1" 442110 1 1 2 0 0 0   184.0  168.0
571  778.271516 1.376E-23 2.718E+00.03590.070 2221.91390.750.000000 0 1 0   1  E"  0 0 0   1  E'  10  3  A2"E'    9  3  A1"E"  442110 1 1 2 0 0 0    84.0   76.0
571  778.279666 7.277E-25 2.912E-02.03330.070 2015.45580.750.000000 0 3 0   0  A2" 0 0 0   1  E'   9  0  A2'A1"   8  4  E' A1' 331110 1 1 1 0 0 0   152.0  136.0
571  778.300053 2.259E-23 2.934E+00.03330.070 2278.30150.750.000000 0 1 0   1  E"  0 0 0   1  E'  10  1  E" A1'   9  1  E" A1" 441110 1 1 1 0 0 0   168.0  152.0
571  778.383669 1.039E-28 9.683E-05.03330.070 2831.06010.750.000000 0 2 0   0  A1' 0 0 0   0  A1' 21 21  A1"A1"  21 18  A1'A1' 331110 1 1 1 0 0 0   344.0  344.0
571  778.557579 1.192E-25 9.560E-04.03330.070 1606.53760.750.000000 0 1 0   1  E"  0 0 0   1  E'   6  2  E' A1"   5  4  E' A1' 331110 1 1 1 0 0 0   104.0   88.0
571  778.599015 1.485E-23 1.197E-01.03330.070 1337.61860.750.000000 0 1 0   1  E"  0 2 0   0  A1'  3  1  E" E'    2  1  E" E"  441110 1 1 1 0 0 0    28.0   20.0
571  778.643642 5.273E-28 2.782E-05.03330.070 1950.11270.750.000000 0 3 0   0  A2" 0 0 0   1  E'  10  8  E' E"   10 10  E' E'  331110 1 1 1 0 0 0    84.0   84.0
571  779.048002 1.401E-25 1.398E+01.03460.070 3761.33350.750.000000 0 4 0   0  A1' 0 3 0   0  A2" 18 18  A1'A1'  18 18  A2'A1" 332110 1 1 2 0 0 0   296.0  296.0
571  779.099911 1.943E-20 4.648E+00.03930.070  883.74030.750.000000 0 2 0   0  A1' 0 1 0   0  A2"  6  0  A1'A1'   5  0  A2'A1" 442110 1 1 2 0 0 0   104.0   88.0
571  779.108724 1.353E-23 2.692E+00.03590.070 2222.97260.750.000000 0 1 0   1  E"  0 0 0   1  E'  10  3  A1"E'    9  3  A2"E"  442110 1 1 2 0 0 0    84.0   76.0
571  779.213554 3.341E-23 1.661E+00.03760.070 1917.09320.750.000000 0 1 0   1  E"  0 0 0   1  E'   9  6  A1'E"    8  6  A2'E'  442110 1 1 2 0 0 0    76.0   68.0
571  779.217105 3.323E-28 9.491E-06.03330.070 1754.38170.750.000000 0 1 0   1  E"  0 0 0   1  E'   7  1  E" E'    6  3  A2"E"  331110 1 1 1 0 0 0    60.0   52.0
571  779.274013 4.560E-26 1.847E-02.03330.070 2547.69760.750.000000 0 3 0   0  A2" 0 0 0   1  E'  12  3  A2"A1'  11  5  E" A1" 331110 1 1 1 0 0 0   200.0  184.0
571  779.376585 6.991E-26 5.996E-04.03330.070 1401.71810.750.000000 0 1 0   1  E"  0 2 0   0  A1'  4  2  E' E"    4  4  E' E'  331110 1 1 1 0 0 0    36.0   36.0
571  779.466978 9.658E-21 4.526E+00.03330.070  879.31620.750.000000 0 2 0   0  A1' 0 1 0   0  A2"  6  1  E" E"    5  1  E" E'  441110 1 1 1 0 0 0    52.0   44.0
571  779.483792 3.137E-26 8.876E-06.03330.070  883.74030.750.000000 0 0 0   1  E'  0 1 0   0  A2"  5  2  E' A1'   5  0  A2'A1" 331110 1 1 1 0 0 0    88.0   88.0
571  779.585734 9.904E-27 5.420E-04.03330.070 1913.70700.750.000000 0 1 0   1  E"  0 2 0   0  A1'  8  0  A1'E"    8  2  E' E'  331110 1 1 1 0 0 0    68.0   68.0
571  779.626475 1.041E-27 1.337E-03.03330.070 2753.94300.750.000000 0 0 0   0  A1' 0 0 0   0  A1' 21 13  E" E"   20 16  E' E'  331110 1 1 1 0 0 0   172.0  164.0
571  779.767236 7.216E-28 6.995E-06.03330.070 1601.03990.750.000000 0 0 0   1  E'  0 1 0   0  A2" 10  4  E' E'   10  2  E' E"  331110 1 1 1 0 0 0    84.0   84.0
571  779.922324 1.288E-27 4.611E-05.03330.070 2117.47350.750.000000 0 0 0   1  E'  0 1 0   0  A2" 17 17  E" A1"  16 15  A2"A1' 331110 1 1 1 0 0 0   280.0  264.0
571  780.167435 1.984E-26 3.937E-03.03590.070 2221.91390.750.000000 0 1 0   1  E"  0 0 0   1  E'  10  3  A1"E'    9  3  A1"E"  332110 1 1 2 0 0 0    84.0   76.0
571  780.236192 1.595E-25 1.217E-03.03330.070 1325.43510.750.000000 0 1 0   1  E"  0 2 0   0  A1'  3  2  E' E"    2  2  E' E'  331110 1 1 1 0 0 0    28.0   20.0
571  780.405661 3.476E-23 1.196E+00.03330.070 1840.79000.750.000000 0 1 0   1  E"  0 0 0   1  E'   9  7  E" E'    8  7  E" E"  441110 1 1 1 0 0 0    76.0   68.0
571  780.405735 5.275E-27 2.525E-05.03330.070 1491.45660.750.000000 0 2 0   0  A1' 0 0 0   0  A1' 12 10  E' E'   13  7  E" E"  331110 1 1 1 0 0 0   100.0  108.0
571  780.553276 2.953E-26 1.407E+01.03330.070 3950.26430.750.000000 0 4 0   0  A1' 0 3 0   0  A2" 19 19  E" E"   19 19  E" E'  331110 1 1 1 0 0 0   156.0  156.0
571  780.558780 2.387E-27 6.117E-04.03330.070 2310.21090.750.000000 0 1 0   1  E"  0 0 0   1  E'  12  9  A1"E'   12 11  E" E"  331110 1 1 1 0 0 0   100.0  100.0
571  780.572600 9.438E-21 4.158E+00.03330.070  866.04010.750.000000 0 2 0   0  A1' 0 1 0   0  A2"  6  2  E' E'    5  2  E' E"  441110 1 1 1 0 0 0    52.0   44.0
571  780.590832 6.950E-28 1.961E-05.03330.070 1998.88310.750.000000 0 0 0   1  E'  0 1 0   0  A2" 12  5  E" A1"  12  3  A2"A1' 331110 1 1 1 0 0 0   200.0  200.0
571  780.673746 6.369E-21 2.618E+00.03330.070  969.10920.750.000000 0 1 0   0  A2" 0 0 0   0  A1' 11  4  E' E"   10  4  E' E'  441110 1 1 1 0 0 0    92.0   84.0
571  780.788426 1.837E-20 1.541E+00.03330.070  623.30990.750.000000 0 1 0   0  A2" 0 0 0   0  A1' 10  7  E" E'    9  7  E" E"  441110 1 1 1 0 0 0    84.0   76.0
571  780.830085 1.348E-21 5.572E+00.04290.070 1341.68020.750.000000 0 3 0   0  A2" 0 2 0   0  A1'  3  0  A2'A1"   2  0  A1'A1' 442110 1 1 2 0 0 0    56.0   40.0
571  781.194145 6.941E-28 1.689E-04.03330.070 2263.34300.750.000000 0 1 0   1  E"  0 2 0   0  A1' 10  1  E" E'   10  1  E" E"  331110 1 1 1 0 0 0    84.0   84.0
571  781.254641 5.972E-22 4.844E+00.03330.070 1337.61860.750.000000 0 3 0   0  A2" 0 2 0   0  A1'  3  1  E" E'    2  1  E" E"  441110 1 1 1 0 0 0    28.0   20.0
571  781.420846 1.485E-23 2.488E+00.03330.070 2186.47790.750.000000 0 1 0   1  E"  0 0 0   1  E'  10  4  E' E"    9  4  E' E'  441110 1 1 1 0 0 0    84.0   76.0
571  781.596236 9.673E-28 6.352E-06.03330.070 1662.62110.750.000000 0 0 0   1  E'  0 1 0   0  A2" 10  2  E' A1'  11  6  A2'A1" 331110 1 1 1 0 0 0   168.0  184.0
571  781.825187 2.994E-23 2.546E+00.03330.070 2189.31230.750.000000 0 1 0   1  E"  0 0 0   1  E'  10  4  E' A1"   9  4  E' A1' 441110 1 1 1 0 0 0   168.0  152.0
571  782.156459 1.186E-26 1.416E+01.03330.070 4148.75160.750.000000 0 4 0   0  A1' 0 3 0   0  A2" 20 20  E' E'   20 20  E' E"  331110 1 1 1 0 0 0   164.0  164.0
571  782.210402 2.026E-27 6.285E-06.03330.070 1365.35450.750.000000 0 0 0   1  E'  0 1 0   0  A2" 10  8  E' E'    9  4  E' E"  331110 1 1 1 0 0 0    84.0   76.0
571  782.255271 1.225E-25 1.091E-03.03330.070 1626.33060.750.000000 0 1 0   1  E"  0 2 0   0  A1'  6  1  E" A1'   6  3  A1"A1" 331110 1 1 1 0 0 0   104.0  104.0
571  782.297007 4.063E-22 3.114E+00.03330.070 1325.43510.750.000000 0 3 0   0  A2" 0 2 0   0  A1'  3  2  E' E"    2  2  E' E'  441110 1 1 1 0 0 0    28.0   20.0
571  782.392576 5.558E-28 3.394E-04.03330.070 2532.17310.750.000000 0 2 0   0  A1' 0 0 0   0  A1' 15  5  E" E"   16  2  E' E'  331110 1 1 1 0 0 0   124.0  132.0
571  782.429433 1.780E-20 3.537E+00.03960.070  843.90120.750.000000 0 2 0   0  A1' 0 1 0   0  A2"  6  3  A1"A1"   5  3  A2"A1' 442110 1 1 2 0 0 0   104.0   88.0
571  782.599789 3.594E-26 1.772E-03.03330.070 1913.70700.750.000000 0 1 0   1  E"  0 2 0   0  A1'  9  6  A1'E"    8  2  E' E'  331110 1 1 1 0 0 0    76.0   68.0
571  782.766729 1.054E-27 3.598E-05.03330.070 1951.48760.750.000000 0 0 0   1  E'  0 1 0   0  A2" 16 16  E' E'   15 14  E' E"  331110 1 1 1 0 0 0   132.0  124.0
571  782.767224 2.165E-27 5.122E-06.03330.070 1265.95030.750.000000 0 0 0   1  E'  0 1 0   0  A2"  8  3  A1"E"    8  1  E" E'  331110 1 1 1 0 0 0    68.0   68.0
571  783.040851 1.964E-28 2.753E-04.03330.070 2658.48380.750.000000 0 1 0   1  E"  0 2 0   0  A1' 12  2  E' E"   12  2  E' E'  331110 1 1 1 0 0 0   100.0  100.0
571  783.117626 4.184E-27 1.140E-04.03330.070 1863.69220.750.000000 0 2 0   0  A1' 0 0 0   0  A1' 13  8  E' E'   14  5  E" E"  331110 1 1 1 0 0 0   108.0  116.0
571  783.499455 3.162E-23 2.124E+00.03330.070 2140.04970.750.000000 0 1 0   1  E"  0 0 0   1  E'  10  5  E" A1'   9  5  E" A1" 441110 1 1 1 0 0 0   168.0  152.0
571  783.858755 9.070E-27 1.425E+01.03440.070 4356.76920.750.000000 0 4 0   0  A1' 0 3 0   0  A2" 21 21  A1"A1"  21 21  A2"A1' 332110 1 1 2 0 0 0   344.0  344.0
571  783.886103 3.729E-27 2.176E-06.03330.070  620.51910.750.000000 0 0 0   1  E'  0 1 0   0  A2"  1  1  E" E"    1  1  E" E'  331110 1 1 1 0 0 0    12.0   12.0
571  783.889219 7.193E-21 2.425E+00.03330.070  926.70450.750.000000 0 1 0   0  A2" 0 0 0   0  A1' 11  5  E" E'   10  5  E" E"  441110 1 1 1 0 0 0    92.0   84.0
571  784.038876 5.702E-25 5.440E-03.03330.070 1462.59760.750.000000 0 1 0   1  E"  0 2 0   0  A1'  5  3  A2"E'    4  1  E" E"  331110 1 1 1 0 0 0    44.0   36.0
571  784.116207 9.694E-26 1.062E-03.03330.070 1490.94170.750.000000 0 1 0   1  E"  0 2 0   0  A1'  5  2  E' E"    5  4  E' E'  331110 1 1 1 0 0 0    44.0   44.0
571  784.152910 1.116E-25 7.363E-05.03330.070  976.72800.750.000000 0 0 0   1  E'  0 1 0   0  A2"  7  6  A2'E'    6  2  E' E"  331110 1 1 1 0 0 0    60.0   52.0
571  784.347657 3.769E-28 3.423E-07.03330.070 1013.01180.750.000000 0 0 0   1  E'  0 1 0   0  A2"  6  1  E" E"    7  5  E" E'  331110 1 1 1 0 0 0    52.0   60.0
571  784.842465 1.008E-26 7.430E-03.03610.070 2468.91550.750.000000 0 0 0   2  E'  0 1 0   1  E"   9  9  A2"E"    9  9  A1"E'  332110 1 1 2 0 0 0    76.0   76.0
571  785.059879 7.705E-21 2.650E+00.03330.070  812.88120.750.000000 0 2 0   0  A1' 0 1 0   0  A2"  6  4  E' E'    5  4  E' E"  441110 1 1 1 0 0 0    52.0   44.0
571  785.146948 1.330E-28 2.115E-02.03330.070 3760.51910.750.000000 0 0 0   1  E'  0 0 0   0  A1' 23 21  A1"E"   24 20  E' E'  331110 1 1 1 0 0 0   188.0  196.0
571  785.435900 1.545E-27 2.639E-05.03330.070 1794.92060.750.000000 0 0 0   1  E'  0 1 0   0  A2" 15 15  A1"E"   14 13  E" E'  331110 1 1 1 0 0 0   124.0  116.0
571  785.438004 6.601E-23 1.215E+00.03330.070 1852.08320.750.000000 0 1 0   1  E"  0 0 0   1  E'   9  7  E" A1'   8  7  E" A1" 441110 1 1 1 0 0 0   152.0  136.0
571  785.661658 1.652E-27 1.433E+01.03330.070 4574.29010.750.000000 0 4 0   0  A1' 0 3 0   0  A2" 22 22  E' E'   22 22  E' E"  331110 1 1 1 0 0 0   180.0  180.0
571  785.969794 7.822E-27 8.452E-03.03330.070 2567.64060.750.000000 0 0 0   2  E'  0 1 0   1  E"  10 10  E' E'   10 10  E' E"  331110 1 1 1 0 0 0    84.0   84.0
571  786.066634 8.324E-25 1.322E-01.03330.070 2334.49140.750.000000 0 3 0   0  A2" 0 0 0   1  E'  11  3  A2"A1'  10  5  E" A1" 331110 1 1 1 0 0 0   184.0  168.0
571  786.140875 1.659E-23 2.309E+00.03330.070 2145.97200.750.000000 0 1 0   1  E"  0 0 0   1  E'  10  5  E" E'    9  5  E" E"  441110 1 1 1 0 0 0    84.0   76.0
571  786.160673 1.117E-27 5.311E-04.03530.070 2417.31630.750.000000 0 1 0   1  E"  0 0 0   1  E'  11  3  A1"E'   10  3  A2"E"  332110 1 1 2 0 0 0    92.0   84.0
571  786.203764 1.481E-26 6.240E-06.03330.070  657.54040.750.000000 0 0 0   1  E'  0 1 0   0  A2"  2  1  E" E"    2  1  E" E'  331110 1 1 1 0 0 0    20.0   20.0
571  786.355786 1.148E-23 3.059E+00.03330.070 2440.88570.750.000000 0 1 0   1  E"  0 0 0   1  E'  11  1  E" A1'  10  1  E" A1" 441110 1 1 1 0 0 0   184.0  168.0
571  786.440372 3.167E-25 3.739E-03.03330.070 1539.62960.750.000000 0 1 0   1  E"  0 2 0   0  A1'  6  4  E' E"    5  2  E' E'  331110 1 1 1 0 0 0    52.0   44.0
571  786.540134 5.490E-23 6.578E-01.03330.070 1763.26260.750.000000 0 1 0   1  E"  0 0 0   1  E'   9  8  E' A1"   8  8  E' A1' 441110 1 1 1 0 0 0   152.0  136.0
571  786.630979 1.858E-20 1.115E+00.03330.070  551.52800.750.000000 0 1 0   0  A2" 0 0 0   0  A1' 10  8  E' E"    9  8  E' E'  441110 1 1 1 0 0 0    84.0   76.0
571  786.703663 6.664E-28 1.286E-02.03330.070 3317.06920.750.000000 0 0 0   1  E'  0 0 0   0  A1' 22 21  A1"E"   23 20  E' E'  331110 1 1 1 0 0 0   180.0  188.0
571  786.887808 1.154E-26 9.655E-03.03330.070 2675.83840.750.000000 0 0 0   2  E'  0 1 0   1  E"  11 11  E" A1"  11 11  E" A1' 331110 1 1 1 0 0 0   184.0  184.0
571  786.991864 2.947E-26 1.449E-03.03330.070 2053.47430.750.000000 0 1 0   1  E"  0 2 0   0  A1'  9  1  E" A1'   9  3  A1"A1" 331110 1 1 1 0 0 0   152.0  152.0
571  787.219954 2.083E-21 3.079E+00.03330.070 1246.26640.750.000000 0 1 0   0  A2" 0 0 0   0  A1' 12  1  E" E'   11  1  E" E"  441110 1 1 1 0 0 0   100.0   92.0
571  787.416655 5.838E-24 3.015E+00.03330.070 2433.74900.750.000000 0 1 0   1  E"  0 0 0   1  E'  11  2  E' E"   10  2  E' E'  331110 1 1 1 0 0 0    92.0   84.0
571  787.530303 5.841E-28 9.615E-04.03330.070 2719.88880.750.000000 0 1 0   1  E"  0 0 0   1  E'  14 10  E' E"   14 12  A2'E'  331110 1 1 1 0 0 0   116.0  116.0
571  787.566859 5.731E-28 1.442E+01.03330.070 4801.28690.750.000000 0 4 0   0  A1' 0 3 0   0  A2" 23 23  E" E"   23 23  E" E'  331110 1 1 1 0 0 0   188.0  188.0
571  787.600680 4.056E-27 1.108E-02.03600.070 2793.49460.750.000000 0 0 0   2  E'  0 1 0   1  E"  12 12  A2'E'   12 12  A1'E"  332110 1 1 2 0 0 0   100.0  100.0
571  787.830381 1.873E-28 2.796E-02.03460.070 3697.13010.750.000000 0 0 0   2  E'  0 1 0   1  E"  18 18  A2'E'   18 18  A1'E"  332110 1 1 2 0 0 0   148.0  148.0
571  787.856042 2.039E-27 5.150E-03.03330.070 2888.79270.750.000000 0 0 0   1  E'  0 0 0   0  A1' 21 21  A2"E"   22 20  E' E'  331110 1 1 1 0 0 0   172.0  180.0
571  787.882347 1.651E-20 2.182E+00.03560.070  874.73880.750.000000 0 1 0   0  A2" 0 0 0   0  A1' 11  6  A2'A1"  10  6  A1'A1' 442110 1 1 2 0 0 0   184.0  168.0
571  787.894463 1.921E-23 1.982E+00.03580.070 2083.54090.750.000000 0 1 0   1  E"  0 0 0   1  E'  10  6  A1'E"    9  6  A2'E'  442110 1 1 2 0 0 0    84.0   76.0
571  787.925952 3.888E-27 1.747E-05.03330.070 1647.79430.750.000000 0 0 0   1  E'  0 1 0   0  A2" 14 14  E' A1'  13 12  A2'A1" 331110 1 1 1 0 0 0   232.0  216.0
571  788.112805 2.719E-27 1.277E-02.03330.070 2920.59380.750.000000 0 0 0   2  E'  0 1 0   1  E"  13 13  E" E"   13 13  E" E'  331110 1 1 1 0 0 0   108.0  108.0
571  788.238231 2.185E-21 3.026E+00.03330.070 1232.28220.750.000000 0 1 0   0  A2" 0 0 0   0  A1' 12  2  E' E"   11  2  E' E'  441110 1 1 1 0 0 0   100.0   92.0
571  788.249166 6.983E-28 2.367E-02.03330.070 3523.07990.750.000000 0 0 0   2  E'  0 1 0   1  E"  17 17  E" A1"  17 17  E" A1' 331110 1 1 1 0 0 0   280.0  280.0
571  788.419487 1.329E-28 3.670E-06.03330.070 1863.69220.750.000000 0 0 0   1  E'  0 0 0   0  A1' 13 10  E' E'   14  5  E" E"  331110 1 1 1 0 0 0   108.0  116.0
571  788.428804 3.481E-27 1.480E-02.03330.070 3057.11980.750.000000 0 0 0   2  E'  0 1 0   1  E"  14 14  E' A1'  14 14  E' A1" 331110 1 1 1 0 0 0   232.0  232.0
571  788.491925 6.234E-28 2.014E-02.03330.070 3358.38160.750.000000 0 0 0   2  E'  0 1 0   1  E"  16 16  E' E'   16 16  E' E"  331110 1 1 1 0 0 0   132.0  132.0
571  788.500590 5.182E-21 1.480E+00.03330.070  772.95630.750.000000 0 2 0   0  A1' 0 1 0   0  A2"  6  5  E" E"    5  5  E" E'  441110 1 1 1 0 0 0    52.0   44.0
571  788.553509 1.066E-27 1.722E-02.03620.070 3203.05520.750.000000 0 0 0   2  E'  0 1 0   1  E"  15 15  A1"E"   15 15  A1"E'  332110 1 1 2 0 0 0   124.0  124.0
571  788.578699 6.400E-27 1.258E-04.03330.070 1869.43510.750.000000 0 0 0   0  A1' 0 0 0   0  A1' 19 14  E' E'   18 17  E" E"  331110 1 1 1 0 0 0   156.0  148.0
571  788.614245 1.152E-27 3.194E-06.03330.070 1461.13010.750.000000 0 0 0   1  E'  0 1 0   0  A2"  9  2  E' A1'  10  6  A2'A1" 331110 1 1 1 0 0 0   152.0  168.0
571  788.652621 3.847E-25 3.016E-03.03330.070 1626.33060.750.000000 0 1 0   1  E"  0 2 0   0  A1'  7  5  E" A1'   6  3  A1"A1" 331110 1 1 1 0 0 0   120.0  104.0
571  789.475801 8.152E-26 1.288E-03.03330.070 1597.94110.750.000000 0 1 0   1  E"  0 2 0   0  A1'  6  2  E' E"    6  4  E' E'  331110 1 1 1 0 0 0    52.0   52.0
571  789.550870 2.572E-27 2.342E-04.03330.070 2075.60390.750.000000 0 1 0   1  E"  0 0 0   1  E'  11  9  A2"E'   11 11  E" E"  331110 1 1 1 0 0 0    92.0   92.0
571  789.576035 3.791E-28 1.451E+01.03350.070 5037.73220.750.000000 0 4 0   0  A1' 0 3 0   0  A2" 24 24  A1'A1'  24 24  A2'A1" 332110 1 1 2 0 0 0   392.0  392.0
571  789.695316 2.942E-26 1.170E-05.03330.070  713.04110.750.000000 0 0 0   1  E'  0 1 0   0  A2"  3  1  E" E"    3  1  E" E'  331110 1 1 1 0 0 0    28.0   28.0
571  789.909857 7.237E-28 2.699E-07.03330.070  699.72320.750.000000 0 0 0   1  E'  0 1 0   0  A2"  3  2  E' E'    3  2  E' E"  331110 1 1 1 0 0 0    28.0   28.0
571  789.944769 4.734E-21 2.937E+00.03510.070 1208.93840.750.000000 0 1 0   0  A2" 0 0 0   0  A1' 12  3  A2"A1'  11  3  A1"A1" 442110 1 1 2 0 0 0   200.0  184.0
571  789.969983 5.110E-24 3.047E+00.03330.070 2462.00500.750.000000 0 1 0   1  E"  0 0 0   1  E'  11  1  E" E'   10  1  E" E"  331110 1 1 1 0 0 0    92.0   84.0
571  790.014062 6.176E-24 2.908E+00.03530.070 2413.46290.750.000000 0 1 0   1  E"  0 0 0   1  E'  11  3  A1"E'   10  3  A2"E"  332110 1 1 2 0 0 0    92.0   84.0
571  790.233040 1.912E-27 9.504E-06.03330.070 1510.12950.750.000000 0 0 0   1  E'  0 1 0   0  A2" 13 13  E" E"   12 11  E" E'  331110 1 1 1 0 0 0   108.0  100.0
571  790.274624 4.926E-24 3.077E+00.03450.070 2471.45800.750.000000 0 1 0   1  E"  0 0 0   1  E'  11  0  A2'E"   10  0  A1'E'  332110 1 1 2 0 0 0    92.0   84.0
571  790.416130 1.091E-23 2.985E+00.03330.070 2444.21740.750.000000 0 1 0   1  E"  0 0 0   1  E'  11  2  E' A1"  10  2  E' A1' 441110 1 1 1 0 0 0   184.0  168.0
571  790.550949 3.683E-27 4.031E-04.03330.070 2073.70170.750.000000 0 1 0   1  E"  0 2 0   0  A1'  9  0  A2'E"    9  2  E' E'  331110 1 1 1 0 0 0    76.0   76.0
571  790.683834 1.348E-25 2.995E-03.03330.070 1722.67940.750.000000 0 1 0   1  E"  0 2 0   0  A1'  8  6  A1'E"    7  4  E' E'  331110 1 1 1 0 0 0    68.0   60.0
571  790.845094 1.738E-27 8.373E-06.03330.070 1431.06880.750.000000 0 0 0   1  E'  0 1 0   0  A2"  9  3  A1"E"    9  1  E" E'  331110 1 1 1 0 0 0    76.0   76.0
571  790.898056 2.511E-26 2.436E-04.03330.070 1462.59760.750.000000 0 1 0   1  E"  0 2 0   0  A1'  5  3  A1"E'    4  1  E" E"  331110 1 1 1 0 0 0    44.0   36.0
571  790.980721 6.102E-27 9.671E-07.03330.070  717.47920.750.000000 0 0 0   1  E'  0 1 0   0  A2"  4  4  E' A1'   3  0  A2'A1" 331110 1 1 1 0 0 0    72.0   56.0
571  790.997330 2.965E-28 2.476E-03.03330.070 3142.57520.750.000000 0 0 0   0  A1' 0 0 0   0  A1' 22 13  E" E"   21 16  E' E'  331110 1 1 1 0 0 0   180.0  172.0
571  791.127089 1.486E-25 7.599E-03.03330.070 1894.06840.750.000000 0 1 0   1  E"  0 0 0   1  E'   8  1  E" E'    7  3  A2"E"  331110 1 1 1 0 0 0    68.0   60.0
571  791.305231 1.855E-23 2.012E+00.03580.070 2092.09370.750.000000 0 1 0   1  E"  0 0 0   1  E'  10  6  A2'E"    9  6  A1'E'  442110 1 1 2 0 0 0    84.0   76.0
571  791.522846 5.985E-24 2.882E+00.03530.070 2417.31630.750.000000 0 1 0   1  E"  0 0 0   1  E'  11  3  A2"E'   10  3  A2"E"  332110 1 1 2 0 0 0    92.0   84.0
571  791.816086 3.804E-27 2.715E-04.03330.070 2214.68280.750.000000 0 2 0   0  A1' 0 0 0   0  A1' 14  6  A1'A1'  15  3  A1"A1" 331110 1 1 1 0 0 0   232.0  248.0
571  791.963488 1.269E-28 3.073E-06.03330.070 1801.94880.750.000000 0 0 0   1  E'  0 1 0   0  A2" 11  4  E' E'   11  2  E' E"  331110 1 1 1 0 0 0    92.0   92.0
571  792.353392 1.081E-27 3.130E-06.03330.070 1381.94580.750.000000 0 0 0   1  E'  0 1 0   0  A2" 12 12  A2'E'   11 10  E' E"  331110 1 1 1 0 0 0   100.0   92.0
571  792.356219 2.640E-21 2.811E+00.03330.070 1176.23860.750.000000 0 1 0   0  A2" 0 0 0   0  A1' 12  4  E' E"   11  4  E' E'  441110 1 1 1 0 0 0   100.0   92.0
571  792.548107 1.664E-25 5.560E-03.03330.070 1828.64750.750.000000 0 1 0   1  E"  0 2 0   0  A1'  9  7  E" E'    8  5  E" E"  331110 1 1 1 0 0 0    76.0   68.0
571  792.695506 9.508E-21 1.885E+00.03330.070  813.12600.750.000000 0 1 0   0  A2" 0 0 0   0  A1' 11  7  E" E'   10  7  E" E"  441110 1 1 1 0 0 0    92.0   84.0
571  792.754725 2.570E-23 6.665E-01.03330.070 1776.38920.750.000000 0 1 0   1  E"  0 0 0   1  E'   9  8  E' E"    8  8  E' E'  441110 1 1 1 0 0 0    76.0   68.0
571  792.833074 2.460E-24 1.691E-01.03330.070 2140.04970.750.000000 0 3 0   0  A2" 0 0 0   1  E'  10  3  A2"A1'   9  5  E" A1" 331110 1 1 1 0 0 0   168.0  152.0
571  792.840225 2.149E-23 1.622E+00.03330.070 2016.81170.750.000000 0 1 0   1  E"  0 0 0   1  E'  10  7  E" E'    9  7  E" E"  441110 1 1 1 0 0 0    84.0   76.0
571  792.923725 2.178E-28 2.232E-05.03330.070 2273.79960.750.000000 0 0 0   1  E'  0 1 0   0  A2" 13  4  E' A1'  13  0  A2'A1" 331110 1 1 1 0 0 0   216.0  216.0
571  793.116563 1.731E-28 1.274E-03.03330.070 3194.38170.750.000000 0 1 0   1  E"  0 0 0   1  E'  16 11  E" A1'  16 13  E" A1" 331110 1 1 1 0 0 0   264.0  264.0
571  793.448290 7.983E-27 2.399E-04.03330.070 1783.48620.750.000000 0 1 0   1  E"  0 2 0   0  A1'  8  5  E" E'    7  1  E" E"  331110 1 1 1 0 0 0    68.0   60.0
571  793.457124 2.955E-20 6.059E-01.03610.070  469.80430.750.000000 0 1 0   0  A2" 0 0 0   0  A1' 10  9  A2"A1'   9  9  A1"A1" 442110 1 1 2 0 0 0   168.0  152.0
571  793.510517 6.757E-21 4.863E+00.03330.070  989.97570.750.000000 0 2 0   0  A1' 0 1 0   0  A2"  7  1  E" E"    6  1  E" E'  441110 1 1 1 0 0 0    60.0   52.0
571  793.600874 1.351E-23 2.747E+00.03330.070 2381.59480.750.000000 0 1 0   1  E"  0 0 0   1  E'  11  4  E' A1"  10  4  E' A1' 441110 1 1 1 0 0 0   184.0  168.0
571  793.606490 9.324E-26 1.013E-02.03330.070 2070.64620.750.000000 0 1 0   1  E"  0 0 0   1  E'   9  0  A2'E"    8  2  E' E'  331110 1 1 1 0 0 0    76.0   68.0
571  793.627460 6.731E-24 2.728E+00.03330.070 2380.80710.750.000000 0 1 0   1  E"  0 0 0   1  E'  11  4  E' E"   10  4  E' E'  331110 1 1 1 0 0 0    92.0   84.0
571  793.693510 2.183E-28 1.290E-04.03330.070 2458.28150.750.000000 0 1 0   1  E"  0 2 0   0  A1' 11  1  E" E'   11  1  E" E"  331110 1 1 1 0 0 0    92.0   92.0
571  793.832430 2.281E-28 1.159E-05.03330.070 1891.36300.750.000000 0 1 0   1  E"  0 0 0   1  E'   8  1  E" E'    7  3  A1"E"  331110 1 1 1 0 0 0    68.0   60.0
571  793.952688 1.364E-28 1.713E-04.03510.070 2630.45830.750.000000 0 1 0   1  E"  0 0 0   1  E'  12  3  A2"E'   11  3  A1"E"  332110 1 1 2 0 0 0   100.0   92.0
571  794.025621 1.406E-25 1.794E-03.03330.070 1723.85730.750.000000 0 1 0   1  E"  0 0 0   1  E'   7  2  E' A1"   6  4  E' A1' 331110 1 1 1 0 0 0   120.0  104.0
571  794.159316 3.068E-25 8.170E-03.03330.070 1944.30570.750.000000 0 1 0   1  E"  0 2 0   0  A1' 10  8  E' A1"   9  6  A1'A1' 331110 1 1 1 0 0 0   168.0  152.0
571  794.163550 2.978E-27 1.250E-06.03330.070  773.68380.750.000000 0 0 0   1  E'  0 1 0   0  A2"  4  2  E' E'    4  2  E' E"  331110 1 1 1 0 0 0    36.0   36.0
571  794.302676 9.301E-26 5.979E-04.03330.070 1553.18660.750.000000 0 3 0   0  A2" 0 0 0   1  E'   6  3  A2"A1'   5  5  E" A1" 331110 1 1 1 0 0 0   104.0   88.0
571  794.377386 4.007E-26 1.796E-05.03330.070  786.98330.750.000000 0 0 0   1  E'  0 1 0   0  A2"  4  1  E" E"    4  1  E" E'  331110 1 1 1 0 0 0    36.0   36.0
571  794.501910 1.128E-28 9.610E-06.03330.070 2235.10550.750.000000 0 0 0   1  E'  0 1 0   0  A2" 13  5  E" A1"  13  3  A2"A1' 331110 1 1 1 0 0 0   216.0  216.0
571  794.596065 6.770E-21 4.580E+00.03330.070  976.72800.750.000000 0 2 0   0  A1' 0 1 0   0  A2"  7  2  E' E'    6  2  E' E"  441110 1 1 1 0 0 0    60.0   52.0
571  794.603299 2.575E-26 1.776E-05.03330.070 1123.28760.750.000000 0 0 0   1  E'  0 1 0   0  A2"  7  2  E' A1'   7  0  A2'A1" 331110 1 1 1 0 0 0   120.0  120.0
571  795.365986 5.248E-26 1.336E-03.03330.070 1722.67940.750.000000 0 1 0   1  E"  0 2 0   0  A1'  7  2  E' E"    7  4  E' E'  331110 1 1 1 0 0 0    60.0   60.0
571  795.376235 1.065E-27 5.079E-04.03530.070 2413.46290.750.000000 0 1 0   1  E"  0 0 0   1  E'  11  3  A2"E'   10  3  A2"E"  332110 1 1 2 0 0 0    92.0   84.0
571  795.493089 3.027E-21 2.645E+00.03330.070 1134.09250.750.000000 0 1 0   0  A2" 0 0 0   0  A1' 12  5  E" E'   11  5  E" E"  441110 1 1 1 0 0 0   100.0   92.0
571  795.723156 1.484E-28 1.330E-05.03330.070 2069.43160.750.000000 0 1 0   1  E"  0 2 0   0  A1' 11  9  A2"E'   10  7  E" E"  331110 1 1 1 0 0 0    92.0   84.0
571  795.945820 5.877E-25 1.917E-02.03330.070 1964.54870.750.000000 0 3 0   0  A2" 0 0 0   1  E'   9  3  A2"A1'   8  5  E" A1" 331110 1 1 1 0 0 0   152.0  136.0
571  796.019243 4.595E-27 5.277E-06.03330.070 1154.09340.750.000000 0 0 0   1  E'  0 1 0   0  A2" 10 10  E' E'    9  8  E' E"  331110 1 1 1 0 0 0    84.0   76.0
571  796.410161 6.643E-22 5.641E+00.03330.070 1391.19320.750.000000 0 3 0   0  A2" 0 2 0   0  A1'  4  1  E" E'    3  1  E" E"  441110 1 1 1 0 0 0    36.0   28.0
571  796.418495 1.344E-20 4.104E+00.03920.070  954.63580.750.000000 0 2 0   0  A1' 0 1 0   0  A2"  7  3  A1"A1"   6  3  A2"A1' 442110 1 1 2 0 0 0   120.0  104.0
571  796.561385 1.446E-26 4.828E-05.03330.070 1551.84480.750.000000 0 2 0   0  A1' 0 0 0   0  A1' 12  9  A1"A1"  13  6  A1'A1' 331110 1 1 1 0 0 0   200.0  216.0
571  796.688437 9.875E-28 8.833E-06.03330.070 1401.71810.750.000000 0 1 0   1  E"  0 2 0   0  A1'  4  0  A1'E"    4  4  E' E'  331110 1 1 1 0 0 0    36.0   36.0
571  796.707810 9.628E-28 1.246E-06.03330.070 1277.50510.750.000000 0 0 0   1  E'  0 1 0   0  A2"  8  2  E' A1'   9  6  A2'A1" 331110 1 1 1 0 0 0   136.0  152.0
571  796.874797 4.918E-26 4.541E-05.03330.070 1230.80210.750.000000 0 0 0   1  E'  0 1 0   0  A2"  9  7  E" A1"   8  3  A2"A1' 331110 1 1 1 0 0 0   152.0  136.0
571  796.914851 2.744E-25 2.179E-03.03330.070 1325.43510.750.000000 0 1 0   1  E"  0 2 0   0  A1'  3  0  A2'E"    2  2  E' E'  331110 1 1 1 0 0 0    28.0   20.0
571  796.965422 2.096E-25 2.084E-03.03330.070 1670.98490.750.000000 0 3 0   0  A2" 0 0 0   1  E'   7  3  A2"A1'   6  5  E" A1" 331110 1 1 1 0 0 0   120.0  104.0
571  796.970701 1.478E-23 2.411E+00.03330.070 2334.49140.750.000000 0 1 0   1  E"  0 0 0   1  E'  11  5  E" A1'  10  5  E" A1" 441110 1 1 1 0 0 0   184.0  168.0
571  797.249965 1.984E-28 8.427E-06.03330.070 2057.54480.750.000000 0 3 0   0  A2" 0 0 0   1  E'  11  9  A2"A1'  11 11  E" A1" 331110 1 1 1 0 0 0   184.0  184.0
571  797.342769 1.135E-27 5.480E-04.03330.070 2448.01390.750.000000 0 1 0   1  E"  0 0 0   1  E'  13 10  E' E"   13 12  A2'E'  331110 1 1 1 0 0 0   108.0  108.0
571  797.386148 4.087E-23 1.645E+00.03330.070 2027.67690.750.000000 0 1 0   1  E"  0 0 0   1  E'  10  7  E" A1'   9  7  E" A1" 441110 1 1 1 0 0 0   168.0  152.0
571  797.440246 2.252E-27 2.648E-06.03330.070 1176.95920.750.000000 0 2 0   0  A1' 0 0 0   0  A1' 11 11  E" E"   12  8  E' E'  331110 1 1 1 0 0 0    92.0  100.0
571  797.494096 3.376E-25 5.777E-03.03330.070 1808.14680.750.000000 0 3 0   0  A2" 0 0 0   1  E'   8  3  A2"A1'   7  5  E" A1" 331110 1 1 1 0 0 0   136.0  120.0
571  797.557578 5.158E-26 4.048E-05.03330.070 1054.45750.750.000000 0 0 0   1  E'  0 1 0   0  A2"  9  9  A1"E"    8  7  E" E'  331110 1 1 1 0 0 0    76.0   68.0
571  797.583199 5.763E-22 4.626E+00.03330.070 1379.01120.750.000000 0 3 0   0  A2" 0 2 0   0  A1'  4  2  E' E"    3  2  E' E'  441110 1 1 1 0 0 0    36.0   28.0
571  797.671437 7.634E-24 2.549E+00.03330.070 2338.90100.750.000000 0 1 0   1  E"  0 0 0   1  E'  11  5  E" E'   10  5  E" E"  331110 1 1 1 0 0 0    92.0   84.0
571  798.206321 1.512E-21 3.240E+00.03410.070 1475.59330.750.000000 0 1 0   0  A2" 0 0 0   0  A1' 13  0  A2'A1"  12  0  A1'A1' 442110 1 1 2 0 0 0   216.0  200.0
571  798.317309 1.525E-28 2.274E-05.03330.070 2348.40620.750.000000 0 1 0   1  E"  0 2 0   0  A1' 13 11  E" A1'  12  9  A1"A1" 331110 1 1 1 0 0 0   216.0  200.0
571  798.383713 1.075E-20 1.528E+00.03330.070  741.76160.750.000000 0 1 0   0  A2" 0 0 0   0  A1' 11  8  E' E"   10  8  E' E'  441110 1 1 1 0 0 0    92.0   84.0
571  798.536360 7.692E-22 3.225E+00.03330.070 1470.96420.750.000000 0 1 0   0  A2" 0 0 0   0  A1' 13  1  E" E'   12  1  E" E"  441110 1 1 1 0 0 0   108.0  100.0
571  798.645272 6.582E-28 9.556E-06.03330.070 1710.59370.750.000000 0 0 0   1  E'  0 1 0   0  A2" 12  9  A1"E"   11  5  E" E'  331110 1 1 1 0 0 0   100.0   92.0
571  798.778749 1.350E-26 1.827E-04.03330.070 1561.37900.750.000000 0 1 0   1  E"  0 0 0   1  E'   6  3  A1"E'    5  5  E" E"  331110 1 1 1 0 0 0    52.0   44.0
571  798.827463 2.353E-24 3.174E+00.03330.070 2642.69710.750.000000 0 1 0   1  E"  0 0 0   1  E'  12  2  E' E"   11  2  E' E'  331110 1 1 1 0 0 0   100.0   92.0
571  798.835820 4.464E-23 1.175E+00.03330.070 1939.62920.750.000000 0 1 0   1  E"  0 0 0   1  E'  10  8  E' A1"   9  8  E' A1' 441110 1 1 1 0 0 0   168.0  152.0
571  798.894331 9.613E-25 2.730E-04.03330.070  964.36820.750.000000 0 0 0   1  E'  0 1 0   0  A2"  8  8  E' A1'   7  6  A2'A1" 331110 1 1 1 0 0 0   136.0  120.0
571  798.998091 6.478E-21 3.423E+00.03330.070  923.68130.750.000000 0 2 0   0  A1' 0 1 0   0  A2"  7  4  E' E'    6  4  E' E"  441110 1 1 1 0 0 0    60.0   52.0
571  799.050246 5.860E-26 5.573E-04.03330.070 1454.44540.750.000000 0 1 0   1  E"  0 2 0   0  A1'  5  3  A1"E'    5  5  E" E"  331110 1 1 1 0 0 0    44.0   44.0
571  799.196373 6.784E-27 3.695E-06.03330.070  866.04010.750.000000 0 0 0   1  E'  0 1 0   0  A2"  5  2  E' E'    5  2  E' E"  331110 1 1 1 0 0 0    44.0   44.0
571  799.341955 1.167E-27 1.264E-05.03330.070 1614.12100.750.000000 0 0 0   1  E'  0 1 0   0  A2" 10  3  A2"E"   10  1  E" E'  331110 1 1 1 0 0 0    84.0   84.0
571  799.385558 7.103E-21 2.438E+00.03540.070 1082.44650.750.000000 0 1 0   0  A2" 0 0 0   0  A1' 12  6  A2'A1"  11  6  A1'A1' 442110 1 1 2 0 0 0   200.0  184.0
571  799.448262 7.458E-22 2.724E+00.04250.070 1358.71230.750.000000 0 3 0   0  A2" 0 2 0   0  A1'  4  3  A2"A1'   3  3  A1"A1" 442110 1 1 2 0 0 0    72.0   56.0
571  799.529280 8.092E-22 3.179E+00.03330.070 1457.07010.750.000000 0 1 0   0  A2" 0 0 0   0  A1' 13  2  E' E"   12  2  E' E'  441110 1 1 1 0 0 0   108.0  100.0
571  799.579741 1.116E-27 1.108E-04.03330.070 2231.03170.750.000000 0 1 0   1  E"  0 2 0   0  A1' 11  7  E" A1'  10  3  A1"A1" 331110 1 1 1 0 0 0   184.0  168.0
571  799.714113 4.399E-26 2.165E-05.03330.070  879.31620.750.000000 0 0 0   1  E'  0 1 0   0  A2"  6  5  E" E"    5  1  E" E'  331110 1 1 1 0 0 0    52.0   44.0
571  799.741721 8.939E-24 2.233E+00.03560.070 2278.20340.750.000000 0 1 0   1  E"  0 0 0   1  E'  11  6  A2'E"   10  6  A1'E'  332110 1 1 2 0 0 0    92.0   84.0
571  799.855134 1.070E-28 8.620E-06.03330.070 2062.34270.750.000000 0 0 0   1  E'  0 1 0   0  A2" 12  3  A2"E"   13  7  E" E'  331110 1 1 1 0 0 0   100.0  108.0
571  800.003224 6.810E-23 2.972E-02.03330.070  883.83880.750.000000 0 0 0   1  E'  0 1 0   0  A2"  7  7  E" E"    6  5  E" E'  441110 1 1 1 0 0 0    60.0   52.0
571  800.080291 1.888E-26 3.505E-02.03330.070 2723.62410.750.000000 0 3 0   0  A2" 0 0 0   1  E'  13  4  E' E"   12  6  A1'E'  331110 1 1 1 0 0 0   108.0  100.0
571  800.165266 3.529E-27 3.865E-04.03330.070 2227.35400.750.000000 0 0 0   0  A1' 0 0 0   0  A1' 20 14  E' E'   19 17  E" E"  331110 1 1 1 0 0 0   164.0  156.0
571  800.268442 4.198E-26 2.445E-05.03330.070  879.31620.750.000000 0 0 0   1  E'  0 1 0   0  A2"  5  1  E" E"    5  1  E" E'  331110 1 1 1 0 0 0    44.0   44.0
571  800.414692 5.291E-27 1.288E-02.03330.070 2779.30470.750.000000 0 3 0   0  A2" 0 0 0   1  E'  13  1  E" E'   12  5  E" E"  331110 1 1 1 0 0 0   108.0  100.0
571  800.964428 2.252E-24 8.048E-04.03330.070  812.88120.750.000000 0 0 0   1  E'  0 1 0   0  A2"  6  6  A1'E'    5  4  E' E"  331110 1 1 1 0 0 0    52.0   44.0
571  801.055076 1.409E-23 1.209E-01.03330.070 1391.19320.750.000000 0 1 0   1  E"  0 2 0   0  A1'  4  1  E" E'    3  1  E" E"  441110 1 1 1 0 0 0    36.0   28.0
571  801.193698 1.760E-21 3.102E+00.03480.070 1433.91180.750.000000 0 1 0   0  A2" 0 0 0   0  A1' 13  3  A2"A1'  12  3  A1"A1" 442110 1 1 2 0 0 0   216.0  200.0
571  801.221740 4.568E-27 1.174E-03.03330.070 2426.01970.750.000000 0 1 0   1  E"  0 2 0   0  A1' 11  1  E" A1'  11  3  A1"A1" 331110 1 1 1 0 0 0   184.0  184.0
571  801.236780 2.500E-24 3.084E+00.03510.070 2623.17420.750.000000 0 1 0   1  E"  0 0 0   1  E'  12  3  A2"E'   11  3  A2"E"  332110 1 1 2 0 0 0   100.0   92.0
571  801.504352 1.318E-28 8.932E-05.03330.070 2601.67040.750.000000 0 2 0   0  A1' 0 0 0   0  A1' 20 20  E' E'   20 17  E" E"  331110 1 1 1 0 0 0   164.0  164.0
571  801.680446 1.185E-24 1.861E-04.03330.070  751.50620.750.000000 0 0 0   1  E'  0 1 0   0  A2"  5  5  E" A1"   4  3  A2"A1' 331110 1 1 1 0 0 0    88.0   72.0
571  801.733254 2.816E-26 1.284E-03.03330.070 1865.10440.750.000000 0 1 0   1  E"  0 2 0   0  A1'  8  2  E' E"    8  4  E' E'  331110 1 1 1 0 0 0    68.0   68.0
571  801.856340 3.198E-26 8.367E-04.03330.070 1893.45700.750.000000 0 1 0   1  E"  0 2 0   0  A1'  8  1  E" A1'   8  3  A1"A1" 331110 1 1 1 0 0 0   136.0  136.0
571  801.919875 2.006E-24 3.200E+00.03330.070 2675.75440.750.000000 0 1 0   1  E"  0 0 0   1  E'  12  1  E" E'   11  1  E" E"  331110 1 1 1 0 0 0   100.0   92.0
571  802.083477 3.810E-25 3.092E-03.03330.070 1379.01120.750.000000 0 1 0   1  E"  0 2 0   0  A1'  4  2  E' E"    3  2  E' E'  331110 1 1 1 0 0 0    36.0   28.0
571  802.101372 1.927E-24 3.230E+00.03430.070 2685.75560.750.000000 0 1 0   1  E"  0 0 0   1  E'  12  0  A1'E"   11  0  A2'E'  332110 1 1 2 0 0 0   100.0   92.0
571  802.185686 2.444E-25 7.303E-05.03330.070  699.72320.750.000000 0 0 0   1  E'  0 1 0   0  A2"  4  4  E' E'    3  2  E' E"  331110 1 1 1 0 0 0    36.0   28.0
571  802.194416 4.304E-24 3.146E+00.03330.070 2657.64090.750.000000 0 1 0   1  E"  0 0 0   1  E'  12  2  E' A1"  11  2  E' A1' 331110 1 1 1 0 0 0   200.0  184.0
571  802.292032 3.809E-24 3.241E+00.03330.070 2688.83910.750.000000 0 1 0   1  E"  0 0 0   1  E'  12  1  E" A1'  11  1  E" A1" 331110 1 1 1 0 0 0   200.0  184.0
571  802.296453 4.699E-27 1.639E-04.03330.070 1904.96400.750.000000 0 2 0   0  A1' 0 0 0   0  A1' 13  7  E" E"   14  4  E' E'  331110 1 1 1 0 0 0   108.0  116.0
571  802.404551 5.689E-21 2.497E+00.03330.070  883.83880.750.000000 0 2 0   0  A1' 0 1 0   0  A2"  7  5  E" E"    6  5  E" E'  441110 1 1 1 0 0 0    60.0   52.0
571  802.476335 9.725E-26 3.045E-05.03330.070  657.54040.750.000000 0 0 0   1  E'  0 1 0   0  A2"  3  3  A1"E"    2  1  E" E'  331110 1 1 1 0 0 0    28.0   20.0
571  802.549633 1.031E-25 1.929E-05.03330.070  624.96490.750.000000 0 0 0   1  E'  0 1 0   0  A2"  2  2  E' A1'   1  0  A2'A1" 331110 1 1 1 0 0 0    40.0   24.0
571  802.571996 1.267E-27 3.060E-04.03330.070 2251.22500.750.000000 0 1 0   1  E"  0 2 0   0  A1' 10  0  A1'E"   10  2  E' E'  331110 1 1 1 0 0 0    84.0   84.0
571  802.621947 3.045E-27 3.488E-05.03330.070 1490.94170.750.000000 0 1 0   1  E"  0 2 0   0  A1'  5  0  A2'E"    5  4  E' E'  331110 1 1 1 0 0 0    44.0   44.0
571  802.769703 8.856E-24 2.310E+00.03560.070 2285.65850.750.000000 0 1 0   1  E"  0 0 0   1  E'  11  6  A1'E"   10  6  A2'E'  332110 1 1 2 0 0 0    92.0   84.0
571  802.943231 1.826E-28 2.604E-04.03330.070 2753.94300.750.000000 0 2 0   0  A1' 0 0 0   0  A1' 20 19  E" E"   20 16  E' E'  331110 1 1 1 0 0 0   164.0  164.0
571  803.195344 9.924E-29 1.085E-06.03330.070 1614.12100.750.000000 0 0 0   1  E'  0 1 0   0  A2" 10  3  A2"E"   10  1  E" E'  331110 1 1 1 0 0 0    84.0   84.0
571  803.416373 2.380E-24 3.058E+00.03510.070 2630.45830.750.000000 0 1 0   1  E"  0 0 0   1  E'  12  3  A1"E'   11  3  A1"E"  332110 1 1 2 0 0 0   100.0   92.0
571  803.514020 4.820E-28 8.652E-04.03330.070 2886.08990.750.000000 0 1 0   1  E"  0 0 0   1  E'  15 11  E" A1'  15 13  E" A1" 331110 1 1 1 0 0 0   248.0  248.0
571  803.543454 9.884E-22 2.992E+00.03330.070 1401.38990.750.000000 0 1 0   0  A2" 0 0 0   0  A1' 13  4  E' E"   12  4  E' E'  441110 1 1 1 0 0 0   108.0  100.0
571  804.072446 4.238E-21 2.185E+00.03330.070 1021.21710.750.000000 0 1 0   0  A2" 0 0 0   0  A1' 12  7  E" E'   11  7  E" E"  441110 1 1 1 0 0 0   100.0   92.0
571  804.112297 9.353E-26 9.090E-04.03330.070 1662.84020.750.000000 0 1 0   1  E"  0 2 0   0  A1'  7  4  E' A1"   6  0  A1'A1' 331110 1 1 1 0 0 0   120.0  104.0
571  804.500544 2.105E-23 1.197E+00.03330.070 1952.62780.750.000000 0 1 0   1  E"  0 0 0   1  E'  10  8  E' E"    9  8  E' E'  441110 1 1 1 0 0 0    84.0   76.0
571  804.533783 5.203E-23 2.660E-01.03330.070 1466.65780.750.000000 0 1 0   1  E"  0 2 0   0  A1'  5  2  E' A1"   4  0  A1'A1' 441110 1 1 1 0 0 0    88.0   72.0
571  804.568384 5.530E-24 2.955E+00.03330.070 2592.05890.750.000000 0 1 0   1  E"  0 0 0   1  E'  12  4  E' A1"  11  4  E' A1' 331110 1 1 1 0 0 0   200.0  184.0
571  804.674952 6.571E-28 4.522E-04.03330.070 2545.65830.750.000000 0 2 0   0  A1' 0 0 0   0  A1' 15  4  E' E'   16  1  E" E"  331110 1 1 1 0 0 0   124.0  132.0
571  804.681948 1.079E-23 1.975E+00.03330.070 2211.79290.750.000000 0 1 0   1  E"  0 0 0   1  E'  11  7  E" E'   10  7  E" E"  441110 1 1 1 0 0 0    92.0   84.0
571  804.882689 1.020E-26 8.161E-06.03330.070  976.72800.750.000000 0 0 0   1  E'  0 1 0   0  A2"  6  2  E' E'    6  2  E' E"  331110 1 1 1 0 0 0    52.0   52.0
571  804.898493 7.656E-26 1.051E-03.03330.070 1561.45690.750.000000 0 1 0   1  E"  0 2 0   0  A1'  6  3  A2"E'    6  5  E" E"  331110 1 1 1 0 0 0    52.0   52.0
571  805.018062 2.267E-20 1.103E+00.03600.070  660.52050.750.000000 0 1 0   0  A2" 0 0 0   0  A1' 11  9  A2"A1'  10  9  A1"A1" 442110 1 1 2 0 0 0   184.0  168.0
571  805.168753 1.974E-28 5.524E-06.03330.070 1825.28950.750.000000 0 0 0   1  E'  0 1 0   0  A2" 11  3  A1"E"   12  7  E" E'  331110 1 1 1 0 0 0    92.0  100.0
571  805.392336 2.711E-24 2.930E+00.03330.070 2593.91230.750.000000 0 1 0   1  E"  0 0 0   1  E'  12  4  E' E"   11  4  E' E'  331110 1 1 1 0 0 0   100.0   92.0
571  805.526570 2.370E-26 9.809E-06.03330.070  644.20890.750.000000 0 0 0   1  E'  0 1 0   0  A2"  2  0  A1'E'    2  2  E' E"  331110 1 1 1 0 0 0    20.0   20.0
571  805.803935 1.846E-23 6.457E-01.03610.070 1852.01510.750.000000 0 1 0   1  E"  0 0 0   1  E'  10  9  A2"E'    9  9  A1"E"  442110 1 1 2 0 0 0    84.0   76.0
571  806.012412 4.919E-28 3.299E-07.03330.070 1111.87850.750.000000 0 0 0   1  E'  0 1 0   0  A2"  7  2  E' A1'   8  6  A2'A1" 331110 1 1 1 0 0 0   120.0  136.0
571  806.090168 2.020E-28 1.799E-04.03330.070 2740.65650.750.000000 0 3 0   0  A2" 0 1 0   0  A2" 15 12  A2'A1"  16  9  A2"A1' 331110 1 1 1 0 0 0   248.0  264.0
571  806.249105 5.430E-25 4.752E-01.03330.070 2550.09010.750.000000 0 3 0   0  A2" 0 0 0   1  E'  12  1  E" E'   11  5  E" E"  331110 1 1 1 0 0 0   100.0   92.0
571  806.576778 7.972E-21 1.394E+00.03870.070  835.07790.750.000000 0 2 0   0  A1' 0 1 0   0  A2"  7  6  A1'A1'   6  6  A2'A1" 442110 1 1 2 0 0 0   120.0  104.0
571  806.599576 1.146E-21 2.849E+00.03330.070 1359.51970.750.000000 0 1 0   0  A2" 0 0 0   0  A1' 13  5  E" E'   12  5  E" E"  441110 1 1 1 0 0 0   108.0  100.0
571  806.623068 8.387E-21 5.253E+00.03770.070 1123.28760.750.000000 0 2 0   0  A1' 0 1 0   0  A2"  8  0  A1'A1'   7  0  A2'A1" 442110 1 1 2 0 0 0   136.0  120.0
571  806.836597 8.632E-26 8.700E-03.03330.070 2048.71750.750.000000 0 1 0   1  E"  0 0 0   1  E'   9  1  E" E'    8  3  A1"E"  331110 1 1 1 0 0 0    76.0   68.0
571  806.976002 4.220E-21 5.179E+00.03330.070 1118.88420.750.000000 0 2 0   0  A1' 0 1 0   0  A2"  8  1  E" E"    7  1  E" E'  441110 1 1 1 0 0 0    68.0   60.0
571  807.242104 1.349E-27 2.096E-04.03330.070 2194.00510.750.000000 0 1 0   1  E"  0 0 0   1  E'  12 10  E' E"   12 12  A1'E'  331110 1 1 1 0 0 0   100.0  100.0
571  807.383685 3.576E-26 3.070E-05.03330.070  989.97570.750.000000 0 0 0   1  E'  0 1 0   0  A2"  6  1  E" E"    6  1  E" E'  331110 1 1 1 0 0 0    52.0   52.0
571  807.385805 2.586E-28 8.191E-08.03330.070  657.54040.750.000000 0 0 0   1  E'  0 1 0   0  A2"  3  3  A2"E"    2  1  E" E'  331110 1 1 1 0 0 0    28.0   20.0
571  807.540624 3.435E-28 4.935E-04.03330.070 2895.80310.750.000000 0 2 0   0  A1' 0 0 0   0  A1' 20 18  A1'A1'  20 15  A1"A1" 331110 1 1 1 0 0 0   328.0  328.0
571  807.648253 1.174E-24 7.762E-01.03330.070 2491.62970.750.000000 0 3 0   0  A2" 0 0 0   1  E'  12  4  E' E"   11  6  A2'E'  331110 1 1 1 0 0 0   100.0   92.0
571  807.950348 1.346E-28 1.354E-05.03330.070 2047.60380.750.000000 0 1 0   1  E"  0 0 0   1  E'   9  1  E" E'    8  3  A2"E"  331110 1 1 1 0 0 0    76.0   68.0
571  808.036867 4.291E-21 4.951E+00.03330.070 1105.67010.750.000000 0 2 0   0  A1' 0 1 0   0  A2"  8  2  E' E'    7  2  E' E"  441110 1 1 1 0 0 0    68.0   60.0
571  808.199320 6.705E-28 1.798E-05.03330.070 1814.97490.750.000000 0 0 0   1  E'  0 1 0   0  A2" 11  3  A2"E"   11  1  E" E'  331110 1 1 1 0 0 0    92.0   92.0
571  808.288920 6.325E-24 2.749E+00.03330.070 2547.69760.750.000000 0 1 0   1  E"  0 0 0   1  E'  12  5  E" A1'  11  5  E" A1" 331110 1 1 1 0 0 0   200.0  184.0
571  808.352139 2.330E-24 3.076E-02.03330.070 1551.80560.750.000000 0 1 0   1  E"  0 2 0   0  A1'  6  3  A1"E'    5  1  E" E"  331110 1 1 1 0 0 0    52.0   44.0
571  808.542175 1.314E-26 1.186E-03.03330.070 2025.15240.750.000000 0 1 0   1  E"  0 2 0   0  A1'  9  2  E' E"    9  4  E' E'  331110 1 1 1 0 0 0    76.0   76.0
571  808.639154 1.457E-25 3.296E-03.03330.070 1860.23060.750.000000 0 1 0   1  E"  0 0 0   1  E'   8  2  E' A1"   7  4  E' A1' 331110 1 1 1 0 0 0   136.0  120.0
571  808.711573 2.066E-23 2.004E+00.03330.070 2221.89980.750.000000 0 1 0   1  E"  0 0 0   1  E'  11  7  E" A1'  10  7  E" A1" 441110 1 1 1 0 0 0   184.0  168.0
571  809.086058 5.798E-26 2.264E-05.03330.070  699.72320.750.000000 0 0 0   1  E'  0 1 0   0  A2"  3  0  A2'E'    3  2  E' E"  331110 1 1 1 0 0 0    28.0   28.0
571  809.263481 2.622E-24 2.312E+00.03330.070 2550.09010.750.000000 0 1 0   1  E"  0 0 0   1  E'  12  5  E" E'   11  5  E" E"  331110 1 1 1 0 0 0   100.0   92.0
571  809.392159 2.588E-22 3.370E+00.03330.070 1713.46160.750.000000 0 1 0   0  A2" 0 0 0   0  A1' 14  1  E" E'   13  1  E" E"  441110 1 1 1 0 0 0   116.0  108.0
571  809.603840 5.084E-21 1.881E+00.03330.070  950.30240.750.000000 0 1 0   0  A2" 0 0 0   0  A1' 12  8  E' E"   11  8  E' E'  441110 1 1 1 0 0 0   100.0   92.0
571  809.697205 8.001E-27 8.295E-04.03330.070 2073.70170.750.000000 0 1 0   1  E"  0 2 0   0  A1' 10  6  A2'E"    9  2  E' E'  331110 1 1 1 0 0 0    84.0   76.0
571  809.822595 8.791E-21 4.576E+00.03890.070 1083.63440.750.000000 0 2 0   0  A1' 0 1 0   0  A2"  8  3  A1"A1"   7  3  A2"A1' 442110 1 1 2 0 0 0   136.0  120.0
571  809.872873 4.590E-27 7.614E-05.03330.070 1597.94110.750.000000 0 1 0   1  E"  0 2 0   0  A1'  6  0  A1'E"    6  4  E' E'  331110 1 1 1 0 0 0    52.0   52.0
571  810.358456 2.728E-22 3.329E+00.03330.070 1699.66290.750.000000 0 1 0   0  A2" 0 0 0   0  A1' 14  2  E' E"   13  2  E' E'  441110 1 1 1 0 0 0   116.0  108.0
571  810.389396 2.730E-21 2.669E+00.03480.070 1308.21480.750.000000 0 1 0   0  A2" 0 0 0   0  A1' 13  6  A2'A1"  12  6  A1'A1' 442110 1 1 2 0 0 0   216.0  200.0
571  810.409312 2.509E-23 1.603E+00.03330.070 2135.11880.750.000000 0 1 0   1  E"  0 0 0   1  E'  11  8  E' A1"  10  8  E' A1' 441110 1 1 1 0 0 0   184.0  168.0
571  810.700465 1.333E-28 1.682E-04.03510.070 2623.17420.750.000000 0 1 0   1  E"  0 0 0   1  E'  12  3  A1"E'   11  3  A2"E"  332110 1 1 2 0 0 0   100.0   92.0
571  810.784767 3.226E-26 7.637E-03.03330.070 2243.01220.750.000000 0 1 0   1  E"  0 0 0   1  E'  10  0  A1'E"    9  2  E' E'  331110 1 1 1 0 0 0    84.0   76.0
571  810.946461 4.660E-28 2.268E-02.03330.070 3495.40520.750.000000 0 0 0   1  E'  0 0 0   0  A1' 22 20  E' E'   23 19  E" E"  331110 1 1 1 0 0 0   180.0  188.0
571  811.103644 1.227E-21 6.372E+00.04000.070 1466.65780.750.000000 0 3 0   0  A2" 0 2 0   0  A1'  5  0  A2'A1"   4  0  A1'A1' 442110 1 1 2 0 0 0    88.0   72.0
571  811.111368 4.220E-26 9.345E-04.03330.070 1686.24340.750.000000 0 1 0   1  E"  0 2 0   0  A1'  7  3  A1"E'    7  5  E" E"  331110 1 1 1 0 0 0    60.0   60.0
571  811.127856 1.115E-26 1.468E-05.03330.070 1105.67010.750.000000 0 0 0   1  E'  0 1 0   0  A2"  7  2  E' E'    7  2  E' E"  331110 1 1 1 0 0 0    60.0   60.0
571  811.153836 6.228E-22 6.343E+00.03330.070 1462.59760.750.000000 0 3 0   0  A2" 0 2 0   0  A1'  5  1  E" E'    4  1  E" E"  441110 1 1 1 0 0 0    44.0   36.0
571  811.409889 1.396E-27 9.239E-04.03330.070 2601.67040.750.000000 0 0 0   0  A1' 0 0 0   0  A1' 21 14  E' E'   20 17  E" E"  331110 1 1 1 0 0 0   172.0  164.0
571  811.423103 2.926E-24 3.403E-03.03330.070 1105.67010.750.000000 0 0 0   1  E'  0 1 0   0  A2"  8  6  A2'E'    7  2  E' E"  331110 1 1 1 0 0 0    68.0   60.0
571  811.494799 2.758E-28 2.953E-06.03330.070 1605.82150.750.000000 0 0 0   1  E'  0 1 0   0  A2" 10  3  A2"E"   11  7  E" E'  331110 1 1 1 0 0 0    84.0   92.0
571  811.565503 6.169E-27 1.057E-05.03330.070 1247.39420.750.000000 0 2 0   0  A1' 0 0 0   0  A1' 11 10  E' E'   12  7  E" E"  331110 1 1 1 0 0 0    92.0  100.0
571  811.786882 8.570E-25 1.568E-02.03330.070 1646.61270.750.000000 0 1 0   1  E"  0 2 0   0  A1'  7  4  E' E"    6  2  E' E'  331110 1 1 1 0 0 0    60.0   52.0
571  811.978492 5.954E-22 3.261E+00.03460.070 1676.60900.750.000000 0 1 0   0  A2" 0 0 0   0  A1' 14  3  A2"A1'  13  3  A1"A1" 442110 1 1 2 0 0 0   232.0  216.0
571  811.984929 1.823E-26 4.046E-04.03330.070 1686.24340.750.000000 0 3 0   0  A2" 0 2 0   0  A1'  7  1  E" E'    7  5  E" E"  331110 1 1 1 0 0 0    60.0   60.0
571  812.009253 3.829E-26 1.323E-02.03330.070 2338.90100.750.000000 0 3 0   0  A2" 0 0 0   1  E'  11  1  E" E'   10  5  E" E"  331110 1 1 1 0 0 0    92.0   84.0
571  812.260761 5.822E-22 5.602E+00.03330.070 1450.41780.750.000000 0 3 0   0  A2" 0 2 0   0  A1'  5  2  E' E"    4  2  E' E'  441110 1 1 1 0 0 0    44.0   36.0
571  812.300217 7.448E-27 5.527E-05.03330.070 1548.65440.750.000000 0 0 0   1  E'  0 1 0   0  A2" 11  8  E' E'   10  4  E' E"  331110 1 1 1 0 0 0    92.0   84.0
571  812.348067 4.478E-21 4.036E+00.03330.070 1052.75630.750.000000 0 2 0   0  A1' 0 1 0   0  A2"  8  4  E' E'    7  4  E' E"  441110 1 1 1 0 0 0    68.0   60.0
571  812.690444 9.407E-21 5.980E-01.03330.070  569.25540.750.000000 0 1 0   0  A2" 0 0 0   0  A1' 11 10  E' E"   10 10  E' E'  441110 1 1 1 0 0 0    92.0   84.0
571  812.790243 1.714E-23 6.548E-01.03610.070 1866.78440.750.000000 0 1 0   1  E"  0 0 0   1  E'  10  9  A1"E'    9  9  A2"E"  442110 1 1 2 0 0 0    84.0   76.0
571  813.135297 1.971E-27 3.306E-04.03330.070 2237.43370.750.000000 0 2 0   0  A1' 0 0 0   0  A1' 14  5  E" E"   15  2  E' E'  331110 1 1 1 0 0 0   116.0  124.0
571  813.173256 3.059E-26 6.575E-04.03330.070 1679.03030.750.000000 0 1 0   1  E"  0 0 0   1  E'   7  3  A2"E'    6  5  E" E"  331110 1 1 1 0 0 0    60.0   52.0
571  813.512694 5.107E-28 1.124E-05.03330.070 1683.84200.750.000000 0 1 0   1  E"  0 0 0   1  E'   7  3  A1"E'    7  7  E" E"  331110 1 1 1 0 0 0    60.0   60.0
571  813.542900 2.657E-24 1.781E+00.03540.070 2491.62970.750.000000 0 1 0   1  E"  0 0 0   1  E'  12  6  A2'E"   11  6  A2'E'  332110 1 1 2 0 0 0   100.0   92.0
571  813.561878 2.137E-27 1.382E-02.03330.070 3069.53620.750.000000 0 0 0   1  E'  0 0 0   0  A1' 21 20  E' E'   22 19  E" E"  331110 1 1 1 0 0 0   172.0  180.0
571  813.643474 3.726E-24 2.571E+00.03540.070 2497.54850.750.000000 0 1 0   1  E"  0 0 0   1  E'  12  6  A1'E"   11  6  A1'E'  332110 1 1 2 0 0 0   100.0   92.0
571  813.926087 8.301E-26 3.653E-05.03330.070  773.68380.750.000000 0 0 0   1  E'  0 1 0   0  A2"  4  0  A1'E'    4  2  E' E"  331110 1 1 1 0 0 0    36.0   36.0
571  814.092119 9.834E-22 4.306E+00.04050.070 1430.12250.750.000000 0 3 0   0  A2" 0 2 0   0  A1'  5  3  A2"A1'   4  3  A1"A1" 442110 1 1 2 0 0 0    88.0   72.0
571  814.142199 8.909E-27 7.947E-05.03330.070 1602.78890.750.000000 0 2 0   0  A1' 0 0 0   0  A1' 12  8  E' E'   13  5  E" E"  331110 1 1 1 0 0 0   100.0  108.0
571  814.170036 1.030E-27 4.929E-04.03330.070 2595.09780.750.000000 0 1 0   1  E"  0 0 0   1  E'  14 11  E" A1'  14 13  E" A1" 331110 1 1 1 0 0 0   232.0  232.0
571  814.264547 3.362E-22 3.165E+00.03330.070 1644.36730.750.000000 0 1 0   0  A2" 0 0 0   0  A1' 14  4  E' E"   13  4  E' E'  441110 1 1 1 0 0 0   116.0  108.0
571  814.299956 1.136E-26 2.955E-05.03330.070 1435.44440.750.000000 0 0 0   1  E'  0 1 0   0  A2"  9  2  E' A1'   9  0  A2'A1" 331110 1 1 1 0 0 0   152.0  152.0
571  814.386256 2.207E-28 4.868E-06.03330.070 1683.84200.750.000000 0 3 0   0  A2" 0 0 0   1  E'   7  1  E" E'    7  7  E" E"  331110 1 1 1 0 0 0    60.0   60.0
571  814.549768 2.582E-25 3.460E-03.03330.070 1551.80560.750.000000 0 1 0   1  E"  0 2 0   0  A1'  6  3  A2"E'    5  1  E" E"  331110 1 1 1 0 0 0    52.0   44.0
571  814.621998 1.386E-28 7.684E-04.03330.070 3027.51930.750.000000 0 2 0   0  A1' 0 0 0   0  A1' 20 17  E" E"   20 14  E' E'  331110 1 1 1 0 0 0   164.0  164.0
571  814.948495 1.666E-21 2.451E+00.03330.070 1247.39420.750.000000 0 1 0   0  A2" 0 0 0   0  A1' 13  7  E" E'   12  7  E" E"  441110 1 1 1 0 0 0   108.0  100.0
571  815.016619 7.744E-25 1.046E-02.03330.070 1751.05430.750.000000 0 1 0   1  E"  0 2 0   0  A1'  8  5  E" A1'   7  3  A1"A1" 331110 1 1 1 0 0 0   136.0  120.0
571  815.483412 1.026E-28 2.798E-06.03330.070 1814.97490.750.000000 0 0 0   1  E'  0 1 0   0  A2" 11  3  A1"E"   11  1  E" E'  331110 1 1 1 0 0 0    92.0   92.0
571  815.545843 4.044E-28 2.373E-04.03330.070 2446.18680.750.000000 0 1 0   1  E"  0 2 0   0  A1' 11  0  A2'E"   11  2  E' E'  331110 1 1 1 0 0 0    92.0   92.0
571  815.624074 1.187E-23 1.632E+00.03330.070 2147.56490.750.000000 0 1 0   1  E"  0 0 0   1  E'  11  8  E' E"   10  8  E' E'  441110 1 1 1 0 0 0    92.0   84.0
571  815.635791 4.435E-21 3.321E+00.03330.070 1013.01180.750.000000 0 2 0   0  A1' 0 1 0   0  A2"  8  5  E" E"    7  5  E" E'  441110 1 1 1 0 0 0    68.0   60.0
571  815.727845 2.559E-26 3.634E-05.03330.070 1118.88420.750.000000 0 0 0   1  E'  0 1 0   0  A2"  7  1  E" E"    7  1  E" E'  331110 1 1 1 0 0 0    60.0   60.0
571  815.744548 1.144E-27 1.610E-05.03330.070 1561.37900.750.000000 0 3 0   0  A2" 0 0 0   1  E'   6  1  E" E'    5  5  E" E"  331110 1 1 1 0 0 0    52.0   44.0
571  815.763514 5.462E-27 1.076E-03.03330.070 2202.74700.750.000000 0 1 0   1  E"  0 2 0   0  A1' 10  2  E' E"   10  4  E' E'  331110 1 1 1 0 0 0    84.0   84.0
571  815.870083 1.507E-26 2.254E-03.03330.070 2145.97200.750.000000 0 3 0   0  A2" 0 0 0   1  E'  10  1  E" E'    9  5  E" E"  331110 1 1 1 0 0 0    84.0   76.0
571  815.892409 5.982E-27 5.550E-03.03330.070 2659.16410.750.000000 0 0 0   1  E'  0 0 0   0  A1' 20 20  E' E'   21 19  E" E"  331110 1 1 1 0 0 0   164.0  172.0
571  815.908971 4.626E-24 2.261E+00.03330.070 2425.54810.750.000000 0 1 0   1  E"  0 0 0   1  E'  12  7  E" E'   11  7  E" E"  331110 1 1 1 0 0 0   100.0   92.0
571  816.044171 1.199E-20 1.521E+00.03560.070  869.58110.750.000000 0 1 0   0  A2" 0 0 0   0  A1' 12  9  A2"A1'  11  9  A1"A1" 442110 1 1 2 0 0 0   200.0  184.0
571  816.483056 1.066E-28 4.125E-08.03330.070  964.36820.750.000000 0 0 0   1  E'  0 1 0   0  A2"  6  2  E' A1'   7  6  A2'A1" 331110 1 1 1 0 0 0   104.0  120.0
571  816.683834 3.193E-22 2.450E+00.03330.070 1401.71810.750.000000 0 3 0   0  A2" 0 2 0   0  A1'  5  4  E' E"    4  4  E' E'  441110 1 1 1 0 0 0    44.0   36.0
571  817.119129 5.012E-28 9.768E-04.03330.070 2867.92800.750.000000 0 1 0   1  E"  0 2 0   0  A1' 13  1  E" A1'  13  3  A1"A1" 331110 1 1 1 0 0 0   216.0  216.0
571  817.237521 3.923E-22 3.039E+00.03330.070 1602.78890.750.000000 0 1 0   0  A2" 0 0 0   0  A1' 14  5  E" E'   13  5  E" E"  441110 1 1 1 0 0 0   116.0  108.0
571  817.240339 1.377E-23 1.171E+00.03600.070 2047.91450.750.000000 0 1 0   1  E"  0 0 0   1  E'  11  9  A2"E'   10  9  A1"E"  442110 1 1 2 0 0 0    92.0   84.0
571  817.362867 2.372E-25 6.178E-02.03330.070 2278.20340.750.000000 0 3 0   0  A2" 0 0 0   1  E'  11  4  E' E"   10  6  A1'E'  331110 1 1 1 0 0 0    92.0   84.0
571  817.371093 3.350E-28 2.443E-05.03330.070 2033.48640.750.000000 0 0 0   1  E'  0 1 0   0  A2" 12  3  A1"E"   12  1  E" E'  331110 1 1 1 0 0 0   100.0  100.0
571  817.441515 2.492E-28 1.185E-05.03330.070 2118.60420.750.000000 0 0 0   1  E'  0 1 0   0  A2" 14 10  E' A1'  13  6  A2'A1" 331110 1 1 1 0 0 0   232.0  216.0
571  817.871017 9.449E-27 2.281E-05.03330.070 1252.77520.750.000000 0 0 0   1  E'  0 1 0   0  A2"  8  2  E' E'    8  2  E' E"  331110 1 1 1 0 0 0    68.0   68.0
571  818.055952 1.955E-25 8.290E-03.03330.070 1865.10440.750.000000 0 1 0   1  E"  0 2 0   0  A1'  9  6  A2'E"    8  4  E' E'  331110 1 1 1 0 0 0    76.0   68.0
571  818.057448 1.138E-28 2.968E-04.03330.070 2813.30720.750.000000 0 3 0   0  A2" 0 1 0   0  A2" 15 11  E" E'   16  8  E' E"  331110 1 1 1 0 0 0   124.0  132.0
571  818.307665 1.057E-26 7.518E-04.03330.070 1971.53490.750.000000 0 3 0   0  A2" 0 0 0   1  E'   9  1  E" E'    8  5  E" E"  331110 1 1 1 0 0 0    76.0   68.0
571  818.415904 4.499E-27 1.210E-04.03330.070 1722.67940.750.000000 0 1 0   1  E"  0 2 0   0  A1'  7  0  A2'E"    7  4  E' E'  331110 1 1 1 0 0 0    60.0   60.0
571  818.437482 9.718E-26 5.546E-04.03330.070 1516.88570.750.000000 0 1 0   1  E"  0 2 0   0  A1'  6  4  E' A1"   6  6  A1'A1' 331110 1 1 1 0 0 0   104.0  104.0
571  818.484616 3.723E-26 1.479E-03.03330.070 1828.64750.750.000000 0 1 0   1  E"  0 2 0   0  A1'  8  3  A1"E'    8  5  E" E"  331110 1 1 1 0 0 0    68.0   68.0
571  818.740707 1.811E-28 1.478E-04.03330.070 2621.09160.750.000000 0 0 0   1  E'  0 1 0   0  A2" 19 18  A2'E'   18 16  E' E"  331110 1 1 1 0 0 0   156.0  148.0
571  818.874240 2.773E-28 1.253E-06.03330.070 1404.09840.750.000000 0 0 0   1  E'  0 1 0   0  A2"  9  3  A2"E"   10  7  E" E'  331110 1 1 1 0 0 0    76.0   84.0
571  819.005825 1.110E-26 4.149E-04.03330.070 1815.81580.750.000000 0 3 0   0  A2" 0 0 0   1  E'   8  1  E" E'    7  5  E" E"  331110 1 1 1 0 0 0    68.0   60.0
571  819.308397 1.170E-24 2.980E+00.03330.070 2779.30470.750.000000 0 1 0   1  E"  0 0 0   1  E'  13  5  E" E'   12  5  E" E"  331110 1 1 1 0 0 0   108.0  100.0
571  819.394593 2.329E-24 2.968E+00.03330.070 2779.47400.750.000000 0 1 0   1  E"  0 0 0   1  E'  13  5  E" A1'  12  5  E" A1" 331110 1 1 1 0 0 0   216.0  200.0
571  819.395329 4.868E-25 4.115E-03.03330.070 1379.01120.750.000000 0 1 0   1  E"  0 2 0   0  A1'  4  0  A1'E"    3  2  E' E'  331110 1 1 1 0 0 0    36.0   28.0
571  819.441301 8.975E-24 2.310E+00.03330.070 2434.52260.750.000000 0 1 0   1  E"  0 0 0   1  E'  12  7  E" A1'  11  7  E" A1" 331110 1 1 1 0 0 0   200.0  184.0
571  819.510449 1.561E-22 3.525E+00.03360.070 1978.11830.750.000000 0 1 0   0  A2" 0 0 0   0  A1' 15  0  A2'A1"  14  0  A1'A1' 442110 1 1 2 0 0 0   248.0  232.0
571  819.637125 1.643E-26 9.393E-04.03330.070 1925.86020.750.000000 0 1 0   1  E"  0 2 0   0  A1'  9  5  E" E'    8  1  E" E"  331110 1 1 1 0 0 0    76.0   68.0
571  819.765345 8.145E-21 2.431E+00.03810.070  964.36820.750.000000 0 2 0   0  A1' 0 1 0   0  A2"  8  6  A1'A1'   7  6  A2'A1" 442110 1 1 2 0 0 0   136.0  120.0
571  819.822197 7.947E-23 3.513E+00.03330.070 1973.55420.750.000000 0 1 0   0  A2" 0 0 0   0  A1' 15  1  E" E'   14  1  E" E"  441110 1 1 1 0 0 0   124.0  116.0
571  819.888440 2.368E-21 5.479E+00.03330.070 1265.95030.750.000000 0 2 0   0  A1' 0 1 0   0  A2"  9  1  E" E"    8  1  E" E'  441110 1 1 1 0 0 0    76.0   68.0
571  820.099745 8.644E-26 4.948E-05.03330.070  866.04010.750.000000 0 0 0   1  E'  0 1 0   0  A2"  5  0  A2'E'    5  2  E' E"  331110 1 1 1 0 0 0    44.0   44.0
571  820.322338 2.071E-21 2.190E+00.03330.070 1176.95920.750.000000 0 1 0   0  A2" 0 0 0   0  A1' 13  8  E' E"   12  8  E' E'  441110 1 1 1 0 0 0   108.0  100.0
571  820.340471 6.570E-28 1.109E-04.03330.070 2427.90010.750.000000 0 0 0   1  E'  0 1 0   0  A2" 18 17  E" A1"  17 15  A2"A1' 331110 1 1 1 0 0 0   296.0  280.0
571  820.760137 8.389E-23 3.477E+00.03330.070 1959.85560.750.000000 0 1 0   0  A2" 0 0 0   0  A1' 15  2  E' E"   14  2  E' E'  441110 1 1 1 0 0 0   124.0  116.0
571  820.916612 1.155E-25 8.137E-03.03330.070 1988.73540.750.000000 0 1 0   1  E"  0 2 0   0  A1' 10  7  E" E'    9  5  E" E"  331110 1 1 1 0 0 0    84.0   76.0
571  820.922648 9.449E-22 2.882E+00.03430.070 1551.84480.750.000000 0 1 0   0  A2" 0 0 0   0  A1' 14  6  A2'A1"  13  6  A1'A1' 442110 1 1 2 0 0 0   232.0  216.0
571  820.926558 2.434E-21 5.296E+00.03330.070 1252.77520.750.000000 0 2 0   0  A1' 0 1 0   0  A2"  9  2  E' E'    8  2  E' E"  441110 1 1 1 0 0 0    76.0   68.0
571  821.245487 1.738E-26 7.760E-02.03330.070 2908.56830.750.000000 0 3 0   0  A2" 0 0 0   1  E'  14  5  E" E'   13  7  E" E"  331110 1 1 1 0 0 0   116.0  108.0
571  821.425070 2.018E-28 6.172E-04.03330.070 2857.21430.750.000000 0 2 0   0  A1' 0 0 0   0  A1' 16  2  E' E'   17  1  E" E"  331110 1 1 1 0 0 0   132.0  140.0
571  821.536973 1.153E-23 1.971E+00.03330.070 2349.29530.750.000000 0 1 0   1  E"  0 0 0   1  E'  12  8  E' A1"  11  8  E' A1' 441110 1 1 1 0 0 0   200.0  184.0
571  821.801421 5.257E-28 7.702E-05.03330.070 2244.03790.750.000000 0 0 0   1  E'  0 1 0   0  A2" 17 16  E' E'   16 14  E' E"  331110 1 1 1 0 0 0   140.0  132.0
571  822.304043 7.356E-27 3.482E-05.03330.070 1702.54980.750.000000 0 0 0   0  A1' 0 0 0   0  A1' 19 15  A1"A1"  18 18  A1'A1' 331110 1 1 1 0 0 0   312.0  296.0
571  822.326297 4.373E-28 1.893E-03.03330.070 2992.08500.750.000000 0 0 0   0  A1' 0 0 0   0  A1' 22 14  E' E'   21 17  E" E"  331110 1 1 1 0 0 0   180.0  172.0
571  822.330878 1.835E-22 3.416E+00.03430.070 1937.05350.750.000000 0 1 0   0  A2" 0 0 0   0  A1' 15  3  A2"A1'  14  3  A1"A1" 442110 1 1 2 0 0 0   248.0  232.0
571  822.462381 1.008E-26 2.156E-04.03330.070 1937.05350.750.000000 0 2 0   0  A1' 0 0 0   0  A1' 13  6  A1'A1'  14  3  A1"A1" 331110 1 1 1 0 0 0   216.0  232.0
571  822.623230 4.075E-26 8.953E-03.03330.070 2221.91390.750.000000 0 1 0   1  E"  0 0 0   1  E'  10  1  E" E'    9  3  A1"E"  331110 1 1 1 0 0 0    84.0   76.0
571  822.672180 5.082E-21 4.988E+00.03870.070 1230.80210.750.000000 0 2 0   0  A1' 0 1 0   0  A2"  9  3  A1"A1"   8  3  A2"A1' 442110 1 1 2 0 0 0   152.0  136.0
571  822.853146 1.325E-25 1.487E-02.03330.070 2083.54090.750.000000 0 3 0   0  A2" 0 0 0   1  E'  10  4  E' E"    9  6  A2'E'  331110 1 1 1 0 0 0    84.0   76.0
571  823.085923 1.407E-24 2.758E+00.03480.070 2723.62410.750.000000 0 1 0   1  E"  0 0 0   1  E'  13  6  A1'E"   12  6  A1'E'  332110 1 1 2 0 0 0   108.0  100.0
571  823.117758 6.995E-28 4.667E-05.03330.070 2069.53110.750.000000 0 0 0   1  E'  0 1 0   0  A2" 16 15  A1"E"   15 13  E" E'  331110 1 1 1 0 0 0   132.0  124.0
571  823.225061 1.976E-26 7.597E-06.03330.070  620.51910.750.000000 0 0 0   1  E'  0 1 0   0  A2"  2  1  E" E"    1  1  E" E'  331110 1 1 1 0 0 0    20.0   12.0
571  823.367284 2.052E-27 9.694E-04.03330.070 2397.79840.750.000000 0 1 0   1  E"  0 2 0   0  A1' 11  2  E' E"   11  4  E' E'  331110 1 1 1 0 0 0    92.0   92.0
571  823.476503 6.590E-21 1.095E+00.03330.070  778.90980.750.000000 0 1 0   0  A2" 0 0 0   0  A1' 12 10  E' E"   11 10  E' E'  441110 1 1 1 0 0 0   100.0   92.0
571  823.609990 9.638E-26 4.299E-03.03330.070 2015.45580.750.000000 0 1 0   1  E"  0 0 0   1  E'   9  2  E' A1"   8  4  E' A1' 331110 1 1 1 0 0 0   152.0  136.0
571  823.619191 2.245E-25 1.388E-02.03330.070 2121.90890.750.000000 0 1 0   1  E"  0 2 0   0  A1' 11  8  E' A1"  10  6  A1'A1' 331110 1 1 1 0 0 0   184.0  168.0
571  823.643332 1.279E-23 1.185E+00.03600.070 2062.50500.750.000000 0 1 0   1  E"  0 0 0   1  E'  11  9  A1"E'   10  9  A2"E"  442110 1 1 2 0 0 0    92.0   84.0
571  823.708074 1.041E-28 1.065E-03.03330.070 3149.32520.750.000000 0 2 0   0  A1' 0 0 0   0  A1' 20 16  E' E'   20 13  E" E"  331110 1 1 1 0 0 0   164.0  164.0
571  823.938625 1.395E-24 2.792E+00.03480.070 2727.51980.750.000000 0 1 0   1  E"  0 0 0   1  E'  13  6  A2'E"   12  6  A2'E'  332110 1 1 2 0 0 0   108.0  100.0
571  824.283631 1.327E-27 2.118E-05.03330.070 1904.40460.750.000000 0 0 0   1  E'  0 1 0   0  A2" 15 14  E' A1'  14 12  A2'A1" 331110 1 1 1 0 0 0   248.0  232.0
571  824.465693 3.248E-24 3.413E-02.03330.070 1462.59760.750.000000 0 1 0   1  E"  0 2 0   0  A1'  5  1  E" E'    4  1  E" E"  331110 1 1 1 0 0 0    44.0   36.0
571  824.552217 1.040E-22 3.331E+00.03330.070 1904.96400.750.000000 0 1 0   0  A2" 0 0 0   0  A1' 15  4  E' E"   14  4  E' E'  441110 1 1 1 0 0 0   124.0  116.0
571  824.640110 2.325E-25 2.303E-03.03330.070 1450.41780.750.000000 0 1 0   1  E"  0 2 0   0  A1'  5  2  E' E"    4  2  E' E'  331110 1 1 1 0 0 0    44.0   36.0
571  824.731377 2.915E-21 1.330E+00.03330.070  906.78910.750.000000 0 2 0   0  A1' 0 1 0   0  A2"  8  7  E" E"    7  7  E" E'  441110 1 1 1 0 0 0    68.0   60.0
571  824.949048 3.174E-28 8.194E-05.03330.070 2381.39520.750.000000 0 2 0   0  A1' 0 0 0   0  A1' 19 19  E" E"   19 16  E' E'  331110 1 1 1 0 0 0   156.0  156.0
571  825.006857 1.351E-27 1.886E-04.03330.070 2321.71670.750.000000 0 1 0   1  E"  0 0 0   1  E'  13 11  E" A1'  13 13  E" A1" 331110 1 1 1 0 0 0   216.0  216.0
571  825.024080 1.451E-28 1.140E-05.03330.070 1988.73540.750.000000 0 1 0   1  E"  0 2 0   0  A1'  9  3  A1"E'    9  5  E" E"  331110 1 1 1 0 0 0    76.0   76.0
571  825.074220 6.520E-27 3.197E-05.03330.070 1417.93800.750.000000 0 0 0   1  E'  0 1 0   0  A2"  9  2  E' E'    9  2  E' E"  331110 1 1 1 0 0 0    76.0   76.0
571  825.136803 2.676E-21 4.549E+00.03330.070 1200.01560.750.000000 0 2 0   0  A1' 0 1 0   0  A2"  9  4  E' E'    8  4  E' E"  441110 1 1 1 0 0 0    76.0   68.0
571  825.171897 1.185E-23 6.380E-01.03330.070 1950.11270.750.000000 0 1 0   1  E"  0 0 0   1  E'  11 10  E' E"   10 10  E' E'  441110 1 1 1 0 0 0    92.0   84.0
571  825.287623 1.572E-26 4.115E-05.03330.070 1265.95030.750.000000 0 0 0   1  E'  0 1 0   0  A2"  8  1  E" E"    8  1  E" E'  331110 1 1 1 0 0 0    68.0   68.0
571  825.293175 2.298E-28 3.687E-06.03330.070 1748.68210.750.000000 0 0 0   1  E'  0 1 0   0  A2" 14 13  E" E"   13 11  E" E'  331110 1 1 1 0 0 0   116.0  108.0
571  825.297835 1.174E-25 1.082E-03.03330.070 1641.65470.750.000000 0 1 0   1  E"  0 2 0   0  A1'  7  4  E' A1"   7  6  A1'A1' 331110 1 1 1 0 0 0   120.0  120.0
571  825.317938 4.991E-22 6.859E+00.03330.070 1551.80560.750.000000 0 3 0   0  A2" 0 2 0   0  A1'  6  1  E" E'    5  1  E" E"  441110 1 1 1 0 0 0    52.0   44.0
571  825.352731 5.856E-22 2.691E+00.03330.070 1491.45660.750.000000 0 1 0   0  A2" 0 0 0   0  A1' 14  7  E" E'   13  7  E" E"  441110 1 1 1 0 0 0   116.0  108.0
571  825.569930 5.190E-27 6.001E-04.03330.070 2231.03170.750.000000 0 1 0   1  E"  0 2 0   0  A1' 10  1  E" A1'  10  3  A1"A1" 331110 1 1 1 0 0 0   168.0  168.0
571  825.583008 3.281E-25 1.105E-04.03330.070  713.04110.750.000000 0 0 0   1  E'  0 1 0   0  A2"  4  3  A2"E"    3  1  E" E'  331110 1 1 1 0 0 0    36.0   28.0
571  825.840063 5.366E-26 4.170E-05.03330.070  989.97570.750.000000 0 0 0   1  E'  0 1 0   0  A2"  7  5  E" E"    6  1  E" E'  331110 1 1 1 0 0 0    60.0   52.0
571  825.842243 1.495E-24 2.143E+00.03330.070 2657.87800.750.000000 0 1 0   1  E"  0 0 0   1  E'  13  7  E" E'   12  7  E" E"  331110 1 1 1 0 0 0   108.0  100.0
571  825.857332 6.589E-25 1.316E-03.03330.070 1396.04250.750.000000 0 0 0   1  E'  0 1 0   0  A2" 10  7  E" A1"   9  3  A2"A1' 331110 1 1 1 0 0 0   168.0  152.0
571  825.859650 5.417E-25 1.241E-01.03330.070 2264.91000.750.000000 0 1 0   1  E"  0 2 0   0  A1' 12  9  A1"E'   11  7  E" E"  331110 1 1 1 0 0 0   100.0   92.0
571  825.960941 1.886E-26 1.486E-03.03330.070 1988.73540.750.000000 0 1 0   1  E"  0 2 0   0  A1'  9  3  A2"E'    9  5  E" E"  331110 1 1 1 0 0 0    76.0   76.0
571  826.140531 2.760E-28 2.340E-06.03330.070 1602.38640.750.000000 0 0 0   1  E'  0 1 0   0  A2" 13 12  A1'E'   12 10  E' E"  331110 1 1 1 0 0 0   108.0  100.0
571  826.167583 5.470E-24 2.000E+00.03330.070 2360.95460.750.000000 0 1 0   1  E"  0 0 0   1  E'  12  8  E' E"   11  8  E' E'  331110 1 1 1 0 0 0   100.0   92.0
571  826.351514 4.880E-22 6.338E+00.03330.070 1539.62960.750.000000 0 3 0   0  A2" 0 2 0   0  A1'  6  2  E' E"    5  2  E' E'  441110 1 1 1 0 0 0    52.0   44.0
571  826.437956 6.256E-25 2.320E-04.03330.070  773.68380.750.000000 0 0 0   1  E'  0 1 0   0  A2"  5  4  E' E'    4  2  E' E"  331110 1 1 1 0 0 0    44.0   36.0
571  826.568961 5.176E-21 1.881E+00.03530.070 1096.79200.750.000000 0 1 0   0  A2" 0 0 0   0  A1' 13  9  A2"A1'  12  9  A1"A1" 442110 1 1 2 0 0 0   216.0  200.0
571  826.627933 1.210E-25 6.441E-03.03330.070 1907.82160.750.000000 0 3 0   0  A2" 0 0 0   1  E'   9  4  E' E"    8  6  A2'E'  331110 1 1 1 0 0 0    76.0   68.0
571  826.817705 1.476E-28 3.208E-05.03330.070 2269.50060.750.000000 0 0 0   1  E'  0 1 0   0  A2" 13  3  A2"E"   13  1  E" E'  331110 1 1 1 0 0 0   108.0  108.0
571  826.819809 1.761E-26 4.154E-05.03330.070 1465.53860.750.000000 0 0 0   1  E'  0 1 0   0  A2" 12 11  E" A1"  11  9  A2"A1' 331110 1 1 1 0 0 0   200.0  184.0
571  827.083750 2.188E-24 4.838E-04.03330.070  843.90120.750.000000 0 0 0   1  E'  0 1 0   0  A2"  6  5  E" A1"   5  3  A2"A1' 331110 1 1 1 0 0 0   104.0   88.0
571  827.324879 7.865E-26 2.173E-04.03330.070 1338.15900.750.000000 0 0 0   1  E'  0 1 0   0  A2" 11 10  E' E'   10  8  E' E"  331110 1 1 1 0 0 0    92.0   84.0
571  827.337392 1.801E-28 3.796E-07.03330.070 1220.26640.750.000000 0 0 0   1  E'  0 1 0   0  A2"  8  3  A2"E"    9  7  E" E'  331110 1 1 1 0 0 0    68.0   76.0
571  827.348044 2.143E-26 2.560E-05.03330.070 1308.21480.750.000000 0 2 0   0  A1' 0 0 0   0  A1' 11  9  A1"A1"  12  6  A1'A1' 331110 1 1 1 0 0 0   184.0  200.0
571  827.438636 1.220E-22 3.219E+00.03330.070 1863.69220.750.000000 0 1 0   0  A2" 0 0 0   0  A1' 15  5  E" E'   14  5  E" E"  441110 1 1 1 0 0 0   124.0  116.0
571  827.526647 2.132E-24 1.205E-03.03330.070  923.68130.750.000000 0 0 0   1  E'  0 1 0   0  A2"  7  6  A1'E'    6  4  E' E"  331110 1 1 1 0 0 0    60.0   52.0
571  827.632812 7.104E-26 5.997E-05.03330.070  976.72800.750.000000 0 0 0   1  E'  0 1 0   0  A2"  6  0  A1'E'    6  2  E' E"  331110 1 1 1 0 0 0    52.0   52.0
571  827.648084 6.900E-25 1.178E-03.03330.070 1220.26640.750.000000 0 0 0   1  E'  0 1 0   0  A2" 10  9  A1"E"    9  7  E" E'  331110 1 1 1 0 0 0    84.0   76.0
571  827.750715 6.214E-23 3.463E-02.03330.070 1111.87850.750.000000 0 0 0   1  E'  0 1 0   0  A2"  9  8  E' A1'   8  6  A2'A1" 441110 1 1 1 0 0 0   152.0  136.0
571  827.771432 9.230E-28 2.409E-04.03330.070 2524.85390.750.000000 0 2 0   0  A1' 0 0 0   0  A1' 19 18  A1'A1'  19 15  A1"A1" 331110 1 1 1 0 0 0   312.0  312.0
571  827.778237 7.964E-24 6.135E-03.03330.070 1013.01180.750.000000 0 0 0   1  E'  0 1 0   0  A2"  8  7  E" E"    7  5  E" E'  331110 1 1 1 0 0 0    68.0   60.0
571  827.808691 1.392E-28 7.698E-03.03330.070 3615.96410.750.000000 0 0 0   2  A1' 0 0 0   1  E'  18 18  A1'A1'  19 17  E" A1" 331110 1 1 1 0 0 0   296.0  312.0
571  827.944191 1.630E-26 4.106E-03.03330.070 2426.01970.750.000000 0 1 0   1  E"  0 2 0   0  A1' 12  7  E" A1'  11  3  A1"A1" 331110 1 1 1 0 0 0   200.0  184.0
571  827.983599 9.850E-27 5.602E-03.03330.070 2433.74900.750.000000 0 1 0   1  E"  0 0 0   1  E'  11  0  A2'E"   10  2  E' E'  331110 1 1 1 0 0 0    92.0   84.0
571  828.082723 2.740E-27 1.018E-03.03330.070 2550.15140.750.000000 0 2 0   0  A1' 0 0 0   0  A1' 15  3  A1"A1"  16  0  A1'A1' 331110 1 1 1 0 0 0   248.0  264.0
571  828.086650 2.419E-25 4.940E-05.03330.070  751.50620.750.000000 0 0 0   1  E'  0 1 0   0  A2"  4  1  E" A1"   4  3  A2"A1' 331110 1 1 1 0 0 0    72.0   72.0
571  828.149848 9.133E-22 5.396E+00.03960.070 1519.33950.750.000000 0 3 0   0  A2" 0 2 0   0  A1'  6  3  A2"A1'   5  3  A1"A1" 442110 1 1 2 0 0 0   104.0   88.0
571  828.188361 3.249E-27 1.576E-04.03330.070 1865.10440.750.000000 0 1 0   1  E"  0 2 0   0  A1'  8  0  A1'E"    8  4  E' E'  331110 1 1 1 0 0 0    68.0   68.0
571  828.205672 1.162E-25 1.885E-03.03330.070 1613.84560.750.000000 0 3 0   0  A2" 0 0 0   1  E'   7  4  E' E"    6  6  A1'E'  331110 1 1 1 0 0 0    60.0   52.0
571  828.325365 2.720E-26 1.039E-03.03330.070 1815.81580.750.000000 0 1 0   1  E"  0 0 0   1  E'   8  3  A2"E'    7  5  E" E"  331110 1 1 1 0 0 0    68.0   60.0
571  828.350315 2.810E-21 3.971E+00.03330.070 1160.38500.750.000000 0 2 0   0  A1' 0 1 0   0  A2"  9  5  E" E"    8  5  E" E'  441110 1 1 1 0 0 0    76.0   68.0
571  828.350947 6.525E-24 1.486E+00.03560.070 2262.41870.750.000000 0 1 0   1  E"  0 0 0   1  E'  12  9  A1"E'   11  9  A2"E"  332110 1 1 2 0 0 0   100.0   92.0
571  828.425528 8.874E-28 3.966E-04.03330.070 2416.93110.750.000000 0 1 0   1  E"  0 2 0   0  A1' 13 10  E' E"   12  8  E' E'  331110 1 1 1 0 0 0   108.0  100.0
571  828.456431 1.231E-25 3.434E-03.03330.070 1751.20790.750.000000 0 3 0   0  A2" 0 0 0   1  E'   8  4  E' E"    7  6  A1'E'  331110 1 1 1 0 0 0    68.0   60.0
571  828.793125 1.089E-25 1.999E-05.03330.070  677.51510.750.000000 0 0 0   1  E'  0 1 0   0  A2"  3  1  E" A1"   3  3  A2"A1' 331110 1 1 1 0 0 0    56.0   56.0
571  829.373191 1.199E-28 1.876E-04.03330.070 2658.48380.750.000000 0 1 0   1  E"  0 2 0   0  A1' 12  0  A1'E"   12  2  E' E'  331110 1 1 1 0 0 0   100.0  100.0
571  829.634730 3.448E-24 2.583E+00.03330.070 2665.27360.750.000000 0 1 0   1  E"  0 0 0   1  E'  13  7  E" A1'  12  7  E" A1" 331110 1 1 1 0 0 0   216.0  200.0
571  829.869167 2.233E-23 3.657E+00.03330.070 2251.02760.750.000000 0 1 0   0  A2" 0 0 0   0  A1' 16  1  E" E'   15  1  E" E"  441110 1 1 1 0 0 0   132.0  124.0
571  830.138095 1.707E-27 7.168E-05.03330.070 1929.58560.750.000000 0 0 0   1  E'  0 1 0   0  A2" 13  9  A1"E"   12  5  E" E'  331110 1 1 1 0 0 0   108.0  100.0
571  830.347322 1.273E-28 4.217E-05.03330.070 2369.13060.750.000000 0 3 0   0  A2" 0 1 0   0  A2" 14 13  E" E'   15 10  E' E"  331110 1 1 1 0 0 0   116.0  124.0
571  830.366382 2.612E-27 8.897E-07.03330.070  713.04110.750.000000 0 0 0   1  E'  0 1 0   0  A2"  4  3  A1"E"    3  1  E" E'  331110 1 1 1 0 0 0    36.0   28.0
571  830.569107 7.444E-22 2.465E+00.03330.070 1421.52860.750.000000 0 1 0   0  A2" 0 0 0   0  A1' 14  8  E' E"   13  8  E' E'  441110 1 1 1 0 0 0   116.0  108.0
571  830.685041 3.903E-22 4.041E+00.03330.070 1490.94170.750.000000 0 3 0   0  A2" 0 2 0   0  A1'  6  4  E' E"    5  4  E' E'  441110 1 1 1 0 0 0    52.0   44.0
571  830.776225 2.359E-23 3.624E+00.03330.070 2237.43370.750.000000 0 1 0   0  A2" 0 0 0   0  A1' 16  2  E' E"   15  2  E' E'  441110 1 1 1 0 0 0   132.0  124.0
571  831.016067 2.961E-22 3.080E+00.03400.070 1813.12700.750.000000 0 1 0   0  A2" 0 0 0   0  A1' 15  6  A2'A1"  14  6  A1'A1' 442110 1 1 2 0 0 0   248.0  232.0
571  831.034135 2.228E-28 4.436E-04.03330.070 2751.44710.750.000000 0 1 0   1  E"  0 0 0   1  E'  15 12  A2'E"   15 14  E' E'  331110 1 1 1 0 0 0   124.0  124.0
571  831.319612 7.028E-28 8.737E-04.03330.070 2610.20500.750.000000 0 1 0   1  E"  0 2 0   0  A1' 12  2  E' E"   12  4  E' E'  331110 1 1 1 0 0 0   100.0  100.0
571  831.630451 1.213E-28 4.458E-04.03330.070 2877.24940.750.000000 0 3 0   0  A2" 0 1 0   0  A2" 15 10  E' E"   16  7  E" E'  331110 1 1 1 0 0 0   124.0  132.0
571  831.937633 2.370E-21 5.817E+00.03480.070 1435.44440.750.000000 0 2 0   0  A1' 0 1 0   0  A2" 10  0  A1'A1'   9  0  A2'A1" 442110 1 1 2 0 0 0   168.0  152.0
571  832.008376 5.712E-21 5.933E-01.03330.070  678.12120.750.000000 0 1 0   0  A2" 0 0 0   0  A1' 12 11  E" E'   11 11  E" E"  441110 1 1 1 0 0 0   100.0   92.0
571  832.104184 4.525E-24 2.276E+00.03330.070 2582.07100.750.000000 0 1 0   1  E"  0 0 0   1  E'  13  8  E' A1"  12  8  E' A1' 331110 1 1 1 0 0 0   216.0  200.0
571  832.274179 1.199E-21 5.767E+00.03330.070 1431.06880.750.000000 0 2 0   0  A1' 0 1 0   0  A2" 10  1  E" E"    9  1  E" E'  441110 1 1 1 0 0 0    84.0   76.0
571  832.299907 5.171E-23 3.570E+00.03410.070 2214.68280.750.000000 0 1 0   0  A2" 0 0 0   0  A1' 16  3  A2"A1'  15  3  A1"A1" 442110 1 1 2 0 0 0   264.0  248.0
571  832.427219 5.703E-21 3.213E+00.03760.070 1111.87850.750.000000 0 2 0   0  A1' 0 1 0   0  A2"  9  6  A1'A1'   8  6  A2'A1" 442110 1 1 2 0 0 0   152.0  136.0
571  832.617883 2.861E-28 2.945E-06.03330.070 1454.44540.750.000000 0 1 0   1  E"  0 2 0   0  A1'  5  1  E" E'    5  5  E" E"  331110 1 1 1 0 0 0    44.0   44.0
571  832.709150 3.791E-27 4.169E-05.03330.070 1601.03990.750.000000 0 0 0   1  E'  0 1 0   0  A2" 10  2  E' E'   10  2  E' E"  331110 1 1 1 0 0 0    84.0   84.0
571  832.781480 8.702E-26 1.440E-03.03330.070 1784.13360.750.000000 0 1 0   1  E"  0 2 0   0  A1'  8  4  E' A1"   8  6  A1'A1' 331110 1 1 1 0 0 0   136.0  136.0
571  832.921573 1.037E-26 1.183E-04.03330.070 1644.36730.750.000000 0 2 0   0  A1' 0 0 0   0  A1' 12  7  E" E"   13  4  E' E'  331110 1 1 1 0 0 0   100.0  108.0
571  832.925890 1.141E-28 3.491E-03.03330.070 3398.29790.750.000000 0 0 0   0  A1' 0 0 0   0  A1' 23 14  E' E'   22 17  E" E"  331110 1 1 1 0 0 0   188.0  180.0
571  832.927427 2.181E-23 6.476E-01.03330.070 1966.52630.750.000000 0 1 0   1  E"  0 0 0   1  E'  11 10  E' A1"  10 10  E' A1' 441110 1 1 1 0 0 0   184.0  168.0
571  832.978551 5.672E-28 3.281E-02.03330.070 3662.93760.750.000000 0 0 0   1  E'  0 0 0   0  A1' 22 19  E" A1"  23 18  A1'A1' 331110 1 1 1 0 0 0   360.0  376.0
571  833.286991 1.241E-21 5.615E+00.03330.070 1417.93800.750.000000 0 2 0   0  A1' 0 1 0   0  A2" 10  2  E' E'    9  2  E' E"  441110 1 1 1 0 0 0    84.0   76.0
571  833.399802 6.681E-27 1.775E-04.03330.070 2062.40330.750.000000 0 0 0   0  A1' 0 0 0   0  A1' 20 15  A1"A1"  19 18  A1'A1' 331110 1 1 1 0 0 0   328.0  312.0
571  833.420391 2.628E-23 5.366E-01.03330.070 1658.78320.750.000000 0 1 0   1  E"  0 2 0   0  A1'  7  3  A2"E'    6  1  E" E"  441110 1 1 1 0 0 0    60.0   52.0
571  833.506730 4.532E-28 4.580E-04.03330.070 2658.01380.750.000000 0 2 0   0  A1' 0 0 0   0  A1' 19 17  E" E"   19 14  E' E'  331110 1 1 1 0 0 0   156.0  156.0
571  833.762807 3.183E-21 1.518E+00.03330.070 1006.75370.750.000000 0 1 0   0  A2" 0 0 0   0  A1' 13 10  E' E"   12 10  E' E'  441110 1 1 1 0 0 0   108.0  100.0
571  833.806301 8.348E-27 1.437E-03.03330.070 2166.37910.750.000000 0 1 0   1  E"  0 2 0   0  A1' 10  3  A2"E'   10  5  E" E"  331110 1 1 1 0 0 0    84.0   84.0
571  833.923989 6.574E-24 1.626E+00.03560.070 2276.74340.750.000000 0 1 0   1  E"  0 0 0   1  E'  12  9  A2"E'   11  9  A2"E"  332110 1 1 2 0 0 0   100.0   92.0
571  833.946243 2.928E-25 4.275E-01.03330.070 2657.87800.750.000000 0 3 0   0  A2" 0 0 0   1  E'  13  5  E" E'   12  7  E" E"  331110 1 1 1 0 0 0   108.0  100.0
571  833.999848 2.580E-22 2.254E+00.03330.070 1454.44540.750.000000 0 3 0   0  A2" 0 2 0   0  A1'  6  5  E" E'    5  5  E" E"  441110 1 1 1 0 0 0    52.0   44.0
571  834.006053 1.376E-28 2.999E-06.03330.070 1759.90630.750.000000 0 0 0   1  E'  0 1 0   0  A2" 11  4  E' E'   12  8  E' E"  331110 1 1 1 0 0 0    92.0  100.0
571  834.445463 2.937E-23 3.492E+00.03330.070 2182.96370.750.000000 0 1 0   0  A2" 0 0 0   0  A1' 16  4  E' E"   15  4  E' E'  441110 1 1 1 0 0 0   132.0  124.0
571  834.465879 1.509E-28 1.365E-03.03330.070 3261.42450.750.000000 0 2 0   0  A1' 0 0 0   0  A1' 20 15  A1"A1"  20 12  A1'A1' 331110 1 1 1 0 0 0   328.0  328.0
571  834.721394 6.797E-27 1.174E-04.03330.070 1623.67820.750.000000 0 1 0   1  E"  0 0 0   1  E'   7  4  E' E"    6  6  A1'E'  331110 1 1 1 0 0 0    60.0   52.0
571  834.989165 2.625E-21 5.358E+00.03590.070 1396.04250.750.000000 0 2 0   0  A1' 0 1 0   0  A2" 10  3  A1"A1"   9  3  A2"A1' 442110 1 1 2 0 0 0   168.0  152.0
571  835.315167 1.854E-22 2.912E+00.03330.070 1753.19250.750.000000 0 1 0   0  A2" 0 0 0   0  A1' 15  7  E" E'   14  7  E" E"  441110 1 1 1 0 0 0   124.0  116.0
571  835.565839 2.064E-27 3.897E-04.03330.070 2251.02760.750.000000 0 2 0   0  A1' 0 0 0   0  A1' 14  4  E' E'   15  1  E" E"  331110 1 1 1 0 0 0   116.0  124.0
571  835.763395 8.049E-24 1.164E+00.03330.070 2165.48380.750.000000 0 1 0   1  E"  0 0 0   1  E'  12 10  E' E"   11 10  E' E'  331110 1 1 1 0 0 0   100.0   92.0
571  836.026514 8.404E-27 4.505E-05.03330.070 1431.06880.750.000000 0 0 0   1  E'  0 1 0   0  A2"  9  1  E" E"    9  1  E" E'  331110 1 1 1 0 0 0    76.0   76.0
571  836.172335 2.171E-24 2.319E+00.03330.070 2592.54030.750.000000 0 1 0   1  E"  0 0 0   1  E'  13  8  E' E"   12  8  E' E'  331110 1 1 1 0 0 0   108.0  100.0
571  836.506912 4.822E-26 6.740E-05.03330.070 1105.67010.750.000000 0 0 0   1  E'  0 1 0   0  A2"  7  0  A2'E'    7  2  E' E"  331110 1 1 1 0 0 0    60.0   60.0
571  836.623895 1.927E-21 2.197E+00.03530.070 1341.94710.750.000000 0 1 0   0  A2" 0 0 0   0  A1' 14  9  A2"A1'  13  9  A1"A1" 442110 1 1 2 0 0 0   232.0  216.0
571  836.721138 2.894E-25 1.121E-04.03330.070  954.63580.750.000000 0 0 0   1  E'  0 1 0   0  A2"  6  1  E" A1"   6  3  A2"A1' 331110 1 1 1 0 0 0   104.0  104.0
571  836.842449 3.120E-27 2.431E-02.03330.070 3239.24960.750.000000 0 0 0   1  E'  0 0 0   0  A1' 21 19  E" A1"  22 18  A1'A1' 331110 1 1 1 0 0 0   344.0  360.0
571  837.203220 8.197E-27 1.961E-03.03330.070 2251.22500.750.000000 0 1 0   1  E"  0 2 0   0  A1' 11  6  A1'E"   10  2  E' E'  331110 1 1 1 0 0 0    92.0   84.0
571  837.218231 2.735E-21 2.357E+00.03330.070 1054.45750.750.000000 0 2 0   0  A1' 0 1 0   0  A2"  9  7  E" E"    8  7  E" E'  441110 1 1 1 0 0 0    76.0   68.0
571  837.239988 3.459E-23 3.392E+00.03330.070 2142.01180.750.000000 0 1 0   0  A2" 0 0 0   0  A1' 16  5  E" E'   15  5  E" E"  441110 1 1 1 0 0 0   132.0  124.0
571  837.392476 1.413E-21 4.995E+00.03330.070 1365.35450.750.000000 0 2 0   0  A1' 0 1 0   0  A2" 10  4  E' E'    9  4  E' E"  441110 1 1 1 0 0 0    84.0   76.0
571  837.576561 3.900E-26 5.728E-04.03330.070 1589.02950.750.000000 0 1 0   1  E"  0 2 0   0  A1'  7  5  E" E'    7  7  E" E"  331110 1 1 1 0 0 0    60.0   60.0
571  838.035195 3.135E-24 9.866E-02.03330.070 1771.32410.750.000000 0 1 0   1  E"  0 2 0   0  A1'  8  4  E' E"    7  2  E' E'  331110 1 1 1 0 0 0    68.0   60.0
571  838.048442 5.901E-25 2.739E+00.03330.070 2908.56830.750.000000 0 1 0   1  E"  0 0 0   1  E'  14  7  E" E'   13  7  E" E"  331110 1 1 1 0 0 0   116.0  108.0
571  838.143194 6.003E-26 5.833E-03.03330.070 2189.31230.750.000000 0 1 0   1  E"  0 0 0   1  E'  10  2  E' A1"   9  4  E' A1' 331110 1 1 1 0 0 0   168.0  152.0
571  838.190192 7.027E-22 7.397E+00.03830.070 1662.84020.750.000000 0 3 0   0  A2" 0 2 0   0  A1'  7  0  A2'A1"   6  0  A1'A1' 442110 1 1 2 0 0 0   120.0  104.0
571  838.325412 2.952E-27 4.338E-05.03330.070 1819.31550.750.000000 0 0 0   1  E'  0 1 0   0  A2" 11  2  E' A1'  11  0  A2'A1" 331110 1 1 1 0 0 0   184.0  184.0
571  838.444810 2.926E-24 1.966E+00.03530.070 2496.04270.750.000000 0 1 0   1  E"  0 0 0   1  E'  13  9  A2"E'   12  9  A2"E"  332110 1 1 2 0 0 0   108.0  100.0
571  838.512122 1.607E-26 8.489E-03.03330.070 2413.46290.750.000000 0 1 0   1  E"  0 0 0   1  E'  11  1  E" E'   10  3  A2"E"  331110 1 1 1 0 0 0    92.0   84.0
571  838.571554 9.679E-23 2.000E+00.03330.070 1658.78320.750.000000 0 1 0   1  E"  0 2 0   0  A1'  7  3  A1"E'    6  1  E" E"  441110 1 1 1 0 0 0    60.0   52.0
571  838.768969 1.446E-25 5.795E-04.03330.070 1358.71230.750.000000 0 1 0   1  E"  0 2 0   0  A1'  4  1  E" A1'   3  3  A1"A1" 331110 1 1 1 0 0 0    72.0   56.0
571  839.100247 1.858E-27 1.802E-04.03330.070 2025.15240.750.000000 0 1 0   1  E"  0 2 0   0  A1'  9  0  A2'E"    9  4  E' E'  331110 1 1 1 0 0 0    76.0   76.0
571  839.297860 1.129E-23 3.812E+00.03320.070 2550.15140.750.000000 0 1 0   0  A2" 0 0 0   0  A1' 17  0  A2'A1"  16  0  A1'A1' 441110 1 1 1 0 0 0   280.0  264.0
571  839.311116 1.182E-24 2.824E+00.03330.070 2913.91100.750.000000 0 1 0   1  E"  0 0 0   1  E'  14  7  E" A1'  13  7  E" A1" 331110 1 1 1 0 0 0   232.0  216.0
571  839.318532 1.802E-25 4.091E-04.03330.070 1252.77520.750.000000 0 0 0   1  E'  0 1 0   0  A2"  9  6  A1'E'    8  2  E' E"  331110 1 1 1 0 0 0    76.0   68.0
571  839.408722 8.178E-28 1.217E-05.03330.070 1561.45690.750.000000 0 1 0   1  E"  0 2 0   0  A1'  6  1  E" E'    6  5  E" E"  331110 1 1 1 0 0 0    52.0   52.0
571  839.445116 2.340E-22 4.843E+00.03330.070 1658.78320.750.000000 0 3 0   0  A2" 0 2 0   0  A1'  7  1  E" E'    6  1  E" E"  441110 1 1 1 0 0 0    60.0   52.0
571  839.587714 5.749E-24 3.802E+00.03330.070 2545.65830.750.000000 0 1 0   0  A2" 0 0 0   0  A1' 17  1  E" E'   16  1  E" E"  331110 1 1 1 0 0 0   140.0  132.0
571  839.634892 2.165E-28 7.755E-04.03330.070 2839.80220.750.000000 0 1 0   1  E"  0 2 0   0  A1' 13  2  E' E"   13  4  E' E'  331110 1 1 1 0 0 0   108.0  108.0
571  839.635813 3.973E-28 1.002E-04.03330.070 2451.06840.750.000000 0 3 0   0  A2" 0 1 0   0  A2" 14 12  A2'A1"  15  9  A2"A1' 331110 1 1 1 0 0 0   232.0  248.0
571  839.893117 3.551E-22 6.938E+00.03330.070 1646.61270.750.000000 0 3 0   0  A2" 0 2 0   0  A1'  7  2  E' E"    6  2  E' E'  441110 1 1 1 0 0 0    60.0   52.0
571  840.116997 8.345E-26 2.307E-05.03330.070  883.74030.750.000000 0 0 0   1  E'  0 1 0   0  A2"  6  4  E' A1'   5  0  A2'A1" 331110 1 1 1 0 0 0   104.0   88.0
571  840.373822 2.393E-22 2.713E+00.03330.070 1683.79670.750.000000 0 1 0   0  A2" 0 0 0   0  A1' 15  8  E' E"   14  8  E' E'  441110 1 1 1 0 0 0   124.0  116.0
571  840.460202 6.078E-24 3.772E+00.03330.070 2532.17310.750.000000 0 1 0   0  A2" 0 0 0   0  A1' 17  2  E' E"   16  2  E' E'  331110 1 1 1 0 0 0   140.0  132.0
571  840.487662 1.310E-26 1.483E-02.03330.070 2831.06010.750.000000 0 0 0   1  E'  0 0 0   0  A1' 20 19  E" A1"  21 18  A1'A1' 331110 1 1 1 0 0 0   328.0  344.0
571  840.524709 1.537E-21 4.517E+00.03330.070 1325.85440.750.000000 0 2 0   0  A1' 0 1 0   0  A2" 10  5  E" E"    9  5  E" E'  441110 1 1 1 0 0 0    84.0   76.0
571  840.635606 4.844E-26 1.591E-03.03330.070 1944.30570.750.000000 0 1 0   1  E"  0 2 0   0  A1'  9  4  E' A1"   9  6  A1'A1' 331110 1 1 1 0 0 0   152.0  152.0
571  840.661837 1.660E-28 1.382E-06.03330.070 1540.14530.750.000000 0 0 0   1  E'  0 1 0   0  A2" 10  4  E' E'   11  8  E' E"  331110 1 1 1 0 0 0    84.0   92.0
571  840.704653 8.437E-23 3.268E+00.03370.070 2091.84190.750.000000 0 1 0   0  A2" 0 0 0   0  A1' 16  6  A2'A1"  15  6  A1'A1' 442110 1 1 2 0 0 0   264.0  248.0
571  840.748300 1.905E-27 5.174E-05.03330.070 1801.94880.750.000000 0 0 0   1  E'  0 1 0   0  A2" 11  2  E' E'   11  2  E' E"  331110 1 1 1 0 0 0    92.0   92.0
571  841.190681 8.707E-27 1.814E-02.03330.070 2727.51980.750.000000 0 3 0   0  A2" 0 0 0   1  E'  13  2  E' E"   12  6  A2'E'  331110 1 1 1 0 0 0   108.0  100.0
571  841.570080 3.805E-28 7.128E-04.03330.070 2781.12190.750.000000 0 2 0   0  A1' 0 0 0   0  A1' 19 16  E' E'   19 13  E" E"  331110 1 1 1 0 0 0   156.0  156.0
571  841.619740 7.007E-22 6.226E+00.03920.070 1626.33060.750.000000 0 3 0   0  A2" 0 2 0   0  A1'  7  3  A2"A1'   6  3  A1"A1" 442110 1 1 2 0 0 0   120.0  104.0
571  841.710737 2.628E-25 7.101E-05.03330.070  843.90120.750.000000 0 0 0   1  E'  0 1 0   0  A2"  5  1  E" A1"   5  3  A2"A1' 331110 1 1 1 0 0 0    88.0   88.0
571  841.749610 1.073E-28 5.629E-03.03330.070 3486.59100.750.000000 0 1 0   1  E"  0 1 0   0  A2" 21 21  A1"E'   22 20  E' E"  331110 1 1 1 0 0 0   172.0  180.0
571  841.908401 1.508E-24 2.449E+00.03330.070 2833.22060.750.000000 0 1 0   1  E"  0 0 0   1  E'  14  8  E' A1"  13  8  E' A1' 331110 1 1 1 0 0 0   232.0  216.0
571  841.919697 1.332E-23 3.722E+00.03370.070 2509.78080.750.000000 0 1 0   0  A2" 0 0 0   0  A1' 17  3  A2"A1'  16  3  A1"A1" 442110 1 1 2 0 0 0   280.0  264.0
571  841.984482 3.254E-27 1.345E-03.03330.070 2361.49250.750.000000 0 1 0   1  E"  0 2 0   0  A1' 11  3  A1"E'   11  5  E" E"  331110 1 1 1 0 0 0    92.0   92.0
571  842.000048 3.653E-21 1.092E+00.03330.070  906.68210.750.000000 0 1 0   0  A2" 0 0 0   0  A1' 13 11  E" E'   12 11  E" E"  441110 1 1 1 0 0 0   108.0  100.0
571  842.224514 2.597E-26 1.954E-03.03330.070 1971.53490.750.000000 0 1 0   1  E"  0 0 0   1  E'   9  3  A1"E'    8  5  E" E"  331110 1 1 1 0 0 0    76.0   68.0
571  842.272409 1.727E-24 4.444E-02.03330.070 1893.45700.750.000000 0 1 0   1  E"  0 2 0   0  A1'  9  5  E" A1'   8  3  A1"A1" 331110 1 1 1 0 0 0   152.0  136.0
571  842.347858 3.973E-27 2.667E-06.03330.070 1021.21710.750.000000 0 2 0   0  A1' 0 0 0   0  A1' 10 10  E' E'   11  7  E" E"  331110 1 1 1 0 0 0    84.0   92.0
571  842.434004 7.173E-26 3.729E-02.03330.070 2425.54810.750.000000 0 3 0   0  A2" 0 0 0   1  E'  12  5  E" E'   11  7  E" E"  331110 1 1 1 0 0 0   100.0   92.0
571  842.757388 3.802E-26 7.408E-04.03330.070 1749.78290.750.000000 0 0 0   1  E'  0 1 0   0  A2" 12  8  E' E'   11  4  E' E"  331110 1 1 1 0 0 0   100.0   92.0
571  842.839524 3.225E-28 1.700E-04.03330.070 2458.72430.750.000000 0 1 0   1  E"  0 0 0   1  E'  14 12  A1'E"   14 14  E' E'  331110 1 1 1 0 0 0   116.0  116.0
571  842.860346 1.482E-23 1.179E+00.03330.070 2181.70340.750.000000 0 1 0   1  E"  0 0 0   1  E'  12 10  E' A1"  11 10  E' A1' 441110 1 1 1 0 0 0   200.0  184.0
571  842.958313 2.028E-21 1.283E+00.03330.070  988.08000.750.000000 0 2 0   0  A1' 0 1 0   0  A2"  9  8  E' E'    8  8  E' E"  441110 1 1 1 0 0 0    76.0   68.0
571  843.145850 5.173E-25 5.350E-03.03330.070 1450.41780.750.000000 0 1 0   1  E"  0 2 0   0  A1'  5  0  A2'E"    4  2  E' E'  331110 1 1 1 0 0 0    44.0   36.0
571  843.161374 1.274E-28 9.604E-06.03330.070 1971.53490.750.000000 0 1 0   1  E"  0 0 0   1  E'   9  3  A2"E'    8  5  E" E"  331110 1 1 1 0 0 0    76.0   68.0
571  843.583355 1.255E-21 1.885E+00.03330.070 1252.57760.750.000000 0 1 0   0  A2" 0 0 0   0  A1' 14 10  E' E"   13 10  E' E'  441110 1 1 1 0 0 0   116.0  108.0
571  843.674639 2.759E-24 2.000E+00.03530.070 2509.23900.750.000000 0 1 0   1  E"  0 0 0   1  E'  13  9  A1"E'   12  9  A1"E"  332110 1 1 2 0 0 0   108.0  100.0
571  843.851531 5.390E-27 2.706E-04.03330.070 1959.85560.750.000000 0 2 0   0  A1' 0 0 0   0  A1' 13  5  E" E"   14  2  E' E'  331110 1 1 1 0 0 0   108.0  116.0
571  843.955188 3.353E-26 5.975E-03.03330.070 2438.67570.750.000000 0 0 0   1  E'  0 0 0   0  A1' 19 19  E" A1"  20 18  A1'A1' 331110 1 1 1 0 0 0   312.0  328.0
571  843.993367 7.589E-24 3.652E+00.03330.070 2478.14080.750.000000 0 1 0   0  A2" 0 0 0   0  A1' 17  4  E' E"   16  4  E' E'  331110 1 1 1 0 0 0   140.0  132.0
571  844.110221 3.336E-22 5.194E+00.03330.070 1597.94110.750.000000 0 3 0   0  A2" 0 2 0   0  A1'  7  4  E' E"    6  4  E' E'  441110 1 1 1 0 0 0    60.0   52.0
571  844.146680 3.359E-27 5.431E-04.03330.070 2438.67570.750.000000 0 0 0   0  A1' 0 0 0   0  A1' 21 15  A1"A1"  20 18  A1'A1' 331110 1 1 1 0 0 0   344.0  328.0
571  844.160566 5.502E-22 6.044E+00.03330.070 1614.12100.750.000000 0 2 0   0  A1' 0 1 0   0  A2" 11  1  E" E"   10  1  E" E'  441110 1 1 1 0 0 0    92.0   84.0
571  844.403742 3.332E-21 3.905E+00.03580.070 1277.50510.750.000000 0 2 0   0  A1' 0 1 0   0  A2" 10  6  A1'A1'   9  6  A2'A1" 442110 1 1 2 0 0 0   168.0  152.0
571  844.631771 1.524E-26 4.861E-05.03330.070 1359.51970.750.000000 0 2 0   0  A1' 0 0 0   0  A1' 11  8  E' E'   12  5  E" E"  331110 1 1 1 0 0 0    92.0  100.0
571  844.638381 1.452E-23 6.339E-01.03330.070 2057.54480.750.000000 0 1 0   1  E"  0 0 0   1  E'  12 11  E" A1'  11 11  E" A1" 441110 1 1 1 0 0 0   200.0  184.0
571  844.868781 5.324E-23 3.118E+00.03330.070 2032.38070.750.000000 0 1 0   0  A2" 0 0 0   0  A1' 16  7  E" E'   15  7  E" E"  441110 1 1 1 0 0 0   132.0  124.0
571  845.146906 5.726E-22 5.916E+00.03330.070 1601.03990.750.000000 0 2 0   0  A1' 0 1 0   0  A2" 11  2  E' E'   10  2  E' E"  441110 1 1 1 0 0 0    92.0   84.0
571  845.159803 2.712E-27 4.077E-03.03330.070 2642.69710.750.000000 0 1 0   1  E"  0 0 0   1  E'  12  0  A1'E"   11  2  E' E'  331110 1 1 1 0 0 0   100.0   92.0
571  845.195969 1.010E-25 3.494E-05.03330.070  657.54040.750.000000 0 0 0   1  E'  0 1 0   0  A2"  3  1  E" E"    2  1  E" E'  331110 1 1 1 0 0 0    28.0   20.0
571  845.312110 5.404E-28 1.753E-05.03330.070 1939.62920.750.000000 0 1 0   1  E"  0 0 0   1  E'   9  4  E' A1"   9  8  E' A1' 331110 1 1 1 0 0 0   152.0  152.0
571  845.414063 4.328E-26 1.141E-03.03330.070 1731.52050.750.000000 0 1 0   1  E"  0 2 0   0  A1'  8  5  E" E'    8  7  E" E"  331110 1 1 1 0 0 0    68.0   68.0
571  845.424202 5.591E-28 1.814E-07.03330.070  644.20890.750.000000 0 0 0   1  E'  0 1 0   0  A2"  3  2  E' E'    2  2  E' E"  331110 1 1 1 0 0 0    28.0   20.0
571  845.626480 7.419E-25 2.537E+00.03330.070 2842.10960.750.000000 0 1 0   1  E"  0 0 0   1  E'  14  8  E' E"   13  8  E' E'  331110 1 1 1 0 0 0   116.0  108.0
571  845.878390 3.760E-24 1.607E+00.03330.070 2399.47820.750.000000 0 1 0   1  E"  0 0 0   1  E'  13 10  E' E"   12 10  E' E'  331110 1 1 1 0 0 0   108.0  100.0
571  846.238944 6.335E-22 2.479E+00.03510.070 1604.82950.750.000000 0 1 0   0  A2" 0 0 0   0  A1' 15  9  A2"A1'  14  9  A1"A1" 442110 1 1 2 0 0 0   248.0  232.0
571  846.274125 3.580E-26 4.287E-03.03330.070 2085.83870.750.000000 0 1 0   1  E"  0 2 0   0  A1' 10  5  E" E'    9  1  E" E"  331110 1 1 1 0 0 0    84.0   76.0
571  846.282934 3.030E-25 2.701E-02.03330.070 2025.15240.750.000000 0 1 0   1  E"  0 2 0   0  A1' 10  6  A1'E"    9  4  E' E'  331110 1 1 1 0 0 0    84.0   76.0
571  846.649004 2.512E-28 6.249E-04.03330.070 2932.54650.750.000000 0 3 0   0  A2" 0 1 0   0  A2" 15  9  A2"A1'  16  6  A2'A1" 331110 1 1 1 0 0 0   248.0  264.0
571  846.659771 2.787E-26 7.194E-05.03330.070 1252.77520.750.000000 0 0 0   1  E'  0 1 0   0  A2"  8  0  A1'E'    8  2  E' E"  331110 1 1 1 0 0 0    68.0   68.0
571  846.687633 8.959E-24 3.561E+00.03330.070 2437.52100.750.000000 0 1 0   0  A2" 0 0 0   0  A1' 17  5  E" E'   16  5  E" E"  331110 1 1 1 0 0 0   140.0  132.0
571  846.723023 2.174E-28 6.604E-04.03330.070 2843.84150.750.000000 0 2 0   0  A1' 0 0 0   0  A1' 16  1  E" E"   17  2  E' E'  331110 1 1 1 0 0 0   132.0  140.0
571  846.800035 1.222E-21 5.696E+00.03530.070 1579.21970.750.000000 0 2 0   0  A1' 0 1 0   0  A2" 11  3  A1"A1"  10  3  A2"A1' 442110 1 1 2 0 0 0   184.0  168.0
571  847.350622 2.917E-22 3.831E+00.03330.070 1561.45690.750.000000 0 3 0   0  A2" 0 2 0   0  A1'  7  5  E" E'    6  5  E" E"  441110 1 1 1 0 0 0    60.0   52.0
571  847.355461 1.187E-27 2.860E-05.03330.070 1686.24340.750.000000 0 1 0   1  E"  0 2 0   0  A1'  7  1  E" E'    7  5  E" E"  331110 1 1 1 0 0 0    60.0   60.0
571  847.414467 9.005E-26 3.307E-05.03330.070  720.43290.750.000000 0 0 0   1  E'  0 1 0   0  A2"  4  2  E' E'    4  4  E' E"  331110 1 1 1 0 0 0    36.0   36.0
571  847.604178 1.286E-24 2.328E-04.03330.070  717.47920.750.000000 0 0 0   1  E'  0 1 0   0  A2"  4  2  E' A1'   3  0  A2'A1" 331110 1 1 1 0 0 0    72.0   56.0
571  847.787318 2.058E-25 2.808E-03.03330.070 1539.62960.750.000000 0 1 0   1  E"  0 2 0   0  A1'  6  2  E' E"    5  2  E' E'  331110 1 1 1 0 0 0    52.0   44.0
571  847.884093 3.960E-27 4.804E-05.03330.070 1614.12100.750.000000 0 0 0   1  E'  0 1 0   0  A2" 10  1  E" E"   10  1  E" E'  331110 1 1 1 0 0 0    84.0   84.0
571  847.933845 1.822E-26 6.192E-02.03330.070 2839.80220.750.000000 0 1 0   1  E"  0 2 0   0  A1' 14  8  E' E"   13  4  E' E'  331110 1 1 1 0 0 0   116.0  108.0
571  848.033909 1.466E-25 1.705E-04.03330.070 1230.80210.750.000000 0 0 0   1  E'  0 1 0   0  A2"  8  1  E" A1"   8  3  A2"A1' 331110 1 1 1 0 0 0   136.0  136.0
571  848.145176 5.463E-27 4.083E-03.03330.070 2497.54850.750.000000 0 3 0   0  A2" 0 0 0   1  E'  12  2  E' E"   11  6  A1'E'  331110 1 1 1 0 0 0   100.0   92.0
571  848.318897 1.347E-28 4.727E-07.03330.070 1338.15900.750.000000 0 0 0   1  E'  0 1 0   0  A2"  9  4  E' E'   10  8  E' E"  331110 1 1 1 0 0 0    76.0   84.0
571  848.341789 1.052E-24 2.288E+00.03530.070 2747.75820.750.000000 0 1 0   1  E"  0 0 0   1  E'  14  9  A1"E'   13  9  A1"E"  332110 1 1 2 0 0 0   116.0  108.0
571  848.478350 1.182E-26 3.621E-04.03330.070 1760.88090.750.000000 0 1 0   1  E"  0 0 0   1  E'   8  4  E' E"    7  6  A2'E'  331110 1 1 1 0 0 0    68.0   60.0
571  848.716590 1.451E-27 7.474E-05.03330.070 2170.26170.750.000000 0 2 0   0  A1' 0 0 0   0  A1' 18 18  A1'A1'  18 15  A1"A1" 331110 1 1 1 0 0 0   296.0  296.0
571  849.049942 1.359E-24 3.951E+00.03330.070 2857.21430.750.000000 0 1 0   0  A2" 0 0 0   0  A1' 18  1  E" E'   17  1  E" E"  331110 1 1 1 0 0 0   148.0  140.0
571  849.059997 1.455E-24 2.113E-02.03330.070 1551.80560.750.000000 0 1 0   1  E"  0 2 0   0  A1'  6  1  E" E'    5  1  E" E"  331110 1 1 1 0 0 0    52.0   44.0
571  849.144040 6.673E-22 5.394E+00.03330.070 1548.65440.750.000000 0 2 0   0  A1' 0 1 0   0  A2" 11  4  E' E'   10  4  E' E"  441110 1 1 1 0 0 0    92.0   84.0
571  849.160922 8.420E-28 6.207E-05.03330.070 2020.52050.750.000000 0 0 0   1  E'  0 1 0   0  A2" 12  2  E' E'   12  2  E' E"  331110 1 1 1 0 0 0   100.0  100.0
571  849.165267 1.774E-21 3.183E+00.03330.070 1220.26640.750.000000 0 2 0   0  A1' 0 1 0   0  A2" 10  7  E" E"    9  7  E" E'  441110 1 1 1 0 0 0    84.0   76.0
571  849.228624 2.339E-26 1.680E-03.03330.070 2121.90890.750.000000 0 1 0   1  E"  0 2 0   0  A1' 10  4  E' A1"  10  6  A1'A1' 331110 1 1 1 0 0 0   168.0  168.0
571  849.429707 5.790E-28 1.940E-05.03330.070 1944.30570.750.000000 0 3 0   0  A2" 0 2 0   0  A1'  9  0  A2'A1"   9  6  A1'A1' 331110 1 1 1 0 0 0   152.0  152.0
571  849.767688 6.939E-23 2.941E+00.03330.070 1963.53950.750.000000 0 1 0   0  A2" 0 0 0   0  A1' 16  8  E' E"   15  8  E' E'  441110 1 1 1 0 0 0   132.0  124.0
571  849.787807 6.008E-25 2.508E-04.03330.070  786.98330.750.000000 0 0 0   1  E'  0 1 0   0  A2"  5  3  A1"E"    4  1  E" E'  331110 1 1 1 0 0 0    44.0   36.0
571  849.882570 1.437E-24 3.923E+00.03330.070 2843.84150.750.000000 0 1 0   0  A2" 0 0 0   0  A1' 18  2  E' E"   17  2  E' E'  331110 1 1 1 0 0 0   148.0  140.0
571  850.031088 2.193E-23 3.448E+00.03340.070 2387.76100.750.000000 0 1 0   0  A2" 0 0 0   0  A1' 17  6  A2'A1"  16  6  A1'A1' 442110 1 1 2 0 0 0   280.0  264.0
571  850.064624 5.319E-28 8.777E-05.03330.070 2372.76750.750.000000 0 0 0   1  E'  0 1 0   0  A2" 15 10  E' A1'  14  6  A2'A1" 331110 1 1 1 0 0 0   248.0  232.0
571  850.095780 1.202E-25 1.961E-02.03330.070 2166.37910.750.000000 0 1 0   1  E"  0 2 0   0  A1' 11  7  E" E'   10  5  E" E"  331110 1 1 1 0 0 0    92.0   84.0
571  850.105554 7.118E-26 1.448E-02.03330.070 2211.79290.750.000000 0 3 0   0  A2" 0 0 0   1  E'  11  5  E" E'   10  7  E" E"  331110 1 1 1 0 0 0    92.0   84.0
571  850.437474 1.138E-27 1.239E-03.03330.070 2573.97350.750.000000 0 1 0   1  E"  0 2 0   0  A1' 12  3  A2"E'   12  5  E" E"  331110 1 1 1 0 0 0   100.0  100.0
571  850.923576 2.563E-28 1.891E-04.03330.070 2524.17050.750.000000 0 3 0   0  A2" 0 1 0   0  A2" 14 11  E" E'   15  8  E' E"  331110 1 1 1 0 0 0   116.0  124.0
571  851.049991 8.826E-28 1.886E-04.03330.070 2202.74700.750.000000 0 1 0   1  E"  0 2 0   0  A1' 10  0  A1'E"   10  4  E' E'  331110 1 1 1 0 0 0    84.0   84.0
571  851.286706 3.159E-24 3.877E+00.03350.070 2821.39100.750.000000 0 1 0   0  A2" 0 0 0   0  A1' 18  3  A2"A1'  17  3  A1"A1" 332110 1 1 2 0 0 0   296.0  280.0
571  851.335371 2.174E-22 7.482E+00.03330.070 1783.48620.750.000000 0 3 0   0  A2" 0 2 0   0  A1'  8  1  E" E'    7  1  E" E"  441110 1 1 1 0 0 0    68.0   60.0
571  851.388385 3.955E-22 2.111E+00.03870.070 1516.88570.750.000000 0 3 0   0  A2" 0 2 0   0  A1'  7  6  A2'A1"   6  6  A1'A1' 442110 1 1 2 0 0 0   120.0  104.0
571  851.405751 6.618E-21 5.912E-01.03600.070  796.38850.750.000000 0 1 0   0  A2" 0 0 0   0  A1' 13 12  A2'A1"  12 12  A1'A1' 442110 1 1 2 0 0 0   216.0  200.0
571  851.532646 1.611E-21 1.519E+00.03330.070 1153.26340.750.000000 0 1 0   0  A2" 0 0 0   0  A1' 14 11  E" E'   13 11  E" E"  441110 1 1 1 0 0 0   116.0  108.0
571  851.543519 5.931E-28 9.854E-04.03330.070 2894.39280.750.000000 0 2 0   0  A1' 0 0 0   0  A1' 19 15  A1"A1"  19 12  A1'A1' 331110 1 1 1 0 0 0   312.0  312.0
571  851.754207 8.912E-25 4.643E-04.03330.070  866.04010.750.000000 0 0 0   1  E'  0 1 0   0  A2"  6  4  E' E'    5  2  E' E"  331110 1 1 1 0 0 0    52.0   44.0
571  852.191072 7.425E-22 4.991E+00.03330.070 1509.30140.750.000000 0 2 0   0  A1' 0 1 0   0  A2" 11  5  E" E"   10  5  E" E'  441110 1 1 1 0 0 0    92.0   84.0
571  852.279236 6.937E-24 1.624E+00.03330.070 2415.19970.750.000000 0 1 0   1  E"  0 0 0   1  E'  13 10  E' A1"  12 10  E' A1' 331110 1 1 1 0 0 0   216.0  200.0
571  852.355251 1.569E-25 7.472E-05.03330.070  812.88120.750.000000 0 0 0   1  E'  0 1 0   0  A2"  5  2  E' E'    5  4  E' E"  331110 1 1 1 0 0 0    44.0   44.0
571  852.546942 7.289E-28 5.606E-04.03330.070 2545.65830.750.000000 0 2 0   0  A1' 0 0 0   0  A1' 15  2  E' E'   16  1  E" E"  331110 1 1 1 0 0 0   124.0  132.0
571  852.650698 5.509E-26 7.517E-05.03330.070 1118.88420.750.000000 0 0 0   1  E'  0 1 0   0  A2"  8  5  E" E"    7  1  E" E'  331110 1 1 1 0 0 0    68.0   60.0
571  852.758757 5.662E-28 4.239E-04.03330.070 2638.37240.750.000000 0 1 0   1  E"  0 2 0   0  A1' 12  1  E" A1'  12  3  A1"A1" 331110 1 1 1 0 0 0   200.0  200.0
571  852.908285 1.106E-27 2.212E-04.03330.070 2304.84630.750.000000 0 2 0   0  A1' 0 0 0   0  A1' 18 17  E" E"   18 14  E' E'  331110 1 1 1 0 0 0   148.0  148.0
571  852.934179 9.983E-25 2.325E+00.03530.070 2759.72370.750.000000 0 1 0   1  E"  0 0 0   1  E'  14  9  A2"E'   13  9  A1"E"  332110 1 1 2 0 0 0   116.0  108.0
571  852.969300 4.273E-22 2.207E+00.03330.070 1516.16130.750.000000 0 1 0   0  A2" 0 0 0   0  A1' 15 10  E' E"   14 10  E' E'  441110 1 1 1 0 0 0   124.0  116.0
571  852.980820 2.270E-22 7.391E+00.03330.070 1771.32410.750.000000 0 3 0   0  A2" 0 2 0   0  A1'  8  2  E' E"    7  2  E' E'  441110 1 1 1 0 0 0    68.0   60.0
571  853.038699 2.634E-26 6.158E-03.03330.070 2381.59480.750.000000 0 1 0   1  E"  0 0 0   1  E'  11  2  E' A1"  10  4  E' A1' 331110 1 1 1 0 0 0   184.0  168.0
571  853.066673 2.344E-26 1.637E-04.03330.070 1676.60900.750.000000 0 2 0   0  A1' 0 0 0   0  A1' 12  6  A1'A1'  13  3  A1"A1" 331110 1 1 1 0 0 0   200.0  216.0
571  853.124944 1.621E-28 4.214E-02.03330.070 3820.00840.750.000000 0 0 0   1  E'  0 0 0   0  A1' 22 18  A1'E'   23 17  E" E"  331110 1 1 1 0 0 0   180.0  188.0
571  853.161778 6.624E-24 6.440E-01.03330.070 2075.60390.750.000000 0 1 0   1  E"  0 0 0   1  E'  12 11  E" E'   11 11  E" E"  331110 1 1 1 0 0 0   100.0   92.0
571  853.260286 1.798E-24 3.812E+00.03330.070 2790.26140.750.000000 0 1 0   0  A2" 0 0 0   0  A1' 18  4  E' E"   17  4  E' E'  331110 1 1 1 0 0 0   148.0  140.0
571  853.511023 2.371E-24 8.269E-04.03330.070  954.63580.750.000000 0 0 0   1  E'  0 1 0   0  A2"  7  5  E" A1"   6  3  A2"A1' 331110 1 1 1 0 0 0   120.0  104.0
571  853.727883 1.081E-25 1.702E-02.03330.070 2317.10430.750.000000 0 1 0   1  E"  0 2 0   0  A1' 12  8  E' A1"  11  6  A1'A1' 331110 1 1 1 0 0 0   200.0  184.0
571  853.821600 2.952E-26 1.547E-03.03330.070 1891.67570.750.000000 0 1 0   1  E"  0 2 0   0  A1'  9  5  E" E'    9  7  E" E"  331110 1 1 1 0 0 0    76.0   76.0
571  853.974801 6.284E-27 1.847E-03.03330.070 2285.65850.750.000000 0 3 0   0  A2" 0 0 0   1  E'  11  2  E' E"   10  6  A2'E'  331110 1 1 1 0 0 0    92.0   84.0
571  854.052676 1.391E-23 3.313E+00.03330.070 2328.79070.750.000000 0 1 0   0  A2" 0 0 0   0  A1' 17  7  E" E'   16  7  E" E"  441110 1 1 1 0 0 0   140.0  132.0
571  854.230883 1.101E-26 4.644E-06.03330.070  786.98330.750.000000 0 0 0   1  E'  0 1 0   0  A2"  5  3  A2"E"    4  1  E" E'  331110 1 1 1 0 0 0    44.0   36.0
571  854.328185 4.809E-25 2.311E-03.03330.070 1430.12250.750.000000 0 1 0   1  E"  0 2 0   0  A1'  5  1  E" A1'   4  3  A1"A1" 331110 1 1 1 0 0 0    88.0   72.0
571  854.365144 8.974E-24 1.162E+00.03330.070 2292.35840.750.000000 0 1 0   1  E"  0 0 0   1  E'  13 11  E" A1'  12 11  E" A1" 331110 1 1 1 0 0 0   216.0  200.0
571  854.500113 5.430E-27 7.584E-03.03330.070 2623.17420.750.000000 0 1 0   1  E"  0 0 0   1  E'  12  1  E" E'   11  3  A2"E"  331110 1 1 1 0 0 0   100.0   92.0
571  854.562108 1.214E-27 1.293E-03.03330.070 2831.06010.750.000000 0 0 0   0  A1' 0 0 0   0  A1' 22 15  A1"A1"  21 18  A1'A1' 331110 1 1 1 0 0 0   360.0  344.0
571  854.586624 4.666E-22 6.910E+00.03890.070 1751.05430.750.000000 0 3 0   0  A2" 0 2 0   0  A1'  8  3  A2"A1'   7  3  A1"A1" 442110 1 1 2 0 0 0   136.0  120.0
571  854.732889 1.747E-21 2.300E+00.03330.070 1154.09340.750.000000 0 2 0   0  A1' 0 1 0   0  A2" 10  8  E' E'    9  8  E' E"  441110 1 1 1 0 0 0    84.0   76.0
571  855.030644 2.750E-24 8.698E-02.03330.070 1929.91070.750.000000 0 1 0   1  E"  0 2 0   0  A1'  9  4  E' A1"   8  0  A1'A1' 331110 1 1 1 0 0 0   152.0  136.0
571  855.042706 1.288E-23 1.409E-01.03330.070 1662.84020.750.000000 0 1 0   1  E"  0 2 0   0  A1'  7  2  E' A1"   6  0  A1'A1' 441110 1 1 1 0 0 0   120.0  104.0
571  855.065257 1.552E-24 1.544E-03.03330.070 1052.75630.750.000000 0 0 0   1  E'  0 1 0   0  A2"  8  6  A2'E'    7  4  E' E"  331110 1 1 1 0 0 0    68.0   60.0
571  855.257365 4.518E-22 6.348E+00.03430.070 1819.31550.750.000000 0 2 0   0  A1' 0 1 0   0  A2" 12  0  A1'A1'  11  0  A2'A1" 442110 1 1 2 0 0 0   200.0  184.0
571  855.302926 9.377E-25 4.458E-03.03330.070 1579.21970.750.000000 0 0 0   1  E'  0 1 0   0  A2" 11  7  E" A1"  10  3  A2"A1' 331110 1 1 1 0 0 0   184.0  168.0
571  855.307396 1.364E-24 1.893E+00.03330.070 2652.11170.750.000000 0 1 0   1  E"  0 0 0   1  E'  14 10  E' E"   13 10  E' E'  331110 1 1 1 0 0 0   116.0  108.0
571  855.444029 1.864E-22 2.735E+00.03450.070 1885.21240.750.000000 0 1 0   0  A2" 0 0 0   0  A1' 16  9  A2"A1'  15  9  A1"A1" 442110 1 1 2 0 0 0   264.0  248.0
571  855.576023 2.292E-22 6.312E+00.03330.070 1814.97490.750.000000 0 2 0   0  A1' 0 1 0   0  A2" 12  1  E" E"   11  1  E" E'  441110 1 1 1 0 0 0   100.0   92.0
571  855.841605 2.126E-24 3.727E+00.03330.070 2749.98460.750.000000 0 1 0   0  A2" 0 0 0   0  A1' 18  5  E" E'   17  5  E" E"  331110 1 1 1 0 0 0   148.0  140.0
571  855.974243 1.671E-21 4.484E+00.03560.070 1461.13010.750.000000 0 2 0   0  A1' 0 1 0   0  A2" 11  6  A1'A1'  10  6  A2'A1" 442110 1 1 2 0 0 0   184.0  168.0
571  856.109342 1.778E-26 2.917E-03.03330.070 2145.97200.750.000000 0 1 0   1  E"  0 0 0   1  E'  10  3  A1"E'    9  5  E" E"  331110 1 1 1 0 0 0    84.0   76.0
571  856.112985 1.377E-28 3.215E-06.03330.070 1923.36100.750.000000 0 0 0   1  E'  0 1 0   0  A2" 12  5  E" A1"  13  9  A2"A1' 331110 1 1 1 0 0 0   200.0  216.0
571  856.117470 1.112E-25 9.734E-03.03330.070 2016.81170.750.000000 0 3 0   0  A2" 0 0 0   1  E'  10  5  E" E'    9  7  E" E"  331110 1 1 1 0 0 0    84.0   76.0
571  856.426701 2.294E-24 3.456E-03.03330.070 1160.38500.750.000000 0 0 0   1  E'  0 1 0   0  A2"  9  7  E" E"    8  5  E" E'  331110 1 1 1 0 0 0    76.0   68.0
571  856.476739 3.003E-26 6.049E-04.03330.070 1670.86580.750.000000 0 1 0   1  E"  0 2 0   0  A1'  8  6  A2'E"    8  8  E' E'  331110 1 1 1 0 0 0    68.0   68.0
571  856.534912 2.394E-22 6.202E+00.03330.070 1801.94880.750.000000 0 2 0   0  A1' 0 1 0   0  A2" 12  2  E' E'   11  2  E' E"  441110 1 1 1 0 0 0   100.0   92.0
571  856.535977 5.666E-27 3.962E-03.03330.070 2638.37240.750.000000 0 1 0   1  E"  0 2 0   0  A1' 13  7  E" A1'  12  3  A1"A1" 331110 1 1 1 0 0 0   216.0  200.0
571  856.547920 1.184E-27 5.135E-05.03330.070 1828.64750.750.000000 0 1 0   1  E"  0 2 0   0  A1'  8  1  E" E'    8  5  E" E"  331110 1 1 1 0 0 0    68.0   68.0
571  856.897130 8.157E-26 1.370E-01.03330.070 2833.22060.750.000000 0 3 0   0  A2" 0 0 0   1  E'  14  6  A2'A1"  13  8  E' A1' 331110 1 1 1 0 0 0   232.0  216.0
571  856.957704 1.771E-28 8.326E-03.03330.070 3414.61510.750.000000 0 0 0   2  A1' 0 0 0   1  E'  17 17  E" E"   18 16  E' E'  331110 1 1 1 0 0 0   140.0  148.0
571  856.984987 2.350E-22 6.096E+00.03330.070 1722.67940.750.000000 0 3 0   0  A2" 0 2 0   0  A1'  8  4  E' E"    7  4  E' E'  441110 1 1 1 0 0 0    68.0   60.0
571  857.198701 3.208E-26 2.054E-02.03330.070 2477.28880.750.000000 0 1 0   1  E"  0 2 0   0  A1' 13  9  A2"E'   12  7  E" E"  331110 1 1 1 0 0 0   108.0  100.0
571  857.613620 1.160E-23 1.401E-02.03330.070 1277.50510.750.000000 0 0 0   1  E'  0 1 0   0  A2" 10  8  E' A1'   9  6  A2'A1" 441110 1 1 1 0 0 0   168.0  152.0
571  857.652210 3.281E-25 2.531E+00.03510.070 3017.64080.750.000000 0 1 0   1  E"  0 0 0   1  E'  15  9  A2"E'   14  9  A1"E"  332110 1 1 2 0 0 0   124.0  116.0
571  857.744360 2.266E-26 1.061E-05.03330.070 1082.44650.750.000000 0 2 0   0  A1' 0 0 0   0  A1' 10  9  A1"A1"  11  6  A1'A1' 331110 1 1 1 0 0 0   168.0  184.0
571  857.911601 3.317E-28 7.274E-05.03330.070 2256.59940.750.000000 0 0 0   1  E'  0 1 0   0  A2" 13  2  E' E'   13  2  E' E"  331110 1 1 1 0 0 0   108.0  108.0
571  857.929430 1.641E-25 1.147E-04.03330.070  923.68130.750.000000 0 0 0   1  E'  0 1 0   0  A2"  6  2  E' E'    6  4  E' E"  331110 1 1 1 0 0 0    52.0   52.0
571  857.999047 1.403E-26 7.415E-05.03330.070 1417.93800.750.000000 0 0 0   1  E'  0 1 0   0  A2"  9  0  A2'E'    9  2  E' E"  331110 1 1 1 0 0 0    76.0   76.0
571  858.055463 9.924E-28 3.515E-02.03330.070 3398.29790.750.000000 0 0 0   1  E'  0 0 0   0  A1' 21 18  A1'E'   22 17  E" E"  331110 1 1 1 0 0 0   172.0  180.0
571  858.091308 9.544E-27 1.649E-03.03330.070 2317.10430.750.000000 0 1 0   1  E"  0 2 0   0  A1' 11  4  E' A1"  11  6  A1'A1' 331110 1 1 1 0 0 0   184.0  184.0
571  858.091955 5.803E-25 4.115E+00.03280.070 3189.87270.750.000000 0 1 0   0  A2" 0 0 0   0  A1' 19  0  A2'A1"  18  0  A1'A1' 332110 1 1 2 0 0 0   312.0  296.0
571  858.139042 5.144E-22 6.017E+00.03510.070 1780.23340.750.000000 0 2 0   0  A1' 0 1 0   0  A2" 12  3  A1"A1"  11  3  A2"A1' 442110 1 1 2 0 0 0   200.0  184.0
571  858.320345 8.670E-23 3.544E-01.03330.070 1404.09840.750.000000 0 0 0   1  E'  0 1 0   0  A2" 11  9  A2"E"   10  7  E" E'  441110 1 1 1 0 0 0    92.0   84.0
571  858.352530 2.956E-25 4.106E+00.03330.070 3185.45550.750.000000 0 1 0   0  A2" 0 0 0   0  A1' 19  1  E" E'   18  1  E" E"  331110 1 1 1 0 0 0   156.0  148.0
571  858.412612 1.158E-26 1.470E-03.03330.070 2092.09370.750.000000 0 3 0   0  A2" 0 0 0   1  E'  10  2  E' E"    9  6  A1'E'  331110 1 1 1 0 0 0    84.0   76.0
571  858.786299 1.826E-23 3.154E+00.03330.070 2260.52450.750.000000 0 1 0   0  A2" 0 0 0   0  A1' 17  8  E' E"   16  8  E' E'  441110 1 1 1 0 0 0   140.0  132.0
571  859.050413 5.217E-24 3.624E+00.03320.070 2700.64820.750.000000 0 1 0   0  A2" 0 0 0   0  A1' 18  6  A2'A1"  17  6  A1'A1' 331110 1 1 1 0 0 0   296.0  280.0
571  859.130011 3.605E-28 1.133E-03.03330.070 2803.70720.750.000000 0 1 0   1  E"  0 2 0   0  A1' 13  3  A1"E'   13  5  E" E"  331110 1 1 1 0 0 0   108.0  108.0
571  859.137896 3.127E-25 4.080E+00.03330.070 3172.19850.750.000000 0 1 0   0  A2" 0 0 0   0  A1' 19  2  E' E"   18  2  E' E'  331110 1 1 1 0 0 0   156.0  148.0
571  859.332948 6.592E-25 4.813E-03.03330.070 1540.14530.750.000000 0 0 0   1  E'  0 1 0   0  A2" 12 10  E' E'   11  8  E' E"  331110 1 1 1 0 0 0   100.0   92.0
571  859.734256 1.726E-25 1.142E-04.03330.070 1083.63440.750.000000 0 0 0   1  E'  0 1 0   0  A2"  7  1  E" A1"   7  3  A2"A1' 331110 1 1 1 0 0 0   120.0  120.0
571  859.793266 1.133E-27 4.213E-04.03330.070 2429.23790.750.000000 0 2 0   0  A1' 0 0 0   0  A1' 18 16  E' E'   18 13  E" E"  331110 1 1 1 0 0 0   148.0  148.0
571  859.923050 9.924E-26 5.963E-03.03330.070 1917.09320.750.000000 0 3 0   0  A2" 0 0 0   1  E'   9  2  E' E"    8  6  A2'E'  331110 1 1 1 0 0 0    76.0   68.0
571  859.985900 1.210E-25 8.305E-04.03330.070 1685.62530.750.000000 0 0 0   1  E'  0 1 0   0  A2" 13 11  E" A1"  12  9  A2"A1' 331110 1 1 1 0 0 0   216.0  200.0
571  860.092971 1.195E-28 1.473E-02.03330.070 3653.88200.750.000000 0 1 0   1  E"  0 1 0   0  A2" 21 20  E' E"   22 19  E" E'  331110 1 1 1 0 0 0   172.0  180.0
571  860.112398 2.268E-22 4.964E+00.03330.070 1686.24340.750.000000 0 3 0   0  A2" 0 2 0   0  A1'  8  5  E" E'    7  5  E" E"  441110 1 1 1 0 0 0    68.0   60.0
571  860.281789 3.118E-25 1.295E-02.03330.070 1840.79000.750.000000 0 3 0   0  A2" 0 0 0   1  E'   9  5  E" E'    8  7  E" E"  331110 1 1 1 0 0 0    76.0   68.0
571  860.422100 2.839E-22 5.756E+00.03330.070 1749.78290.750.000000 0 2 0   0  A1' 0 1 0   0  A2" 12  4  E' E'   11  4  E' E"  441110 1 1 1 0 0 0   100.0   92.0
571  860.452021 6.863E-25 4.036E+00.03330.070 3150.27490.750.000000 0 1 0   0  A2" 0 0 0   0  A1' 19  3  A2"A1'  18  3  A1"A1" 331110 1 1 1 0 0 0   312.0  296.0
571  860.467783 6.277E-27 1.706E-04.03330.070 1840.51650.750.000000 0 0 0   1  E'  0 1 0   0  A2" 14 12  A1'E'   13 10  E' E"  331110 1 1 1 0 0 0   116.0  108.0
571  860.582370 3.863E-21 1.092E+00.03600.070 1043.82220.750.000000 0 1 0   0  A2" 0 0 0   0  A1' 14 12  A2'A1"  13 12  A1'A1' 442110 1 1 2 0 0 0   232.0  216.0
571  860.609257 7.017E-26 9.607E-02.03330.070 2646.80980.750.000000 0 1 0   1  E"  0 2 0   0  A1' 14 10  E' E"   13  8  E' E'  331110 1 1 1 0 0 0   116.0  108.0
571  860.639673 5.808E-22 1.891E+00.03330.070 1417.64100.750.000000 0 1 0   0  A2" 0 0 0   0  A1' 15 11  E" E'   14 11  E" E"  441110 1 1 1 0 0 0   124.0  116.0
571  860.654911 9.111E-24 3.202E-01.03330.070 1783.48620.750.000000 0 1 0   1  E"  0 2 0   0  A1'  8  3  A2"E'    7  1  E" E"  331110 1 1 1 0 0 0    68.0   60.0
571  860.667221 2.211E-28 1.907E-04.03330.070 2755.29690.750.000000 0 0 0   1  E'  0 1 0   0  A2" 19 17  E" A1"  18 15  A2"A1' 331110 1 1 1 0 0 0   312.0  296.0
571  860.734508 1.463E-28 1.529E-04.03330.070 2605.01270.750.000000 0 1 0   1  E"  0 0 0   1  E'  15 13  E" E'   15 15  A2"E"  331110 1 1 1 0 0 0   124.0  124.0
571  860.779558 1.657E-27 5.018E-05.03330.070 1814.97490.750.000000 0 0 0   1  E'  0 1 0   0  A2" 11  1  E" E"   11  1  E" E'  331110 1 1 1 0 0 0    92.0   92.0
571  860.792116 3.017E-28 1.705E-05.03330.070 2004.79600.750.000000 0 0 0   1  E'  0 1 0   0  A2" 15 13  E" E"   14 11  E" E'  331110 1 1 1 0 0 0   124.0  116.0
571  860.811641 8.563E-22 3.519E+00.03330.070 1404.09840.750.000000 0 2 0   0  A1' 0 1 0   0  A2" 11  7  E" E"   10  7  E" E'  441110 1 1 1 0 0 0    92.0   84.0
571  860.898061 1.603E-28 1.095E-04.03330.070 2553.71700.750.000000 0 0 0   1  E'  0 1 0   0  A2" 18 16  E' E'   17 14  E' E"  331110 1 1 1 0 0 0   148.0  140.0
571  861.000223 1.547E-28 4.387E-05.03330.070 2361.42210.750.000000 0 0 0   1  E'  0 1 0   0  A2" 17 15  A1"E"   16 13  E" E'  331110 1 1 1 0 0 0   140.0  132.0
571  861.028768 1.882E-27 7.637E-06.03330.070 1401.38990.750.000000 0 0 0   1  E'  0 0 0   0  A1' 11  9  A2"E"   12  4  E' E'  331110 1 1 1 0 0 0    92.0  100.0
571  861.225018 2.653E-24 2.004E+00.03330.070 2666.74040.750.000000 0 1 0   1  E"  0 0 0   1  E'  14 10  E' A1"  13 10  E' A1' 331110 1 1 1 0 0 0   232.0  216.0
571  861.251430 2.690E-21 1.247E+00.03610.070 1078.93950.750.000000 0 2 0   0  A1' 0 1 0   0  A2" 10  9  A1"A1"   9  9  A2"A1' 442110 1 1 2 0 0 0   168.0  152.0
571  861.665989 4.162E-26 2.199E-04.03330.070 1579.21970.750.000000 0 0 0   1  E'  0 1 0   0  A2" 10  1  E" A1"  10  3  A2"A1' 331110 1 1 1 0 0 0   168.0  168.0
571  861.739733 3.191E-25 2.612E+00.03510.070 3027.92310.750.000000 0 1 0   1  E"  0 0 0   1  E'  15  9  A2"E'   14  9  A2"E"  332110 1 1 2 0 0 0   124.0  116.0
571  861.803851 5.742E-27 7.619E-04.03330.070 2166.11930.750.000000 0 0 0   1  E'  0 1 0   0  A2" 14  9  A2"E"   13  5  E" E'  331110 1 1 1 0 0 0   116.0  108.0
571  861.950038 1.285E-22 2.496E+00.03330.070 1797.27480.750.000000 0 1 0   0  A2" 0 0 0   0  A1' 16 10  E' E"   15 10  E' E'  441110 1 1 1 0 0 0   132.0  124.0
571  862.072334 1.981E-28 1.604E-06.03330.070 1685.62530.750.000000 0 0 0   1  E'  0 1 0   0  A2" 11  5  E" A1"  12  9  A2"A1' 331110 1 1 1 0 0 0   184.0  200.0
571  862.145435 4.095E-24 1.177E+00.03330.070 2310.21090.750.000000 0 1 0   1  E"  0 0 0   1  E'  13 11  E" E'   12 11  E" E"  331110 1 1 1 0 0 0   108.0  100.0
571  862.332619 3.915E-25 3.974E+00.03330.070 3119.08380.750.000000 0 1 0   0  A2" 0 0 0   0  A1' 19  4  E' E"   18  4  E' E'  331110 1 1 1 0 0 0   156.0  148.0
571  862.513724 2.670E-24 5.805E-02.03330.070 1683.84200.750.000000 0 3 0   0  A2" 0 0 0   1  E'   8  5  E" E'    7  7  E" E"  331110 1 1 1 0 0 0    68.0   60.0
571  862.681218 1.549E-26 1.778E-03.03330.070 2069.43160.750.000000 0 1 0   1  E"  0 2 0   0  A1' 10  5  E" E'   10  7  E" E"  331110 1 1 1 0 0 0    84.0   84.0
571  862.827629 1.689E-28 3.109E-06.03330.070 1623.67820.750.000000 0 3 0   0  A2" 0 0 0   1  E'   7  2  E' E"    6  6  A1'E'  331110 1 1 1 0 0 0    60.0   52.0
571  862.828891 4.996E-27 2.605E-02.03330.070 2992.08500.750.000000 0 0 0   1  E'  0 0 0   0  A1' 20 18  A2'E'   21 17  E" E"  331110 1 1 1 0 0 0   164.0  172.0
571  862.916565 3.318E-24 3.500E+00.03330.070 2642.18430.750.000000 0 1 0   0  A2" 0 0 0   0  A1' 18  7  E" E'   17  7  E" E"  331110 1 1 1 0 0 0   148.0  140.0
571  863.012057 1.280E-28 8.294E-04.03330.070 2979.25180.750.000000 0 3 0   0  A2" 0 1 0   0  A2" 15  8  E' E"   16  5  E" E'  331110 1 1 1 0 0 0   124.0  132.0
571  863.134248 2.226E-28 1.257E-03.03330.070 2998.01340.750.000000 0 2 0   0  A1' 0 0 0   0  A1' 19 14  E' E'   19 11  E" E"  331110 1 1 1 0 0 0   156.0  156.0
571  863.309286 7.255E-23 4.322E+00.03330.070 1913.70700.750.000000 0 3 0   0  A2" 0 2 0   0  A1'  9  2  E' E"    8  2  E' E'  441110 1 1 1 0 0 0    76.0   68.0
571  863.379770 3.208E-22 5.413E+00.03330.070 1710.59370.750.000000 0 2 0   0  A1' 0 1 0   0  A2" 12  5  E" E"   11  5  E" E'  441110 1 1 1 0 0 0   100.0   92.0
571  863.423976 4.400E-27 1.394E-04.03330.070 1760.88090.750.000000 0 3 0   0  A2" 0 0 0   1  E'   8  2  E' E"    7  6  A2'E'  331110 1 1 1 0 0 0    68.0   60.0
571  863.484310 5.790E-27 8.922E-03.03330.070 2826.11960.750.000000 0 1 0   1  E"  0 2 0   0  A1' 15 11  E" A1'  14  9  A1"A1" 331110 1 1 1 0 0 0   248.0  232.0
571  863.520064 1.761E-26 7.188E-05.03330.070 1401.38990.750.000000 0 2 0   0  A1' 0 0 0   0  A1' 11  7  E" E"   12  4  E' E'  331110 1 1 1 0 0 0    92.0  100.0
571  863.645918 7.628E-25 2.699E-02.03330.070 1783.48620.750.000000 0 1 0   1  E"  0 2 0   0  A1'  8  3  A1"E'    7  1  E" E"  331110 1 1 1 0 0 0    68.0   60.0
571  863.656665 3.818E-24 1.609E+00.03330.070 2545.61120.750.000000 0 1 0   1  E"  0 0 0   1  E'  14 11  E" A1'  13 11  E" A1" 331110 1 1 1 0 0 0   232.0  216.0
571  863.824745 2.548E-22 8.222E+00.03720.070 1929.91070.750.000000 0 3 0   0  A2" 0 2 0   0  A1'  9  0  A2'A1"   8  0  A1'A1' 442110 1 1 2 0 0 0   152.0  136.0
571  863.934228 3.584E-28 1.858E-04.03330.070 2397.79840.750.000000 0 1 0   1  E"  0 2 0   0  A1' 11  0  A2'E"   11  4  E' E'  331110 1 1 1 0 0 0    92.0   92.0
571  863.954398 2.993E-28 3.109E-04.03330.070 2588.50770.750.000000 0 3 0   0  A2" 0 1 0   0  A2" 14 10  E' E"   15  7  E" E'  331110 1 1 1 0 0 0   116.0  124.0
571  863.982360 1.290E-22 8.166E+00.03330.070 1925.86020.750.000000 0 3 0   0  A2" 0 2 0   0  A1'  9  1  E" E'    8  1  E" E"  441110 1 1 1 0 0 0    76.0   68.0
571  864.041683 1.291E-25 1.485E-04.03330.070 1052.75630.750.000000 0 0 0   1  E'  0 1 0   0  A2"  7  2  E' E'    7  4  E' E"  331110 1 1 1 0 0 0    60.0   60.0
571  864.083356 4.125E-22 3.665E+00.03810.070 1641.65470.750.000000 0 3 0   0  A2" 0 2 0   0  A1'  8  6  A2'A1"   7  6  A1'A1' 442110 1 1 2 0 0 0   136.0  120.0
571  864.102652 1.527E-26 9.268E-04.03330.070 1917.09320.750.000000 0 1 0   1  E"  0 0 0   1  E'   9  4  E' E"    8  6  A2'E'  331110 1 1 1 0 0 0    76.0   68.0
571  864.198300 4.243E-24 6.327E-01.03600.070 2174.29920.750.000000 0 1 0   1  E"  0 0 0   1  E'  13 12  A2'E"   12 12  A2'E'  332110 1 1 2 0 0 0   108.0  100.0
571  864.271537 4.953E-23 2.970E+00.03390.070 2182.86070.750.000000 0 1 0   0  A2" 0 0 0   0  A1' 17  9  A2"A1'  16  9  A1"A1" 442110 1 1 2 0 0 0   280.0  264.0
571  864.600403 4.487E-26 1.521E-05.03330.070  644.20890.750.000000 0 0 0   1  E'  0 1 0   0  A2"  3  0  A2'E'    2  2  E' E"  331110 1 1 1 0 0 0    28.0   20.0
571  864.618600 4.654E-25 2.298E+00.03330.070 2922.59650.750.000000 0 1 0   1  E"  0 0 0   1  E'  15 10  E' E"   14 10  E' E'  331110 1 1 1 0 0 0   124.0  116.0
571  864.661264 3.477E-28 2.640E-03.03330.070 3239.24960.750.000000 0 0 0   0  A1' 0 0 0   0  A1' 23 15  A1"A1"  22 18  A1'A1' 331110 1 1 1 0 0 0   376.0  360.0
571  864.738814 1.117E-28 1.141E-05.03330.070 2096.16100.750.000000 0 3 0   0  A2" 0 1 0   0  A2" 13 13  E" E'   14 10  E' E"  331110 1 1 1 0 0 0   108.0  116.0
571  864.782490 4.634E-25 3.895E+00.03330.070 3079.16000.750.000000 0 1 0   0  A2" 0 0 0   0  A1' 19  5  E" E'   18  5  E" E"  331110 1 1 1 0 0 0   156.0  148.0
571  865.005203 1.131E-26 6.840E-03.03330.070 2446.18680.750.000000 0 1 0   1  E"  0 2 0   0  A1' 12  6  A1'E"   11  2  E' E'  331110 1 1 1 0 0 0   100.0   92.0
571  865.268508 3.049E-26 1.221E-03.03330.070 1831.03830.750.000000 0 1 0   1  E"  0 2 0   0  A1'  9  6  A1'E"    9  8  E' E'  331110 1 1 1 0 0 0    76.0   76.0
571  865.992527 1.039E-21 3.135E+00.03330.070 1338.15900.750.000000 0 2 0   0  A1' 0 1 0   0  A2" 11  8  E' E'   10  8  E' E"  441110 1 1 1 0 0 0    92.0   84.0
571  866.190392 4.765E-28 5.788E-05.03330.070 2273.79960.750.000000 0 0 0   1  E'  0 1 0   0  A2" 13  2  E' A1'  13  0  A2'A1" 331110 1 1 1 0 0 0   216.0  216.0
571  866.248041 5.681E-27 3.207E-04.03330.070 1973.55420.750.000000 0 2 0   0  A1' 0 0 0   0  A1' 13  4  E' E'   14  1  E" E"  331110 1 1 1 0 0 0   108.0  116.0
571  866.550643 8.694E-23 6.572E+00.03330.070 2033.48640.750.000000 0 2 0   0  A1' 0 1 0   0  A2" 13  1  E" E"   12  1  E" E'  441110 1 1 1 0 0 0   108.0  100.0
571  866.818772 8.733E-28 7.552E-05.03330.070 1988.73540.750.000000 0 1 0   1  E"  0 2 0   0  A1'  9  1  E" E'    9  5  E" E"  331110 1 1 1 0 0 0    76.0   76.0
571  866.908720 1.036E-28 3.420E-04.03330.070 2952.86020.750.000000 0 2 0   1  E'  0 1 0   1  E"  13 11  E" A1"  13 13  E" A1' 331110 1 1 1 0 0 0   216.0  216.0
571  866.951586 3.470E-27 1.582E-03.03330.070 2529.67570.750.000000 0 1 0   1  E"  0 2 0   0  A1' 12  4  E' A1"  12  6  A1'A1' 331110 1 1 1 0 0 0   200.0  200.0
571  866.959539 1.174E-28 8.389E-05.03330.070 2510.02130.750.000000 0 0 0   1  E'  0 1 0   0  A2" 14  2  E' E'   14  2  E' E"  331110 1 1 1 0 0 0   116.0  116.0
571  867.037518 2.742E-22 7.465E+00.03870.070 1893.45700.750.000000 0 3 0   0  A2" 0 2 0   0  A1'  9  3  A2"A1'   8  3  A1"A1" 442110 1 1 2 0 0 0   152.0  136.0
571  867.054615 7.396E-22 4.983E+00.03540.070 1662.62110.750.000000 0 2 0   0  A1' 0 1 0   0  A2" 12  6  A1'A1'  11  6  A2'A1" 442110 1 1 2 0 0 0   200.0  184.0
571  867.177004 1.719E-27 6.601E-07.03330.070  720.43290.750.000000 0 0 0   1  E'  0 1 0   0  A2"  4  0  A1'E'    4  4  E' E"  331110 1 1 1 0 0 0    36.0   36.0
571  867.288044 3.124E-28 5.945E-03.03330.070 3256.36460.750.000000 0 1 0   1  E"  0 1 0   0  A2" 20 20  E' E"   21 19  E" E'  331110 1 1 1 0 0 0   164.0  172.0
571  867.360414 2.146E-28 3.246E-02.03330.070 3804.31690.750.000000 0 0 0   2  E'  0 0 0   1  E'  18 17  E" A1"  19 16  E' A1' 331110 1 1 1 0 0 0   296.0  312.0
571  867.473799 4.376E-24 3.356E+00.03330.070 2574.51120.750.000000 0 1 0   0  A2" 0 0 0   0  A1' 18  8  E' E"   17  8  E' E'  331110 1 1 1 0 0 0   148.0  140.0
571  867.475116 1.918E-26 1.592E-02.03330.070 2601.67040.750.000000 0 0 0   1  E'  0 0 0   0  A1' 19 18  A1'E'   20 17  E" E"  331110 1 1 1 0 0 0   156.0  164.0
571  867.481084 9.107E-23 6.477E+00.03330.070 2020.52050.750.000000 0 2 0   0  A1' 0 1 0   0  A2" 13  2  E' E'   12  2  E' E"  441110 1 1 1 0 0 0   108.0  100.0
571  867.488887 6.065E-23 3.647E+00.03330.070 1913.70700.750.000000 0 1 0   1  E"  0 2 0   0  A1'  9  4  E' E"    8  2  E' E'  441110 1 1 1 0 0 0    76.0   68.0
571  867.625692 5.928E-26 4.271E+00.03330.070 3530.13410.750.000000 0 1 0   0  A2" 0 0 0   0  A1' 20  1  E" E'   19  1  E" E"  331110 1 1 1 0 0 0   164.0  156.0
571  867.720507 6.904E-26 3.376E-04.03330.070 1417.93800.750.000000 0 0 0   1  E'  0 1 0   0  A2" 10  6  A2'E'    9  2  E' E"  331110 1 1 1 0 0 0    84.0   76.0
571  867.776396 1.137E-26 7.027E-03.03330.070 2592.05890.750.000000 0 1 0   1  E"  0 0 0   1  E'  12  2  E' A1"  11  4  E' A1' 331110 1 1 1 0 0 0   200.0  184.0
571  867.776453 1.992E-27 4.858E-05.03330.070 1886.16660.750.000000 0 0 0   0  A1' 0 0 0   0  A1' 20 16  E' E'   19 19  E" E"  331110 1 1 1 0 0 0   164.0  156.0
571  867.836557 1.139E-24 3.798E+00.03300.070 3030.25860.750.000000 0 1 0   0  A2" 0 0 0   0  A1' 19  6  A2'A1"  18  6  A1'A1' 331110 1 1 1 0 0 0   312.0  296.0
571  867.878382 5.353E-26 2.921E-02.03330.070 2582.07100.750.000000 0 3 0   0  A2" 0 0 0   1  E'  13  6  A2'A1"  12  8  E' A1' 331110 1 1 1 0 0 0   216.0  200.0
571  868.029005 1.043E-28 1.033E-03.03330.070 3050.56900.750.000000 0 1 0   1  E"  0 2 0   0  A1' 14  3  A2"E'   14  5  E" E"  331110 1 1 1 0 0 0   116.0  116.0
571  868.124191 5.729E-27 1.993E-06.03330.070  699.72320.750.000000 0 0 0   1  E'  0 1 0   0  A2"  4  2  E' E'    3  2  E' E"  331110 1 1 1 0 0 0    36.0   28.0
571  868.184391 4.182E-25 5.975E-03.03330.070 1539.62960.750.000000 0 1 0   1  E"  0 2 0   0  A1'  6  0  A1'E"    5  2  E' E'  331110 1 1 1 0 0 0    52.0   44.0
571  868.209410 2.739E-28 1.752E-06.03330.070 1516.88570.750.000000 0 1 0   1  E"  0 2 0   0  A1'  6  2  E' A1"   6  6  A1'A1' 331110 1 1 1 0 0 0   104.0  104.0
571  868.257834 1.203E-25 4.890E-05.03330.070  772.95630.750.000000 0 0 0   1  E'  0 1 0   0  A2"  5  3  A2"E"    5  5  E" E'  331110 1 1 1 0 0 0    44.0   44.0
571  868.319580 2.579E-25 9.577E-05.03330.070  713.04110.750.000000 0 0 0   1  E'  0 1 0   0  A2"  4  1  E" E"    3  1  E" E'  331110 1 1 1 0 0 0    36.0   28.0
571  868.353707 6.271E-26 4.245E+00.03330.070 3516.99610.750.000000 0 1 0   0  A2" 0 0 0   0  A1' 20  2  E' E"   19  2  E' E'  331110 1 1 1 0 0 0   164.0  156.0
571  868.555406 1.031E-28 5.851E-06.03330.070 1973.55420.750.000000 0 0 0   1  E'  0 0 0   0  A1' 13  8  E' E'   14  1  E" E"  331110 1 1 1 0 0 0   108.0  116.0
571  868.842202 1.440E-22 2.003E+00.03330.070 1589.02950.750.000000 0 3 0   0  A2" 0 2 0   0  A1'  8  7  E" E'    7  7  E" E"  441110 1 1 1 0 0 0    68.0   60.0
571  868.865618 1.979E-27 6.549E-04.03330.070 2543.66260.750.000000 0 2 0   0  A1' 0 0 0   0  A1' 18 15  A1"A1"  18 12  A1'A1' 331110 1 1 1 0 0 0   296.0  296.0
571  868.952847 1.972E-28 6.093E-07.03330.070 1465.53860.750.000000 0 0 0   1  E'  0 1 0   0  A2" 10  5  E" A1"  11  9  A2"A1' 331110 1 1 1 0 0 0   168.0  184.0
571  869.044884 1.967E-22 6.318E+00.03480.070 1998.88310.750.000000 0 2 0   0  A1' 0 1 0   0  A2" 13  3  A1"A1"  12  3  A2"A1' 442110 1 1 2 0 0 0   216.0  200.0
571  869.345123 1.434E-22 6.839E+00.03330.070 1865.10440.750.000000 0 3 0   0  A2" 0 2 0   0  A1'  9  4  E' E"    8  4  E' E'  441110 1 1 1 0 0 0    76.0   68.0
571  869.346741 1.556E-21 1.523E+00.03560.070 1309.09290.750.000000 0 1 0   0  A2" 0 0 0   0  A1' 15 12  A2'A1"  14 12  A1'A1' 442110 1 1 2 0 0 0   248.0  232.0
571  869.351066 1.808E-22 2.219E+00.03330.070 1699.58120.750.000000 0 1 0   0  A2" 0 0 0   0  A1' 16 11  E" E'   15 11  E" E"  441110 1 1 1 0 0 0   132.0  124.0
571  869.587290 1.379E-25 4.203E+00.03320.070 3494.82830.750.000000 0 1 0   0  A2" 0 0 0   0  A1' 20  3  A2"A1'  19  3  A1"A1" 331110 1 1 1 0 0 0   328.0  312.0
571  869.733456 8.755E-25 2.334E+00.03330.070 2936.04570.750.000000 0 1 0   1  E"  0 0 0   1  E'  15 10  E' A1"  14 10  E' A1' 331110 1 1 1 0 0 0   248.0  232.0
571  869.938142 9.764E-27 3.853E-03.03330.070 2338.90100.750.000000 0 1 0   1  E"  0 0 0   1  E'  11  3  A2"E'   10  5  E" E"  331110 1 1 1 0 0 0    92.0   84.0
571  870.074889 9.360E-24 5.052E-01.03330.070 2053.47430.750.000000 0 1 0   1  E"  0 2 0   0  A1' 10  5  E" A1'   9  3  A1"A1" 331110 1 1 1 0 0 0   168.0  152.0
571  870.418125 6.224E-27 7.457E-05.03330.070 1601.03990.750.000000 0 0 0   1  E'  0 1 0   0  A2" 10  0  A1'E'   10  2  E' E"  331110 1 1 1 0 0 0    84.0   84.0
571  870.555349 3.463E-23 2.757E+00.03330.070 2095.67960.750.000000 0 1 0   0  A2" 0 0 0   0  A1' 17 10  E' E"   16 10  E' E'  441110 1 1 1 0 0 0   140.0  132.0
571  870.630559 8.294E-26 1.748E-04.03330.070 1200.01560.750.000000 0 0 0   1  E'  0 1 0   0  A2"  8  2  E' E'    8  4  E' E"  331110 1 1 1 0 0 0    68.0   68.0
571  870.683155 1.746E-24 1.626E+00.03330.070 2562.91990.750.000000 0 1 0   1  E"  0 0 0   1  E'  14 11  E" E'   13 11  E" E"  331110 1 1 1 0 0 0   116.0  108.0
571  870.720039 7.385E-27 8.648E-05.03330.070 1695.35090.750.000000 0 1 0   1  E"  0 0 0   1  E'   8  5  E" A1'   7  7  E" A1" 331110 1 1 1 0 0 0   136.0  120.0
571  870.877298 1.830E-21 5.913E-01.03330.070  924.04330.750.000000 0 1 0   0  A2" 0 0 0   0  A1' 14 13  E" E'   13 13  E" E"  441110 1 1 1 0 0 0   116.0  108.0
571  871.207386 1.072E-22 5.976E+00.03330.070 1968.59490.750.000000 0 2 0   0  A1' 0 1 0   0  A2" 13  4  E' E'   12  4  E' E"  441110 1 1 1 0 0 0   108.0  100.0
571  871.327406 7.852E-26 4.143E+00.03330.070 3464.35850.750.000000 0 1 0   0  A2" 0 0 0   0  A1' 20  4  E' E"   19  4  E' E'  331110 1 1 1 0 0 0   164.0  156.0
571  871.426432 4.840E-28 1.329E-02.03330.070 3439.90270.750.000000 0 0 0   2  E'  0 0 0   1  E'  17 17  E" A1"  18 16  E' A1' 331110 1 1 1 0 0 0   280.0  296.0
571  871.432667 1.690E-25 3.546E-03.03330.070 1646.61270.750.000000 0 1 0   1  E"  0 2 0   0  A1'  7  2  E' E"    6  2  E' E'  331110 1 1 1 0 0 0    60.0   52.0
571  871.467328 4.310E-22 4.449E+00.03330.070 1605.82150.750.000000 0 2 0   0  A1' 0 1 0   0  A2" 12  7  E" E"   11  7  E" E'  441110 1 1 1 0 0 0   100.0   92.0
571  871.486566 1.620E-24 1.322E+00.03610.070 2468.91550.750.000000 0 2 0   1  E'  0 1 0   1  E"  10  9  A2"E"    9  9  A1"E'  332110 1 1 2 0 0 0    84.0   76.0
571  871.526794 7.255E-25 3.683E+00.03330.070 2972.31570.750.000000 0 1 0   0  A2" 0 0 0   0  A1' 19  7  E" E'   18  7  E" E"  331110 1 1 1 0 0 0   156.0  148.0
571  871.662436 6.124E-27 1.693E-03.03330.070 2264.91000.750.000000 0 1 0   1  E"  0 2 0   0  A1' 11  5  E" E'   11  7  E" E"  331110 1 1 1 0 0 0    92.0   92.0
571  872.039613 4.486E-26 6.429E-03.03330.070 2227.35400.750.000000 0 0 0   1  E'  0 0 0   0  A1' 18 18  A2'E'   19 17  E" E"  331110 1 1 1 0 0 0   148.0  156.0
571  872.301419 2.123E-21 2.258E+00.03600.070 1263.26140.750.000000 0 2 0   0  A1' 0 1 0   0  A2" 11  9  A1"A1"  10  9  A2"A1' 442110 1 1 2 0 0 0   184.0  168.0
571  872.424234 1.483E-22 5.963E+00.03330.070 1828.64750.750.000000 0 3 0   0  A2" 0 2 0   0  A1'  9  5  E" E'    8  5  E" E"  441110 1 1 1 0 0 0    76.0   68.0
571  872.602472 1.321E-24 1.987E+00.03330.070 2817.00140.750.000000 0 1 0   1  E"  0 0 0   1  E'  15 11  E" A1'  14 11  E" A1" 331110 1 1 1 0 0 0   248.0  232.0
571  872.760127 1.195E-23 3.189E+00.03380.070 2497.53110.750.000000 0 1 0   0  A2" 0 0 0   0  A1' 18  9  A2"A1'  17  9  A1"A1" 442110 1 1 2 0 0 0   296.0  280.0
571  872.806214 1.573E-27 6.775E-05.03330.070 1968.29560.750.000000 0 2 0   0  A1' 0 0 0   0  A1' 17 17  E" E"   17 14  E' E'  331110 1 1 1 0 0 0   140.0  140.0
571  873.036954 2.387E-24 1.163E+00.03600.070 2428.52690.750.000000 0 1 0   1  E"  0 0 0   1  E'  14 12  A1'E"   13 12  A1'E'  332110 1 1 2 0 0 0   116.0  108.0
571  873.129859 5.666E-28 4.399E-05.03330.070 2178.57100.750.000000 0 3 0   0  A2" 0 1 0   0  A2" 13 12  A2'A1"  14  9  A2"A1' 331110 1 1 1 0 0 0   216.0  232.0
571  873.148446 9.594E-28 1.387E-03.03330.070 2821.39100.750.000000 0 2 0   0  A1' 0 0 0   0  A1' 16  0  A1'A1'  17  3  A1"A1" 331110 1 1 1 0 0 0   264.0  280.0
571  873.229462 1.264E-25 3.480E-02.03330.070 2263.34300.750.000000 0 1 0   1  E"  0 2 0   0  A1' 11  5  E" E'   10  1  E" E"  331110 1 1 1 0 0 0    92.0   84.0
571  873.258624 6.438E-27 3.213E-06.03330.070  812.88120.750.000000 0 0 0   1  E'  0 1 0   0  A2"  5  0  A2'E'    5  4  E' E"  331110 1 1 1 0 0 0    44.0   44.0
571  873.339874 4.984E-26 4.354E-04.03330.070 1401.71810.750.000000 0 1 0   1  E"  0 2 0   0  A1'  5  2  E' E"    4  4  E' E'  331110 1 1 1 0 0 0    44.0   36.0
571  873.346786 1.338E-25 2.573E+00.03330.070 3211.12020.750.000000 0 1 0   1  E"  0 0 0   1  E'  16 10  E' E"   15 10  E' E'  331110 1 1 1 0 0 0   132.0  124.0
571  873.488726 3.840E-24 6.432E-01.03600.070 2194.00510.750.000000 0 1 0   1  E"  0 0 0   1  E'  13 12  A1'E"   12 12  A1'E'  332110 1 1 2 0 0 0   108.0  100.0
571  873.514751 2.060E-24 1.154E-01.03330.070 1968.59490.750.000000 0 0 0   1  E'  0 1 0   0  A2" 13  8  E' E'   12  4  E' E"  331110 1 1 1 0 0 0   108.0  100.0
571  873.619805 9.294E-26 4.067E+00.03330.070 3424.79680.750.000000 0 1 0   0  A2" 0 0 0   0  A1' 20  5  E" E'   19  5  E" E"  331110 1 1 1 0 0 0   164.0  156.0
571  874.121544 1.249E-22 5.796E+00.03330.070 1929.58560.750.000000 0 2 0   0  A1' 0 1 0   0  A2" 13  5  E" E"   12  5  E" E'  441110 1 1 1 0 0 0   108.0  100.0
571  874.153732 6.289E-28 1.727E-04.03330.070 2262.41870.750.000000 0 1 0   1  E"  0 0 0   1  E'  11  5  E" E'   11  9  A2"E"  331110 1 1 1 0 0 0    92.0   92.0
571  874.310625 1.301E-26 2.132E-04.03330.070 1699.66290.750.000000 0 2 0   0  A1' 0 0 0   0  A1' 12  5  E" E"   13  2  E' E'  331110 1 1 1 0 0 0   100.0  108.0
571  874.327722 1.880E-25 1.124E-04.03330.070  883.83880.750.000000 0 0 0   1  E'  0 1 0   0  A2"  6  3  A1"E"    6  5  E" E'  331110 1 1 1 0 0 0    52.0   52.0
571  874.572604 1.908E-26 1.674E-03.03330.070 2008.82630.750.000000 0 1 0   1  E"  0 2 0   0  A1' 10  6  A2'E"   10  8  E' E'  331110 1 1 1 0 0 0    84.0   84.0
571  874.617303 6.198E-28 5.152E-05.03330.070 2033.48640.750.000000 0 0 0   1  E'  0 1 0   0  A2" 12  1  E" E"   12  1  E" E'  331110 1 1 1 0 0 0   100.0  100.0
571  874.733773 2.044E-26 2.555E-05.03330.070 1134.09250.750.000000 0 2 0   0  A1' 0 0 0   0  A1' 10  8  E' E'   11  5  E" E"  331110 1 1 1 0 0 0    84.0   92.0
571  874.815647 7.207E-25 1.616E-02.03330.070 1658.78320.750.000000 0 1 0   1  E"  0 2 0   0  A1'  7  1  E" E'    6  1  E" E"  331110 1 1 1 0 0 0    60.0   52.0
571  875.065520 7.706E-25 4.512E-04.03330.070  879.31620.750.000000 0 0 0   1  E'  0 1 0   0  A2"  6  3  A2"E"    5  1  E" E'  331110 1 1 1 0 0 0    52.0   44.0
571  875.139109 4.420E-26 6.479E-04.03330.070 1762.38210.750.000000 0 1 0   1  E"  0 2 0   0  A1'  9  7  E" A1'   9  9  A1"A1" 331110 1 1 1 0 0 0   152.0  152.0
571  875.198077 7.532E-25 1.551E-01.03330.070 2202.74700.750.000000 0 1 0   1  E"  0 2 0   0  A1' 11  6  A2'E"   10  4  E' E'  331110 1 1 1 0 0 0    92.0   84.0
571  875.805016 8.777E-27 1.158E-03.03330.070 2092.09370.750.000000 0 1 0   1  E"  0 0 0   1  E'  10  4  E' E"    9  6  A1'E'  331110 1 1 1 0 0 0    84.0   76.0
571  875.888572 9.594E-25 3.549E+00.03330.070 2905.25180.750.000000 0 1 0   0  A2" 0 0 0   0  A1' 19  8  E' E"   18  8  E' E'  331110 1 1 1 0 0 0   156.0  148.0
571  875.949478 2.763E-27 7.170E-03.03330.070 2913.91100.750.000000 0 3 0   0  A2" 0 0 0   1  E'  14  3  A2"A1'  13  7  E" A1" 331110 1 1 1 0 0 0   232.0  216.0
571  876.003333 6.720E-23 8.603E+00.03330.070 2085.83870.750.000000 0 3 0   0  A2" 0 2 0   0  A1' 10  1  E" E'    9  1  E" E"  441110 1 1 1 0 0 0    84.0   76.0
571  876.145650 1.643E-28 1.509E-03.03330.070 3092.14590.750.000000 0 2 0   0  A1' 0 0 0   0  A1' 19 13  E" E"   19 10  E' E'  331110 1 1 1 0 0 0   156.0  156.0
571  876.228244 6.688E-28 6.921E-06.03330.070 1641.65470.750.000000 0 1 0   1  E"  0 2 0   0  A1'  7  2  E' A1"   7  6  A1'A1' 331110 1 1 1 0 0 0   120.0  120.0
571  876.237813 2.987E-22 4.878E+00.03760.070 1784.13360.750.000000 0 3 0   0  A2" 0 2 0   0  A1'  9  6  A2'A1"   8  6  A1'A1' 442110 1 1 2 0 0 0   152.0  136.0
571  876.289709 1.122E-27 1.478E-03.03330.070 2759.51590.750.000000 0 1 0   1  E"  0 2 0   0  A1' 13  4  E' A1"  13  6  A1'A1' 331110 1 1 1 0 0 0   216.0  216.0
571  876.490023 2.284E-25 3.975E+00.03280.070 3376.34260.750.000000 0 1 0   0  A2" 0 0 0   0  A1' 20  6  A2'A1"  19  6  A1'A1' 332110 1 1 2 0 0 0   328.0  312.0
571  876.785811 5.050E-22 3.834E+00.03330.070 1540.14530.750.000000 0 2 0   0  A1' 0 1 0   0  A2" 12  8  E' E'   11  8  E' E"  441110 1 1 1 0 0 0   100.0   92.0
571  876.788269 1.167E-28 1.517E-07.03330.070 1263.26140.750.000000 0 0 0   1  E'  0 1 0   0  A2"  9  5  E" A1"  10  9  A2"A1' 331110 1 1 1 0 0 0   152.0  168.0
571  876.804586 6.822E-23 8.248E+00.03330.070 2073.70170.750.000000 0 3 0   0  A2" 0 2 0   0  A1' 10  2  E' E"    9  2  E' E'  441110 1 1 1 0 0 0    84.0   76.0
571  876.818129 5.920E-23 6.854E+00.03390.070 2273.79960.750.000000 0 2 0   0  A1' 0 1 0   0  A2" 14  0  A1'A1'  13  0  A2'A1" 442110 1 1 2 0 0 0   232.0  216.0
571  876.826821 2.155E-26 4.458E+00.03250.070 3895.33150.750.000000 0 1 0   0  A2" 0 0 0   0  A1' 21  0  A2'A1"  20  0  A1'A1' 332110 1 1 2 0 0 0   344.0  328.0
571  877.044231 1.097E-26 4.449E+00.03330.070 3890.99440.750.000000 0 1 0   0  A2" 0 0 0   0  A1' 21  1  E" E'   20  1  E" E"  331110 1 1 1 0 0 0   172.0  164.0
571  877.117470 3.008E-23 6.827E+00.03330.070 2269.50060.750.000000 0 2 0   0  A1' 0 1 0   0  A2" 14  1  E" E"   13  1  E" E'  441110 1 1 1 0 0 0   116.0  108.0
571  877.232816 7.408E-27 2.617E-04.03330.070 1998.88310.750.000000 0 0 0   1  E'  0 1 0   0  A2" 12  1  E" A1"  12  3  A2"A1' 331110 1 1 1 0 0 0   200.0  200.0
571  877.368444 6.474E-28 7.300E-03.03330.070 3086.59340.750.000000 0 1 0   1  E"  0 2 0   0  A1' 15  8  E' E"   14  4  E' E'  331110 1 1 1 0 0 0   124.0  116.0
571  877.490789 5.925E-28 4.516E-02.03330.070 3546.99730.750.000000 0 0 0   1  E'  0 0 0   0  A1' 21 17  E" E"   22 16  E' E'  331110 1 1 1 0 0 0   172.0  180.0
571  877.651952 1.268E-28 1.751E-04.03330.070 2610.20500.750.000000 0 1 0   1  E"  0 2 0   0  A1' 12  0  A1'E"   12  4  E' E'  331110 1 1 1 0 0 0   100.0  100.0
571  877.657700 4.545E-26 1.945E-04.03330.070 1365.35450.750.000000 0 0 0   1  E'  0 1 0   0  A2"  9  2  E' E'    9  4  E' E"  331110 1 1 1 0 0 0    76.0   76.0
571  877.680384 9.234E-26 1.794E-02.03330.070 2349.29530.750.000000 0 3 0   0  A2" 0 0 0   1  E'  12  6  A2'A1"  11  8  E' A1' 331110 1 1 1 0 0 0   200.0  184.0
571  877.683821 2.927E-22 5.425E+00.03480.070 1881.83210.750.000000 0 2 0   0  A1' 0 1 0   0  A2" 13  6  A1'A1'  12  6  A2'A1" 442110 1 1 2 0 0 0   216.0  200.0
571  877.694921 4.976E-23 2.513E+00.03330.070 1998.84150.750.000000 0 1 0   0  A2" 0 0 0   0  A1' 17 11  E" E'   16 11  E" E"  441110 1 1 1 0 0 0   140.0  132.0
571  877.701472 1.161E-26 4.424E+00.03330.070 3877.97850.750.000000 0 1 0   0  A2" 0 0 0   0  A1' 21  2  E' E"   20  2  E' E'  331110 1 1 1 0 0 0   172.0  164.0
571  877.730746 5.126E-22 1.900E+00.03550.070 1591.96260.750.000000 0 1 0   0  A2" 0 0 0   0  A1' 16 12  A2'A1"  15 12  A1'A1' 442110 1 1 2 0 0 0   264.0  248.0
571  877.836961 2.555E-25 2.627E+00.03330.070 3222.83210.750.000000 0 1 0   1  E"  0 0 0   1  E'  16 10  E' A1"  15 10  E' A1' 331110 1 1 1 0 0 0   264.0  248.0
571  877.972623 1.648E-27 2.467E-04.03330.070 2264.60250.750.000000 0 0 0   0  A1' 0 0 0   0  A1' 21 16  E' E'   20 19  E" E"  331110 1 1 1 0 0 0   172.0  164.0
571  877.995269 7.944E-28 6.058E-04.03330.070 2532.17310.750.000000 0 2 0   0  A1' 0 0 0   0  A1' 15  1  E" E"   16  2  E' E'  331110 1 1 1 0 0 0   124.0  132.0
571  878.016666 1.844E-28 2.548E-02.03330.070 3811.69900.750.000000 0 1 0   1  E"  0 1 0   0  A2" 21 19  E" A1'  22 18  A2'A1" 331110 1 1 1 0 0 0   344.0  360.0
571  878.018233 3.157E-23 6.743E+00.03330.070 2256.59940.750.000000 0 2 0   0  A1' 0 1 0   0  A2" 14  2  E' E'   13  2  E' E"  441110 1 1 1 0 0 0   116.0  108.0
571  878.098015 9.151E-25 7.507E-04.03330.070  976.72800.750.000000 0 0 0   1  E'  0 1 0   0  A2"  7  4  E' E'    6  2  E' E"  331110 1 1 1 0 0 0    60.0   52.0
571  878.158015 5.092E-28 9.689E-05.03330.070 2166.37910.750.000000 0 1 0   1  E"  0 2 0   0  A1' 10  1  E" E'   10  5  E" E"  331110 1 1 1 0 0 0    84.0   84.0
571  878.356354 2.509E-27 2.015E-04.03330.070 2093.94780.750.000000 0 2 0   0  A1' 0 0 0   0  A1' 17 16  E' E'   17 13  E" E"  331110 1 1 1 0 0 0   140.0  140.0
571  878.537853 6.613E-28 4.650E-04.03330.070 2644.14300.750.000000 0 3 0   0  A2" 0 1 0   0  A2" 14  9  A2"A1'  15  6  A2'A1" 331110 1 1 1 0 0 0   232.0  248.0
571  878.686266 1.257E-28 1.368E-04.03330.070 2760.56550.750.000000 0 1 0   1  E"  0 0 0   1  E'  16 14  E' A1"  16 16  E' A1' 331110 1 1 1 0 0 0   264.0  264.0
571  878.809872 2.545E-26 4.382E+00.03290.070 3856.58700.750.000000 0 1 0   0  A2" 0 0 0   0  A1' 21  3  A2"A1'  20  3  A1"A1" 332110 1 1 2 0 0 0   344.0  328.0
571  878.812353 6.084E-25 2.010E+00.03330.070 2833.44320.750.000000 0 1 0   1  E"  0 0 0   1  E'  15 11  E" E'   14 11  E" E"  331110 1 1 1 0 0 0   124.0  116.0
571  878.818796 8.435E-24 2.998E+00.03330.070 2411.12940.750.000000 0 1 0   0  A2" 0 0 0   0  A1' 18 10  E' E"   17 10  E' E'  331110 1 1 1 0 0 0   148.0  140.0
571  878.850335 2.753E-26 1.626E-05.03330.070  879.31620.750.000000 0 0 0   1  E'  0 1 0   0  A2"  6  3  A1"E"    5  1  E" E'  331110 1 1 1 0 0 0    52.0   44.0
571  879.050338 4.491E-28 3.260E-04.03330.070 2477.28880.750.000000 0 3 0   0  A2" 0 2 0   0  A1' 12  1  E" E'   12  7  E" E"  331110 1 1 1 0 0 0   100.0  100.0
571  879.217068 9.745E-22 1.095E+00.03330.070 1190.31400.750.000000 0 1 0   0  A2" 0 0 0   0  A1' 15 13  E" E'   14 13  E" E"  441110 1 1 1 0 0 0   124.0  116.0
571  879.408509 1.368E-22 7.537E+00.03590.070 2053.47430.750.000000 0 3 0   0  A2" 0 2 0   0  A1' 10  3  A2"A1'   9  3  A1"A1" 442110 1 1 2 0 0 0   168.0  152.0
571  879.524016 6.842E-23 6.603E+00.03460.070 2235.10550.750.000000 0 2 0   0  A1' 0 1 0   0  A2" 14  3  A1"A1"  13  3  A2"A1' 442110 1 1 2 0 0 0   232.0  216.0
571  879.604481 8.497E-22 1.221E+00.03330.070 1179.35520.750.000000 0 2 0   0  A1' 0 1 0   0  A2" 11 10  E' E'   10 10  E' E"  441110 1 1 1 0 0 0    92.0   84.0
571  879.642746 2.086E-28 2.188E-02.03330.070 3569.37260.750.000000 0 0 0   2  A1' 0 0 0   1  E'  17 16  E' E'   18 15  A1"E"  331110 1 1 1 0 0 0   140.0  148.0
571  879.761796 7.996E-28 9.021E-04.03330.070 2648.31680.750.000000 0 2 0   0  A1' 0 0 0   0  A1' 18 14  E' E'   18 11  E" E"  331110 1 1 1 0 0 0   148.0  148.0
571  879.964578 1.836E-25 7.604E-02.03330.070 2361.49250.750.000000 0 1 0   1  E"  0 2 0   0  A1' 12  7  E" E'   11  5  E" E"  331110 1 1 1 0 0 0   100.0   92.0
571  879.974153 1.457E-25 3.866E+00.03330.070 3318.93230.750.000000 0 1 0   0  A2" 0 0 0   0  A1' 20  7  E" E'   19  7  E" E"  331110 1 1 1 0 0 0   164.0  156.0
571  880.021691 4.789E-26 1.271E-04.03330.070 1265.95030.750.000000 0 0 0   1  E'  0 1 0   0  A2"  9  5  E" E"    8  1  E" E'  331110 1 1 1 0 0 0    76.0   68.0
571  880.402985 1.453E-26 4.323E+00.03330.070 3825.82880.750.000000 0 1 0   0  A2" 0 0 0   0  A1' 21  4  E' E"   20  4  E' E'  331110 1 1 1 0 0 0   172.0  164.0
571  880.545027 8.860E-27 7.195E-02.03330.070 3017.64080.750.000000 0 3 0   0  A2" 0 0 0   1  E'  15  7  E" E'   14  9  A1"E"  331110 1 1 1 0 0 0   124.0  116.0
571  880.679554 1.185E-26 8.715E-06.03330.070  923.68130.750.000000 0 0 0   1  E'  0 1 0   0  A2"  6  0  A1'E'    6  4  E' E"  331110 1 1 1 0 0 0    52.0   52.0
571  880.776627 1.283E-28 1.041E-03.03330.070 3017.40920.750.000000 0 3 0   0  A2" 0 1 0   0  A2" 15  7  E" E'   16  4  E' E"  331110 1 1 1 0 0 0   124.0  132.0
571  880.875181 1.384E-22 3.535E+00.03330.070 1731.52050.750.000000 0 3 0   0  A2" 0 2 0   0  A1'  9  7  E" E'    8  7  E" E"  441110 1 1 1 0 0 0    76.0   68.0
571  880.914293 1.936E-24 1.185E-03.03330.070 1083.63440.750.000000 0 0 0   1  E'  0 1 0   0  A2"  8  5  E" A1"   7  3  A2"A1' 331110 1 1 1 0 0 0   136.0  120.0
571  880.918478 3.913E-25 2.302E+00.03330.070 3106.57980.750.000000 0 1 0   1  E"  0 0 0   1  E'  16 11  E" A1'  15 11  E" A1" 331110 1 1 1 0 0 0   264.0  248.0
571  880.960034 2.630E-24 3.396E+00.03360.070 2828.97360.750.000000 0 1 0   0  A2" 0 0 0   0  A1' 19  9  A2"A1'  18  9  A1"A1" 332110 1 1 2 0 0 0   312.0  296.0
571  881.056622 1.774E-25 1.748E-04.03330.070 1013.01180.750.000000 0 0 0   1  E'  0 1 0   0  A2"  7  3  A2"E"    7  5  E" E'  331110 1 1 1 0 0 0    60.0   60.0
571  881.241618 7.740E-23 7.464E+00.03330.070 2025.15240.750.000000 0 3 0   0  A2" 0 2 0   0  A1' 10  4  E' E"    9  4  E' E'  441110 1 1 1 0 0 0    84.0   76.0
571  881.492402 2.160E-24 1.178E+00.03600.070 2448.01390.750.000000 0 1 0   1  E"  0 0 0   1  E'  14 12  A2'E"   13 12  A2'E'  332110 1 1 2 0 0 0   116.0  108.0
571  881.496892 9.250E-25 1.615E+00.03560.070 2700.98430.750.000000 0 1 0   1  E"  0 0 0   1  E'  15 12  A2'E"   14 12  A1'E'  332110 1 1 2 0 0 0   124.0  116.0
571  881.660056 3.823E-23 6.404E+00.03330.070 2204.93340.750.000000 0 2 0   0  A1' 0 1 0   0  A2" 14  4  E' E'   13  4  E' E"  441110 1 1 1 0 0 0   116.0  108.0
571  881.970936 1.750E-22 4.974E+00.03330.070 1825.28950.750.000000 0 2 0   0  A1' 0 1 0   0  A2" 13  7  E" E"   12  7  E" E'  441110 1 1 1 0 0 0   108.0  100.0
571  882.064714 2.107E-27 1.540E-03.03330.070 2477.28880.750.000000 0 1 0   1  E"  0 2 0   0  A1' 12  5  E" E'   12  7  E" E"  331110 1 1 1 0 0 0   100.0  100.0
571  882.259041 5.581E-26 1.400E-04.03330.070 1396.04250.750.000000 0 0 0   1  E'  0 1 0   0  A2"  9  1  E" A1"   9  3  A2"A1' 331110 1 1 1 0 0 0   152.0  152.0
571  882.502435 1.720E-26 4.248E+00.03330.070 3786.63780.750.000000 0 1 0   0  A2" 0 0 0   0  A1' 21  5  E" E'   20  5  E" E"  331110 1 1 1 0 0 0   172.0  164.0
571  882.669838 1.454E-27 9.066E-04.03330.070 2644.14300.750.000000 0 0 0   1  E'  0 1 0   0  A2" 16 10  E' A1'  15  6  A2'A1" 331110 1 1 1 0 0 0   264.0  248.0
571  882.867644 1.157E-21 3.098E+00.03560.070 1465.53860.750.000000 0 2 0   0  A1' 0 1 0   0  A2" 12  9  A1"A1"  11  9  A2"A1' 442110 1 1 2 0 0 0   200.0  184.0
571  883.192528 4.696E-26 1.172E-04.03330.070 1433.91180.750.000000 0 2 0   0  A1' 0 0 0   0  A1' 11  6  A1'A1'  12  3  A1"A1" 331110 1 1 1 0 0 0   184.0  200.0
571  883.235758 3.319E-27 3.763E-02.03330.070 3142.57520.750.000000 0 0 0   1  E'  0 0 0   0  A1' 20 17  E" E"   21 16  E' E'  331110 1 1 1 0 0 0   164.0  172.0
571  883.525274 9.604E-25 1.863E-03.03330.070 1200.01560.750.000000 0 0 0   1  E'  0 1 0   0  A2"  9  6  A2'E'    8  4  E' E"  331110 1 1 1 0 0 0    76.0   68.0
571  883.590017 2.366E-27 4.980E-04.03330.070 2251.02760.750.000000 0 2 0   0  A1' 0 0 0   0  A1' 14  2  E' E'   15  1  E" E"  331110 1 1 1 0 0 0   116.0  124.0
571  883.646243 1.284E-26 2.965E-04.03330.070 1852.08320.750.000000 0 1 0   1  E"  0 0 0   1  E'   9  5  E" A1'   8  7  E" A1" 331110 1 1 1 0 0 0   152.0  136.0
571  883.699494 4.602E-28 1.046E-04.03330.070 2252.09780.750.000000 0 3 0   0  A2" 0 1 0   0  A2" 13 11  E" E'   14  8  E' E"  331110 1 1 1 0 0 0   108.0  116.0
571  883.784586 4.442E-27 4.642E-03.03330.070 2550.09010.750.000000 0 1 0   1  E"  0 0 0   1  E'  12  3  A1"E'   11  5  E" E"  331110 1 1 1 0 0 0   100.0   92.0
571  883.806731 2.459E-27 7.358E-05.03330.070 1801.94880.750.000000 0 0 0   1  E'  0 1 0   0  A2" 11  0  A2'E'   11  2  E' E"  331110 1 1 1 0 0 0    92.0   92.0
571  883.846688 2.368E-24 6.339E-01.03330.070 2300.36260.750.000000 0 1 0   1  E"  0 0 0   1  E'  14 13  E" E'   13 13  E" E"  331110 1 1 1 0 0 0   116.0  108.0
571  884.110696 1.929E-25 3.740E+00.03330.070 3252.49200.750.000000 0 1 0   0  A2" 0 0 0   0  A1' 20  8  E' E"   19  8  E' E'  331110 1 1 1 0 0 0   164.0  156.0
571  884.193856 8.314E-23 6.760E+00.03330.070 1988.73540.750.000000 0 3 0   0  A2" 0 2 0   0  A1' 10  5  E" E'    9  5  E" E"  441110 1 1 1 0 0 0    84.0   76.0
571  884.276722 9.196E-27 1.946E-03.03330.070 2204.15150.750.000000 0 1 0   1  E"  0 2 0   0  A1' 11  6  A1'E"   11  8  E' E'  331110 1 1 1 0 0 0    92.0   92.0
571  884.449691 4.405E-23 6.147E+00.03330.070 2166.11930.750.000000 0 2 0   0  A1' 0 1 0   0  A2" 14  5  E" E"   13  5  E" E'  441110 1 1 1 0 0 0   116.0  108.0
571  884.499450 1.064E-25 4.664E-02.03330.070 2529.67570.750.000000 0 1 0   1  E"  0 2 0   0  A1' 13  8  E' A1"  12  6  A1'A1' 331110 1 1 1 0 0 0   216.0  200.0
571  884.667246 5.116E-27 4.341E-03.03330.070 2665.27360.750.000000 0 3 0   0  A2" 0 0 0   1  E'  13  3  A2"A1'  12  7  E" A1" 331110 1 1 1 0 0 0   216.0  200.0
571  884.736222 9.301E-28 1.730E-05.03330.070 1784.13360.750.000000 0 1 0   1  E"  0 2 0   0  A1'  8  2  E' A1"   8  6  A1'A1' 331110 1 1 1 0 0 0   136.0  136.0
571  884.872151 4.097E-26 1.317E-03.03330.070 1940.19090.750.000000 0 1 0   1  E"  0 2 0   0  A1' 10  7  E" A1'  10  9  A1"A1" 331110 1 1 1 0 0 0   168.0  168.0
571  885.040289 9.021E-26 1.120E-03.03330.070 1780.23340.750.000000 0 0 0   1  E'  0 1 0   0  A2" 12  7  E" A1"  11  3  A2"A1' 331110 1 1 1 0 0 0   200.0  184.0
571  885.094669 2.177E-26 2.088E-04.03330.070 1548.65440.750.000000 0 0 0   1  E'  0 1 0   0  A2" 10  2  E' E'   10  4  E' E"  331110 1 1 1 0 0 0    84.0   84.0
571  885.148850 4.226E-26 4.158E+00.03250.070 3738.63880.750.000000 0 1 0   0  A2" 0 0 0   0  A1' 21  6  A2'A1"  20  6  A1'A1' 332110 1 1 2 0 0 0   344.0  328.0
571  885.175038 7.249E-28 1.555E-02.03330.070 3415.45660.750.000000 0 1 0   1  E"  0 1 0   0  A2" 20 19  E" A1'  21 18  A2'A1" 331110 1 1 1 0 0 0   328.0  344.0
571  885.294108 5.219E-27 1.106E-02.03330.070 2867.92800.750.000000 0 1 0   1  E"  0 2 0   0  A1' 14  7  E" A1'  13  3  A1"A1" 331110 1 1 1 0 0 0   232.0  216.0
571  885.518295 3.290E-28 1.368E-03.03330.070 3006.49890.750.000000 0 1 0   1  E"  0 2 0   0  A1' 14  4  E' A1"  14  6  A1'A1' 331110 1 1 1 0 0 0   232.0  232.0
571  885.700439 1.229E-23 2.780E+00.03330.070 2315.17210.750.000000 0 1 0   0  A2" 0 0 0   0  A1' 18 11  E" E'   17 11  E" E"  441110 1 1 1 0 0 0   148.0  140.0
571  885.762073 1.459E-22 2.233E+00.03490.070 1892.18450.750.000000 0 1 0   0  A2" 0 0 0   0  A1' 17 12  A2'A1"  16 12  A1'A1' 442110 1 1 2 0 0 0   280.0  264.0
571  885.912211 3.846E-25 2.920E-02.03330.070 2135.11880.750.000000 0 3 0   0  A2" 0 0 0   1  E'  11  6  A2'A1"  10  8  E' A1' 331110 1 1 1 0 0 0   184.0  168.0
571  885.938541 9.412E-25 3.062E-03.03330.070 1325.85440.750.000000 0 0 0   1  E'  0 1 0   0  A2" 10  7  E" E"    9  5  E" E'  331110 1 1 1 0 0 0    84.0   76.0
571  886.112733 4.315E-28 9.018E-03.03330.070 3222.42240.750.000000 0 0 0   2  A1' 0 0 0   1  E'  16 16  E' E'   17 15  A1"E"  331110 1 1 1 0 0 0   132.0  140.0
571  886.353969 9.973E-23 1.921E+00.03330.070 1670.86580.750.000000 0 3 0   0  A2" 0 2 0   0  A1'  9  8  E' E"    8  8  E' E'  441110 1 1 1 0 0 0    76.0   68.0
571  886.403911 5.359E-27 3.842E-04.03330.070 2209.50460.750.000000 0 2 0   0  A1' 0 0 0   0  A1' 17 15  A1"A1"  17 12  A1'A1' 331110 1 1 1 0 0 0   280.0  280.0
571  886.563870 1.832E-25 2.345E+00.03330.070 3121.48970.750.000000 0 1 0   1  E"  0 0 0   1  E'  16 11  E" E'   15 11  E" E"  331110 1 1 1 0 0 0   132.0  124.0
571  886.782602 1.868E-24 3.222E+00.03330.070 2743.37120.750.000000 0 1 0   0  A2" 0 0 0   0  A1' 19 10  E' E"   18 10  E' E'  331110 1 1 1 0 0 0   156.0  148.0
571  886.840954 1.881E-27 4.648E+00.03330.070 4267.77290.750.000000 0 1 0   0  A2" 0 0 0   0  A1' 22  1  E" E'   21  1  E" E"  331110 1 1 1 0 0 0   180.0  172.0
571  886.903547 2.051E-22 4.290E+00.03330.070 1759.90630.750.000000 0 2 0   0  A1' 0 1 0   0  A2" 13  8  E' E'   12  8  E' E"  441110 1 1 1 0 0 0   108.0  100.0
571  887.121082 6.234E-23 9.024E+00.03450.070 2267.38200.750.000000 0 3 0   0  A2" 0 2 0   0  A1' 11  0  A2'A1"  10  0  A1'A1' 442110 1 1 2 0 0 0   184.0  168.0
571  887.198192 3.583E-22 1.530E+00.03330.070 1474.22390.750.000000 0 1 0   0  A2" 0 0 0   0  A1' 16 13  E" E'   15 13  E" E"  441110 1 1 1 0 0 0   132.0  124.0
571  887.314580 9.513E-24 7.076E+00.03330.070 2522.85380.750.000000 0 2 0   0  A1' 0 1 0   0  A2" 15  1  E" E"   14  1  E" E'  331110 1 1 1 0 0 0   124.0  116.0
571  887.409936 1.989E-27 4.622E+00.03330.070 4254.88190.750.000000 0 1 0   0  A2" 0 0 0   0  A1' 22  2  E' E"   21  2  E' E'  331110 1 1 1 0 0 0   180.0  172.0
571  887.567278 3.157E-23 8.970E+00.03330.070 2263.34300.750.000000 0 3 0   0  A2" 0 2 0   0  A1' 11  1  E" E'   10  1  E" E"  441110 1 1 1 0 0 0    92.0   84.0
571  887.643315 1.317E-26 2.652E-06.03330.070  874.73880.750.000000 0 2 0   0  A1' 0 0 0   0  A1'  9  9  A1"A1"  10  6  A1'A1' 331110 1 1 1 0 0 0   152.0  168.0
571  887.833181 7.559E-28 7.523E-04.03330.070 2659.16410.750.000000 0 0 0   0  A1' 0 0 0   0  A1' 22 16  E' E'   21 19  E" E"  331110 1 1 1 0 0 0   180.0  172.0
571  887.842313 1.758E-22 5.806E+00.03580.070 1944.30570.750.000000 0 3 0   0  A2" 0 2 0   0  A1' 10  6  A2'A1"   9  6  A1'A1' 442110 1 1 2 0 0 0   168.0  152.0
571  887.886728 1.605E-25 5.835E-05.03330.070  699.72320.750.000000 0 0 0   1  E'  0 1 0   0  A2"  4  0  A1'E'    3  2  E' E"  331110 1 1 1 0 0 0    36.0   28.0
571  887.894683 1.044E-22 5.826E+00.03430.070 2118.60420.750.000000 0 2 0   0  A1' 0 1 0   0  A2" 14  6  A1'A1'  13  6  A2'A1" 442110 1 1 2 0 0 0   232.0  216.0
571  887.899209 1.031E-24 6.879E-02.03330.070 1925.86020.750.000000 0 1 0   1  E"  0 2 0   0  A1'  9  3  A1"E'    8  1  E" E"  331110 1 1 1 0 0 0    76.0   68.0
571  888.165153 1.979E-24 5.702E-03.03330.070 1461.13010.750.000000 0 0 0   1  E'  0 1 0   0  A2" 11  8  E' A1'  10  6  A2'A1" 331110 1 1 1 0 0 0   184.0  168.0
571  888.183955 1.000E-23 7.002E+00.03330.070 2510.02130.750.000000 0 2 0   0  A1' 0 1 0   0  A2" 15  2  E' E'   14  2  E' E"  441110 1 1 1 0 0 0   124.0  116.0
571  888.332489 1.264E-25 2.285E-04.03330.070 1160.38500.750.000000 0 0 0   1  E'  0 1 0   0  A2"  8  3  A1"E"    8  5  E" E'  331110 1 1 1 0 0 0    68.0   68.0
571  888.373033 4.374E-27 4.578E+00.03280.070 4232.96800.750.000000 0 1 0   0  A2" 0 0 0   0  A1' 22  3  A2"A1'  21  3  A1"A1" 332110 1 1 2 0 0 0   360.0  344.0
571  888.383706 2.695E-26 4.052E+00.03330.070 3681.77460.750.000000 0 1 0   0  A2" 0 0 0   0  A1' 21  7  E" E'   20  7  E" E"  331110 1 1 1 0 0 0   172.0  164.0
571  888.408318 3.272E-23 8.780E+00.03330.070 2251.22500.750.000000 0 3 0   0  A2" 0 2 0   0  A1' 11  2  E' E"   10  2  E' E'  441110 1 1 1 0 0 0    92.0   84.0
571  888.718640 9.934E-29 5.555E-02.03330.070 4103.91080.750.000000 0 0 0   1  E'  0 0 0   0  A1' 22 16  E' A1'  23 15  A1"A1" 331110 1 1 1 0 0 0   360.0  376.0
571  888.776087 6.281E-27 1.995E-03.03330.070 2285.65850.750.000000 0 1 0   1  E"  0 0 0   1  E'  11  4  E' E"   10  6  A2'E'  331110 1 1 1 0 0 0    92.0   84.0
571  888.779401 2.756E-25 6.707E-05.03330.070  835.07790.750.000000 0 0 0   1  E'  0 1 0   0  A2"  6  4  E' A1'   6  6  A2'A1" 331110 1 1 1 0 0 0   104.0  104.0
571  888.836070 2.481E-25 1.659E-02.03330.070 1925.86020.750.000000 0 1 0   1  E"  0 2 0   0  A1'  9  3  A2"E'    8  1  E" E"  331110 1 1 1 0 0 0    76.0   68.0
571  888.839578 1.713E-26 3.349E-02.03330.070 2707.26050.750.000000 0 1 0   1  E"  0 2 0   0  A1' 14  9  A1"E'   13  7  E" E"  331110 1 1 1 0 0 0   116.0  108.0
571  888.899706 1.529E-26 2.790E-02.03330.070 2753.94300.750.000000 0 0 0   1  E'  0 0 0   0  A1' 19 17  E" E"   20 16  E' E'  331110 1 1 1 0 0 0   156.0  164.0
571  888.940112 5.303E-25 3.597E+00.03350.070 3176.93150.750.000000 0 1 0   0  A2" 0 0 0   0  A1' 20  9  A2"A1'  19  9  A1"A1" 332110 1 1 2 0 0 0   328.0  312.0
571  889.044113 1.037E-25 2.604E+00.03330.070 3413.63930.750.000000 0 1 0   1  E"  0 0 0   1  E'  17 11  E" A1'  16 11  E" A1" 331110 1 1 1 0 0 0   280.0  264.0
571  889.129216 8.380E-25 1.631E+00.03560.070 2719.88880.750.000000 0 1 0   1  E"  0 0 0   1  E'  15 12  A1'E"   14 12  A2'E'  332110 1 1 2 0 0 0   124.0  116.0
571  889.246411 3.615E-25 2.451E-03.03330.070 1519.33950.750.000000 0 1 0   1  E"  0 2 0   0  A1'  6  1  E" A1'   5  3  A1"A1" 331110 1 1 1 0 0 0   104.0   88.0
571  889.291843 2.080E-28 5.207E-05.03330.070 2269.50060.750.000000 0 0 0   1  E'  0 1 0   0  A2" 13  1  E" E"   13  1  E" E'  331110 1 1 1 0 0 0   108.0  108.0
571  889.420738 1.409E-26 1.714E-05.03330.070 1052.75630.750.000000 0 0 0   1  E'  0 1 0   0  A2"  7  0  A2'E'    7  4  E' E"  331110 1 1 1 0 0 0    60.0   60.0
571  889.526407 6.547E-23 7.984E+00.03530.070 2231.03170.750.000000 0 3 0   0  A2" 0 2 0   0  A1' 11  3  A2"A1'  10  3  A1"A1" 442110 1 1 2 0 0 0   184.0  168.0
571  889.619850 2.928E-25 2.006E+00.03550.070 2991.39810.750.000000 0 1 0   1  E"  0 0 0   1  E'  16 12  A2'E"   15 12  A1'E'  332110 1 1 2 0 0 0   132.0  124.0
571  889.646610 2.174E-23 6.879E+00.03430.070 2488.58750.750.000000 0 2 0   0  A1' 0 1 0   0  A2" 15  3  A1"A1"  14  3  A2"A1' 442110 1 1 2 0 0 0   248.0  232.0
571  889.771982 2.487E-27 4.519E+00.03330.070 4203.23030.750.000000 0 1 0   0  A2" 0 0 0   0  A1' 22  4  E' E"   21  4  E' E'  331110 1 1 1 0 0 0   180.0  172.0
571  889.809752 2.507E-26 7.620E-04.03330.070 1978.11830.750.000000 0 2 0   0  A1' 0 0 0   0  A1' 13  3  A1"A1"  14  0  A1'A1' 331110 1 1 1 0 0 0   216.0  232.0
571  889.916472 6.147E-22 2.226E+00.03330.070 1381.94580.750.000000 0 2 0   0  A1' 0 1 0   0  A2" 12 10  E' E'   11 10  E' E"  441110 1 1 1 0 0 0   100.0   92.0
571  889.919657 1.034E-24 1.296E+00.03330.070 2567.64060.750.000000 0 2 0   1  E'  0 1 0   1  E"  11 10  E' E'   10 10  E' E"  331110 1 1 1 0 0 0    92.0   84.0
571  890.221219 1.371E-24 1.475E-02.03330.070 1605.82150.750.000000 0 0 0   1  E'  0 1 0   0  A2" 12  9  A2"E"   11  7  E" E'  331110 1 1 1 0 0 0   100.0   92.0
571  890.293080 2.387E-28 1.707E-03.03330.070 3176.93150.750.000000 0 2 0   0  A1' 0 0 0   0  A1' 19 12  A1'A1'  19  9  A1"A1" 331110 1 1 1 0 0 0   312.0  312.0
571  890.417652 9.653E-22 5.932E-01.03330.070 1061.07000.750.000000 0 1 0   0  A2" 0 0 0   0  A1' 15 14  E' E"   14 14  E' E'  441110 1 1 1 0 0 0   124.0  116.0
571  890.482542 2.436E-28 1.123E-04.03330.070 2361.49250.750.000000 0 1 0   1  E"  0 2 0   0  A1' 11  1  E" E'   11  5  E" E"  331110 1 1 1 0 0 0    92.0   92.0
571  891.352674 8.501E-28 1.795E-03.03330.070 2707.26050.750.000000 0 1 0   1  E"  0 2 0   0  A1' 13  5  E" E'   13  7  E" E"  331110 1 1 1 0 0 0   108.0  108.0
571  891.552634 2.391E-26 1.027E-05.03330.070  773.68380.750.000000 0 0 0   1  E'  0 1 0   0  A2"  5  2  E' E'    4  2  E' E"  331110 1 1 1 0 0 0    44.0   36.0
571  891.631389 2.941E-27 4.443E+00.03330.070 4164.41810.750.000000 0 1 0   0  A2" 0 0 0   0  A1' 22  5  E" E'   21  5  E" E"  331110 1 1 1 0 0 0   180.0  172.0
571  891.701483 1.220E-23 6.703E+00.03330.070 2458.63180.750.000000 0 2 0   0  A1' 0 1 0   0  A2" 15  4  E' E'   14  4  E' E"  441110 1 1 1 0 0 0   124.0  116.0
571  891.771918 1.213E-24 1.168E+00.03330.070 2573.97530.750.000000 0 1 0   1  E"  0 0 0   1  E'  15 13  E" E'   14 13  E" E"  331110 1 1 1 0 0 0   124.0  116.0
571  891.845614 1.597E-27 1.453E-05.03330.070 1401.71810.750.000000 0 1 0   1  E"  0 2 0   0  A1'  5  0  A2'E"    4  4  E' E'  331110 1 1 1 0 0 0    44.0   36.0
571  892.044087 6.345E-23 5.435E+00.03330.070 2062.34270.750.000000 0 2 0   0  A1' 0 1 0   0  A2" 14  7  E" E"   13  7  E" E'  441110 1 1 1 0 0 0   116.0  108.0
571  892.168147 1.793E-25 1.364E-04.03330.070 1123.28760.750.000000 0 0 0   1  E'  0 1 0   0  A2"  8  4  E' A1'   7  0  A2'A1" 331110 1 1 1 0 0 0   136.0  120.0
571  892.205407 7.309E-24 1.547E-01.03330.070 1759.90630.750.000000 0 0 0   1  E'  0 1 0   0  A2" 13 10  E' E'   12  8  E' E"  331110 1 1 1 0 0 0   108.0  100.0
571  892.225594 6.218E-28 1.144E-03.03330.070 2743.37120.750.000000 0 2 0   0  A1' 0 0 0   0  A1' 18 13  E" E"   18 10  E' E'  331110 1 1 1 0 0 0   148.0  148.0
571  892.251387 3.571E-26 3.931E+00.03330.070 3615.97070.750.000000 0 1 0   0  A2" 0 0 0   0  A1' 21  8  E' E"   20  8  E' E'  331110 1 1 1 0 0 0   172.0  164.0
571  892.394394 9.217E-23 4.760E+00.03330.070 1891.67570.750.000000 0 3 0   0  A2" 0 2 0   0  A1' 10  7  E" E'    9  7  E" E"  441110 1 1 1 0 0 0    84.0   76.0
571  892.449028 3.158E-26 9.588E-03.03330.070 2434.52260.750.000000 0 3 0   0  A2" 0 0 0   1  E'  12  3  A2"A1'  11  7  E" A1" 331110 1 1 1 0 0 0   200.0  184.0
571  892.518817 1.830E-24 5.967E-02.03330.070 1939.62920.750.000000 0 3 0   0  A2" 0 0 0   1  E'  10  6  A2'A1"   9  8  E' A1' 331110 1 1 1 0 0 0   168.0  152.0
571  892.601356 4.370E-25 2.007E-04.03330.070  786.98330.750.000000 0 0 0   1  E'  0 1 0   0  A2"  5  1  E" E"    4  1  E" E'  331110 1 1 1 0 0 0    44.0   36.0
571  892.819223 3.692E-23 7.904E+00.03330.070 2202.74700.750.000000 0 3 0   0  A2" 0 2 0   0  A1' 11  4  E' E"   10  4  E' E'  441110 1 1 1 0 0 0    92.0   84.0
571  892.914250 9.254E-27 2.192E-04.03330.070 1749.78290.750.000000 0 0 0   1  E'  0 1 0   0  A2" 11  2  E' E'   11  4  E' E"  331110 1 1 1 0 0 0    92.0   92.0
571  892.935827 1.738E-27 6.282E-03.03330.070 3035.35260.750.000000 0 1 0   1  E"  0 1 0   0  A2" 19 19  E" A1'  20 18  A2'A1" 331110 1 1 1 0 0 0   312.0  328.0
571  892.974646 2.627E-26 4.392E-02.03330.070 2658.48380.750.000000 0 1 0   1  E"  0 2 0   0  A1' 13  6  A2'E"   12  2  E' E'  331110 1 1 1 0 0 0   108.0  100.0
571  892.989875 5.160E-22 3.811E+00.03530.070 1685.62530.750.000000 0 2 0   0  A1' 0 1 0   0  A2" 13  9  A1"A1"  12  9  A2"A1' 442110 1 1 2 0 0 0   216.0  200.0
571  893.006951 6.281E-27 2.877E-02.03330.070 2894.20820.750.000000 0 1 0   1  E"  0 2 0   0  A1' 15 10  E' E"   14  8  E' E'  331110 1 1 1 0 0 0   124.0  116.0
571  893.193002 3.012E-26 4.811E-05.03330.070 1176.23860.750.000000 0 2 0   0  A1' 0 0 0   0  A1' 10  7  E" E"   11  4  E' E'  331110 1 1 1 0 0 0    84.0   92.0
571  893.394795 1.820E-24 8.322E-01.03330.070 2420.02640.750.000000 0 0 0   1  E'  0 1 0   0  A2" 15  9  A1"E"   14  5  E" E'  331110 1 1 1 0 0 0   124.0  116.0
571  893.402334 2.744E-24 3.026E+00.03330.070 2648.31680.750.000000 0 1 0   0  A2" 0 0 0   0  A1' 19 11  E" E'   18 11  E" E"  331110 1 1 1 0 0 0   156.0  148.0
571  893.466680 3.677E-23 2.532E+00.03480.070 2209.50460.750.000000 0 1 0   0  A2" 0 0 0   0  A1' 18 12  A2'A1"  17 12  A1'A1' 442110 1 1 2 0 0 0   296.0  280.0
571  893.563427 1.552E-26 7.009E-04.03330.070 1863.56490.750.000000 0 1 0   1  E"  0 2 0   0  A1' 10  8  E' E"   10 10  E' E'  331110 1 1 1 0 0 0    84.0   84.0
571  893.637119 1.162E-26 2.796E-02.03330.070 2747.75820.750.000000 0 3 0   0  A2" 0 0 0   1  E'  14  7  E" E'   13  9  A1"E"  331110 1 1 1 0 0 0   116.0  108.0
571  893.640434 1.706E-24 3.730E-02.03330.070 1923.36100.750.000000 0 0 0   1  E'  0 1 0   0  A2" 14 11  E" A1"  13  9  A2"A1' 331110 1 1 1 0 0 0   232.0  216.0
571  893.903687 4.250E-24 6.449E-01.03330.070 2321.71670.750.000000 0 1 0   1  E"  0 0 0   1  E'  14 13  E" A1'  13 13  E" A1" 331110 1 1 1 0 0 0   232.0  216.0
571  893.999733 7.221E-27 4.352E+00.03230.070 4116.88700.750.000000 0 1 0   0  A2" 0 0 0   0  A1' 22  6  A2'A1"  21  6  A1'A1' 332110 1 1 2 0 0 0   360.0  344.0
571  894.196990 1.384E-24 1.738E-01.03330.070 2073.70170.750.000000 0 1 0   1  E"  0 2 0   0  A1' 10  4  E' E"    9  2  E' E'  331110 1 1 1 0 0 0    84.0   76.0
571  894.260899 3.689E-27 2.064E-03.03330.070 2416.93110.750.000000 0 1 0   1  E"  0 2 0   0  A1' 12  6  A1'E"   12  8  E' E'  331110 1 1 1 0 0 0   100.0  100.0
571  894.339688 8.756E-28 2.993E-04.03330.070 2488.58750.750.000000 0 0 0   1  E'  0 1 0   0  A2" 14  1  E" A1"  14  3  A2"A1' 331110 1 1 1 0 0 0   232.0  232.0
571  894.482585 2.805E-25 6.191E-03.03330.070 1646.61270.750.000000 0 1 0   1  E"  0 2 0   0  A1'  7  0  A2'E"    6  2  E' E'  331110 1 1 1 0 0 0    60.0   52.0
571  894.504238 3.779E-25 3.436E+00.03330.070 3092.14590.750.000000 0 1 0   0  A2" 0 0 0   0  A1' 20 10  E' E"   19 10  E' E'  331110 1 1 1 0 0 0   164.0  156.0
571  894.518380 5.365E-26 1.708E-02.03330.070 2381.39520.750.000000 0 0 0   1  E'  0 0 0   0  A1' 18 17  E" E"   19 16  E' E'  331110 1 1 1 0 0 0   148.0  156.0
571  894.537734 3.543E-28 6.485E-04.03330.070 2691.13080.750.000000 0 3 0   0  A2" 0 1 0   0  A2" 14  8  E' E"   15  5  E" E'  331110 1 1 1 0 0 0   116.0  124.0
571  894.539249 1.232E-23 5.645E+00.03330.070 2420.02640.750.000000 0 2 0   0  A1' 0 1 0   0  A2" 15  5  E" E"   14  5  E" E'  441110 1 1 1 0 0 0   124.0  116.0
571  894.760031 8.236E-28 3.051E-05.03330.070 1944.30570.750.000000 0 1 0   1  E"  0 2 0   0  A1'  9  2  E' A1"   9  6  A1'A1' 331110 1 1 1 0 0 0   152.0  152.0
571  894.849623 1.079E-22 1.911E+00.03330.070 1775.52150.750.000000 0 1 0   0  A2" 0 0 0   0  A1' 17 13  E" E'   16 13  E" E"  441110 1 1 1 0 0 0   140.0  132.0
571  895.048527 2.344E-26 1.818E-03.03330.070 2135.56290.750.000000 0 1 0   1  E"  0 2 0   0  A1' 11  7  E" A1'  11  9  A1"A1" 331110 1 1 1 0 0 0   184.0  184.0
571  895.237062 3.811E-26 3.625E-03.03330.070 2096.16100.750.000000 0 0 0   1  E'  0 1 0   0  A2" 15 12  A1'E'   14 10  E' E"  331110 1 1 1 0 0 0   124.0  116.0
571  895.375447 6.884E-28 5.353E-02.03330.070 3685.62220.750.000000 0 0 0   1  E'  0 0 0   0  A1' 21 16  E' A1'  22 15  A1"A1" 331110 1 1 1 0 0 0   344.0  360.0
571  895.488664 2.875E-28 3.484E-02.03330.070 3591.89780.750.000000 0 0 0   2  E'  0 0 0   1  E'  17 16  E' E'   18 15  A2"E"  331110 1 1 1 0 0 0   140.0  148.0
571  895.513532 1.212E-25 4.335E-03.03330.070 1771.32410.750.000000 0 1 0   1  E"  0 2 0   0  A1'  8  2  E' E"    7  2  E' E'  331110 1 1 1 0 0 0    68.0   60.0
571  895.519387 4.119E-23 7.433E+00.03330.070 2166.37910.750.000000 0 3 0   0  A2" 0 2 0   0  A1' 11  5  E" E'   10  5  E" E"  441110 1 1 1 0 0 0    92.0   84.0
571  895.862412 3.850E-25 1.546E-04.03330.070  964.36820.750.000000 0 0 0   1  E'  0 1 0   0  A2"  7  4  E' A1'   7  6  A2'A1" 331110 1 1 1 0 0 0   120.0  120.0
571  895.872273 1.076E-26 5.427E-04.03330.070 2027.67690.750.000000 0 1 0   1  E"  0 0 0   1  E'  10  5  E" A1'   9  7  E" A1" 331110 1 1 1 0 0 0   168.0  152.0
571  896.059494 7.359E-26 2.706E-04.03330.070 1325.85440.750.000000 0 0 0   1  E'  0 1 0   0  A2"  9  3  A1"E"    9  5  E" E'  331110 1 1 1 0 0 0    76.0   76.0
571  896.157548 6.166E-28 1.972E-04.03330.070 2316.80930.750.000000 0 3 0   0  A2" 0 1 0   0  A2" 13 10  E' E"   14  7  E" E'  331110 1 1 1 0 0 0   108.0  116.0
571  896.430740 2.663E-25 2.020E+00.03550.070 3009.32990.750.000000 0 1 0   1  E"  0 0 0   1  E'  16 12  A1'E"   15 12  A2'E'  332110 1 1 2 0 0 0   132.0  124.0
571  896.475159 1.017E-25 1.220E-03.03330.070 1490.94170.750.000000 0 1 0   1  E"  0 2 0   0  A1'  6  2  E' E"    5  4  E' E'  331110 1 1 1 0 0 0    52.0   44.0
571  896.508634 3.268E-26 3.785E-04.03330.070 1601.03990.750.000000 0 0 0   1  E'  0 1 0   0  A2" 11  6  A1'E'   10  2  E' E"  331110 1 1 1 0 0 0    92.0   84.0
571  896.512471 2.433E-27 5.958E-04.03330.070 2315.17210.750.000000 0 2 0   0  A1' 0 0 0   0  A1' 17 14  E' E'   17 11  E" E"  331110 1 1 1 0 0 0   140.0  140.0
571  896.639285 3.011E-27 6.539E-04.03330.070 2278.28070.750.000000 0 0 0   1  E'  0 1 0   0  A2" 16 13  E" E"   15 11  E" E'  331110 1 1 1 0 0 0   132.0  124.0
571  896.743363 1.438E-26 2.648E-04.03330.070 1713.46160.750.000000 0 2 0   0  A1' 0 0 0   0  A1' 12  4  E' E'   13  1  E" E"  331110 1 1 1 0 0 0   100.0  108.0
571  896.796857 9.822E-26 3.795E+00.03330.070 3541.14220.750.000000 0 1 0   0  A2" 0 0 0   0  A1' 21  9  A2"A1'  20  9  A1"A1" 331110 1 1 1 0 0 0   344.0  328.0
571  896.890885 5.876E-26 7.972E-02.03330.070 2797.62870.750.000000 0 0 0   1  E'  0 1 0   0  A2" 16  8  E' A1'  15  0  A2'A1" 331110 1 1 1 0 0 0   264.0  248.0
571  896.910768 5.355E-24 7.266E+00.03350.070 2797.62870.750.000000 0 2 0   0  A1' 0 1 0   0  A2" 16  0  A1'A1'  15  0  A2'A1" 332110 1 1 2 0 0 0   264.0  248.0
571  896.926606 7.867E-23 4.964E+00.03330.070 1997.28160.750.000000 0 2 0   0  A1' 0 1 0   0  A2" 14  8  E' E'   13  8  E' E"  441110 1 1 1 0 0 0   116.0  108.0
571  896.926910 4.604E-27 4.247E+00.03330.070 4060.57650.750.000000 0 1 0   0  A2" 0 0 0   0  A1' 22  7  E" E'   21  7  E" E"  331110 1 1 1 0 0 0   180.0  172.0
571  897.027485 6.298E-27 3.549E-02.03330.070 3090.47080.750.000000 0 1 0   1  E"  0 2 0   0  A1' 16 11  E" A1'  15  9  A1"A1" 331110 1 1 1 0 0 0   264.0  248.0
571  897.071637 7.243E-26 2.129E+00.03490.070 3299.85330.750.000000 0 1 0   1  E"  0 0 0   1  E'  17 12  A1'E"   16 12  A1'E'  332110 1 1 2 0 0 0   140.0  132.0
571  897.108827 3.349E-26 5.172E-04.03330.070 1763.26260.750.000000 0 3 0   0  A2" 0 0 0   1  E'   9  6  A2'A1"   8  8  E' A1' 331110 1 1 1 0 0 0   152.0  136.0
571  897.110961 2.653E-24 8.330E-04.03330.070  883.74030.750.000000 0 0 0   1  E'  0 1 0   0  A2"  6  2  E' A1'   5  0  A2'A1" 331110 1 1 1 0 0 0   104.0   88.0
571  897.188126 2.754E-24 7.323E+00.03330.070 2793.37640.750.000000 0 2 0   0  A1' 0 1 0   0  A2" 16  1  E" E"   15  1  E" E'  331110 1 1 1 0 0 0   132.0  124.0
571  897.217476 3.231E-27 6.101E-05.03330.070 1775.52150.750.000000 0 2 0   0  A1' 0 0 0   0  A1' 16 16  E' E'   16 13  E" E"  331110 1 1 1 0 0 0   132.0  132.0
571  897.377495 2.496E-28 1.785E-03.03330.070 3069.53620.750.000000 0 0 0   0  A1' 0 0 0   0  A1' 23 16  E' E'   22 19  E" E"  331110 1 1 1 0 0 0   188.0  180.0
571  897.699820 1.713E-27 5.207E-03.03330.070 2779.30470.750.000000 0 1 0   1  E"  0 0 0   1  E'  13  3  A2"E'   12  5  E" E"  331110 1 1 1 0 0 0   108.0  100.0
571  897.718023 8.824E-23 3.433E+00.03330.070 1831.03830.750.000000 0 3 0   0  A2" 0 2 0   0  A1' 10  8  E' E"    9  8  E' E'  441110 1 1 1 0 0 0    84.0   76.0
571  897.721606 3.376E-23 6.194E+00.03400.070 2372.76750.750.000000 0 2 0   0  A1' 0 1 0   0  A2" 15  6  A1'A1'  14  6  A2'A1" 442110 1 1 2 0 0 0   248.0  232.0
571  897.781090 3.159E-28 4.846E+00.03330.070 4647.43420.750.000000 0 1 0   0  A2" 0 0 0   0  A1' 23  2  E' E"   22  2  E' E'  331110 1 1 1 0 0 0   188.0  180.0
571  897.890129 2.848E-28 7.414E-05.03330.070 2469.69330.750.000000 0 0 0   1  E'  0 1 0   0  A2" 17 14  E' A1'  16 12  A2'A1" 331110 1 1 1 0 0 0   280.0  264.0
571  897.897689 4.692E-22 1.101E+00.03330.070 1346.14020.750.000000 0 1 0   0  A2" 0 0 0   0  A1' 16 14  E' E"   15 14  E' E'  441110 1 1 1 0 0 0   132.0  124.0
571  898.011110 5.118E-22 1.202E+00.03330.070 1289.31370.750.000000 0 2 0   0  A1' 0 1 0   0  A2" 12 11  E" E"   11 11  E" E'  441110 1 1 1 0 0 0   100.0   92.0
571  898.023629 2.898E-24 7.257E+00.03330.070 2780.61580.750.000000 0 2 0   0  A1' 0 1 0   0  A2" 16  2  E' E'   15  2  E' E"  331110 1 1 1 0 0 0   132.0  124.0
571  898.055613 8.687E-28 7.137E-05.03330.070 2020.52050.750.000000 0 0 0   1  E'  0 1 0   0  A2" 12  0  A1'E'   12  2  E' E"  331110 1 1 1 0 0 0   100.0  100.0
571  898.057646 1.117E-23 7.704E+00.03330.070 2458.28150.750.000000 0 3 0   0  A2" 0 2 0   0  A1' 12  1  E" E'   11  1  E" E"  441110 1 1 1 0 0 0   100.0   92.0
571  898.081805 2.408E-28 1.172E-03.03330.070 3046.98270.750.000000 0 3 0   0  A2" 0 1 0   0  A2" 15  6  A2'A1"  16  3  A2"A1' 331110 1 1 1 0 0 0   248.0  264.0
571  898.586760 6.913E-28 4.801E+00.03270.070 4626.63990.750.000000 0 1 0   0  A2" 0 0 0   0  A1' 23  3  A2"A1'  22  3  A1"A1" 332110 1 1 2 0 0 0   376.0  360.0
571  898.658239 8.002E-27 9.522E-04.03330.070 2221.89980.750.000000 0 3 0   0  A2" 0 0 0   1  E'  11  3  A2"A1'  10  7  E" A1" 331110 1 1 1 0 0 0   184.0  168.0
571  899.122090 9.100E-23 6.667E+00.03560.070 2121.90890.750.000000 0 3 0   0  A2" 0 2 0   0  A1' 11  6  A2'A1"  10  6  A1'A1' 442110 1 1 2 0 0 0   184.0  168.0
571  899.385519 4.277E-25 1.624E+00.03330.070 2865.58820.750.000000 0 1 0   1  E"  0 0 0   1  E'  16 13  E" E'   15 13  E" E"  331110 1 1 1 0 0 0   132.0  124.0
571  899.419314 1.216E-26 2.729E-05.03330.070 1200.01560.750.000000 0 0 0   1  E'  0 1 0   0  A2"  8  0  A1'E'    8  4  E' E"  331110 1 1 1 0 0 0    68.0   68.0
571  899.421528 6.309E-24 7.146E+00.03410.070 2759.38440.750.000000 0 2 0   0  A1' 0 1 0   0  A2" 16  3  A1"A1"  15  3  A2"A1' 332110 1 1 2 0 0 0   264.0  248.0
571  899.506904 1.409E-23 9.197E+00.03330.070 2446.18680.750.000000 0 3 0   0  A2" 0 2 0   0  A1' 12  2  E' E"   11  2  E' E'  441110 1 1 1 0 0 0   100.0   92.0
571  899.556078 5.890E-25 5.954E-03.03330.070 1626.33060.750.000000 0 1 0   1  E"  0 2 0   0  A1'  7  1  E" A1'   6  3  A1"A1" 331110 1 1 1 0 0 0   120.0  104.0
571  899.716898 3.944E-28 4.738E+00.03330.070 4596.29020.750.000000 0 1 0   0  A2" 0 0 0   0  A1' 23  4  E' E"   22  4  E' E'  331110 1 1 1 0 0 0   188.0  180.0
571  899.780515 3.070E-22 3.070E+00.03330.070 1602.38640.750.000000 0 2 0   0  A1' 0 1 0   0  A2" 13 10  E' E'   12 10  E' E"  441110 1 1 1 0 0 0   108.0  100.0
571  900.140957 1.147E-25 6.917E-03.03330.070 2025.22440.750.000000 0 0 0   1  E'  0 0 0   0  A1' 17 17  E" E"   18 16  E' E'  331110 1 1 1 0 0 0   140.0  148.0
571  900.303082 2.782E-28 7.338E-04.03330.070 2790.26140.750.000000 0 2 0   0  A1' 0 0 0   0  A1' 16  1  E" E"   17  4  E' E'  331110 1 1 1 0 0 0   132.0  140.0
571  900.430474 4.250E-24 5.307E-01.03330.070 2231.03170.750.000000 0 1 0   1  E"  0 2 0   0  A1' 11  5  E" A1'  10  3  A1"A1" 331110 1 1 1 0 0 0   184.0  168.0
571  900.464726 6.095E-27 4.128E+00.03330.070 3995.42090.750.000000 0 1 0   0  A2" 0 0 0   0  A1' 22  8  E' E"   21  8  E' E'  331110 1 1 1 0 0 0   180.0  172.0
571  900.757171 5.914E-28 1.431E-02.03330.070 3246.11640.750.000000 0 0 0   2  E'  0 0 0   1  E'  16 16  E' E'   17 15  A2"E"  331110 1 1 1 0 0 0   132.0  140.0
571  900.846917 5.581E-25 3.256E+00.03330.070 2998.01340.750.000000 0 1 0   0  A2" 0 0 0   0  A1' 20 11  E" E'   19 11  E" E"  331110 1 1 1 0 0 0   164.0  156.0
571  900.872678 8.321E-24 2.803E+00.03430.070 2543.66260.750.000000 0 1 0   0  A2" 0 0 0   0  A1' 19 12  A2'A1"  18 12  A1'A1' 332110 1 1 2 0 0 0   312.0  296.0
571  900.895093 2.174E-24 1.183E+00.03330.070 2595.09780.750.000000 0 1 0   1  E"  0 0 0   1  E'  15 13  E" A1'  14 13  E" A1" 331110 1 1 1 0 0 0   248.0  232.0
571  900.895944 3.516E-28 3.881E-02.03330.070 3712.90910.750.000000 0 0 0   2  A1' 0 0 0   1  E'  17 15  A1"A1"  18 14  E' A1' 331110 1 1 1 0 0 0   280.0  296.0
571  900.951919 2.986E-23 8.859E+00.03510.070 2426.01970.750.000000 0 3 0   0  A2" 0 2 0   0  A1' 12  3  A2"A1'  11  3  A1"A1" 442110 1 1 2 0 0 0   200.0  184.0
571  901.072021 2.413E-24 1.676E+00.03330.070 2458.28150.750.000000 0 1 0   1  E"  0 2 0   0  A1' 12  5  E" E'   11  1  E" E"  331110 1 1 1 0 0 0   100.0   92.0
571  901.077880 7.621E-27 2.217E-01.03330.070 3295.84710.750.000000 0 1 0   1  E"  0 2 0   0  A1' 17 12  A1'E"   16 10  E' E'  331110 1 1 1 0 0 0   140.0  132.0
571  901.086525 3.528E-27 2.266E-04.03330.070 1968.59490.750.000000 0 0 0   1  E'  0 1 0   0  A2" 12  2  E' E'   12  4  E' E"  331110 1 1 1 0 0 0   100.0  100.0
571  901.196755 2.547E-28 1.700E-03.03330.070 2954.38680.750.000000 0 1 0   1  E"  0 2 0   0  A1' 14  5  E" E'   14  7  E" E"  331110 1 1 1 0 0 0   116.0  116.0
571  901.275143 4.659E-28 4.659E+00.03330.070 4557.86490.750.000000 0 1 0   0  A2" 0 0 0   0  A1' 23  5  E" E'   22  5  E" E"  331110 1 1 1 0 0 0   188.0  180.0
571  901.387309 7.648E-25 7.041E-04.03330.070  989.97570.750.000000 0 0 0   1  E'  0 1 0   0  A2"  7  3  A1"E"    6  1  E" E'  331110 1 1 1 0 0 0    60.0   52.0
571  901.406781 3.552E-24 6.990E+00.03330.070 2729.51620.750.000000 0 2 0   0  A1' 0 1 0   0  A2" 16  4  E' E'   15  4  E' E"  331110 1 1 1 0 0 0   132.0  124.0
571  901.479551 1.113E-23 5.767E+00.03330.070 2397.79840.750.000000 0 3 0   0  A2" 0 2 0   0  A1' 12  4  E' E"   11  4  E' E'  441110 1 1 1 0 0 0   100.0   92.0
571  901.709222 3.502E-25 1.348E-02.03330.070 1783.48620.750.000000 0 1 0   1  E"  0 2 0   0  A1'  8  1  E" E'    7  1  E" E"  331110 1 1 1 0 0 0    68.0   60.0
571  901.728089 2.076E-23 5.851E+00.03330.070 2316.80930.750.000000 0 2 0   0  A1' 0 1 0   0  A2" 15  7  E" E"   14  7  E" E'  441110 1 1 1 0 0 0   124.0  116.0
571  901.756137 3.288E-27 2.767E-03.03330.070 2497.54850.750.000000 0 1 0   1  E"  0 0 0   1  E'  12  4  E' E"   11  6  A1'E'  331110 1 1 1 0 0 0   100.0   92.0
571  901.966288 4.143E-27 4.837E-02.03330.070 3282.82240.750.000000 0 0 0   1  E'  0 0 0   0  A1' 20 16  E' A1'  21 15  A1"A1" 331110 1 1 1 0 0 0   328.0  344.0
571  902.064964 7.010E-26 3.643E+00.03330.070 3457.18880.750.000000 0 1 0   0  A2" 0 0 0   0  A1' 21 10  E' E"   20 10  E' E'  331110 1 1 1 0 0 0   172.0  164.0
571  902.077762 1.410E-25 2.372E-05.03330.070  677.51510.750.000000 0 0 0   1  E'  0 1 0   0  A2"  4  1  E" A1"   3  3  A2"A1' 331110 1 1 1 0 0 0    72.0   56.0
571  902.195613 2.810E-23 2.249E+00.03330.070 2093.94780.750.000000 0 1 0   0  A2" 0 0 0   0  A1' 18 13  E" E'   17 13  E" E"  441110 1 1 1 0 0 0   148.0  140.0
571  902.545308 2.916E-28 2.689E-02.03330.070 3565.14460.750.000000 0 1 0   1  E"  0 1 0   0  A2" 20 18  A1'E"   21 17  E" E'  331110 1 1 1 0 0 0   164.0  172.0
571  902.758597 1.970E-22 4.393E+00.03530.070 1923.36100.750.000000 0 2 0   0  A1' 0 1 0   0  A2" 14  9  A1"A1"  13  9  A2"A1' 442110 1 1 2 0 0 0   232.0  216.0
571  903.295070 1.143E-27 4.566E+00.03220.070 4510.80580.750.000000 0 1 0   0  A2" 0 0 0   0  A1' 23  6  A2'A1"  22  6  A1'A1' 332110 1 1 2 0 0 0   376.0  360.0
571  903.420720 7.314E-26 2.359E+00.03490.070 3316.03620.750.000000 0 1 0   1  E"  0 0 0   1  E'  17 12  A2'E"   16 12  A2'E'  332110 1 1 2 0 0 0   140.0  132.0
571  903.428241 5.036E-23 5.770E+00.03330.070 2069.43160.750.000000 0 3 0   0  A2" 0 2 0   0  A1' 11  7  E" E'   10  7  E" E"  441110 1 1 1 0 0 0    92.0   84.0
571  903.577260 3.256E-25 2.403E-04.03330.070 1111.87850.750.000000 0 0 0   1  E'  0 1 0   0  A2"  8  4  E' A1'   8  6  A2'A1" 331110 1 1 1 0 0 0   136.0  136.0
571  903.578654 2.525E-24 6.371E-01.03330.070 2435.72020.750.000000 0 1 0   1  E"  0 0 0   1  E'  15 14  E' A1"  14 14  E' A1' 331110 1 1 1 0 0 0   248.0  232.0
571  903.916283 1.316E-22 1.858E+00.03610.070 1762.38210.750.000000 0 3 0   0  A2" 0 2 0   0  A1' 10  9  A2"A1'   9  9  A1"A1" 442110 1 1 2 0 0 0   168.0  152.0
571  903.983316 4.132E-24 6.784E+00.03330.070 2691.13080.750.000000 0 2 0   0  A1' 0 1 0   0  A2" 16  5  E" E"   15  5  E" E'  331110 1 1 1 0 0 0   132.0  124.0
571  904.092649 4.720E-26 4.370E-05.03330.070  989.97570.750.000000 0 0 0   1  E'  0 1 0   0  A2"  7  3  A2"E"    6  1  E" E'  331110 1 1 1 0 0 0    60.0   52.0
571  904.118392 1.077E-26 1.821E-04.03330.070 1892.18450.750.000000 0 2 0   0  A1' 0 0 0   0  A1' 16 15  A1"A1"  16 12  A1'A1' 331110 1 1 1 0 0 0   264.0  264.0
571  904.161492 3.641E-26 3.007E-04.03330.070 1509.30140.750.000000 0 0 0   1  E'  0 1 0   0  A2" 10  3  A2"E"   10  5  E" E'  331110 1 1 1 0 0 0    84.0   84.0
571  904.229279 1.311E-26 1.430E-03.03330.070 2058.95970.750.000000 0 1 0   1  E"  0 2 0   0  A1' 11  8  E' E"   11 10  E' E'  331110 1 1 1 0 0 0    92.0   92.0
571  904.333783 1.951E-26 1.049E-05.03330.070  926.70450.750.000000 0 2 0   0  A1' 0 0 0   0  A1'  9  8  E' E'   10  5  E" E"  331110 1 1 1 0 0 0    76.0   84.0
571  904.335191 1.533E-26 2.697E-03.03330.070 2204.93340.750.000000 0 0 0   1  E'  0 1 0   0  A2" 14  8  E' E'   13  4  E' E"  331110 1 1 1 0 0 0   116.0  108.0
571  904.399606 1.441E-28 1.136E-02.03330.070 3511.06960.750.000000 0 1 0   1  E"  0 2 0   0  A1' 18 13  E" E'   17 11  E" E"  331110 1 1 1 0 0 0   148.0  140.0
571  904.422375 2.741E-26 1.604E-04.03330.070 1457.07010.750.000000 0 2 0   0  A1' 0 0 0   0  A1' 11  5  E" E"   12  2  E' E'  331110 1 1 1 0 0 0    92.0  100.0
571  904.574118 2.397E-27 4.935E-02.03330.070 3211.12020.750.000000 0 3 0   0  A2" 0 0 0   1  E'  16  8  E' E"   15 10  E' E'  331110 1 1 1 0 0 0   132.0  124.0
571  904.648578 1.236E-27 2.002E-03.03330.070 2646.80980.750.000000 0 1 0   1  E"  0 2 0   0  A1' 13  6  A2'E"   13  8  E' E'  331110 1 1 1 0 0 0   108.0  108.0
571  904.665675 1.676E-26 3.995E+00.03310.070 3921.33710.750.000000 0 1 0   0  A2" 0 0 0   0  A1' 22  9  A2"A1'  21  9  A1"A1" 331110 1 1 1 0 0 0   360.0  344.0
571  905.080165 1.576E-22 1.540E+00.03330.070 1648.63690.750.000000 0 1 0   0  A2" 0 0 0   0  A1' 17 14  E' E"   16 14  E' E'  441110 1 1 1 0 0 0   140.0  132.0
571  905.205892 2.968E-27 1.526E-04.03330.070 2027.67690.750.000000 0 3 0   0  A2" 0 0 0   1  E'  10  3  A2"A1'   9  7  E" A1" 331110 1 1 1 0 0 0   168.0  152.0
571  905.429067 7.464E-25 1.073E-03.03330.070 1105.67010.750.000000 0 0 0   1  E'  0 1 0   0  A2"  8  4  E' E'    7  2  E' E"  331110 1 1 1 0 0 0    68.0   60.0
571  905.537736 4.310E-26 3.361E-02.03330.070 2496.04270.750.000000 0 3 0   0  A2" 0 0 0   1  E'  13  7  E" E'   12  9  A2"E"  331110 1 1 1 0 0 0   108.0  100.0
571  905.546631 5.849E-28 4.758E-05.03330.070 2121.90890.750.000000 0 1 0   1  E"  0 2 0   0  A1' 10  2  E' A1"  10  6  A1'A1' 331110 1 1 1 0 0 0   168.0  168.0
571  905.557684 1.035E-26 2.126E-03.03330.070 2348.40620.750.000000 0 1 0   1  E"  0 2 0   0  A1' 12  7  E" A1'  12  9  A1"A1" 331110 1 1 1 0 0 0   200.0  200.0
571  905.836290 7.276E-28 4.458E+00.03330.070 4455.06440.750.000000 0 1 0   0  A2" 0 0 0   0  A1' 23  7  E" E'   22  7  E" E"  331110 1 1 1 0 0 0   188.0  180.0
571  906.094113 9.488E-28 1.364E-03.03330.070 2828.97360.750.000000 0 2 0   0  A1' 0 0 0   0  A1' 18 12  A1'A1'  18  9  A1"A1" 331110 1 1 1 0 0 0   296.0  296.0
571  906.449089 2.617E-23 5.444E+00.03330.070 2252.09780.750.000000 0 2 0   0  A1' 0 1 0   0  A2" 15  8  E' E'   14  8  E' E"  441110 1 1 1 0 0 0   124.0  116.0
571  906.457371 4.518E-28 1.179E-05.03330.070 1923.36100.750.000000 0 3 0   0  A2" 0 1 0   0  A2" 12 12  A2'A1"  13  9  A2"A1' 331110 1 1 1 0 0 0   200.0  216.0
571  906.489611 1.819E-23 7.980E+00.03330.070 2361.49250.750.000000 0 3 0   0  A2" 0 2 0   0  A1' 12  5  E" E'   11  5  E" E"  441110 1 1 1 0 0 0   100.0   92.0
571  906.628307 8.576E-28 3.791E-07.03330.070  772.95630.750.000000 0 0 0   1  E'  0 1 0   0  A2"  5  1  E" E"    5  5  E" E'  331110 1 1 1 0 0 0    44.0   44.0
571  906.716373 1.235E-25 2.019E+00.03330.070 3174.92000.750.000000 0 1 0   1  E"  0 0 0   1  E'  17 13  E" E'   16 13  E" E"  331110 1 1 1 0 0 0   140.0  132.0
571  906.771106 1.966E-27 6.611E-05.03330.070 1776.38920.750.000000 0 1 0   1  E"  0 0 0   1  E'   9  6  A2'E"    8  8  E' E'  331110 1 1 1 0 0 0    76.0   68.0
571  906.796504 7.310E-25 7.571E+00.03330.070 3080.89680.750.000000 0 2 0   0  A1' 0 1 0   0  A2" 17  1  E" E"   16  1  E" E'  331110 1 1 1 0 0 0   140.0  132.0
571  907.205004 9.934E-24 6.535E+00.03370.070 2644.14300.750.000000 0 2 0   0  A1' 0 1 0   0  A2" 16  6  A1'A1'  15  6  A2'A1" 442110 1 1 2 0 0 0   264.0  248.0
571  907.374198 5.345E-24 2.804E+00.03330.070 2397.79840.750.000000 0 1 0   1  E"  0 2 0   0  A1' 12  6  A2'E"   11  4  E' E'  331110 1 1 1 0 0 0   100.0   92.0
571  907.570784 3.392E-22 2.203E+00.03330.070 1510.12950.750.000000 0 2 0   0  A1' 0 1 0   0  A2" 13 11  E" E"   12 11  E" E'  441110 1 1 1 0 0 0   108.0  100.0
571  907.594540 7.701E-25 7.511E+00.03330.070 3068.20990.750.000000 0 2 0   0  A1' 0 1 0   0  A2" 17  2  E' E'   16  2  E' E"  331110 1 1 1 0 0 0   140.0  132.0
571  907.611168 7.681E-25 1.639E+00.03330.070 2886.08990.750.000000 0 1 0   1  E"  0 0 0   1  E'  16 13  E" A1'  15 13  E" A1" 331110 1 1 1 0 0 0   264.0  248.0
571  907.621895 1.057E-27 2.343E-02.03330.070 3367.58350.750.000000 0 0 0   2  A1' 0 0 0   1  E'  16 15  A1"A1"  17 14  E' A1' 331110 1 1 1 0 0 0   264.0  280.0
571  907.813629 3.908E-25 5.916E-02.03330.070 2267.38200.750.000000 0 1 0   1  E"  0 2 0   0  A1' 11  4  E' A1"  10  0  A1'A1' 331110 1 1 1 0 0 0   184.0  168.0
571  907.832204 3.562E-26 2.027E-04.03330.070 1431.06880.750.000000 0 0 0   1  E'  0 1 0   0  A2" 10  5  E" E"    9  1  E" E'  331110 1 1 1 0 0 0    84.0   76.0
571  908.015869 1.706E-24 3.054E+00.03400.070 2894.39280.750.000000 0 1 0   0  A2" 0 0 0   0  A1' 20 12  A2'A1"  19 12  A1'A1' 332110 1 1 2 0 0 0   328.0  312.0
571  908.100108 1.038E-25 3.475E+00.03330.070 3363.99430.750.000000 0 1 0   0  A2" 0 0 0   0  A1' 21 11  E" E'   20 11  E" E"  331110 1 1 1 0 0 0   172.0  164.0
571  908.366892 2.040E-27 8.172E-04.03330.070 2411.12940.750.000000 0 2 0   0  A1' 0 0 0   0  A1' 17 13  E" E"   17 10  E' E'  331110 1 1 1 0 0 0   140.0  140.0
571  908.411353 2.986E-28 7.279E-06.03330.070 1852.08320.750.000000 0 3 0   0  A2" 0 0 0   1  E'   9  3  A2"A1'   8  7  E" A1" 331110 1 1 1 0 0 0   152.0  136.0
571  908.417790 1.258E-24 1.278E+00.03330.070 2675.83840.750.000000 0 2 0   1  E'  0 1 0   1  E"  12 11  E" A1"  11 11  E" A1' 331110 1 1 1 0 0 0   200.0  184.0
571  908.512883 1.569E-28 1.262E-04.03330.070 2592.05890.750.000000 0 2 0   1  E'  0 0 0   1  E'  10  7  E" A1"  11  4  E' A1' 331110 1 1 1 0 0 0   168.0  184.0
571  908.513842 2.124E-26 4.029E-02.03330.070 2895.80310.750.000000 0 0 0   1  E'  0 0 0   0  A1' 19 16  E' A1'  20 15  A1"A1" 331110 1 1 1 0 0 0   312.0  328.0
571  908.596443 5.405E-23 4.665E+00.03330.070 2008.82630.750.000000 0 3 0   0  A2" 0 2 0   0  A1' 11  8  E' E"   10  8  E' E'  441110 1 1 1 0 0 0    92.0   84.0
571  908.605768 1.036E-26 1.471E-04.03330.070 1780.23340.750.000000 0 0 0   1  E'  0 1 0   0  A2" 11  1  E" A1"  11  3  A2"A1' 331110 1 1 1 0 0 0   184.0  184.0
571  908.923040 1.045E-23 9.771E+00.03410.070 2674.57290.750.000000 0 3 0   0  A2" 0 2 0   0  A1' 13  0  A2'A1"  12  0  A1'A1' 442110 1 1 2 0 0 0   216.0  200.0
571  908.935520 1.680E-24 7.411E+00.03370.070 3046.98270.750.000000 0 2 0   0  A1' 0 1 0   0  A2" 17  3  A1"A1"  16  3  A2"A1' 332110 1 1 2 0 0 0   280.0  264.0
571  908.961909 9.619E-28 4.337E+00.03330.070 4390.56850.750.000000 0 1 0   0  A2" 0 0 0   0  A1' 23  8  E' E"   22  8  E' E'  331110 1 1 1 0 0 0   188.0  180.0
571  909.026696 1.409E-25 8.804E-05.03330.070  906.78910.750.000000 0 0 0   1  E'  0 1 0   0  A2"  7  5  E" E"    7  7  E" E'  331110 1 1 1 0 0 0    60.0   60.0
571  909.155069 1.320E-24 4.702E-02.03330.070 1929.91070.750.000000 0 1 0   1  E"  0 2 0   0  A1'  9  2  E' A1"   8  0  A1'A1' 331110 1 1 1 0 0 0   152.0  136.0
571  909.168542 5.273E-24 9.681E+00.03330.070 2670.55090.750.000000 0 3 0   0  A2" 0 2 0   0  A1' 13  1  E" E'   12  1  E" E"  331110 1 1 1 0 0 0   108.0  100.0
571  909.184380 2.613E-27 5.442E-04.03330.070 2237.43370.750.000000 0 2 0   0  A1' 0 0 0   0  A1' 14  1  E" E"   15  2  E' E'  331110 1 1 1 0 0 0   116.0  124.0
571  909.233541 1.254E-22 3.793E+00.03330.070 1840.51650.750.000000 0 2 0   0  A1' 0 1 0   0  A2" 14 10  E' E'   13 10  E' E"  441110 1 1 1 0 0 0   116.0  108.0
571  909.247615 1.300E-24 1.548E-03.03330.070 1230.80210.750.000000 0 0 0   1  E'  0 1 0   0  A2"  9  5  E" A1"   8  3  A2"A1' 331110 1 1 1 0 0 0   152.0  136.0
571  909.259019 6.486E-24 2.552E+00.03330.070 2429.23790.750.000000 0 1 0   0  A2" 0 0 0   0  A1' 19 13  E" E'   18 13  E" E"  331110 1 1 1 0 0 0   156.0  148.0
571  909.562307 1.510E-26 1.840E-03.03330.070 2221.89980.750.000000 0 1 0   1  E"  0 0 0   1  E'  11  5  E" A1'  10  7  E" A1" 331110 1 1 1 0 0 0   184.0  168.0
571  909.577602 1.214E-27 2.320E-04.03330.070 2204.93340.750.000000 0 0 0   1  E'  0 1 0   0  A2" 13  2  E' E'   13  4  E' E"  331110 1 1 1 0 0 0   108.0  108.0
571  909.580595 1.196E-26 3.849E+00.03330.070 3838.22940.750.000000 0 1 0   0  A2" 0 0 0   0  A1' 22 10  E' E"   21 10  E' E'  331110 1 1 1 0 0 0   180.0  172.0
571  909.746743 1.088E-24 1.251E+00.03330.070 2573.97350.750.000000 0 1 0   1  E"  0 2 0   0  A1' 13  7  E" E'   12  5  E" E"  331110 1 1 1 0 0 0   108.0  100.0
571  909.871295 4.149E-23 7.392E+00.03540.070 2317.10430.750.000000 0 3 0   0  A2" 0 2 0   0  A1' 12  6  A2'A1"  11  6  A1'A1' 442110 1 1 2 0 0 0   200.0  184.0
571  910.021364 9.725E-22 5.966E-01.03620.070 1207.45220.750.000000 0 1 0   0  A2" 0 0 0   0  A1' 16 15  A2"A1'  15 15  A1"A1" 442110 1 1 2 0 0 0   264.0  248.0
571  910.226702 5.502E-24 9.547E+00.03330.070 2658.48380.750.000000 0 3 0   0  A2" 0 2 0   0  A1' 13  2  E' E"   12  2  E' E'  331110 1 1 1 0 0 0   108.0  100.0
571  910.285057 1.494E-27 3.232E-04.03330.070 2372.76750.750.000000 0 3 0   0  A2" 0 1 0   0  A2" 13  9  A2"A1'  14  6  A2'A1" 331110 1 1 1 0 0 0   216.0  232.0
571  910.342599 1.051E-27 1.642E-02.03330.070 3186.19660.750.000000 0 1 0   1  E"  0 1 0   0  A2" 19 18  A1'E"   20 17  E" E'  331110 1 1 1 0 0 0   156.0  164.0
571  910.563599 1.175E-24 1.175E+00.03330.070 2728.68820.750.000000 0 1 0   1  E"  0 0 0   1  E'  16 14  E' A1"  15 14  E' A1' 331110 1 1 1 0 0 0   264.0  248.0
571  910.582526 8.146E-27 3.744E-05.03330.070 1365.35450.750.000000 0 0 0   1  E'  0 1 0   0  A2"  9  0  A2'E'    9  4  E' E"  331110 1 1 1 0 0 0    76.0   76.0
571  910.829863 9.474E-25 7.269E+00.03330.070 3017.40920.750.000000 0 2 0   0  A1' 0 1 0   0  A2" 17  4  E' E'   16  4  E' E"  331110 1 1 1 0 0 0   140.0  132.0
571  911.060829 6.158E-24 6.233E+00.03330.070 2588.50770.750.000000 0 2 0   0  A1' 0 1 0   0  A2" 16  7  E" E"   15  7  E" E'  331110 1 1 1 0 0 0   132.0  124.0
571  911.568493 1.181E-23 9.323E+00.03480.070 2638.37240.750.000000 0 3 0   0  A2" 0 2 0   0  A1' 13  3  A2"A1'  12  3  A1"A1" 442110 1 1 2 0 0 0   216.0  200.0
571  911.748839 1.039E-26 7.638E-04.03330.070 1974.39940.750.000000 0 1 0   1  E"  0 2 0   0  A1' 11  9  A1"E'   11 11  E" E"  331110 1 1 1 0 0 0    92.0   92.0
571  911.807178 2.085E-25 3.134E-04.03330.070 1277.50510.750.000000 0 0 0   1  E'  0 1 0   0  A2"  9  4  E' A1'   9  6  A2'A1" 331110 1 1 1 0 0 0   152.0  152.0
571  911.879143 3.736E-28 8.555E-04.03330.070 2729.51620.750.000000 0 3 0   0  A2" 0 1 0   0  A2" 14  7  E" E'   15  4  E' E"  331110 1 1 1 0 0 0   116.0  124.0
571  911.884524 1.984E-28 5.977E-02.03330.070 3814.41130.750.000000 0 0 0   1  E'  0 0 0   0  A1' 21 15  A2"E"   22 14  E' E'  331110 1 1 1 0 0 0   172.0  180.0
571  911.899797 6.721E-23 4.945E+00.03510.070 2178.57100.750.000000 0 2 0   0  A1' 0 1 0   0  A2" 15  9  A1"A1"  14  9  A2"A1' 442110 1 1 2 0 0 0   248.0  232.0
571  911.910051 3.417E-26 3.549E-04.03330.070 1454.44540.750.000000 0 1 0   1  E"  0 2 0   0  A1'  6  3  A2"E'    5  5  E" E"  331110 1 1 1 0 0 0    52.0   44.0
571  911.989608 4.337E-23 1.925E+00.03330.070 1968.29560.750.000000 0 1 0   0  A2" 0 0 0   0  A1' 18 14  E' E"   17 14  E' E'  441110 1 1 1 0 0 0   148.0  140.0
571  912.456006 3.081E-25 1.384E-04.03330.070  773.68380.750.000000 0 0 0   1  E'  0 1 0   0  A2"  5  0  A2'E'    4  2  E' E"  331110 1 1 1 0 0 0    44.0   36.0
571  912.580464 1.568E-26 3.201E-04.03330.070 1710.59370.750.000000 0 0 0   1  E'  0 1 0   0  A2" 11  3  A2"E"   11  5  E" E'  331110 1 1 1 0 0 0    92.0   92.0
571  912.620684 1.586E-28 4.852E-06.03330.070 1731.52050.750.000000 0 1 0   1  E"  0 2 0   0  A1'  8  3  A2"E'    8  7  E" E"  331110 1 1 1 0 0 0    68.0   68.0
571  912.734657 2.642E-27 4.204E+00.03280.070 4317.24140.750.000000 0 1 0   0  A2" 0 0 0   0  A1' 23  9  A2"A1'  22  9  A1"A1" 332110 1 1 2 0 0 0   376.0  360.0
571  912.848832 5.211E-25 2.177E-03.03330.070 1365.35450.750.000000 0 0 0   1  E'  0 1 0   0  A2" 10  6  A1'E'    9  4  E' E"  331110 1 1 1 0 0 0    84.0   76.0
571  912.970520 7.963E-26 7.780E-05.03330.070 1208.93840.750.000000 0 2 0   0  A1' 0 0 0   0  A1' 10  6  A1'A1'  11  3  A1"A1" 331110 1 1 1 0 0 0   168.0  184.0
571  913.045354 1.020E-27 6.685E-05.03330.070 2079.03960.750.000000 0 0 0   0  A1' 0 0 0   0  A1' 21 17  E" E"   20 20  E' E'  331110 1 1 1 0 0 0   172.0  164.0
571  913.057060 2.747E-28 6.799E-05.03330.070 2256.59940.750.000000 0 0 0   1  E'  0 1 0   0  A2" 13  0  A2'E'   13  2  E' E"  331110 1 1 1 0 0 0   108.0  108.0
571  913.136785 1.454E-28 7.435E-04.03330.070 2894.20820.750.000000 0 3 0   0  A2" 0 2 0   0  A1' 14  2  E' E"   14  8  E' E'  331110 1 1 1 0 0 0   116.0  116.0
571  913.300038 1.106E-24 7.084E+00.03330.070 2979.25180.750.000000 0 2 0   0  A1' 0 1 0   0  A2" 17  5  E" E"   16  5  E" E'  331110 1 1 1 0 0 0   140.0  132.0
571  913.342671 5.995E-27 3.470E-04.03330.070 1998.84150.750.000000 0 2 0   0  A1' 0 0 0   0  A1' 16 14  E' E'   16 11  E" E"  331110 1 1 1 0 0 0   132.0  132.0
571  913.499401 6.419E-24 8.870E+00.03330.070 2610.20500.750.000000 0 3 0   0  A2" 0 2 0   0  A1' 13  4  E' E"   12  4  E' E'  331110 1 1 1 0 0 0   108.0  100.0
571  913.520601 2.751E-27 1.790E-06.03330.070  883.83880.750.000000 0 0 0   1  E'  0 1 0   0  A2"  6  1  E" E"    6  5  E" E'  331110 1 1 1 0 0 0    52.0   52.0
571  913.806310 2.167E-23 6.041E+00.03330.070 2264.91000.750.000000 0 3 0   0  A2" 0 2 0   0  A1' 12  7  E" E'   11  7  E" E"  441110 1 1 1 0 0 0   100.0   92.0
571  913.842883 3.065E-26 2.356E+00.03330.070 3501.62640.750.000000 0 1 0   1  E"  0 0 0   1  E'  18 13  E" E'   17 13  E" E"  331110 1 1 1 0 0 0   148.0  140.0
571  914.074937 2.225E-25 2.031E+00.03330.070 3194.38170.750.000000 0 1 0   1  E"  0 0 0   1  E'  17 13  E" A1'  16 13  E" A1" 331110 1 1 1 0 0 0   280.0  264.0
571  914.346674 5.478E-26 7.621E-03.03330.070 2085.83870.750.000000 0 1 0   1  E"  0 2 0   0  A1' 10  3  A2"E'    9  1  E" E"  331110 1 1 1 0 0 0    84.0   76.0
571  914.402115 1.123E-24 6.486E-01.03330.070 2458.72430.750.000000 0 1 0   1  E"  0 0 0   1  E'  15 14  E' E"   14 14  E' E'  331110 1 1 1 0 0 0   124.0  116.0
571  914.447342 6.889E-27 4.321E-04.03330.070 1973.55420.750.000000 0 2 0   0  A1' 0 0 0   0  A1' 13  2  E' E'   14  1  E" E"  331110 1 1 1 0 0 0   108.0  116.0
571  914.603842 1.070E-22 3.353E+00.03600.070 1940.19090.750.000000 0 3 0   0  A2" 0 2 0   0  A1' 11  9  A2"A1'  10  9  A1"A1" 442110 1 1 2 0 0 0   184.0  168.0
571  914.759092 1.415E-27 3.469E-03.03330.070 2727.51980.750.000000 0 1 0   1  E"  0 0 0   1  E'  13  4  E' E"   12  6  A2'E'  331110 1 1 1 0 0 0   108.0  100.0
571  914.947177 3.188E-25 3.288E+00.03390.070 3261.42450.750.000000 0 1 0   0  A2" 0 0 0   0  A1' 21 12  A2'A1"  20 12  A1'A1' 332110 1 1 2 0 0 0   344.0  328.0
571  915.026240 2.472E-25 6.333E-01.03330.070 2932.54650.750.000000 0 0 0   1  E'  0 1 0   0  A2" 17 10  E' A1'  16  6  A2'A1" 331110 1 1 1 0 0 0   280.0  264.0
571  915.027876 2.424E-26 8.606E-04.03330.070 1998.88310.750.000000 0 0 0   1  E'  0 1 0   0  A2" 13  7  E" A1"  12  3  A2"A1' 331110 1 1 1 0 0 0   216.0  200.0
571  915.048802 8.947E-26 2.989E-02.03330.070 2524.85390.750.000000 0 0 0   1  E'  0 0 0   0  A1' 18 16  E' A1'  19 15  A1"A1" 331110 1 1 1 0 0 0   296.0  312.0
571  915.257643 1.773E-26 3.688E+00.03330.070 3745.98710.750.000000 0 1 0   0  A2" 0 0 0   0  A1' 22 11  E" E'   21 11  E" E"  331110 1 1 1 0 0 0   180.0  172.0
571  915.259873 6.842E-27 1.979E-03.03330.070 2271.86230.750.000000 0 1 0   1  E"  0 2 0   0  A1' 12  8  E' E"   12 10  E' E'  331110 1 1 1 0 0 0   100.0  100.0
571  915.270376 2.011E-27 9.787E-03.03330.070 3039.40690.750.000000 0 0 0   2  A1' 0 0 0   1  E'  15 15  A1"A1"  16 14  E' A1' 331110 1 1 1 0 0 0   248.0  264.0
571  915.422962 1.067E-28 4.692E+00.03330.070 4864.95710.750.000000 0 1 0   0  A2" 0 0 0   0  A1' 24  7  E" E'   23  7  E" E"  331110 1 1 1 0 0 0   196.0  188.0
571  915.570620 5.749E-26 3.446E-05.03330.070  866.04010.750.000000 0 0 0   1  E'  0 1 0   0  A2"  6  2  E' E'    5  2  E' E"  331110 1 1 1 0 0 0    52.0   44.0
571  915.610039 7.857E-24 5.874E+00.03330.070 2524.17050.750.000000 0 2 0   0  A1' 0 1 0   0  A2" 16  8  E' E'   15  8  E' E"  331110 1 1 1 0 0 0   132.0  124.0
571  915.613120 2.548E-25 3.402E-01.03330.070 2759.51590.750.000000 0 1 0   1  E"  0 2 0   0  A1' 14  8  E' A1"  13  6  A1'A1' 331110 1 1 1 0 0 0   232.0  216.0
571  915.965013 3.503E-25 7.840E+00.03300.070 3389.44930.750.000000 0 2 0   0  A1' 0 1 0   0  A2" 18  0  A1'A1'  17  0  A2'A1" 331110 1 1 1 0 0 0   296.0  280.0
571  916.066252 1.346E-24 2.827E+00.03330.070 2781.12190.750.000000 0 1 0   0  A2" 0 0 0   0  A1' 20 13  E" E'   19 13  E" E"  331110 1 1 1 0 0 0   164.0  156.0
571  916.093088 2.478E-28 1.275E-03.03330.070 2894.20820.750.000000 0 3 0   0  A2" 0 2 0   0  A1' 14  2  E' E"   14  8  E' E'  331110 1 1 1 0 0 0   116.0  116.0
571  916.215781 1.782E-25 7.822E+00.03330.070 3385.24600.750.000000 0 2 0   0  A1' 0 1 0   0  A2" 18  1  E" E"   17  1  E" E'  331110 1 1 1 0 0 0   148.0  140.0
571  916.242593 2.831E-25 3.954E-02.03330.070 2085.83870.750.000000 0 1 0   1  E"  0 2 0   0  A1' 10  3  A1"E'    9  1  E" E"  331110 1 1 1 0 0 0    84.0   76.0
571  916.246679 3.952E-25 3.058E-03.03330.070 1509.30140.750.000000 0 0 0   1  E'  0 1 0   0  A2" 11  7  E" E"   10  5  E" E'  331110 1 1 1 0 0 0    92.0   84.0
571  916.280484 5.978E-28 4.561E-05.03330.070 1997.28160.750.000000 0 3 0   0  A2" 0 1 0   0  A2" 12 11  E" E'   13  8  E' E"  331110 1 1 1 0 0 0   100.0  108.0
571  916.293217 3.808E-27 2.270E-03.03330.070 2578.61520.750.000000 0 1 0   1  E"  0 2 0   0  A1' 13  7  E" A1'  13  9  A1"A1" 331110 1 1 1 0 0 0   216.0  216.0
571  916.297606 2.131E-24 5.899E-01.03330.070 2262.41870.750.000000 0 3 0   0  A2" 0 0 0   1  E'  12  7  E" E'   11  9  A2"E"  331110 1 1 1 0 0 0   100.0   92.0
571  916.464848 5.880E-22 1.189E+00.03600.070 1408.80000.750.000000 0 2 0   0  A1' 0 1 0   0  A2" 13 12  A1'A1'  12 12  A2'A1" 442110 1 1 2 0 0 0   216.0  200.0
571  916.521410 2.423E-24 6.227E+00.03340.070 2932.54650.750.000000 0 2 0   0  A1' 0 1 0   0  A2" 17  6  A1'A1'  16  6  A2'A1" 332110 1 1 2 0 0 0   280.0  264.0
571  916.617734 4.313E-22 1.108E+00.03540.070 1511.28230.750.000000 0 1 0   0  A2" 0 0 0   0  A1' 17 15  A2"A1'  16 15  A1"A1" 442110 1 1 2 0 0 0   280.0  264.0
571  916.722755 1.552E-22 3.052E+00.03330.070 1748.68210.750.000000 0 2 0   0  A1' 0 1 0   0  A2" 14 11  E" E"   13 11  E" E'  441110 1 1 1 0 0 0   116.0  108.0
571  916.872232 5.898E-27 7.394E-05.03330.070 1490.94170.750.000000 0 1 0   1  E"  0 2 0   0  A1'  6  0  A1'E"    5  4  E' E'  331110 1 1 1 0 0 0    52.0   44.0
571  916.971255 1.879E-25 7.766E+00.03330.070 3372.63330.750.000000 0 2 0   0  A1' 0 1 0   0  A2" 18  2  E' E'   17  2  E' E"  331110 1 1 1 0 0 0   148.0  140.0
571  917.077401 1.763E-25 2.026E-04.03330.070 1054.45750.750.000000 0 0 0   1  E'  0 1 0   0  A2"  8  5  E" E"    8  7  E" E'  331110 1 1 1 0 0 0    68.0   68.0
571  917.214751 1.884E-27 4.059E+00.03330.070 4234.99180.750.000000 0 1 0   0  A2" 0 0 0   0  A1' 23 10  E' E"   22 10  E' E'  331110 1 1 1 0 0 0   188.0  180.0
571  917.314543 3.777E-25 1.635E+00.03330.070 3039.40690.750.000000 0 1 0   1  E"  0 0 0   1  E'  17 14  E' A1"  16 14  E' A1' 331110 1 1 1 0 0 0   280.0  264.0
571  917.318161 2.382E-28 5.987E-02.03330.070 3732.34850.750.000000 0 0 0   2  E'  0 0 0   1  E'  17 15  A1"E"   18 14  E' E'  331110 1 1 1 0 0 0   140.0  148.0
571  917.529132 3.175E-28 6.247E-05.03330.070 2317.10430.750.000000 0 1 0   1  E"  0 2 0   0  A1' 11  2  E' A1"  11  6  A1'A1' 331110 1 1 1 0 0 0   184.0  184.0
571  917.850743 6.281E-24 7.347E+00.03330.070 2573.97350.750.000000 0 3 0   0  A2" 0 2 0   0  A1' 13  5  E" E'   12  5  E" E"  331110 1 1 1 0 0 0   108.0  100.0
571  918.028337 1.408E-28 4.566E+00.03330.070 4801.13200.750.000000 0 1 0   0  A2" 0 0 0   0  A1' 24  8  E' E"   23  8  E' E'  331110 1 1 1 0 0 0   196.0  188.0
571  918.043215 5.500E-25 3.535E-04.03330.070  879.31620.750.000000 0 0 0   1  E'  0 1 0   0  A2"  6  1  E" E"    5  1  E" E'  331110 1 1 1 0 0 0    52.0   44.0
571  918.244969 4.099E-25 7.674E+00.03350.070 3351.70050.750.000000 0 2 0   0  A1' 0 1 0   0  A2" 18  3  A1"A1"  17  3  A2"A1' 332110 1 1 2 0 0 0   296.0  280.0
571  918.320248 4.421E-23 4.419E+00.03330.070 2096.16100.750.000000 0 2 0   0  A1' 0 1 0   0  A2" 15 10  E' E'   14 10  E' E"  441110 1 1 1 0 0 0   124.0  116.0
571  918.349056 3.788E-28 2.357E-04.03330.070 2458.63180.750.000000 0 0 0   1  E'  0 1 0   0  A2" 14  2  E' E'   14  4  E' E"  331110 1 1 1 0 0 0   116.0  116.0
571  918.501584 1.362E-28 1.536E-03.03330.070 3068.20990.750.000000 0 3 0   0  A2" 0 1 0   0  A2" 15  5  E" E'   16  2  E' E"  331110 1 1 1 0 0 0   124.0  132.0
571  918.645457 1.034E-23 2.266E+00.03330.070 2304.84630.750.000000 0 1 0   0  A2" 0 0 0   0  A1' 19 14  E' E"   18 14  E' E'  441110 1 1 1 0 0 0   156.0  148.0
571  918.679857 2.310E-27 6.644E-03.03330.070 2823.58520.750.000000 0 1 0   1  E"  0 1 0   0  A2" 18 18  A2'E"   19 17  E" E'  331110 1 1 1 0 0 0   148.0  156.0
571  918.807529 3.128E-27 2.299E-04.03330.070 1952.62780.750.000000 0 1 0   1  E"  0 0 0   1  E'  10  6  A1'E"    9  8  E' E'  331110 1 1 1 0 0 0    84.0   76.0
571  919.021623 2.714E-23 5.694E+00.03330.070 2204.15150.750.000000 0 3 0   0  A2" 0 2 0   0  A1' 12  8  E' E"   11  8  E' E'  441110 1 1 1 0 0 0   100.0   92.0
571  919.119305 2.033E-28 3.843E-02.03330.070 3705.51510.750.000000 0 1 0   1  E"  0 1 0   0  A2" 20 17  E" E'   21 16  E' E"  331110 1 1 1 0 0 0   164.0  172.0
571  919.222655 1.258E-27 5.742E-02.03330.070 3413.08020.750.000000 0 0 0   1  E'  0 0 0   0  A1' 20 15  A2"E"   21 14  E' E'  331110 1 1 1 0 0 0   164.0  172.0
571  919.343387 1.239E-24 6.229E+00.03330.070 2888.00160.750.000000 0 3 0   0  A2" 0 2 0   0  A1' 14  2  E' E"   13  2  E' E'  331110 1 1 1 0 0 0   116.0  108.0
571  919.449881 5.826E-25 4.399E-03.03330.070 1662.62110.750.000000 0 0 0   1  E'  0 1 0   0  A2" 12  8  E' A1'  11  6  A2'A1" 331110 1 1 1 0 0 0   200.0  184.0
571  919.481758 6.102E-28 3.068E-03.03330.070 2888.00160.750.000000 0 1 0   1  E"  0 2 0   0  A1' 14  6  A1'E"   13  2  E' E'  331110 1 1 1 0 0 0   116.0  108.0
571  919.521531 1.887E-24 1.006E+01.03330.070 2900.03700.750.000000 0 3 0   0  A2" 0 2 0   0  A1' 14  1  E" E'   13  1  E" E"  331110 1 1 1 0 0 0   116.0  108.0
571  919.667363 6.073E-27 3.381E-02.03330.070 2922.59650.750.000000 0 3 0   0  A2" 0 0 0   1  E'  15  8  E' E"   14 10  E' E'  331110 1 1 1 0 0 0   124.0  116.0
571  919.987585 7.554E-26 5.092E-03.03330.070 1913.70700.750.000000 0 1 0   1  E"  0 2 0   0  A1'  9  2  E' E"    8  2  E' E'  331110 1 1 1 0 0 0    76.0   68.0
571  920.039656 2.317E-25 7.544E+00.03330.070 3322.13420.750.000000 0 2 0   0  A1' 0 1 0   0  A2" 18  4  E' E'   17  4  E' E"  331110 1 1 1 0 0 0   148.0  140.0
571  920.086285 1.664E-24 6.588E+00.03330.070 2877.24940.750.000000 0 2 0   0  A1' 0 1 0   0  A2" 17  7  E" E"   16  7  E" E'  331110 1 1 1 0 0 0   140.0  132.0
571  920.104267 1.181E-25 2.174E-03.03330.070 1597.94110.750.000000 0 1 0   1  E"  0 2 0   0  A1'  7  2  E' E"    6  4  E' E'  331110 1 1 1 0 0 0    60.0   52.0
571  920.273649 1.687E-23 7.997E+00.03480.070 2529.67570.750.000000 0 3 0   0  A2" 0 2 0   0  A1' 13  6  A2'A1"  12  6  A1'A1' 442110 1 1 2 0 0 0   216.0  200.0
571  920.300514 5.579E-26 2.373E+00.03330.070 3519.66360.750.000000 0 1 0   1  E"  0 0 0   1  E'  18 13  E" A1'  17 13  E" A1" 331110 1 1 1 0 0 0   296.0  280.0
571  920.347485 5.224E-25 1.191E+00.03330.070 2751.44710.750.000000 0 1 0   1  E"  0 0 0   1  E'  16 14  E' E"   15 14  E' E'  331110 1 1 1 0 0 0   132.0  124.0
571  920.464676 1.093E-25 3.696E-04.03330.070 1461.13010.750.000000 0 0 0   1  E'  0 1 0   0  A2" 10  4  E' A1'  10  6  A2'A1" 331110 1 1 1 0 0 0   168.0  168.0
571  920.887654 2.058E-23 5.452E+00.03450.070 2451.06840.750.000000 0 2 0   0  A1' 0 1 0   0  A2" 16  9  A1"A1"  15  9  A2"A1' 442110 1 1 2 0 0 0   264.0  248.0
571  920.906195 2.249E-26 1.465E-01.03330.070 2954.38680.750.000000 0 1 0   1  E"  0 2 0   0  A1' 15  9  A2"E'   14  7  E" E"  331110 1 1 1 0 0 0   124.0  116.0
571  921.101305 3.604E-28 1.550E-03.03330.070 2905.25180.750.000000 0 2 0   0  A1' 0 0 0   0  A1' 18 11  E" E"   18  8  E' E'  331110 1 1 1 0 0 0   148.0  148.0
571  921.261181 3.858E-28 4.428E+00.03240.070 4728.57330.750.000000 0 1 0   0  A2" 0 0 0   0  A1' 24  9  A2"A1'  23  9  A1"A1" 332110 1 1 2 0 0 0   392.0  376.0
571  921.271856 5.963E-27 3.309E-04.03330.070 1929.58560.750.000000 0 0 0   1  E'  0 1 0   0  A2" 12  3  A1"E"   12  5  E" E'  331110 1 1 1 0 0 0   100.0  100.0
571  921.463935 3.077E-27 9.943E-04.03330.070 2434.52260.750.000000 0 1 0   1  E"  0 0 0   1  E'  12  5  E" A1'  11  7  E" A1" 331110 1 1 1 0 0 0   200.0  184.0
571  921.521670 4.133E-23 1.809E+00.03330.070 1863.56490.750.000000 0 3 0   0  A2" 0 2 0   0  A1' 11 10  E' E"   10 10  E' E'  441110 1 1 1 0 0 0    92.0   84.0
571  921.554544 4.771E-26 1.928E-01.03330.070 2842.10960.750.000000 0 3 0   0  A2" 0 0 0   1  E'  14  4  E' E"   13  8  E' E'  331110 1 1 1 0 0 0   116.0  108.0
571  921.600314 4.546E-27 4.887E-06.03330.070 1013.01180.750.000000 0 0 0   1  E'  0 1 0   0  A2"  7  1  E" E"    7  5  E" E'  331110 1 1 1 0 0 0    60.0   60.0
571  921.611663 2.868E-25 1.833E-02.03330.070 2170.26170.750.000000 0 0 0   1  E'  0 0 0   0  A1' 17 16  E' A1'  18 15  A1"A1" 331110 1 1 1 0 0 0   280.0  296.0
571  921.742241 5.457E-26 3.513E+00.03380.070 3644.48250.750.000000 0 1 0   0  A2" 0 0 0   0  A1' 22 12  A2'A1"  21 12  A1'A1' 332110 1 1 2 0 0 0   360.0  344.0
571  921.744908 3.286E-27 1.031E-03.03330.070 2497.53110.750.000000 0 2 0   0  A1' 0 0 0   0  A1' 17 12  A1'A1'  17  9  A1"A1" 331110 1 1 1 0 0 0   280.0  280.0
571  921.932470 4.246E-24 9.734E+00.03460.070 2867.92800.750.000000 0 3 0   0  A2" 0 2 0   0  A1' 14  3  A2"A1'  13  3  A1"A1" 332110 1 1 2 0 0 0   232.0  216.0
571  921.950179 1.256E-26 5.454E-05.03330.070 1591.96260.750.000000 0 2 0   0  A1' 0 0 0   0  A1' 15 15  A1"A1"  15 12  A1'A1' 331110 1 1 1 0 0 0   248.0  248.0
571  921.968639 1.633E-25 6.182E-03.03330.070 1771.32410.750.000000 0 1 0   1  E"  0 2 0   0  A1'  8  0  A1'E"    7  2  E' E'  331110 1 1 1 0 0 0    68.0   60.0
571  922.083684 1.980E-28 1.204E-05.03330.070 1891.67570.750.000000 0 1 0   1  E"  0 2 0   0  A1'  9  3  A1"E'    9  7  E" E"  331110 1 1 1 0 0 0    76.0   76.0
571  922.289043 7.690E-28 3.383E-04.03330.070 2476.00880.750.000000 0 0 0   0  A1' 0 0 0   0  A1' 22 17  E" E"   21 20  E' E'  331110 1 1 1 0 0 0   180.0  172.0
571  922.299689 7.367E-25 3.726E+00.03330.070 2888.00160.750.000000 0 3 0   0  A2" 0 2 0   0  A1' 14  2  E' E"   13  2  E' E'  331110 1 1 1 0 0 0   116.0  108.0
571  922.388525 2.711E-25 7.376E+00.03330.070 3284.20860.750.000000 0 2 0   0  A1' 0 1 0   0  A2" 18  5  E" E"   17  5  E" E'  331110 1 1 1 0 0 0   148.0  140.0
571  922.457738 2.792E-27 3.902E+00.03330.070 4143.71410.750.000000 0 1 0   0  A2" 0 0 0   0  A1' 23 11  E" E'   22 11  E" E"  331110 1 1 1 0 0 0   188.0  180.0
571  922.468725 2.172E-25 6.736E-03.03330.070 1825.28950.750.000000 0 0 0   1  E'  0 1 0   0  A2" 13  9  A1"E"   12  7  E" E'  331110 1 1 1 0 0 0   108.0  100.0
571  922.566595 3.651E-26 2.509E-05.03330.070  969.10920.750.000000 0 2 0   0  A1' 0 0 0   0  A1'  9  7  E" E"   10  4  E' E'  331110 1 1 1 0 0 0    76.0   84.0
571  922.654073 2.534E-25 3.081E+00.03330.070 3149.32520.750.000000 0 1 0   0  A2" 0 0 0   0  A1' 21 13  E" E'   20 13  E" E"  331110 1 1 1 0 0 0   172.0  164.0
571  922.803645 4.426E-27 4.604E-05.03330.070 1548.65440.750.000000 0 0 0   1  E'  0 1 0   0  A2" 10  0  A1'E'   10  4  E' E"  331110 1 1 1 0 0 0    84.0   84.0
571  922.985926 1.323E-22 1.551E+00.03530.070 1832.31100.750.000000 0 1 0   0  A2" 0 0 0   0  A1' 18 15  A2"A1'  17 15  A1"A1" 442110 1 1 2 0 0 0   296.0  280.0
571  923.209603 2.099E-25 6.072E-02.03330.070 2251.22500.750.000000 0 1 0   1  E"  0 2 0   0  A1' 11  4  E' E"   10  2  E' E'  331110 1 1 1 0 0 0    92.0   84.0
571  923.342535 7.984E-27 1.558E-03.03330.070 2187.32480.750.000000 0 1 0   1  E"  0 2 0   0  A1' 12  9  A2"E'   12 11  E" E"  331110 1 1 1 0 0 0   100.0  100.0
571  923.389419 6.430E-25 6.421E-01.03620.070 2580.35650.750.000000 0 1 0   1  E"  0 0 0   1  E'  16 15  A1"E'   15 15  A1"E"  332110 1 1 2 0 0 0   132.0  124.0
571  923.678793 7.362E-28 3.740E-02.03330.070 3388.57830.750.000000 0 0 0   2  E'  0 0 0   1  E'  16 15  A1"E"   17 14  E' E'  331110 1 1 1 0 0 0   132.0  140.0
571  923.850217 9.944E-26 2.034E+00.03330.070 3367.58350.750.000000 0 1 0   1  E"  0 0 0   1  E'  18 14  E' A1"  17 14  E' A1' 331110 1 1 1 0 0 0   296.0  280.0
571  923.861909 2.297E-24 9.222E+00.03330.070 2839.80220.750.000000 0 3 0   0  A2" 0 2 0   0  A1' 14  4  E' E"   13  4  E' E'  331110 1 1 1 0 0 0   116.0  108.0
571  924.291627 9.904E-24 7.339E+00.03330.070 2477.28880.750.000000 0 3 0   0  A2" 0 2 0   0  A1' 13  7  E" E'   12  7  E" E"  441110 1 1 1 0 0 0   108.0  100.0
571  924.454525 2.141E-24 6.268E+00.03330.070 2813.30720.750.000000 0 2 0   0  A1' 0 1 0   0  A2" 17  8  E' E'   16  8  E' E"  331110 1 1 1 0 0 0   140.0  132.0
571  924.490213 2.108E-28 2.942E-03.03330.070 3252.13410.750.000000 0 2 0   1  E'  0 3 0   0  A2" 15 13  E" A1"  15 15  A2"A1' 331110 1 1 1 0 0 0   248.0  248.0
571  924.515093 5.654E-27 5.365E-04.03330.070 2095.67960.750.000000 0 2 0   0  A1' 0 0 0   0  A1' 16 13  E" E"   16 10  E' E'  331110 1 1 1 0 0 0   132.0  132.0
571  924.835970 6.030E-23 4.588E+00.03560.070 2135.56290.750.000000 0 3 0   0  A2" 0 2 0   0  A1' 12  9  A2"A1'  11  9  A1"A1" 442110 1 1 2 0 0 0   200.0  184.0
571  924.945424 1.711E-26 1.848E-03.03330.070 2047.91450.750.000000 0 3 0   0  A2" 0 0 0   1  E'  11  7  E" E'   10  9  A1"E"  331110 1 1 1 0 0 0    92.0   84.0
571  925.066356 2.186E-24 2.572E+00.03330.070 2658.01380.750.000000 0 1 0   0  A2" 0 0 0   0  A1' 20 14  E' E"   19 14  E' E'  331110 1 1 1 0 0 0   164.0  156.0
571  925.194882 2.746E-28 4.279E+00.03330.070 4647.19360.750.000000 0 1 0   0  A2" 0 0 0   0  A1' 24 10  E' E"   23 10  E' E'  331110 1 1 1 0 0 0   196.0  188.0
571  925.257091 3.569E-22 2.188E+00.03600.070 1647.79430.750.000000 0 2 0   0  A1' 0 1 0   0  A2" 14 12  A1'A1'  13 12  A2'A1" 442110 1 1 2 0 0 0   232.0  216.0
571  925.257293 2.653E-27 4.558E-03.03330.070 2691.13080.750.000000 0 0 0   1  E'  0 1 0   0  A2" 16  9  A1"E"   15  5  E" E'  331110 1 1 1 0 0 0   132.0  124.0
571  925.309244 6.559E-25 7.165E+00.03320.070 3237.79210.750.000000 0 2 0   0  A1' 0 1 0   0  A2" 18  6  A1'A1'  17  6  A2'A1" 331110 1 1 1 0 0 0   296.0  280.0
571  925.314957 1.768E-25 1.185E-02.03330.070 1997.28160.750.000000 0 0 0   1  E'  0 1 0   0  A2" 14 10  E' E'   13  8  E' E"  331110 1 1 1 0 0 0   116.0  108.0
571  925.501743 5.811E-23 3.782E+00.03330.070 2004.79600.750.000000 0 2 0   0  A1' 0 1 0   0  A2" 15 11  E" E"   14 11  E" E'  441110 1 1 1 0 0 0   124.0  116.0
571  925.546527 3.997E-26 8.081E+00.03330.070 3706.26430.750.000000 0 2 0   0  A1' 0 1 0   0  A2" 19  1  E" E"   18  1  E" E'  331110 1 1 1 0 0 0   156.0  148.0
571  925.570934 1.548E-26 4.659E-04.03330.070 1801.94880.750.000000 0 0 0   1  E'  0 1 0   0  A2" 12  6  A2'E'   11  2  E' E"  331110 1 1 1 0 0 0   100.0   92.0
571  925.598693 1.070E-28 1.900E-03.03330.070 3158.54680.750.000000 0 1 0   1  E"  0 2 0   0  A1' 15  6  A2'E"   15  8  E' E'  331110 1 1 1 0 0 0   124.0  124.0
571  925.659599 1.904E-28 8.023E-04.03330.070 3030.25860.750.000000 0 2 0   0  A1' 0 0 0   0  A1' 17  3  A1"A1"  18  6  A1'A1' 331110 1 1 1 0 0 0   280.0  296.0
571  925.705610 1.336E-25 3.133E-04.03330.070 1220.26640.750.000000 0 0 0   1  E'  0 1 0   0  A2"  9  5  E" E"    9  7  E" E'  331110 1 1 1 0 0 0    76.0   76.0
571  925.919770 8.552E-28 4.814E-04.03330.070 2420.02640.750.000000 0 3 0   0  A2" 0 1 0   0  A2" 13  8  E' E"   14  5  E" E'  331110 1 1 1 0 0 0   108.0  116.0
571  925.920121 4.776E-27 7.970E-02.03330.070 3158.54680.750.000000 0 1 0   1  E"  0 2 0   0  A1' 16 10  E' E"   15  8  E' E'  331110 1 1 1 0 0 0   132.0  124.0
571  926.106610 2.586E-24 8.752E+00.03330.070 2803.70720.750.000000 0 3 0   0  A2" 0 2 0   0  A1' 14  5  E" E'   13  5  E" E"  331110 1 1 1 0 0 0   116.0  108.0
571  926.123194 1.680E-25 1.650E+00.03330.070 3061.50540.750.000000 0 1 0   1  E"  0 0 0   1  E'  17 14  E' E"   16 14  E' E'  331110 1 1 1 0 0 0   140.0  132.0
571  926.180399 2.113E-28 2.124E-07.03330.070 1208.93840.750.000000 0 0 0   1  E'  0 0 0   0  A1' 10  8  E' A1'  11  3  A1"A1" 331110 1 1 1 0 0 0   168.0  184.0
571  926.252401 4.215E-26 8.029E+00.03330.070 3693.72410.750.000000 0 2 0   0  A1' 0 1 0   0  A2" 19  2  E' E'   18  2  E' E"  331110 1 1 1 0 0 0   156.0  148.0
571  926.545750 2.760E-27 2.319E-03.03330.070 2502.16690.750.000000 0 1 0   1  E"  0 2 0   0  A1' 13  8  E' E"   13 10  E' E'  331110 1 1 1 0 0 0   108.0  108.0
571  926.546604 6.929E-27 5.181E-02.03330.070 3027.51930.750.000000 0 0 0   1  E'  0 0 0   0  A1' 19 15  A1"E"   20 14  E' E'  331110 1 1 1 0 0 0   156.0  164.0
571  926.716458 1.277E-23 4.598E+00.03330.070 2369.13060.750.000000 0 2 0   0  A1' 0 1 0   0  A2" 16 10  E' E'   15 10  E' E"  441110 1 1 1 0 0 0   132.0  124.0
571  926.834181 3.147E-26 2.067E-04.03330.070 1470.96420.750.000000 0 2 0   0  A1' 0 0 0   0  A1' 11  4  E' E'   12  1  E" E"  331110 1 1 1 0 0 0    92.0  100.0
571  926.973925 3.654E-25 1.267E+00.03600.070 2793.49460.750.000000 0 2 0   1  E'  0 1 0   1  E"  13 12  A2'E'   12 12  A1'E"  332110 1 1 2 0 0 0   108.0  100.0
571  927.102549 1.201E-27 2.271E-03.03330.070 2826.11960.750.000000 0 1 0   1  E"  0 2 0   0  A1' 14  7  E" A1'  14  9  A1"A1" 331110 1 1 1 0 0 0   232.0  232.0
571  927.151738 1.147E-28 6.366E-02.03330.070 3933.57250.750.000000 0 0 0   1  E'  0 0 0   0  A1' 21 14  E' E'   22 13  E" E"  331110 1 1 1 0 0 0   172.0  180.0
571  927.157534 8.816E-28 2.840E-02.03330.070 3327.70300.750.000000 0 1 0   1  E"  0 1 0   0  A2" 19 17  E" E'   20 16  E' E"  331110 1 1 1 0 0 0   156.0  164.0
571  927.356984 1.075E-28 2.380E-04.03330.070 2729.51620.750.000000 0 0 0   1  E'  0 1 0   0  A2" 15  2  E' E'   15  4  E' E"  331110 1 1 1 0 0 0   124.0  124.0
571  927.426032 9.214E-26 7.942E+00.03330.070 3672.67770.750.000000 0 2 0   0  A1' 0 1 0   0  A2" 19  3  A1"A1"  18  3  A2"A1' 331110 1 1 1 0 0 0   312.0  296.0
571  928.008804 3.909E-25 2.976E-02.03330.070 2178.57100.750.000000 0 0 0   1  E'  0 1 0   0  A2" 15 11  E" A1"  14  9  A2"A1' 331110 1 1 1 0 0 0   248.0  232.0
571  928.062247 3.050E-26 5.830E-02.03330.070 2670.55090.750.000000 0 1 0   1  E"  0 2 0   0  A1' 13  5  E" E'   12  1  E" E"  331110 1 1 1 0 0 0   108.0  100.0
571  928.113874 4.685E-28 4.162E-02.03330.070 3501.62640.750.000000 0 0 0   2  A1' 0 0 0   1  E'  16 14  E' E'   17 13  E" E"  331110 1 1 1 0 0 0   132.0  140.0
571  928.141645 1.011E-27 1.085E-04.03330.070 2062.34270.750.000000 0 3 0   0  A2" 0 1 0   0  A2" 12 10  E' E"   13  7  E" E'  331110 1 1 1 0 0 0   100.0  108.0
571  928.254564 5.601E-25 7.447E-03.03330.070 1832.31100.750.000000 0 0 0   1  E'  0 0 0   0  A1' 16 16  E' A1'  17 15  A1"A1" 331110 1 1 1 0 0 0   264.0  280.0
571  928.513437 8.592E-27 3.732E+00.03370.070 4043.28720.750.000000 0 1 0   0  A2" 0 0 0   0  A1' 23 12  A2'A1"  22 12  A1'A1' 332110 1 1 2 0 0 0   376.0  360.0
571  928.654774 3.267E-28 7.524E-04.03330.070 2749.98460.750.000000 0 2 0   0  A1' 0 0 0   0  A1' 16  2  E' E'   17  5  E" E"  331110 1 1 1 0 0 0   132.0  140.0
571  928.719555 6.189E-25 9.969E-04.03330.070 1118.88420.750.000000 0 0 0   1  E'  0 1 0   0  A2"  8  3  A2"E"    7  1  E" E'  331110 1 1 1 0 0 0    68.0   60.0
571  928.861375 4.108E-25 6.923E+00.03330.070 3182.84340.750.000000 0 2 0   0  A1' 0 1 0   0  A2" 18  7  E" E"   17  7  E" E'  331110 1 1 1 0 0 0   148.0  140.0
571  928.891611 1.491E-27 4.077E-02.03330.070 3413.63930.750.000000 0 3 0   0  A2" 0 0 0   1  E'  17  9  A2"A1'  16 11  E" A1" 331110 1 1 1 0 0 0   280.0  264.0
571  928.962042 1.464E-28 2.053E-02.03460.070 3761.33350.750.000000 1 0 0   0  A1' 0 3 0   0  A2" 18 18  A1'A1'  18 18  A2'A1" 332110 1 1 2 0 0 0   296.0  296.0
571  929.013267 1.315E-25 1.122E-04.03330.070  988.08000.750.000000 0 0 0   1  E'  0 1 0   0  A2"  8  6  A2'E'    8  8  E' E"  331110 1 1 1 0 0 0    68.0   68.0
571  929.015092 1.177E-23 6.568E+00.03330.070 2416.93110.750.000000 0 3 0   0  A2" 0 2 0   0  A1' 13  8  E' E"   12  8  E' E'  441110 1 1 1 0 0 0   108.0  100.0
571  929.078520 4.355E-26 3.320E+00.03330.070 3533.56950.750.000000 0 1 0   0  A2" 0 0 0   0  A1' 22 13  E" E'   21 13  E" E"  331110 1 1 1 0 0 0   180.0  172.0
571  929.113245 1.617E-28 1.652E-04.03330.070 2468.91550.750.000000 0 0 0   2  A1' 0 1 0   1  E"   9  7  E" E"    9  9  A1"E'  331110 1 1 1 0 0 0    76.0   76.0
571  929.127245 5.209E-26 7.821E+00.03330.070 3643.52170.750.000000 0 2 0   0  A1' 0 1 0   0  A2" 19  4  E' E'   18  4  E' E"  331110 1 1 1 0 0 0   156.0  148.0
571  929.144310 3.329E-23 1.940E+00.03530.070 2170.26170.750.000000 0 1 0   0  A2" 0 0 0   0  A1' 19 15  A2"A1'  18 15  A1"A1" 442110 1 1 2 0 0 0   312.0  296.0
571  929.193627 1.221E-28 3.151E-03.03330.070 3389.44930.750.000000 0 3 0   0  A2" 0 1 0   0  A2" 16  3  A2"A1'  17  0  A2'A1" 331110 1 1 1 0 0 0   264.0  280.0
571  929.405858 2.722E-25 1.185E+00.03540.070 2892.64880.750.000000 0 1 0   1  E"  0 0 0   1  E'  17 15  A2"E'   16 15  A1"E"  332110 1 1 2 0 0 0   140.0  132.0
571  929.437817 4.871E-26 4.083E-04.03330.070 1662.62110.750.000000 0 0 0   1  E'  0 1 0   0  A2" 11  4  E' A1'  11  6  A2'A1" 331110 1 1 1 0 0 0   184.0  184.0
571  929.529553 5.671E-24 5.895E+00.03390.070 2740.65650.750.000000 0 2 0   0  A1' 0 1 0   0  A2" 17  9  A1"A1"  16  9  A2"A1' 332110 1 1 2 0 0 0   280.0  264.0
571  929.682920 2.340E-22 6.013E-01.03330.070 1363.17220.750.000000 0 1 0   0  A2" 0 0 0   0  A1' 17 16  E' E"   16 16  E' E'  441110 1 1 1 0 0 0   140.0  132.0
571  929.693901 1.608E-25 1.173E-02.03330.070 1925.86020.750.000000 0 1 0   1  E"  0 2 0   0  A1'  9  1  E" E'    8  1  E" E"  331110 1 1 1 0 0 0    76.0   68.0
571  929.694282 1.326E-26 8.368E-04.03330.070 2094.86950.750.000000 0 1 0   1  E"  0 2 0   0  A1' 12 10  E' A1"  12 12  A1'A1' 331110 1 1 1 0 0 0   200.0  200.0
571  929.833306 6.022E-26 9.725E-05.03330.070 1118.88420.750.000000 0 0 0   1  E'  0 1 0   0  A2"  8  3  A1"E"    7  1  E" E'  331110 1 1 1 0 0 0    68.0   60.0
571  929.896502 4.062E-28 4.121E+00.03330.070 4556.89220.750.000000 0 1 0   0  A2" 0 0 0   0  A1' 24 11  E" E'   23 11  E" E"  331110 1 1 1 0 0 0   196.0  188.0
571  929.966825 3.144E-25 9.924E-02.03330.070 2426.01970.750.000000 0 1 0   1  E"  0 2 0   0  A1' 12  5  E" A1'  11  3  A1"A1" 331110 1 1 1 0 0 0   200.0  184.0
571  930.103327 1.380E-27 1.543E-02.03330.070 3061.50540.750.000000 0 0 0   2  E'  0 0 0   1  E'  15 15  A1"E"   16 14  E' E'  331110 1 1 1 0 0 0   124.0  132.0
571  930.159598 1.452E-28 7.587E-05.03330.070 2529.67570.750.000000 0 1 0   1  E"  0 2 0   0  A1' 12  2  E' A1"  12  6  A1'A1' 331110 1 1 1 0 0 0   200.0  200.0
571  930.195049 2.263E-26 2.386E+00.03330.070 3712.90910.750.000000 0 1 0   1  E"  0 0 0   1  E'  19 14  E' A1"  18 14  E' A1' 331110 1 1 1 0 0 0   312.0  296.0
571  930.197299 1.094E-26 1.631E-04.03330.070 1699.58120.750.000000 0 2 0   0  A1' 0 0 0   0  A1' 15 14  E' E'   15 11  E" E"  331110 1 1 1 0 0 0   124.0  124.0
571  930.199009 2.026E-27 3.349E-04.03330.070 2166.11930.750.000000 0 0 0   1  E'  0 1 0   0  A2" 13  3  A2"E"   13  5  E" E'  331110 1 1 1 0 0 0   108.0  108.0
571  930.380151 2.747E-27 4.873E-04.03330.070 2147.56490.750.000000 0 1 0   1  E"  0 0 0   1  E'  11  6  A2'E"   10  8  E' E'  331110 1 1 1 0 0 0    92.0   84.0
571  930.424198 9.983E-29 1.959E-04.03330.070 2623.17420.750.000000 0 2 0   1  E'  0 0 0   1  E'  10  6  A2'E'   11  3  A2"E"  331110 1 1 1 0 0 0    84.0   92.0
571  930.601849 6.001E-24 8.271E+00.03430.070 2759.51590.750.000000 0 3 0   0  A2" 0 2 0   0  A1' 14  6  A2'A1"  13  6  A1'A1' 332110 1 1 2 0 0 0   232.0  216.0
571  930.722701 1.044E-24 3.792E-01.03330.070 2369.13060.750.000000 0 0 0   1  E'  0 1 0   0  A2" 16 12  A1'E'   15 10  E' E"  331110 1 1 1 0 0 0   132.0  124.0
571  930.727336 2.239E-27 5.020E-02.03330.070 3371.95610.750.000000 0 1 0   1  E"  0 2 0   0  A1' 17 11  E" A1'  16  9  A1"A1" 331110 1 1 1 0 0 0   280.0  264.0
571  930.733352 7.588E-28 1.045E-03.03330.070 2759.38440.750.000000 0 3 0   0  A2" 0 1 0   0  A2" 14  6  A2'A1"  15  3  A2"A1' 331110 1 1 1 0 0 0   232.0  248.0
571  930.852888 5.021E-27 9.942E-06.03330.070 1160.38500.750.000000 0 0 0   1  E'  0 1 0   0  A2"  8  1  E" E"    8  5  E" E'  331110 1 1 1 0 0 0    68.0   68.0
571  931.164113 3.591E-28 4.727E-04.03330.070 2592.54030.750.000000 0 3 0   0  A2" 0 0 0   1  E'  13  4  E' E"   12  8  E' E'  331110 1 1 1 0 0 0   108.0  100.0
571  931.215672 3.220E-28 1.028E-03.03330.070 2888.79270.750.000000 0 0 0   0  A1' 0 0 0   0  A1' 23 17  E" E"   22 20  E' E'  331110 1 1 1 0 0 0   188.0  180.0
571  931.276272 4.162E-25 2.851E+00.03330.070 3027.51930.750.000000 0 1 0   0  A2" 0 0 0   0  A1' 21 14  E' E"   20 14  E' E'  331110 1 1 1 0 0 0   172.0  164.0
571  931.336239 6.103E-26 7.665E+00.03330.070 3605.82620.750.000000 0 2 0   0  A1' 0 1 0   0  A2" 19  5  E" E"   18  5  E" E'  331110 1 1 1 0 0 0   156.0  148.0
571  931.524636 3.094E-23 3.290E+00.03330.070 2058.95970.750.000000 0 3 0   0  A2" 0 2 0   0  A1' 12 10  E' E"   11 10  E' E'  441110 1 1 1 0 0 0   100.0   92.0
571  931.740608 4.437E-26 2.045E+00.03330.070 3388.57830.750.000000 0 1 0   1  E"  0 0 0   1  E'  18 14  E' E"   17 14  E' E'  331110 1 1 1 0 0 0   148.0  140.0
571  932.027530 1.033E-27 6.807E-04.03330.070 2478.14080.750.000000 0 2 0   0  A1' 0 0 0   0  A1' 15  1  E" E"   16  4  E' E'  331110 1 1 1 0 0 0   124.0  132.0
571  932.055047 2.026E-27 9.394E-05.03330.070 1852.01510.750.000000 0 3 0   0  A2" 0 0 0   1  E'  10  7  E" E'    9  9  A1"E"  331110 1 1 1 0 0 0    84.0   76.0
571  932.649686 1.659E-28 2.215E-05.03330.070 2069.43160.750.000000 0 1 0   1  E"  0 2 0   0  A1' 10  3  A1"E'   10  7  E" E"  331110 1 1 1 0 0 0    84.0   84.0
571  932.694121 4.426E-26 4.021E-02.03330.070 2568.93220.750.000000 0 0 0   1  E'  0 1 0   0  A2" 17 13  E" E"   16 11  E" E'  331110 1 1 1 0 0 0   140.0  132.0
571  933.032952 5.316E-25 6.635E+00.03330.070 3119.31080.750.000000 0 2 0   0  A1' 0 1 0   0  A2" 18  8  E' E'   17  8  E' E"  331110 1 1 1 0 0 0   148.0  140.0
571  933.324806 1.022E-26 2.604E-06.03330.070  737.54090.750.000000 0 2 0   0  A1' 0 0 0   0  A1'  8  8  E' E'    9  5  E" E"  331110 1 1 1 0 0 0    68.0   76.0
571  933.556883 1.671E-25 2.750E-01.03330.070 2652.11170.750.000000 0 3 0   0  A2" 0 0 0   1  E'  14  8  E' E"   13 10  E' E'  331110 1 1 1 0 0 0   116.0  108.0
571  933.594896 2.095E-27 1.974E-03.03330.070 2665.27360.750.000000 0 1 0   1  E"  0 0 0   1  E'  13  5  E" A1'  12  7  E" A1" 331110 1 1 1 0 0 0   216.0  200.0
571  933.686389 1.496E-22 3.040E+00.03560.070 1904.40460.750.000000 0 2 0   0  A1' 0 1 0   0  A2" 15 12  A1'A1'  14 12  A2'A1" 442110 1 1 2 0 0 0   248.0  232.0
571  933.702702 5.075E-25 1.417E-03.03330.070 1252.77520.750.000000 0 0 0   1  E'  0 1 0   0  A2"  9  4  E' E'    8  2  E' E"  331110 1 1 1 0 0 0    76.0   68.0
571  933.731291 7.732E-25 9.841E+00.03330.070 3086.59340.750.000000 0 3 0   0  A2" 0 2 0   0  A1' 15  4  E' E"   14  4  E' E'  331110 1 1 1 0 0 0   124.0  116.0
571  933.883984 3.248E-26 4.314E-02.03330.070 2658.01380.750.000000 0 0 0   1  E'  0 0 0   0  A1' 18 15  A2"E"   19 14  E' E'  331110 1 1 1 0 0 0   148.0  156.0
571  933.943097 1.879E-23 4.419E+00.03330.070 2278.28070.750.000000 0 2 0   0  A1' 0 1 0   0  A2" 16 11  E" E"   15 11  E" E'  441110 1 1 1 0 0 0   132.0  124.0
571  934.094322 1.481E-25 7.472E+00.03300.070 3559.69860.750.000000 0 2 0   0  A1' 0 1 0   0  A2" 19  6  A1'A1'  18  6  A2'A1" 331110 1 1 1 0 0 0   312.0  296.0
571  934.096875 4.976E-26 1.139E-04.03330.070 1232.28220.750.000000 0 2 0   0  A1' 0 0 0   0  A1' 10  5  E" E"   11  2  E' E'  331110 1 1 1 0 0 0    84.0   92.0
571  934.105719 3.790E-25 7.999E-05.03330.070  751.50620.750.000000 0 0 0   1  E'  0 1 0   0  A2"  5  1  E" A1"   4  3  A2"A1' 331110 1 1 1 0 0 0    88.0   72.0
571  934.134908 3.711E-24 7.993E+00.03330.070 2707.26050.750.000000 0 3 0   0  A2" 0 2 0   0  A1' 14  7  E" E'   13  7  E" E"  331110 1 1 1 0 0 0   116.0  108.0
571  934.646320 2.782E-23 5.631E+00.03530.070 2348.40620.750.000000 0 3 0   0  A2" 0 2 0   0  A1' 13  9  A2"A1'  12  9  A1"A1" 442110 1 1 2 0 0 0   216.0  200.0
571  934.755069 2.650E-28 4.897E-02.03330.070 3836.68700.750.000000 0 1 0   1  E"  0 1 0   0  A2" 20 16  E' A1"  21 15  A2"A1' 331110 1 1 1 0 0 0   328.0  344.0
571  934.802640 7.680E-26 4.058E-04.03330.070 1404.09840.750.000000 0 0 0   1  E'  0 1 0   0  A2" 10  5  E" E"   10  7  E" E'  331110 1 1 1 0 0 0    84.0   84.0
571  934.959099 1.611E-22 1.181E+00.03330.070 1537.79830.750.000000 0 2 0   0  A1' 0 1 0   0  A2" 14 13  E" E"   13 13  E" E'  441110 1 1 1 0 0 0   116.0  108.0
571  934.962603 2.936E-27 3.500E-03.03330.070 2777.94650.750.000000 0 0 0   1  E'  0 1 0   0  A2" 18 14  E' A1'  17 12  A2'A1" 331110 1 1 1 0 0 0   296.0  280.0
571  934.979576 5.670E-25 6.540E-01.03620.070 2605.01270.750.000000 0 1 0   1  E"  0 0 0   1  E'  16 15  A2"E'   15 15  A2"E"  332110 1 1 2 0 0 0   132.0  124.0
571  935.105938 7.263E-24 2.284E+00.03530.070 2524.85390.750.000000 0 1 0   0  A2" 0 0 0   0  A1' 20 15  A2"A1'  19 15  A1"A1" 332110 1 1 2 0 0 0   328.0  312.0
571  935.160729 7.577E-28 6.422E-02.03330.070 3533.56950.750.000000 0 0 0   1  E'  0 0 0   0  A1' 20 14  E' E'   21 13  E" E"  331110 1 1 1 0 0 0   164.0  172.0
571  935.213314 3.797E-27 2.155E-03.03330.070 2417.70030.750.000000 0 1 0   1  E"  0 2 0   0  A1' 13  9  A1"E'   13 11  E" E"  331110 1 1 1 0 0 0   108.0  108.0
571  935.231703 2.526E-27 1.524E-03.03330.070 2458.63180.750.000000 0 0 0   1  E'  0 1 0   0  A2" 15  8  E' E'   14  4  E' E"  331110 1 1 1 0 0 0   124.0  116.0
571  935.277388 7.965E-26 1.649E+00.03530.070 3222.42240.750.000000 0 1 0   1  E"  0 0 0   1  E'  18 15  A1"E'   17 15  A1"E"  332110 1 1 2 0 0 0   148.0  140.0
571  935.348287 3.855E-24 5.460E+00.03330.070 2659.22490.750.000000 0 2 0   0  A1' 0 1 0   0  A2" 17 10  E' E'   16 10  E' E"  331110 1 1 1 0 0 0   140.0  132.0
571  935.360310 2.868E-28 3.626E-02.03330.070 3594.57320.750.000000 0 1 0   1  E"  0 2 0   0  A1' 18 12  A2'E"   17 10  E' E'  331110 1 1 1 0 0 0   148.0  140.0
571  935.370687 9.464E-23 1.117E+00.03330.070 1685.72090.750.000000 0 1 0   0  A2" 0 0 0   0  A1' 18 16  E' E"   17 16  E' E'  441110 1 1 1 0 0 0   148.0  140.0
571  935.424629 1.248E-27 3.954E+00.03350.070 4457.55410.750.000000 0 1 0   0  A2" 0 0 0   0  A1' 24 12  A2'A1"  23 12  A1'A1' 332110 1 1 2 0 0 0   392.0  376.0
571  935.426244 6.865E-27 3.550E+00.03330.070 3933.57250.750.000000 0 1 0   0  A2" 0 0 0   0  A1' 23 13  E" E'   22 13  E" E"  331110 1 1 1 0 0 0   188.0  180.0
571  935.587078 2.913E-27 1.736E-02.03330.070 2966.13320.750.000000 0 1 0   1  E"  0 1 0   0  A2" 18 17  E" E'   19 16  E' E"  331110 1 1 1 0 0 0   148.0  156.0
571  935.615807 1.271E-27 2.496E-02.03330.070 3174.92000.750.000000 0 0 0   2  A1' 0 0 0   1  E'  15 14  E' E'   16 13  E" E"  331110 1 1 1 0 0 0   124.0  132.0
571  935.695451 1.473E-28 1.852E-02.03330.070 3581.98510.750.000000 1 0 0   0  A1' 0 3 0   0  A2" 17 17  E" E"   17 17  E" E'  331110 1 1 1 0 0 0   140.0  140.0
571  935.897807 4.572E-26 7.284E-04.03330.070 1561.45690.750.000000 0 1 0   1  E"  0 2 0   0  A1'  7  3  A1"E'    6  5  E" E"  331110 1 1 1 0 0 0    60.0   52.0
571  935.934950 1.188E-26 1.171E-03.03330.070 2214.68280.750.000000 0 2 0   0  A1' 0 0 0   0  A1' 14  0  A1'A1'  15  3  A1"A1" 331110 1 1 1 0 0 0   232.0  248.0
571  935.969107 2.288E-26 3.072E-04.03330.070 1614.12100.750.000000 0 0 0   1  E'  0 1 0   0  A2" 11  5  E" E"   10  1  E" E'  331110 1 1 1 0 0 0    92.0   84.0
571  935.972681 2.006E-27 5.206E-05.03330.070 1749.78290.750.000000 0 0 0   1  E'  0 1 0   0  A2" 11  0  A2'E'   11  4  E' E"  331110 1 1 1 0 0 0    92.0   92.0
571  936.142511 8.817E-25 9.466E+00.03330.070 3050.56900.750.000000 0 3 0   0  A2" 0 2 0   0  A1' 15  5  E" E'   14  5  E" E"  331110 1 1 1 0 0 0   124.0  116.0
571  936.505032 1.172E-25 1.701E-01.03330.070 2610.20500.750.000000 0 1 0   1  E"  0 2 0   0  A1' 13  6  A1'E"   12  4  E' E'  331110 1 1 1 0 0 0   108.0  100.0
571  936.558433 1.285E-27 1.209E-03.03330.070 2574.51120.750.000000 0 2 0   0  A1' 0 0 0   0  A1' 17 11  E" E"   17  8  E' E'  331110 1 1 1 0 0 0   140.0  140.0
571  936.771368 1.977E-26 3.155E-04.03330.070 1561.45690.750.000000 0 3 0   0  A2" 0 2 0   0  A1'  7  1  E" E'    6  5  E" E"  331110 1 1 1 0 0 0    60.0   52.0
571  937.184189 6.924E-26 5.395E+00.03330.070 3505.10090.750.000000 0 2 0   0  A1' 0 1 0   0  A2" 19  7  E" E"   18  7  E" E'  331110 1 1 1 0 0 0   156.0  148.0
571  937.201282 1.016E-26 2.389E+00.03330.070 3732.34850.750.000000 0 1 0   1  E"  0 0 0   1  E'  19 14  E' E"   18 14  E' E'  331110 1 1 1 0 0 0   156.0  148.0
571  937.312706 7.199E-26 3.109E+00.03330.070 3413.08020.750.000000 0 1 0   0  A2" 0 0 0   0  A1' 22 14  E' E"   21 14  E' E'  331110 1 1 1 0 0 0   180.0  172.0
571  937.363753 9.831E-27 7.321E-04.03330.070 2182.86070.750.000000 0 2 0   0  A1' 0 0 0   0  A1' 16 12  A1'A1'  16  9  A1"A1" 331110 1 1 1 0 0 0   264.0  264.0
571  937.395373 2.755E-28 1.698E-03.03330.070 2972.31570.750.000000 0 2 0   0  A1' 0 0 0   0  A1' 18 10  E' E'   18  7  E" E"  331110 1 1 1 0 0 0   148.0  148.0
571  937.600206 1.330E-27 5.536E-07.03330.070 1002.02900.750.000000 0 0 0   1  E'  0 0 0   0  A1'  9  8  E' A1'  10  3  A1"A1" 331110 1 1 1 0 0 0   152.0  168.0
571  937.891472 1.419E-24 6.301E+00.03380.070 3047.13220.750.000000 0 2 0   0  A1' 0 1 0   0  A2" 18  9  A1"A1"  17  9  A2"A1' 332110 1 1 2 0 0 0   296.0  280.0
571  937.986013 9.286E-28 2.479E-03.03330.070 2749.75010.750.000000 0 1 0   1  E"  0 2 0   0  A1' 14  8  E' E"   14 10  E' E'  331110 1 1 1 0 0 0   116.0  116.0
571  938.000262 1.474E-25 2.570E-04.03330.070 1154.09340.750.000000 0 0 0   1  E'  0 1 0   0  A2"  9  6  A1'E'    9  8  E' E"  331110 1 1 1 0 0 0    76.0   76.0
571  938.060627 1.160E-27 1.364E-04.03330.070 2235.10550.750.000000 0 0 0   1  E'  0 1 0   0  A2" 13  1  E" A1"  13  3  A2"A1' 331110 1 1 1 0 0 0   216.0  216.0
571  938.176226 3.366E-28 2.203E-03.03330.070 3090.47080.750.000000 0 1 0   1  E"  0 2 0   0  A1' 15  7  E" A1'  15  9  A1"A1" 331110 1 1 1 0 0 0   248.0  248.0
571  938.214013 1.077E-26 8.105E+00.03330.070 3981.41640.750.000000 0 2 0   0  A1' 0 1 0   0  A2" 20  4  E' E'   19  4  E' E"  331110 1 1 1 0 0 0   164.0  156.0
571  938.219712 2.372E-26 1.853E+00.03330.070 3505.10090.750.000000 0 0 0   1  E'  0 1 0   0  A2" 19 11  E" E"   18  7  E" E'  331110 1 1 1 0 0 0   156.0  148.0
571  938.308429 2.062E-28 7.022E-05.03330.070 2381.59480.750.000000 0 2 0   1  E'  0 0 0   1  E'   9  7  E" A1"  10  4  E' A1' 331110 1 1 1 0 0 0   152.0  168.0
571  938.320744 4.080E-25 2.566E-04.03330.070  866.04010.750.000000 0 0 0   1  E'  0 1 0   0  A2"  6  0  A1'E'    5  2  E' E"  331110 1 1 1 0 0 0    52.0   44.0
571  938.323374 3.223E-28 1.509E-04.03330.070 2360.95460.750.000000 0 3 0   0  A2" 0 0 0   1  E'  12  4  E' E"   11  8  E' E'  331110 1 1 1 0 0 0   100.0   92.0
571  938.448938 7.457E-25 1.909E-03.03330.070 1396.04250.750.000000 0 0 0   1  E'  0 1 0   0  A2" 10  5  E" A1"   9  3  A2"A1' 331110 1 1 1 0 0 0   168.0  152.0
571  938.565627 1.891E-24 8.234E+00.03400.070 3006.49890.750.000000 0 3 0   0  A2" 0 2 0   0  A1' 15  6  A2'A1"  14  6  A1'A1' 332110 1 1 2 0 0 0   248.0  232.0
571  938.701062 1.888E-26 4.308E-04.03330.070 1881.83210.750.000000 0 0 0   1  E'  0 1 0   0  A2" 12  4  E' A1'  12  6  A2'A1" 331110 1 1 1 0 0 0   200.0  200.0
571  938.858744 4.357E-24 7.065E+00.03330.070 2646.80980.750.000000 0 3 0   0  A2" 0 2 0   0  A1' 14  8  E' E"   13  8  E' E'  331110 1 1 1 0 0 0   116.0  108.0
571  939.162576 2.474E-23 1.772E+00.03330.070 1974.39940.750.000000 0 3 0   0  A2" 0 2 0   0  A1' 12 11  E" E'   11 11  E" E"  441110 1 1 1 0 0 0   100.0   92.0
571  939.328092 6.191E-28 3.336E-04.03330.070 2420.02640.750.000000 0 0 0   1  E'  0 1 0   0  A2" 14  3  A1"E"   14  5  E" E'  331110 1 1 1 0 0 0   116.0  116.0
571  939.427962 1.430E-28 1.792E-03.03330.070 3080.89680.750.000000 0 3 0   0  A2" 0 1 0   0  A2" 15  4  E' E"   16  1  E" E'  331110 1 1 1 0 0 0   124.0  132.0
571  939.843787 2.397E-25 1.200E+00.03540.070 2917.04490.750.000000 0 1 0   1  E"  0 0 0   1  E'  17 15  A1"E'   16 15  A2"E"  332110 1 1 2 0 0 0   140.0  132.0
571  939.981483 1.001E-28 2.098E-03.03330.070 3376.34260.750.000000 0 2 0   0  A1' 0 0 0   0  A1' 19  9  A1"A1"  19  6  A1'A1' 331110 1 1 1 0 0 0   312.0  312.0
571  940.069960 9.248E-26 8.663E-05.03330.070  976.72800.750.000000 0 0 0   1  E'  0 1 0   0  A2"  7  2  E' E'    6  2  E' E"  331110 1 1 1 0 0 0    60.0   52.0
571  940.133993 2.524E-26 8.022E-03.03330.070 2263.34300.750.000000 0 1 0   1  E"  0 2 0   0  A1' 11  3  A1"E'   10  1  E" E"  331110 1 1 1 0 0 0    92.0   84.0
571  940.181392 7.719E-27 4.780E-04.03330.070 1959.85560.750.000000 0 2 0   0  A1' 0 0 0   0  A1' 13  1  E" E"   14  2  E' E'  331110 1 1 1 0 0 0   108.0  116.0
571  940.258062 1.264E-26 7.957E+00.03330.070 3943.94250.750.000000 0 2 0   0  A1' 0 1 0   0  A2" 20  5  E" E"   19  5  E" E'  331110 1 1 1 0 0 0   164.0  156.0
571  940.613827 1.267E-26 3.103E-04.03330.070 1797.27480.750.000000 0 2 0   0  A1' 0 0 0   0  A1' 15 13  E" E"   15 10  E' E'  331110 1 1 1 0 0 0   124.0  124.0
571  940.883930 1.409E-24 2.594E+00.03510.070 2895.80310.750.000000 0 1 0   0  A2" 0 0 0   0  A1' 21 15  A2"A1'  20 15  A1"A1" 332110 1 1 2 0 0 0   344.0  328.0
571  940.908877 2.651E-23 1.564E+00.03330.070 2025.22440.750.000000 0 1 0   0  A2" 0 0 0   0  A1' 19 16  E' E"   18 16  E' E'  441110 1 1 1 0 0 0   156.0  148.0
571  941.011133 1.912E-26 2.052E+00.03530.070 3569.37260.750.000000 0 1 0   1  E"  0 0 0   1  E'  19 15  A1"E'   18 15  A1"E"  332110 1 1 2 0 0 0   156.0  148.0
571  941.104545 1.601E-23 4.528E+00.03330.070 2271.86230.750.000000 0 3 0   0  A2" 0 2 0   0  A1' 13 10  E' E"   12 10  E' E'  441110 1 1 1 0 0 0   108.0  100.0
571  941.240914 4.100E-27 1.659E-05.03330.070 1325.85440.750.000000 0 0 0   1  E'  0 1 0   0  A2"  9  1  E" E"    9  5  E" E'  331110 1 1 1 0 0 0    76.0   76.0
571  941.270111 1.250E-25 3.204E-02.03330.070 2304.84630.750.000000 0 0 0   1  E'  0 0 0   0  A1' 17 15  A2"E"   18 14  E' E'  331110 1 1 1 0 0 0   140.0  148.0
571  941.277391 1.336E-28 6.515E-02.03330.070 4043.28720.750.000000 0 0 0   1  E'  0 0 0   0  A1' 21 13  E" A1"  22 12  A1'A1' 331110 1 1 1 0 0 0   344.0  360.0
571  941.410510 1.207E-25 6.983E+00.03330.070 3441.98500.750.000000 0 2 0   0  A1' 0 1 0   0  A2" 19  8  E' E'   18  8  E' E"  331110 1 1 1 0 0 0   156.0  148.0
571  941.784785 5.134E-23 3.777E+00.03550.070 2178.43970.750.000000 0 2 0   0  A1' 0 1 0   0  A2" 16 12  A1'A1'  15 12  A2'A1" 442110 1 1 2 0 0 0   264.0  248.0
571  941.794618 2.814E-27 2.043E-04.03330.070 2118.60420.750.000000 0 3 0   0  A2" 0 1 0   0  A2" 12  9  A2"A1'  13  6  A2'A1" 331110 1 1 1 0 0 0   200.0  216.0
571  941.828515 9.973E-28 3.775E+00.03330.070 4349.04780.750.000000 0 1 0   0  A2" 0 0 0   0  A1' 24 13  E" E'   23 13  E" E"  331110 1 1 1 0 0 0   196.0  188.0
571  942.119778 3.321E-28 1.967E-02.03330.070 3412.24390.750.000000 1 0 0   0  A1' 0 3 0   0  A2" 16 16  E' E'   16 16  E' E"  331110 1 1 1 0 0 0   132.0  132.0
571  942.137398 5.337E-24 4.943E+00.03330.070 2568.93220.750.000000 0 2 0   0  A1' 0 1 0   0  A2" 17 11  E" E"   16 11  E" E'  331110 1 1 1 0 0 0   140.0  132.0
571  942.213993 9.260E-27 1.701E-03.03330.070 2325.26490.750.000000 0 1 0   1  E"  0 2 0   0  A1' 13 10  E' A1"  13 12  A1'A1' 331110 1 1 1 0 0 0   216.0  216.0
571  942.276710 1.101E-25 4.627E-05.03330.070 1002.02900.750.000000 0 2 0   0  A1' 0 0 0   0  A1'  9  6  A1'A1'  10  3  A1"A1" 331110 1 1 1 0 0 0   152.0  168.0
571  942.822413 3.070E-26 7.777E+00.03280.070 3898.09520.750.000000 0 2 0   0  A1' 0 1 0   0  A2" 20  6  A1'A1'  19  6  A2'A1" 332110 1 1 2 0 0 0   328.0  312.0
571  942.867594 1.019E-27 5.189E-05.03330.070 1866.78440.750.000000 0 1 0   1  E"  0 0 0   1  E'  10  7  E" E'    9  9  A2"E"  331110 1 1 1 0 0 0    84.0   76.0
571  942.909564 9.682E-26 3.394E-01.03330.070 2803.70720.750.000000 0 1 0   1  E"  0 2 0   0  A1' 14  7  E" E'   13  5  E" E"  331110 1 1 1 0 0 0   116.0  108.0
571  942.948653 9.497E-28 6.682E-04.03330.070 2458.63180.750.000000 0 3 0   0  A2" 0 1 0   0  A2" 13  7  E" E'   14  4  E' E"  331110 1 1 1 0 0 0   108.0  116.0
571  942.968105 8.955E-23 2.179E+00.03330.070 1794.92060.750.000000 0 2 0   0  A1' 0 1 0   0  A2" 15 13  E" E"   14 13  E" E'  441110 1 1 1 0 0 0   124.0  116.0
571  942.975339 2.513E-25 2.490E-03.03330.070 1548.65440.750.000000 0 0 0   1  E'  0 1 0   0  A2" 11  6  A2'E'   10  4  E' E"  331110 1 1 1 0 0 0    92.0   84.0
571  943.154185 1.058E-26 2.042E-04.03330.070 1597.94110.750.000000 0 1 0   1  E"  0 2 0   0  A1'  7  0  A2'E"    6  4  E' E'  331110 1 1 1 0 0 0    60.0   52.0
571  943.160232 1.281E-27 4.058E-02.03330.070 3459.95980.750.000000 0 1 0   1  E"  0 1 0   0  A2" 19 16  E' A1"  20 15  A2"A1' 331110 1 1 1 0 0 0   312.0  328.0
571  943.177288 4.398E-27 6.154E-02.03330.070 3149.32520.750.000000 0 0 0   1  E'  0 0 0   0  A1' 19 14  E' E'   20 13  E" E"  331110 1 1 1 0 0 0   156.0  164.0
571  943.237271 1.139E-26 3.352E+00.03330.070 3814.41130.750.000000 0 1 0   0  A2" 0 0 0   0  A1' 23 14  E' E"   22 14  E' E'  331110 1 1 1 0 0 0   188.0  180.0
571  943.274372 3.127E-25 6.487E-01.03330.070 2734.25440.750.000000 0 1 0   1  E"  0 0 0   1  E'  17 16  E' E"   16 16  E' E'  331110 1 1 1 0 0 0   140.0  132.0
571  943.476191 9.762E-25 5.917E+00.03330.070 2966.23490.750.000000 0 2 0   0  A1' 0 1 0   0  A2" 18 10  E' E'   17 10  E' E"  331110 1 1 1 0 0 0   148.0  140.0
571  943.799012 1.239E-24 8.470E+00.03330.070 2954.38680.750.000000 0 3 0   0  A2" 0 2 0   0  A1' 15  7  E" E'   14  7  E" E"  331110 1 1 1 0 0 0   124.0  116.0
571  944.065713 1.110E-23 6.527E+00.03530.070 2578.61520.750.000000 0 3 0   0  A2" 0 2 0   0  A1' 14  9  A2"A1'  13  9  A1"A1" 442110 1 1 2 0 0 0   232.0  216.0
571  944.158248 1.009E-25 3.161E-03.03330.070 1722.67940.750.000000 0 1 0   1  E"  0 2 0   0  A1'  8  2  E' E"    7  4  E' E'  331110 1 1 1 0 0 0    68.0   60.0
571  944.218021 1.617E-27 7.664E-04.03330.070 2360.95460.750.000000 0 1 0   1  E"  0 0 0   1  E'  12  6  A2'E"   11  8  E' E'  331110 1 1 1 0 0 0   100.0   92.0
571  944.259071 2.325E-25 4.179E-03.03330.070 1751.05430.750.000000 0 1 0   1  E"  0 2 0   0  A1'  8  1  E" A1'   7  3  A1"A1" 331110 1 1 1 0 0 0   136.0  120.0
571  944.268562 3.617E-26 4.744E-04.03330.070 1605.82150.750.000000 0 0 0   1  E'  0 1 0   0  A2" 11  5  E" E"   11  7  E" E'  331110 1 1 1 0 0 0    92.0   92.0
571  944.427298 2.241E-27 1.065E-02.03330.070 2865.58820.750.000000 0 0 0   2  A1' 0 0 0   1  E'  14 14  E' E'   15 13  E" E"  331110 1 1 1 0 0 0   116.0  124.0
571  944.508165 5.864E-27 7.035E-03.03330.070 2621.09160.750.000000 0 1 0   1  E"  0 1 0   0  A2" 17 17  E" E'   18 16  E' E"  331110 1 1 1 0 0 0   140.0  148.0
571  944.533870 1.185E-28 1.647E-04.03330.070 2688.83910.750.000000 0 2 0   1  E'  0 0 0   1  E'  10  4  E' A1'  11  1  E" A1" 331110 1 1 1 0 0 0   168.0  184.0
571  944.534057 1.278E-27 6.414E-02.03330.070 3519.66360.750.000000 0 0 0   2  E'  0 0 0   1  E'  16 14  E' A1'  17 13  E" A1" 331110 1 1 1 0 0 0   264.0  280.0
571  944.636342 5.456E-25 5.503E-04.03330.070  989.97570.750.000000 0 0 0   1  E'  0 1 0   0  A2"  7  1  E" E"    6  1  E" E'  331110 1 1 1 0 0 0    60.0   52.0
571  944.660073 7.021E-26 1.663E+00.03530.070 3246.11640.750.000000 0 1 0   1  E"  0 0 0   1  E'  18 15  A2"E'   17 15  A2"E"  332110 1 1 2 0 0 0   148.0  140.0
571  944.803551 7.789E-26 2.891E-05.03330.070  720.43290.750.000000 0 0 0   1  E'  0 1 0   0  A2"  5  2  E' E'    4  4  E' E"  331110 1 1 1 0 0 0    44.0   36.0
571  944.808795 4.148E-26 5.800E-03.03330.070 2073.70170.750.000000 0 1 0   1  E"  0 2 0   0  A1' 10  2  E' E"    9  2  E' E'  331110 1 1 1 0 0 0    84.0   76.0
571  945.022125 1.790E-26 3.652E-04.03330.070 1713.46160.750.000000 0 2 0   0  A1' 0 0 0   0  A1' 12  2  E' E'   13  1  E" E"  331110 1 1 1 0 0 0   100.0  108.0
571  945.068976 7.767E-27 8.622E-04.03330.070 2235.10550.750.000000 0 0 0   1  E'  0 1 0   0  A2" 14  7  E" A1"  13  3  A2"A1' 331110 1 1 1 0 0 0   232.0  216.0
571  945.496167 8.095E-26 2.602E-02.03330.070 2263.34300.750.000000 0 1 0   1  E"  0 2 0   0  A1' 11  3  A2"E'   10  1  E" E"  331110 1 1 1 0 0 0    92.0   84.0
571  945.580995 2.025E-25 1.260E+00.03330.070 2920.59380.750.000000 0 2 0   1  E'  0 1 0   1  E"  14 13  E" E"   13 13  E" E'  331110 1 1 1 0 0 0   116.0  108.0
571  945.773365 1.111E-27 3.053E-07.03330.070  835.07790.750.000000 0 0 0   1  E'  0 1 0   0  A2"  6  2  E' A1'   6  6  A2'A1" 331110 1 1 1 0 0 0   104.0  104.0
571  945.781788 8.739E-28 2.633E-03.03330.070 2913.91100.750.000000 0 1 0   1  E"  0 0 0   1  E'  14  5  E" A1'  13  7  E" A1" 331110 1 1 1 0 0 0   232.0  216.0
571  945.923355 9.309E-27 6.290E-02.03330.070 3106.57980.750.000000 0 3 0   0  A2" 0 0 0   1  E'  16  9  A2"A1'  15 11  E" A1" 331110 1 1 1 0 0 0   264.0  248.0
571  945.940445 1.930E-26 7.560E+00.03330.070 3843.84250.750.000000 0 2 0   0  A1' 0 1 0   0  A2" 20  7  E" E"   19  7  E" E'  331110 1 1 1 0 0 0   164.0  156.0
571  946.032817 3.241E-25 6.679E+00.03360.070 3370.29120.750.000000 0 2 0   0  A1' 0 1 0   0  A2" 19  9  A1"A1"  18  9  A2"A1' 332110 1 1 2 0 0 0   312.0  296.0
571  946.150388 1.438E-25 4.529E-04.03330.070 1435.44440.750.000000 0 0 0   1  E'  0 1 0   0  A2" 10  4  E' A1'   9  0  A2'A1" 331110 1 1 1 0 0 0   168.0  152.0
571  946.307715 6.103E-24 1.956E+00.03330.070 2381.39520.750.000000 0 1 0   0  A2" 0 0 0   0  A1' 20 16  E' E"   19 16  E' E'  331110 1 1 1 0 0 0   164.0  156.0
571  946.420280 3.865E-28 4.316E-06.03330.070 1454.44540.750.000000 0 1 0   1  E"  0 2 0   0  A1'  6  1  E" E'    5  5  E" E"  331110 1 1 1 0 0 0    52.0   44.0
571  946.467955 1.322E-26 7.027E-03.03330.070 2399.47820.750.000000 0 3 0   0  A2" 0 0 0   1  E'  13  8  E' E"   12 10  E' E'  331110 1 1 1 0 0 0   108.0  100.0
571  946.498915 2.461E-25 2.875E+00.03450.070 3282.82240.750.000000 0 1 0   0  A2" 0 0 0   0  A1' 22 15  A2"A1'  21 15  A1"A1" 332110 1 1 2 0 0 0   360.0  344.0
571  946.613615 3.974E-27 2.407E+00.03530.070 3933.18880.750.000000 0 1 0   1  E"  0 0 0   1  E'  20 15  A2"E'   19 15  A2"E"  332110 1 1 2 0 0 0   164.0  156.0
571  947.004315 1.154E-26 4.838E-05.03330.070 1417.64100.750.000000 0 2 0   0  A1' 0 0 0   0  A1' 14 14  E' E'   14 11  E" E"  331110 1 1 1 0 0 0   116.0  116.0
571  947.009134 2.913E-25 9.414E-03.03330.070 1893.45700.750.000000 0 1 0   1  E"  0 2 0   0  A1'  9  1  E" A1'   8  3  A1"A1" 331110 1 1 1 0 0 0   152.0  136.0
571  947.253019 1.397E-27 2.522E-03.03330.070 2665.40490.750.000000 0 1 0   1  E"  0 2 0   0  A1' 14  9  A2"E'   14 11  E" E"  331110 1 1 1 0 0 0   116.0  116.0
571  947.284270 1.579E-25 3.189E-03.03330.070 1710.59370.750.000000 0 0 0   1  E'  0 1 0   0  A2" 12  7  E" E"   11  5  E" E'  331110 1 1 1 0 0 0   100.0   92.0
571  947.398656 4.038E-27 9.209E-04.03330.070 2224.95770.750.000000 0 1 0   1  E"  0 2 0   0  A1' 13 11  E" E'   13 13  E" E"  331110 1 1 1 0 0 0   108.0  108.0
571  947.455709 4.799E-28 5.490E-03.03330.070 3237.79210.750.000000 0 0 0   1  E'  0 1 0   0  A2" 18 10  E' A1'  17  6  A2'A1" 331110 1 1 1 0 0 0   296.0  280.0
571  947.455766 7.488E-25 2.155E-04.03330.070  843.90120.750.000000 0 0 0   1  E'  0 1 0   0  A2"  6  1  E" A1"   5  3  A2"A1' 331110 1 1 1 0 0 0   104.0   88.0
571  947.499546 1.001E-25 3.943E-04.03330.070 1338.15900.750.000000 0 0 0   1  E'  0 1 0   0  A2" 10  6  A2'E'   10  8  E' E"  331110 1 1 1 0 0 0    84.0   84.0
571  947.970752 1.114E-27 1.632E-02.03620.070 3252.13410.750.000000 1 0 0   0  A1' 0 3 0   0  A2" 15 15  A1"A1"  15 15  A2"A1' 332110 1 1 2 0 0 0   248.0  248.0
571  948.001296 1.129E-28 2.076E-05.03330.070 2147.56490.750.000000 0 3 0   0  A2" 0 0 0   1  E'  11  4  E' E"   10  8  E' E'  331110 1 1 1 0 0 0    92.0   84.0
571  948.055714 1.550E-24 7.978E+00.03330.070 2894.20820.750.000000 0 3 0   0  A2" 0 2 0   0  A1' 15  8  E' E"   14  8  E' E'  331110 1 1 1 0 0 0   124.0  116.0
571  948.119144 6.455E-27 4.396E-04.03330.070 2118.60420.750.000000 0 0 0   1  E'  0 1 0   0  A2" 13  4  E' A1'  13  6  A2'A1" 331110 1 1 1 0 0 0   216.0  216.0
571  948.292879 1.204E-25 1.196E+00.03330.070 3065.83930.750.000000 0 1 0   1  E"  0 0 0   1  E'  18 16  E' E"   17 16  E' E'  331110 1 1 1 0 0 0   148.0  140.0
571  948.472441 1.703E-23 3.241E+00.03330.070 2187.32480.750.000000 0 3 0   0  A2" 0 2 0   0  A1' 13 11  E" E'   12 11  E" E"  441110 1 1 1 0 0 0   108.0  100.0
571  948.547762 4.335E-28 1.213E-05.03330.070 1759.90630.750.000000 0 3 0   0  A2" 0 1 0   0  A2" 11 11  E" E'   12  8  E' E"  331110 1 1 1 0 0 0    92.0  100.0
571  948.578254 1.535E-28 4.062E-06.03330.070 1686.24340.750.000000 0 3 0   0  A2" 0 2 0   0  A1'  8  1  E" E'    7  5  E" E"  331110 1 1 1 0 0 0    68.0   60.0
571  948.623776 1.709E-28 3.282E-04.03330.070 2691.13080.750.000000 0 0 0   1  E'  0 1 0   0  A2" 15  3  A2"E"   15  5  E" E'  331110 1 1 1 0 0 0   124.0  124.0
571  948.737433 2.266E-25 1.402E-04.03330.070 1078.93950.750.000000 0 0 0   1  E'  0 1 0   0  A2"  9  7  E" A1"   9  9  A2"A1' 331110 1 1 1 0 0 0   152.0  152.0
571  948.749267 3.664E-25 1.969E-02.03330.070 1968.29560.750.000000 0 0 0   1  E'  0 0 0   0  A1' 16 15  A2"E"   17 14  E' E'  331110 1 1 1 0 0 0   132.0  140.0
571  949.148917 1.654E-27 3.586E+00.03330.070 4231.22380.750.000000 0 1 0   0  A2" 0 0 0   0  A1' 24 14  E' E"   23 14  E' E'  331110 1 1 1 0 0 0   196.0  188.0
571  949.198004 4.026E-28 1.278E-03.03330.070 2780.61580.750.000000 0 3 0   0  A2" 0 1 0   0  A2" 14  5  E" E'   15  2  E' E"  331110 1 1 1 0 0 0   116.0  124.0
571  949.328909 2.005E-25 8.925E-01.03330.070 3006.49890.750.000000 0 1 0   1  E"  0 2 0   0  A1' 15  8  E' A1"  14  6  A1'A1' 331110 1 1 1 0 0 0   248.0  232.0
571  949.396758 1.074E-22 6.072E-01.03330.070 1528.21140.750.000000 0 1 0   0  A2" 0 0 0   0  A1' 18 17  E" E'   17 17  E" E"  441110 1 1 1 0 0 0   148.0  140.0
571  949.424586 1.690E-26 2.060E+00.03530.070 3591.89780.750.000000 0 1 0   1  E"  0 0 0   1  E'  19 15  A2"E'   18 15  A2"E"  332110 1 1 2 0 0 0   156.0  148.0
571  949.480645 2.698E-28 2.499E-03.03330.070 3014.48120.750.000000 0 1 0   1  E"  0 2 0   0  A1' 15  8  E' E"   15 10  E' E'  331110 1 1 1 0 0 0   124.0  124.0
571  949.582704 1.523E-23 4.421E+00.03490.070 2469.69330.750.000000 0 2 0   0  A1' 0 1 0   0  A2" 17 12  A1'A1'  16 12  A2'A1" 442110 1 1 2 0 0 0   280.0  264.0
571  949.676652 2.515E-26 7.318E+00.03330.070 3781.14040.750.000000 0 2 0   0  A1' 0 1 0   0  A2" 20  8  E' E'   19  8  E' E"  331110 1 1 1 0 0 0   164.0  156.0
571  949.816736 1.376E-24 5.463E+00.03330.070 2876.53640.750.000000 0 2 0   0  A1' 0 1 0   0  A2" 18 11  E" E"   17 11  E" E'  331110 1 1 1 0 0 0   148.0  140.0
571  949.898751 9.146E-28 6.851E-02.03330.070 3644.48250.750.000000 0 0 0   1  E'  0 0 0   0  A1' 20 13  E" A1"  21 12  A1'A1' 331110 1 1 1 0 0 0   328.0  344.0
571  949.981217 7.707E-28 5.489E-05.03330.070 1968.59490.750.000000 0 0 0   1  E'  0 1 0   0  A2" 12  0  A1'E'   12  4  E' E"  331110 1 1 1 0 0 0   100.0  100.0
571  950.066787 4.794E-26 3.167E-04.03330.070 1516.88570.750.000000 0 1 0   1  E"  0 2 0   0  A1'  7  4  E' A1"   6  6  A1'A1' 331110 1 1 1 0 0 0   120.0  104.0
571  950.070721 2.396E-25 5.627E+00.03330.070 3218.53740.750.000000 0 3 0   0  A2" 0 2 0   0  A1' 16  7  E" E'   15  7  E" E"  331110 1 1 1 0 0 0   132.0  124.0
571  950.165280 1.309E-28 2.041E-04.03330.070 2567.64060.750.000000 0 0 0   2  A1' 0 1 0   1  E"  10  8  E' E'   10 10  E' E"  331110 1 1 1 0 0 0    84.0   84.0
571  950.295222 6.791E-24 5.581E+00.03330.070 2502.16690.750.000000 0 3 0   0  A2" 0 2 0   0  A1' 14 10  E' E"   13 10  E' E'  331110 1 1 1 0 0 0   116.0  108.0
571  950.426398 1.439E-25 5.074E-04.03330.070 1475.59330.750.000000 0 2 0   0  A1' 0 0 0   0  A1' 11  3  A1"A1"  12  0  A1'A1' 331110 1 1 1 0 0 0   184.0  200.0
571  950.545657 8.450E-26 6.071E-03.03330.070 1913.70700.750.000000 0 1 0   1  E"  0 2 0   0  A1'  9  0  A2'E"    8  2  E' E'  331110 1 1 1 0 0 0    76.0   68.0
571  950.663613 3.439E-23 3.035E+00.03330.070 2069.53110.750.000000 0 2 0   0  A1' 0 1 0   0  A2" 16 13  E" E"   15 13  E" E'  441110 1 1 1 0 0 0   132.0  124.0
571  950.925328 2.107E-24 1.816E-03.03330.070 1123.28760.750.000000 0 0 0   1  E'  0 1 0   0  A2"  8  2  E' A1'   7  0  A2'A1" 331110 1 1 1 0 0 0   136.0  120.0
571  951.226612 2.215E-26 5.548E-02.03330.070 2781.12190.750.000000 0 0 0   1  E'  0 0 0   0  A1' 18 14  E' E'   19 13  E" E"  331110 1 1 1 0 0 0   148.0  156.0
571  951.334981 3.142E-26 1.022E-05.03330.070  780.18550.750.000000 0 2 0   0  A1' 0 0 0   0  A1'  8  7  E" E"    9  4  E' E'  331110 1 1 1 0 0 0    68.0   76.0
571  951.361020 2.246E-25 6.333E+00.03330.070 3289.94810.750.000000 0 2 0   0  A1' 0 1 0   0  A2" 19 10  E' E'   18 10  E' E"  331110 1 1 1 0 0 0   156.0  148.0
571  951.388540 1.871E-25 4.058E-03.03330.070 1881.83210.750.000000 0 0 0   1  E'  0 1 0   0  A2" 13  8  E' A1'  12  6  A2'A1" 331110 1 1 1 0 0 0   216.0  200.0
571  951.461836 1.722E-28 5.861E-05.03330.070 2415.19970.750.000000 0 2 0   1  E'  0 0 0   1  E'  11 11  E" A1"  12 10  E' A1' 331110 1 1 1 0 0 0   184.0  200.0
571  951.572042 1.219E-24 2.304E+00.03330.070 2753.94300.750.000000 0 1 0   0  A2" 0 0 0   0  A1' 21 16  E' E"   20 16  E' E'  331110 1 1 1 0 0 0   172.0  164.0
571  951.699293 4.099E-27 9.172E-04.03330.070 2260.52450.750.000000 0 2 0   0  A1' 0 0 0   0  A1' 16 11  E" E"   16  8  E' E'  331110 1 1 1 0 0 0   132.0  132.0
571  951.845913 5.095E-27 3.001E-02.03330.070 3099.40600.750.000000 0 1 0   1  E"  0 1 0   0  A2" 18 16  E' A1"  19 15  A2"A1' 331110 1 1 1 0 0 0   296.0  312.0
571  951.923575 3.601E-27 4.018E-02.03330.070 3194.38170.750.000000 0 0 0   2  E'  0 0 0   1  E'  15 14  E' A1'  16 13  E" A1" 331110 1 1 1 0 0 0   248.0  264.0
571  951.988800 3.912E-26 3.136E+00.03420.070 3685.62220.750.000000 0 1 0   0  A2" 0 0 0   0  A1' 23 15  A2"A1'  22 15  A1"A1" 332110 1 1 2 0 0 0   376.0  360.0
571  952.388859 1.020E-27 1.379E-03.03330.070 2642.18430.750.000000 0 2 0   0  A1' 0 0 0   0  A1' 17 10  E' E'   17  7  E" E"  331110 1 1 1 0 0 0   140.0  140.0
571  952.703630 2.609E-27 2.386E-05.03330.070 1509.30140.750.000000 0 0 0   1  E'  0 1 0   0  A2" 10  1  E" E"   10  5  E" E'  331110 1 1 1 0 0 0    84.0   84.0
571  952.878493 2.481E-26 4.778E-04.03330.070 1885.21240.750.000000 0 2 0   0  A1' 0 0 0   0  A1' 15 12  A1'A1'  15  9  A1"A1" 331110 1 1 1 0 0 0   248.0  248.0
571  953.075949 3.886E-24 7.256E+00.03510.070 2826.11960.750.000000 0 3 0   0  A2" 0 2 0   0  A1' 15  9  A2"A1'  14  9  A1"A1" 332110 1 1 2 0 0 0   248.0  232.0
571  953.117866 4.765E-26 3.481E-02.03330.070 2446.18680.750.000000 0 1 0   1  E"  0 2 0   0  A1' 12  4  E' E"   11  2  E' E'  331110 1 1 1 0 0 0   100.0   92.0
571  953.268333 3.208E-26 1.665E+00.03330.070 3414.61510.750.000000 0 1 0   1  E"  0 0 0   1  E'  19 16  E' E"   18 16  E' E'  331110 1 1 1 0 0 0   156.0  148.0
571  953.487139 8.419E-23 1.176E+00.03330.070 1676.29130.750.000000 0 2 0   0  A1' 0 1 0   0  A2" 15 14  E' E'   14 14  E' E"  441110 1 1 1 0 0 0   124.0  116.0
571  953.522689 3.043E-27 1.380E-06.03330.070  964.36820.750.000000 0 0 0   1  E'  0 1 0   0  A2"  7  2  E' A1'   7  6  A2'A1" 331110 1 1 1 0 0 0   120.0  120.0
571  953.969931 1.473E-27 1.814E-04.03330.070 2062.50500.750.000000 0 1 0   1  E"  0 0 0   1  E'  11  7  E" E'   10  9  A2"E"  331110 1 1 1 0 0 0    92.0   84.0
571  954.015213 1.449E-26 5.184E-04.03330.070 1825.28950.750.000000 0 0 0   1  E'  0 1 0   0  A2" 12  5  E" E"   12  7  E" E'  331110 1 1 1 0 0 0   100.0  100.0
571  954.030788 6.777E-26 7.038E+00.03350.070 3709.93360.750.000000 0 2 0   0  A1' 0 1 0   0  A2" 20  9  A1"A1"  19  9  A2"A1' 332110 1 1 2 0 0 0   328.0  312.0
571  954.122958 3.536E-27 2.406E+00.03530.070 3954.06590.750.000000 0 1 0   1  E"  0 0 0   1  E'  20 15  A1"E'   19 15  A1"E"  332110 1 1 2 0 0 0   164.0  156.0
571  954.150036 3.967E-23 1.128E+00.03330.070 1869.43510.750.000000 0 1 0   0  A2" 0 0 0   0  A1' 19 17  E" E'   18 17  E" E"  441110 1 1 1 0 0 0   156.0  148.0
571  954.169744 1.162E-27 1.605E-03.03330.070 2592.54030.750.000000 0 1 0   1  E"  0 0 0   1  E'  13  6  A1'E"   12  8  E' E'  331110 1 1 1 0 0 0   108.0  100.0
571  954.413907 3.433E-25 1.272E+00.03330.070 2952.86020.750.000000 0 2 0   1  E'  0 1 0   1  E"  14 13  E" A1"  13 13  E" A1' 331110 1 1 1 0 0 0   232.0  216.0
571  954.497958 3.692E-27 7.883E+00.03330.070 4198.90650.750.000000 0 2 0   0  A1' 0 1 0   0  A2" 21  7  E" E"   20  7  E" E'  331110 1 1 1 0 0 0   172.0  164.0
571  954.765072 4.240E-28 1.796E-03.03330.070 3030.25860.750.000000 0 2 0   0  A1' 0 0 0   0  A1' 18  9  A1"A1"  18  6  A1'A1' 331110 1 1 1 0 0 0   296.0  296.0
571  954.804735 6.880E-27 5.898E-04.03330.070 2020.52050.750.000000 0 0 0   1  E'  0 1 0   0  A2" 13  6  A1'E'   12  2  E' E"  331110 1 1 1 0 0 0   108.0  100.0
571  954.914059 4.004E-27 2.345E-03.03330.070 2573.05140.750.000000 0 1 0   1  E"  0 2 0   0  A1' 14 10  E' A1"  14 12  A1'A1' 331110 1 1 1 0 0 0   232.0  232.0
571  954.959632 1.130E-27 4.237E-02.03330.070 3299.85330.750.000000 0 0 0   2  A1' 0 0 0   1  E'  15 13  E" E"   16 12  A1'E'  331110 1 1 1 0 0 0   124.0  132.0
571  955.298072 5.302E-26 5.190E-03.03330.070 2062.34270.750.000000 0 0 0   1  E'  0 1 0   0  A2" 14  9  A1"E"   13  7  E" E'  331110 1 1 1 0 0 0   116.0  108.0
571  955.546514 4.366E-27 2.509E-02.03330.070 2900.03700.750.000000 0 1 0   1  E"  0 2 0   0  A1' 14  5  E" E'   13  1  E" E"  331110 1 1 1 0 0 0   116.0  108.0
571  955.631841 5.469E-25 6.611E-01.03330.070 2760.56550.750.000000 0 1 0   1  E"  0 0 0   1  E'  17 16  E' A1"  16 16  E' A1' 331110 1 1 1 0 0 0   280.0  264.0
571  955.923300 1.173E-28 7.944E-04.03330.070 2972.31570.750.000000 0 2 0   0  A1' 0 0 0   0  A1' 17  4  E' E'   18  7  E" E"  331110 1 1 1 0 0 0   140.0  148.0
571  955.963598 5.899E-26 1.839E-04.03330.070 1265.95030.750.000000 0 0 0   1  E'  0 1 0   0  A2"  9  3  A1"E"    8  1  E" E'  331110 1 1 1 0 0 0    76.0   68.0
571  956.375859 6.532E-25 8.025E-03.03330.070 1648.63690.750.000000 0 0 0   1  E'  0 0 0   0  A1' 15 15  A2"E"   16 14  E' E'  331110 1 1 1 0 0 0   124.0  132.0
571  956.480555 6.001E-26 1.540E-04.03330.070 1246.26640.750.000000 0 2 0   0  A1' 0 0 0   0  A1' 10  4  E' E'   11  1  E" E"  331110 1 1 1 0 0 0    84.0   92.0
571  956.569214 1.481E-25 3.525E+00.03330.070 3218.53740.750.000000 0 3 0   0  A2" 0 2 0   0  A1' 16  7  E" E'   15  7  E" E"  331110 1 1 1 0 0 0   132.0  124.0
571  956.596075 2.096E-26 1.447E-04.03330.070 1516.16130.750.000000 0 2 0   0  A1' 0 0 0   0  A1' 14 13  E" E"   14 10  E' E'  331110 1 1 1 0 0 0   116.0  116.0
571  956.707934 2.168E-25 2.616E+00.03330.070 3142.57520.750.000000 0 1 0   0  A2" 0 0 0   0  A1' 22 16  E' E"   21 16  E' E'  331110 1 1 1 0 0 0   180.0  172.0
571  956.826108 3.065E-28 2.150E-03.03330.070 2979.25180.750.000000 0 0 0   1  E'  0 1 0   0  A2" 17  9  A2"E"   16  5  E" E'  331110 1 1 1 0 0 0   140.0  132.0
571  956.831364 2.823E-23 1.744E+00.03600.070 2094.86950.750.000000 0 3 0   0  A2" 0 2 0   0  A1' 13 12  A2'A1"  12 12  A1'A1' 442110 1 1 2 0 0 0   216.0  200.0
571  957.022309 4.222E-25 1.319E-03.03330.070 1265.95030.750.000000 0 0 0   1  E'  0 1 0   0  A2"  9  3  A2"E"    8  1  E" E'  331110 1 1 1 0 0 0    76.0   68.0
571  957.053817 1.769E-27 3.339E-04.03330.070 2166.11930.750.000000 0 3 0   0  A2" 0 1 0   0  A2" 12  8  E' E"   13  5  E" E'  331110 1 1 1 0 0 0   100.0  108.0
571  957.121145 3.997E-24 4.989E+00.03480.070 2777.94650.750.000000 0 2 0   0  A1' 0 1 0   0  A2" 18 12  A1'A1'  17 12  A2'A1" 332110 1 1 2 0 0 0   296.0  280.0
571  957.147453 4.797E-25 8.540E+00.03330.070 3158.54680.750.000000 0 3 0   0  A2" 0 2 0   0  A1' 16  8  E' E"   15  8  E' E'  331110 1 1 1 0 0 0   132.0  124.0
571  957.393756 8.100E-24 4.481E+00.03330.070 2417.70030.750.000000 0 3 0   0  A2" 0 2 0   0  A1' 14 11  E" E'   13 11  E" E"  331110 1 1 1 0 0 0   116.0  108.0
571  957.403235 5.163E-26 5.056E-04.03330.070 1540.14530.750.000000 0 0 0   1  E'  0 1 0   0  A2" 11  6  A1'E'   11  8  E' E"  331110 1 1 1 0 0 0    92.0   92.0
571  957.421149 5.695E-27 3.383E+00.03410.070 4103.91080.750.000000 0 1 0   0  A2" 0 0 0   0  A1' 24 15  A2"A1'  23 15  A1"A1" 332110 1 1 2 0 0 0   392.0  376.0
571  957.439917 3.207E-25 5.938E+00.03330.070 3200.87260.750.000000 0 2 0   0  A1' 0 1 0   0  A2" 19 11  E" E"   18 11  E" E'  331110 1 1 1 0 0 0   156.0  148.0
571  957.689270 1.927E-27 3.631E-04.03330.070 2165.48380.750.000000 0 3 0   0  A2" 0 0 0   1  E'  12  8  E' E"   11 10  E' E'  331110 1 1 1 0 0 0   100.0   92.0
571  957.769689 1.964E-27 4.369E-04.03330.070 2372.76750.750.000000 0 0 0   1  E'  0 1 0   0  A2" 14  4  E' A1'  14  6  A2'A1" 331110 1 1 1 0 0 0   232.0  232.0
571  957.890922 4.750E-27 7.545E+00.03330.070 4136.60260.750.000000 0 2 0   0  A1' 0 1 0   0  A2" 21  8  E' E'   20  8  E' E"  331110 1 1 1 0 0 0   172.0  164.0
571  957.897793 1.241E-28 3.349E-06.03330.070 1686.24340.750.000000 0 1 0   1  E"  0 2 0   0  A1'  8  3  A2"E'    7  5  E" E"  331110 1 1 1 0 0 0    68.0   60.0
571  958.074105 1.081E-23 3.776E+00.03330.070 2361.42210.750.000000 0 2 0   0  A1' 0 1 0   0  A2" 17 13  E" E"   16 13  E" E'  441110 1 1 1 0 0 0   140.0  132.0
571  958.103721 9.883E-28 9.083E-05.03330.070 2281.14580.750.000000 0 0 0   0  A1' 0 0 0   0  A1' 22 18  A1'A1'  21 21  A1"A1" 331110 1 1 1 0 0 0   360.0  344.0
571  958.157706 7.886E-28 7.594E-04.03330.070 2700.64820.750.000000 0 2 0   0  A1' 0 0 0   0  A1' 16  3  A1"A1"  17  6  A1'A1' 331110 1 1 1 0 0 0   264.0  280.0
571  958.193382 7.023E-27 2.071E+00.03330.070 3780.26660.750.000000 0 1 0   1  E"  0 0 0   1  E'  20 16  E' E"   19 16  E' E'  331110 1 1 1 0 0 0   164.0  156.0
571  958.242213 4.352E-28 5.174E-02.03330.070 3583.08020.750.000000 0 1 0   1  E"  0 1 0   0  A2" 19 15  A2"E'   20 14  E' E"  331110 1 1 1 0 0 0   156.0  164.0
571  958.543555 5.532E-27 6.890E-02.03330.070 3261.42450.750.000000 0 0 0   1  E'  0 0 0   0  A1' 19 13  E" A1"  20 12  A1'A1' 331110 1 1 1 0 0 0   312.0  328.0
571  958.638372 2.275E-25 3.184E-04.03330.070 1263.26140.750.000000 0 0 0   1  E'  0 1 0   0  A2" 10  7  E" A1"  10  9  A2"A1' 331110 1 1 1 0 0 0   168.0  168.0
571  958.698388 6.873E-26 1.049E-02.03330.070 2085.83870.750.000000 0 1 0   1  E"  0 2 0   0  A1' 10  1  E" E'    9  1  E" E"  331110 1 1 1 0 0 0    84.0   76.0
571  958.842600 1.015E-23 1.579E+00.03330.070 2227.35400.750.000000 0 1 0   0  A2" 0 0 0   0  A1' 20 17  E" E'   19 17  E" E"  441110 1 1 1 0 0 0   164.0  156.0
571  959.022424 2.917E-26 6.769E-03.03330.070 2252.09780.750.000000 0 0 0   1  E'  0 1 0   0  A2" 15 10  E' E'   14  8  E' E"  331110 1 1 1 0 0 0   124.0  116.0
571  959.075113 4.720E-26 6.721E+00.03330.070 3630.15380.750.000000 0 2 0   0  A1' 0 1 0   0  A2" 20 10  E' E'   19 10  E' E"  331110 1 1 1 0 0 0   164.0  156.0
571  959.129809 2.489E-24 6.491E+00.03330.070 2749.75010.750.000000 0 3 0   0  A2" 0 2 0   0  A1' 15 10  E' E"   14 10  E' E'  331110 1 1 1 0 0 0   124.0  116.0
571  959.340372 9.495E-26 4.621E-02.03330.070 2429.23790.750.000000 0 0 0   1  E'  0 0 0   0  A1' 17 14  E' E'   18 13  E" E"  331110 1 1 1 0 0 0   140.0  148.0
571  959.365079 4.285E-28 2.689E-03.03330.070 2930.29780.750.000000 0 1 0   1  E"  0 2 0   0  A1' 15  9  A2"E'   15 11  E" E"  331110 1 1 1 0 0 0   124.0  124.0
571  959.378561 2.102E-25 1.212E+00.03330.070 3091.87340.750.000000 0 1 0   1  E"  0 0 0   1  E'  18 16  E' A1"  17 16  E' A1' 331110 1 1 1 0 0 0   296.0  280.0
571  959.458771 6.149E-27 1.664E-02.03330.070 2886.08990.750.000000 0 0 0   2  E'  0 0 0   1  E'  14 14  E' A1'  15 13  E" A1" 331110 1 1 1 0 0 0   232.0  248.0
571  959.663079 1.516E-28 1.260E-04.03330.070 2413.46290.750.000000 0 2 0   1  E'  0 0 0   1  E'   9  6  A1'E'   10  3  A2"E"  331110 1 1 1 0 0 0    76.0   84.0
571  959.797082 1.197E-27 4.710E-05.03330.070 1825.28950.750.000000 0 3 0   0  A2" 0 1 0   0  A2" 11 10  E' E"   12  7  E" E'  331110 1 1 1 0 0 0    92.0  100.0
571  960.496143 5.292E-26 4.625E-02.03330.070 2638.37240.750.000000 0 1 0   1  E"  0 2 0   0  A1' 13  5  E" A1'  12  3  A1"A1" 331110 1 1 1 0 0 0   216.0  200.0
571  960.684290 1.222E-27 7.009E-04.03330.070 2437.52100.750.000000 0 2 0   0  A1' 0 0 0   0  A1' 15  2  E' E'   16  5  E" E"  331110 1 1 1 0 0 0   124.0  132.0
571  960.696508 4.287E-23 2.176E+00.03330.070 1951.48760.750.000000 0 2 0   0  A1' 0 1 0   0  A2" 16 14  E' E'   15 14  E' E"  441110 1 1 1 0 0 0   132.0  124.0
571  960.845618 2.556E-27 1.860E-03.03330.070 2472.75740.750.000000 0 1 0   1  E"  0 2 0   0  A1' 14 11  E" E'   14 13  E" E"  331110 1 1 1 0 0 0   116.0  116.0
571  960.888800 7.066E-26 1.918E-03.03330.070 1686.24340.750.000000 0 1 0   1  E"  0 2 0   0  A1'  8  3  A1"E'    7  5  E" E"  331110 1 1 1 0 0 0    68.0   60.0
571  960.900478 1.543E-26 1.837E-02.03330.070 2755.29690.750.000000 0 1 0   1  E"  0 1 0   0  A2" 17 16  E' A1"  18 15  A2"A1' 331110 1 1 1 0 0 0   280.0  296.0
571  961.232768 2.434E-26 2.540E-02.03330.070 2674.57290.750.000000 0 1 0   1  E"  0 2 0   0  A1' 13  4  E' A1"  12  0  A1'A1' 331110 1 1 1 0 0 0   216.0  200.0
571  961.361830 2.073E-27 8.763E-04.03330.070 2488.58750.750.000000 0 3 0   0  A2" 0 1 0   0  A2" 13  6  A2'A1"  14  3  A2"A1' 331110 1 1 1 0 0 0   216.0  232.0
571  961.731602 3.478E-26 2.900E+00.03330.070 3546.99730.750.000000 0 1 0   0  A2" 0 0 0   0  A1' 23 16  E' E"   22 16  E' E'  331110 1 1 1 0 0 0   188.0  180.0
571  961.990871 1.301E-26 7.387E+00.03330.070 4065.87160.750.000000 0 2 0   0  A1' 0 1 0   0  A2" 21  9  A1"A1"  20  9  A2"A1' 331110 1 1 1 0 0 0   344.0  328.0
571  962.032362 1.230E-24 7.939E+00.03450.070 3090.47080.750.000000 0 3 0   0  A2" 0 2 0   0  A1' 16  9  A2"A1'  15  9  A1"A1" 332110 1 1 2 0 0 0   264.0  248.0
571  962.194112 3.053E-26 5.557E-02.03330.070 2817.00140.750.000000 0 3 0   0  A2" 0 0 0   1  E'  15  9  A2"A1'  14 11  E" A1" 331110 1 1 1 0 0 0   248.0  232.0
571  962.334442 4.357E-27 3.636E-06.03330.070 1111.87850.750.000000 0 0 0   1  E'  0 1 0   0  A2"  8  2  E' A1'   8  6  A2'A1" 331110 1 1 1 0 0 0   136.0  136.0
571  962.570877 3.189E-26 9.212E-03.03330.070 2451.06840.750.000000 0 0 0   1  E'  0 1 0   0  A2" 16 11  E" A1"  15  9  A2"A1' 331110 1 1 1 0 0 0   264.0  248.0
571  962.869135 2.956E-25 1.770E-03.03330.070 1417.93800.750.000000 0 0 0   1  E'  0 1 0   0  A2" 10  4  E' E'    9  2  E' E"  331110 1 1 1 0 0 0    84.0   76.0
571  963.059252 1.334E-27 2.429E+00.03330.070 4162.47670.750.000000 0 1 0   1  E"  0 0 0   1  E'  21 16  E' E"   20 16  E' E'  331110 1 1 1 0 0 0   172.0  164.0
571  963.217369 5.604E-26 1.678E+00.03330.070 3439.90270.750.000000 0 1 0   1  E"  0 0 0   1  E'  19 16  E' A1"  18 16  E' A1' 331110 1 1 1 0 0 0   312.0  296.0
571  963.229148 2.907E-25 6.566E-01.03330.070 2897.39580.750.000000 0 1 0   1  E"  0 0 0   1  E'  18 17  E" A1'  17 17  E" A1" 331110 1 1 1 0 0 0   296.0  280.0
571  963.242088 7.629E-26 7.500E-05.03330.070 1025.49330.750.000000 0 2 0   0  A1' 0 0 0   0  A1'  9  5  E" E"   10  2  E' E'  331110 1 1 1 0 0 0    76.0   84.0
571  963.290127 8.650E-28 2.332E-05.03330.070 1683.84200.750.000000 0 1 0   1  E"  0 0 0   1  E'   8  3  A1"E'    7  7  E" E"  331110 1 1 1 0 0 0    68.0   60.0
571  963.474249 2.137E-24 1.974E+00.03330.070 2601.67040.750.000000 0 1 0   0  A2" 0 0 0   0  A1' 21 17  E" E'   20 17  E" E"  331110 1 1 1 0 0 0   172.0  164.0
571  963.520868 2.776E-28 7.005E-02.03330.070 3745.98710.750.000000 0 0 0   1  E'  0 0 0   0  A1' 20 12  A1'E'   21 11  E" E"  331110 1 1 1 0 0 0   164.0  172.0
571  963.617722 2.893E-27 2.635E-02.03330.070 2991.39810.750.000000 0 0 0   2  A1' 0 0 0   1  E'  14 13  E" E"   15 12  A1'E'  331110 1 1 1 0 0 0   116.0  124.0
571  963.654350 3.459E-27 6.191E-04.03330.070 2182.96370.750.000000 0 2 0   0  A1' 0 0 0   0  A1' 14  1  E" E"   15  4  E' E'  331110 1 1 1 0 0 0   116.0  124.0
571  963.967375 5.045E-27 5.399E-04.03330.070 2062.34270.750.000000 0 0 0   1  E'  0 1 0   0  A2" 13  5  E" E"   13  7  E" E'  331110 1 1 1 0 0 0   108.0  108.0
571  964.231919 2.142E-25 1.258E+00.03330.070 3057.11980.750.000000 0 2 0   1  E'  0 1 0   1  E"  15 14  E' A1'  14 14  E' A1" 331110 1 1 1 0 0 0   248.0  232.0
571  964.253295 9.278E-25 5.412E+00.03430.070 3102.97120.750.000000 0 2 0   0  A1' 0 1 0   0  A2" 19 12  A1'A1'  18 12  A2'A1" 332110 1 1 2 0 0 0   312.0  296.0
571  964.329872 1.279E-26 4.446E-04.03330.070 1814.97490.750.000000 0 0 0   1  E'  0 1 0   0  A2" 12  5  E" E"   11  1  E" E'  331110 1 1 1 0 0 0   100.0   92.0
571  964.713725 1.201E-27 3.941E-04.03330.070 2276.74340.750.000000 0 1 0   1  E"  0 0 0   1  E'  12  7  E" E'   11  9  A2"E"  331110 1 1 1 0 0 0   100.0   92.0
571  964.723061 2.532E-28 5.428E-05.03330.070 2204.93340.750.000000 0 0 0   1  E'  0 1 0   0  A2" 13  0  A2'E'   13  4  E' E"  331110 1 1 1 0 0 0   108.0  108.0
571  964.852772 6.789E-26 6.363E+00.03330.070 3541.71920.750.000000 0 2 0   0  A1' 0 1 0   0  A2" 20 11  E" E"   19 11  E" E'  331110 1 1 1 0 0 0   164.0  156.0
571  964.860916 2.344E-27 1.017E-03.03330.070 2364.64540.750.000000 0 1 0   1  E"  0 2 0   0  A1' 14 12  A2'E"   14 14  E' E'  331110 1 1 1 0 0 0   116.0  116.0
571  964.976034 1.089E-25 1.773E-04.03330.070 1105.67010.750.000000 0 0 0   1  E'  0 1 0   0  A2"  8  2  E' E'    7  2  E' E"  331110 1 1 1 0 0 0    68.0   60.0
571  965.160702 1.336E-27 3.044E-05.03330.070 1710.59370.750.000000 0 0 0   1  E'  0 1 0   0  A2" 11  1  E" E"   11  5  E" E'  331110 1 1 1 0 0 0    92.0   92.0
571  965.225664 2.943E-24 4.427E+00.03330.070 2670.37110.750.000000 0 2 0   0  A1' 0 1 0   0  A2" 18 13  E" E"   17 13  E" E'  331110 1 1 1 0 0 0   148.0  140.0
571  965.439325 1.786E-23 3.204E+00.03600.070 2325.26490.750.000000 0 3 0   0  A2" 0 2 0   0  A1' 14 12  A2'A1"  13 12  A1'A1' 442110 1 1 2 0 0 0   232.0  216.0
571  965.449015 4.124E-25 4.069E-04.03330.070  976.72800.750.000000 0 0 0   1  E'  0 1 0   0  A2"  7  0  A2'E'    6  2  E' E"  331110 1 1 1 0 0 0    60.0   52.0
571  965.706923 3.283E-27 1.271E-06.03330.070  720.43290.750.000000 0 0 0   1  E'  0 1 0   0  A2"  5  0  A2'E'    4  4  E' E"  331110 1 1 1 0 0 0    44.0   36.0
571  965.952881 9.074E-27 1.369E-02.03330.070 2659.22490.750.000000 0 0 0   1  E'  0 1 0   0  A2" 17 12  A2'E'   16 10  E' E"  331110 1 1 1 0 0 0   140.0  132.0
571  965.959752 3.157E-24 5.542E+00.03330.070 2665.40490.750.000000 0 3 0   0  A2" 0 2 0   0  A1' 15 11  E" E'   14 11  E" E"  331110 1 1 1 0 0 0   124.0  116.0
571  966.076289 5.870E-28 1.322E-03.03330.070 2729.51620.750.000000 0 0 0   1  E'  0 1 0   0  A2" 16  8  E' E'   15  4  E' E"  331110 1 1 1 0 0 0   132.0  124.0
571  966.129441 1.020E-26 8.115E-03.03330.070 2458.28150.750.000000 0 1 0   1  E"  0 2 0   0  A1' 12  3  A2"E'   11  1  E" E"  331110 1 1 1 0 0 0   100.0   92.0
571  966.340549 6.796E-28 4.582E-04.03330.070 2696.59710.750.000000 0 0 0   0  A1' 0 0 0   0  A1' 23 18  A1'A1'  22 21  A1"A1" 331110 1 1 1 0 0 0   376.0  360.0
571  966.680871 5.086E-27 3.163E+00.03330.070 3966.91370.750.000000 0 1 0   0  A2" 0 0 0   0  A1' 24 16  E' E"   23 16  E' E'  331110 1 1 1 0 0 0   196.0  188.0
571  966.710441 9.090E-27 7.091E+00.03330.070 3986.65020.750.000000 0 2 0   0  A1' 0 1 0   0  A2" 21 10  E' E'   20 10  E' E"  331110 1 1 1 0 0 0   172.0  164.0
571  966.758298 1.118E-26 6.483E-04.03330.070 1963.53950.750.000000 0 2 0   0  A1' 0 0 0   0  A1' 15 11  E" E"   15  8  E' E'  331110 1 1 1 0 0 0   124.0  124.0
571  967.056399 3.127E-27 1.006E-03.03330.070 2328.79070.750.000000 0 2 0   0  A1' 0 0 0   0  A1' 16 10  E' E'   16  7  E" E"  331110 1 1 1 0 0 0   132.0  132.0
571  967.125158 1.231E-26 2.077E+00.03330.070 3804.31690.750.000000 0 1 0   1  E"  0 0 0   1  E'  20 16  E' A1"  19 16  E' A1' 331110 1 1 1 0 0 0   328.0  312.0
571  967.219241 1.018E-25 1.210E+00.03330.070 3248.24050.750.000000 0 1 0   1  E"  0 0 0   1  E'  19 17  E" A1'  18 17  E" A1" 331110 1 1 1 0 0 0   312.0  296.0
571  967.234759 2.938E-26 6.591E-02.03330.070 2894.39280.750.000000 0 0 0   1  E'  0 0 0   0  A1' 18 13  E" A1"  19 12  A1'A1' 331110 1 1 1 0 0 0   296.0  312.0
571  967.251453 1.745E-25 2.990E-02.03330.070 2267.38200.750.000000 0 1 0   1  E"  0 2 0   0  A1' 11  2  E' A1"  10  0  A1'A1' 331110 1 1 1 0 0 0   184.0  168.0
571  967.284726 1.930E-27 4.290E-02.03330.070 3223.49170.750.000000 0 1 0   1  E"  0 1 0   0  A2" 18 15  A2"E'   19 14  E' E"  331110 1 1 1 0 0 0   148.0  156.0
571  967.310089 3.613E-28 2.649E-05.03330.070 1950.11270.750.000000 0 3 0   0  A2" 0 0 0   1  E'  11  8  E' E"   10 10  E' E'  331110 1 1 1 0 0 0    92.0   84.0
571  967.417789 5.359E-28 4.254E-04.03330.070 2644.14300.750.000000 0 0 0   1  E'  0 1 0   0  A2" 15  4  E' A1'  15  6  A2'A1" 331110 1 1 1 0 0 0   248.0  248.0
571  967.557621 3.341E-25 3.437E-02.03330.070 2093.94780.750.000000 0 0 0   1  E'  0 0 0   0  A1' 16 14  E' E'   17 13  E" E"  331110 1 1 1 0 0 0   132.0  140.0
571  967.613499 2.181E-26 5.841E-04.03330.070 1759.90630.750.000000 0 0 0   1  E'  0 1 0   0  A2" 12  6  A2'E'   12  8  E' E"  331110 1 1 1 0 0 0   100.0  100.0
571  967.635198 8.068E-25 7.284E+00.03330.070 3014.48120.750.000000 0 3 0   0  A2" 0 2 0   0  A1' 16 10  E' E"   15 10  E' E'  331110 1 1 1 0 0 0   132.0  124.0
571  967.646739 1.508E-23 3.034E+00.03330.070 2244.03790.750.000000 0 2 0   0  A1' 0 1 0   0  A2" 17 14  E' E'   16 14  E' E"  441110 1 1 1 0 0 0   140.0  132.0
571  967.681059 1.426E-26 6.269E-02.03330.070 2839.80220.750.000000 0 1 0   1  E"  0 2 0   0  A1' 14  6  A1'E"   13  4  E' E'  331110 1 1 1 0 0 0   116.0  108.0
571  967.688252 1.340E-27 2.732E-03.03330.070 2838.09090.750.000000 0 1 0   1  E"  0 2 0   0  A1' 15 10  E' A1"  15 12  A1'A1' 331110 1 1 1 0 0 0   248.0  248.0
571  967.695644 1.923E-28 3.054E-05.03330.070 2189.31230.750.000000 0 2 0   1  E'  0 0 0   1  E'   8  7  E" A1"   9  4  E' A1' 331110 1 1 1 0 0 0   136.0  152.0
571  968.039519 3.910E-25 2.324E+00.03330.070 2992.08500.750.000000 0 1 0   0  A2" 0 0 0   0  A1' 22 17  E" E'   21 17  E" E"  331110 1 1 1 0 0 0   180.0  172.0
571  968.209685 9.095E-26 1.726E-04.03330.070 1179.35520.750.000000 0 0 0   1  E'  0 1 0   0  A2" 10  8  E' E'   10 10  E' E"  331110 1 1 1 0 0 0    84.0   84.0
571  968.221912 5.050E-26 2.745E-04.03330.070 1604.82950.750.000000 0 2 0   0  A1' 0 0 0   0  A1' 14 12  A1'A1'  14  9  A1"A1" 331110 1 1 1 0 0 0   232.0  232.0
571  968.477940 3.739E-25 2.264E-03.03330.070 1579.21970.750.000000 0 0 0   1  E'  0 1 0   0  A2" 11  5  E" A1"  10  3  A2"A1' 331110 1 1 1 0 0 0   184.0  168.0
571  968.590212 6.986E-26 4.112E-03.03330.070 1865.10440.750.000000 0 1 0   1  E"  0 2 0   0  A1'  9  2  E' E"    8  4  E' E'  331110 1 1 1 0 0 0    76.0   68.0
571  968.729499 1.973E-25 1.020E-04.03330.070  812.88120.750.000000 0 0 0   1  E'  0 1 0   0  A2"  6  2  E' E'    5  4  E' E"  331110 1 1 1 0 0 0    52.0   44.0
571  968.984027 1.386E-25 4.833E-04.03330.070 1465.53860.750.000000 0 0 0   1  E'  0 1 0   0  A2" 11  7  E" A1"  11  9  A2"A1' 331110 1 1 1 0 0 0   184.0  184.0
571  969.157296 9.430E-23 6.141E-01.03480.070 1702.54980.750.000000 0 1 0   0  A2" 0 0 0   0  A1' 19 18  A2'A1"  18 18  A1'A1' 442110 1 1 2 0 0 0   312.0  296.0
571  969.180333 6.053E-27 2.500E-02.03330.070 2876.53640.750.000000 0 0 0   1  E'  0 1 0   0  A2" 18 13  E" E"   17 11  E" E'  331110 1 1 1 0 0 0   148.0  140.0
571  969.537793 1.611E-27 1.497E-03.03330.070 2700.64820.750.000000 0 2 0   0  A1' 0 0 0   0  A1' 17  9  A1"A1"  17  6  A1'A1' 331110 1 1 1 0 0 0   280.0  280.0
571  969.940712 2.023E-26 6.446E-03.03330.070 2251.22500.750.000000 0 1 0   1  E"  0 2 0   0  A1' 11  2  E' E"   10  2  E' E'  331110 1 1 1 0 0 0    92.0   84.0
571  970.287752 4.440E-28 1.566E-03.03330.070 2793.37640.750.000000 0 3 0   0  A2" 0 1 0   0  A2" 14  4  E' E"   15  1  E" E'  331110 1 1 1 0 0 0   116.0  124.0
571  970.409751 2.845E-26 7.460E-03.03330.070 2427.90010.750.000000 0 1 0   1  E"  0 1 0   0  A2" 16 16  E' A1"  17 15  A2"A1' 331110 1 1 1 0 0 0   264.0  280.0
571  970.574835 3.522E-25 8.570E+00.03390.070 3371.95610.750.000000 0 3 0   0  A2" 0 2 0   0  A1' 17  9  A2"A1'  16  9  A1"A1" 332110 1 1 2 0 0 0   280.0  264.0
571  970.613355 1.238E-26 4.091E-04.03330.070 1722.67940.750.000000 0 1 0   1  E"  0 2 0   0  A1'  8  0  A1'E"    7  4  E' E'  331110 1 1 1 0 0 0    68.0   60.0
571  970.855348 1.217E-25 2.419E-05.03330.070  813.27820.750.000000 0 2 0   0  A1' 0 0 0   0  A1'  8  6  A1'A1'   9  3  A1"A1" 331110 1 1 1 0 0 0   136.0  152.0
571  970.888021 2.038E-26 4.099E-04.03330.070 1699.66290.750.000000 0 2 0   0  A1' 0 0 0   0  A1' 12  1  E" E"   13  2  E' E'  331110 1 1 1 0 0 0   100.0  108.0
571  970.970058 1.978E-28 2.486E-04.03330.070 2675.83840.750.000000 0 0 0   2  A1' 0 1 0   1  E"  11  9  A1"A1"  11 11  E" A1' 331110 1 1 1 0 0 0   184.0  184.0
571  971.062642 2.284E-28 7.410E-05.03330.070 2328.79070.750.000000 0 0 0   1  E'  0 0 0   0  A1' 16 12  A1'E'   16  7  E" E"  331110 1 1 1 0 0 0   132.0  132.0
571  971.067809 2.351E-27 2.424E+00.03330.070 4184.78860.750.000000 0 1 0   1  E"  0 0 0   1  E'  21 16  E' A1"  20 16  E' A1' 331110 1 1 1 0 0 0   344.0  328.0
571  971.228405 1.085E-28 3.834E-04.03330.070 2936.04570.750.000000 0 2 0   1  E'  0 0 0   1  E'  14 13  E" A1"  14 10  E' A1' 331110 1 1 1 0 0 0   232.0  232.0
571  971.282482 2.470E-26 1.682E+00.03330.070 3615.96410.750.000000 0 1 0   1  E"  0 0 0   1  E'  20 17  E" A1'  19 17  E" A1" 331110 1 1 1 0 0 0   328.0  312.0
571  971.411000 2.012E-25 5.960E+00.03400.070 3444.53530.750.000000 0 2 0   0  A1' 0 1 0   0  A2" 20 12  A1'A1'  19 12  A2'A1" 332110 1 1 2 0 0 0   328.0  312.0
571  971.463238 1.136E-28 2.703E-03.03330.070 3212.22380.750.000000 0 1 0   1  E"  0 2 0   0  A1' 16  9  A2"E'   16 11  E" E"  331110 1 1 1 0 0 0   132.0  132.0
571  971.832154 1.638E-27 6.875E-02.03330.070 3316.03620.750.000000 0 0 0   2  E'  0 0 0   1  E'  15 13  E" E"   16 12  A2'E'  331110 1 1 1 0 0 0   124.0  132.0
571  972.042106 8.399E-23 1.175E+00.03620.070 1824.26070.750.000000 0 2 0   0  A1' 0 1 0   0  A2" 16 15  A1"A1"  15 15  A2"A1' 442110 1 1 2 0 0 0   264.0  248.0
571  972.141900 1.384E-27 2.374E-05.03330.070 1561.45690.750.000000 0 1 0   1  E"  0 2 0   0  A1'  7  1  E" E'    6  5  E" E"  331110 1 1 1 0 0 0    60.0   52.0
571  972.148198 7.095E-25 5.003E+00.03330.070 2996.14340.750.000000 0 2 0   0  A1' 0 1 0   0  A2" 19 13  E" E"   18 13  E" E'  331110 1 1 1 0 0 0   156.0  148.0
571  972.149175 1.314E-26 6.761E+00.03330.070 3898.86030.750.000000 0 2 0   0  A1' 0 1 0   0  A2" 21 11  E" E"   20 11  E" E'  331110 1 1 1 0 0 0   172.0  164.0
571  972.209523 1.861E-26 6.403E-01.03330.070 3299.85330.750.000000 0 3 0   0  A2" 0 0 0   1  E'  17 10  E' E"   16 12  A1'E'  331110 1 1 1 0 0 0   140.0  132.0
571  972.239212 4.232E-27 7.211E-06.03330.070 1277.50510.750.000000 0 0 0   1  E'  0 1 0   0  A2"  9  2  E' A1'   9  6  A2'A1" 331110 1 1 1 0 0 0   152.0  152.0
571  972.290111 1.564E-26 9.267E-02.03330.070 3102.97120.750.000000 0 0 0   1  E'  0 1 0   0  A2" 19 14  E' A1'  18 12  A2'A1" 331110 1 1 1 0 0 0   312.0  296.0
571  972.353705 4.428E-25 7.804E-04.03330.070 1118.88420.750.000000 0 0 0   1  E'  0 1 0   0  A2"  8  1  E" E"    7  1  E" E'  331110 1 1 1 0 0 0    68.0   60.0
571  972.361642 2.862E-28 6.098E-02.03330.070 3697.18820.750.000000 0 1 0   1  E"  0 1 0   0  A2" 19 14  E' E"   20 13  E" E'  331110 1 1 1 0 0 0   156.0  164.0
571  972.380007 2.002E-26 4.255E-05.03330.070 1252.57760.750.000000 0 2 0   0  A1' 0 0 0   0  A1' 13 13  E" E"   13 10  E' E'  331110 1 1 1 0 0 0   108.0  108.0
571  972.481606 1.972E-27 6.660E-02.03330.070 3413.63930.750.000000 0 0 0   2  A1' 0 0 0   1  E'  15 12  A1'A1'  16 11  E" A1" 331110 1 1 1 0 0 0   248.0  264.0
571  972.535669 6.377E-26 2.638E+00.03330.070 3398.29790.750.000000 0 1 0   0  A2" 0 0 0   0  A1' 23 17  E" E'   22 17  E" E"  331110 1 1 1 0 0 0   188.0  180.0
571  972.717401 2.102E-28 1.951E-03.03330.070 2991.39810.750.000000 0 4 0   0  A1' 0 0 0   1  E'  14 13  E" E"   15 12  A1'E'  331110 1 1 1 0 0 0   116.0  124.0
571  972.748003 1.742E-27 7.350E-02.03330.070 3363.99430.750.000000 0 0 0   1  E'  0 0 0   0  A1' 19 12  A2'E'   20 11  E" E"  331110 1 1 1 0 0 0   156.0  164.0
571  972.949307 3.176E-23 1.140E+00.03480.070 2062.40330.750.000000 0 1 0   0  A2" 0 0 0   0  A1' 20 18  A2'A1"  19 18  A1'A1' 442110 1 1 2 0 0 0   328.0  312.0
571  972.962644 4.215E-27 1.121E-04.03330.070 1881.83210.750.000000 0 3 0   0  A2" 0 1 0   0  A2" 11  9  A2"A1'  12  6  A2'A1" 331110 1 1 1 0 0 0   184.0  200.0
571  973.183796 1.654E-28 1.844E-03.03330.070 3079.16000.750.000000 0 2 0   0  A1' 0 0 0   0  A1' 18  8  E' E'   18  5  E" E"  331110 1 1 1 0 0 0   148.0  148.0
571  973.580527 4.776E-27 1.162E-02.03330.070 2700.98430.750.000000 0 0 0   2  A1' 0 0 0   1  E'  13 13  E" E"   14 12  A1'E'  331110 1 1 1 0 0 0   108.0  116.0
571  973.671755 8.955E-26 1.269E+00.03330.070 3091.92380.750.000000 0 2 0   1  E'  0 1 0   1  E"  15 14  E' E'   14 14  E' E"  331110 1 1 1 0 0 0   124.0  116.0
571  973.695273 7.812E-24 4.445E+00.03560.070 2573.05140.750.000000 0 3 0   0  A2" 0 2 0   0  A1' 15 12  A2'A1"  14 12  A1'A1' 332110 1 1 2 0 0 0   248.0  232.0
571  973.698912 1.652E-28 1.589E-04.03330.070 2510.02130.750.000000 0 1 0   1  E"  0 1 0   0  A2" 13  7  E" E'   14  2  E' E"  331110 1 1 1 0 0 0   108.0  116.0
571  973.782920 2.102E-27 4.957E-04.03330.070 2204.93340.750.000000 0 3 0   0  A2" 0 1 0   0  A2" 12  7  E" E'   13  4  E' E"  331110 1 1 1 0 0 0   100.0  108.0
571  973.841210 1.084E-25 2.799E-03.03330.070 1749.78290.750.000000 0 0 0   1  E'  0 1 0   0  A2" 12  6  A1'E'   11  4  E' E"  331110 1 1 1 0 0 0   100.0   92.0
571  974.061963 1.546E-27 5.418E-04.03330.070 2316.80930.750.000000 0 0 0   1  E'  0 1 0   0  A2" 14  5  E" E"   14  7  E" E'  331110 1 1 1 0 0 0   116.0  116.0
571  974.204164 1.064E-24 6.463E+00.03330.070 2930.29780.750.000000 0 3 0   0  A2" 0 2 0   0  A1' 16 11  E" E'   15 11  E" E"  331110 1 1 1 0 0 0   132.0  124.0
571  974.284539 2.600E-28 1.387E-03.03330.070 3127.53390.750.000000 0 0 0   0  A1' 0 0 0   0  A1' 24 18  A1'A1'  23 21  A1"A1" 331110 1 1 1 0 0 0   392.0  376.0
571  974.361601 4.350E-24 3.781E+00.03330.070 2553.71700.750.000000 0 2 0   0  A1' 0 1 0   0  A2" 18 14  E' E'   17 14  E' E"  331110 1 1 1 0 0 0   148.0  140.0
571  974.366854 1.003E-27 2.548E-03.03330.070 2737.88870.750.000000 0 1 0   1  E"  0 2 0   0  A1' 15 11  E" E'   15 13  E" E"  331110 1 1 1 0 0 0   124.0  124.0
571  974.393384 1.609E-27 7.452E+00.03330.070 4359.25380.750.000000 0 2 0   0  A1' 0 1 0   0  A2" 22 10  E' E'   21 10  E' E"  331110 1 1 1 0 0 0   180.0  172.0
571  974.454653 1.055E-28 1.655E-02.03330.070 3622.69200.750.000000 0 2 0   1  E'  0 2 0   0  A1' 18 17  E" E"   19 16  E' E'  331110 1 1 1 0 0 0   148.0  156.0
571  974.481242 5.955E-28 5.716E-04.03330.070 2509.23900.750.000000 0 1 0   1  E"  0 0 0   1  E'  13  7  E" E'   12  9  A1"E"  331110 1 1 1 0 0 0   108.0  100.0
571  974.520304 7.679E-24 1.723E+00.03330.070 2224.95770.750.000000 0 3 0   0  A2" 0 2 0   0  A1' 14 13  E" E'   13 13  E" E"  331110 1 1 1 0 0 0   116.0  108.0
571  974.541404 6.991E-27 8.119E-02.03330.070 3050.56900.750.000000 0 1 0   1  E"  0 2 0   0  A1' 15  7  E" E'   14  5  E" E"  331110 1 1 1 0 0 0   124.0  116.0
571  974.940487 4.969E-27 1.770E-01.03330.070 3338.49690.750.000000 0 0 0   1  E'  0 1 0   0  A2" 20 15  A1"E"   19 13  E" E'  331110 1 1 1 0 0 0   164.0  156.0
571  975.216952 2.525E-27 9.561E-04.03330.070 2488.58750.750.000000 0 0 0   1  E'  0 1 0   0  A2" 15  7  E" A1"  14  3  A2"A1' 331110 1 1 1 0 0 0   248.0  232.0
571  975.222566 4.132E-26 2.997E-04.03330.070 1470.96420.750.000000 0 2 0   0  A1' 0 0 0   0  A1' 11  2  E' E'   12  1  E" E"  331110 1 1 1 0 0 0    92.0  100.0
571  975.260356 8.467E-26 9.525E-04.03330.070 1641.65470.750.000000 0 1 0   1  E"  0 2 0   0  A1'  8  4  E' A1"   7  6  A1'A1' 331110 1 1 1 0 0 0   136.0  120.0
571  975.393228 4.932E-27 2.091E+00.03330.070 4000.24230.750.000000 0 1 0   1  E"  0 0 0   1  E'  21 17  E" A1'  20 17  E" A1" 331110 1 1 1 0 0 0   344.0  328.0
571  975.593127 2.434E-26 1.974E-02.03330.070 2458.28150.750.000000 0 1 0   1  E"  0 2 0   0  A1' 12  3  A1"E'   11  1  E" E"  331110 1 1 1 0 0 0   100.0   92.0
571  975.925609 8.939E-25 2.117E-02.03330.070 1775.52150.750.000000 0 0 0   1  E'  0 0 0   0  A1' 15 14  E' E'   16 13  E" E"  331110 1 1 1 0 0 0   124.0  132.0
571  976.000951 1.353E-25 5.940E-02.03330.070 2543.66260.750.000000 0 0 0   1  E'  0 0 0   0  A1' 17 13  E" A1"  18 12  A1'A1' 331110 1 1 1 0 0 0   280.0  296.0
571  976.117154 1.726E-28 6.995E-02.03330.070 3838.22940.750.000000 0 0 0   1  E'  0 0 0   0  A1' 20 11  E" E"   21 10  E' E'  331110 1 1 1 0 0 0   164.0  172.0
571  976.215766 2.163E-25 7.354E+00.03330.070 3295.84710.750.000000 0 3 0   0  A2" 0 2 0   0  A1' 17 10  E' E"   16 10  E' E'  331110 1 1 1 0 0 0   140.0  132.0
571  976.354998 1.260E-25 6.695E-01.03330.070 2925.36530.750.000000 0 1 0   1  E"  0 0 0   1  E'  18 17  E" E'   17 17  E" E"  331110 1 1 1 0 0 0   148.0  140.0
571  976.603446 7.036E-27 3.176E-02.03330.070 2880.28520.750.000000 0 1 0   1  E"  0 1 0   0  A2" 17 15  A1"E'   18 14  E' E"  331110 1 1 1 0 0 0   140.0  148.0
571  976.780911 7.424E-24 1.595E+00.03470.070 2438.67570.750.000000 0 1 0   0  A2" 0 0 0   0  A1' 21 18  A2'A1"  20 18  A1'A1' 332110 1 1 2 0 0 0   344.0  328.0
571  976.973194 9.405E-27 2.924E+00.03330.070 3820.00840.750.000000 0 1 0   0  A2" 0 0 0   0  A1' 24 17  E" E'   23 17  E" E"  331110 1 1 1 0 0 0   196.0  188.0
571  977.069687 2.241E-27 1.201E-03.03330.070 2545.61120.750.000000 0 3 0   0  A2" 0 0 0   1  E'  14  9  A2"A1'  13 11  E" A1" 331110 1 1 1 0 0 0   232.0  216.0
571  977.310990 1.313E-28 4.058E-04.03330.070 2932.54650.750.000000 0 0 0   1  E'  0 1 0   0  A2" 16  4  E' A1'  16  6  A2'A1" 331110 1 1 1 0 0 0   264.0  264.0
571  978.043656 7.841E-27 6.293E-04.03330.070 1997.28160.750.000000 0 0 0   1  E'  0 1 0   0  A2" 13  6  A1'E'   13  8  E' E"  331110 1 1 1 0 0 0   108.0  108.0
571  978.356288 3.921E-26 6.394E+00.03390.070 3802.40870.750.000000 0 2 0   0  A1' 0 1 0   0  A2" 21 12  A1'A1'  20 12  A2'A1" 332110 1 1 2 0 0 0   344.0  328.0
571  978.434949 3.916E-23 2.176E+00.03540.070 2117.47350.750.000000 0 2 0   0  A1' 0 1 0   0  A2" 17 15  A1"A1"  16 15  A2"A1' 442110 1 1 2 0 0 0   280.0  264.0
571  978.518066 5.618E-28 3.507E-05.03330.070 1929.58560.750.000000 0 0 0   1  E'  0 1 0   0  A2" 12  1  E" E"   12  5  E" E'  331110 1 1 1 0 0 0   100.0  100.0
571  978.946869 4.401E-26 1.226E+00.03330.070 3275.91360.750.000000 0 1 0   1  E"  0 0 0   1  E'  19 17  E" E'   18 17  E" E"  331110 1 1 1 0 0 0   156.0  148.0
571  978.982666 5.842E-26 3.380E-03.03330.070 1929.58560.750.000000 0 0 0   1  E'  0 1 0   0  A2" 13  7  E" E"   12  5  E" E'  331110 1 1 1 0 0 0   108.0  100.0
571  978.996193 1.489E-25 5.345E+00.03330.070 3338.49690.750.000000 0 2 0   0  A1' 0 1 0   0  A2" 20 13  E" E"   19 13  E" E'  331110 1 1 1 0 0 0   164.0  156.0
571  979.001773 1.018E-27 4.138E-05.03330.070 1966.52630.750.000000 0 1 0   1  E"  0 0 0   1  E'  11  8  E' A1"  10 10  E' A1' 331110 1 1 1 0 0 0   184.0  168.0
571  979.008762 8.179E-26 3.878E-04.03330.070 1381.94580.750.000000 0 0 0   1  E'  0 1 0   0  A2" 11  8  E' E'   11 10  E' E"  331110 1 1 1 0 0 0    92.0   92.0
571  979.239532 1.343E-27 2.036E-03.03330.070 2629.77850.750.000000 0 1 0   1  E"  0 2 0   0  A1' 15 12  A1'E"   15 14  E' E'  331110 1 1 1 0 0 0   124.0  124.0
571  979.390620 1.479E-26 2.520E-06.03330.070  609.63890.750.000000 0 2 0   0  A1' 0 0 0   0  A1'  7  7  E" E"    8  4  E' E'  331110 1 1 1 0 0 0    60.0   68.0
571  979.438660 2.332E-27 7.141E+00.03330.070 4272.09440.750.000000 0 2 0   0  A1' 0 1 0   0  A2" 22 11  E" E"   21 11  E" E'  331110 1 1 1 0 0 0   180.0  172.0
571  979.447449 1.592E-28 9.653E-05.03330.070 2360.95460.750.000000 0 2 0   1  E'  0 0 0   1  E'  10  9  A2"E"   11  8  E' E'  331110 1 1 1 0 0 0    84.0   92.0
571  979.525068 8.566E-28 2.452E+00.03330.070 4400.75180.750.000000 0 1 0   1  E"  0 0 0   1  E'  22 17  E" A1'  21 17  E" A1" 331110 1 1 1 0 0 0   360.0  344.0
571  979.648362 6.407E-26 6.123E-04.03330.070 1685.62530.750.000000 0 0 0   1  E'  0 1 0   0  A2" 12  7  E" A1"  12  9  A2"A1' 331110 1 1 1 0 0 0   200.0  200.0
571  979.975290 2.673E-28 1.159E-04.03330.070 2434.52260.750.000000 0 2 0   1  E'  0 0 0   1  E'  10  8  E' A1'  11  7  E" A1" 331110 1 1 1 0 0 0   168.0  184.0
571  980.095273 3.954E-26 5.939E-03.03330.070 2073.70170.750.000000 0 1 0   1  E"  0 2 0   0  A1' 10  0  A1'E"    9  2  E' E'  331110 1 1 1 0 0 0    84.0   76.0
571  980.216128 4.205E-27 4.321E-02.03330.070 3009.32990.750.000000 0 0 0   2  E'  0 0 0   1  E'  14 13  E" E"   15 12  A2'E'  331110 1 1 1 0 0 0   116.0  124.0
571  980.444610 3.741E-28 2.897E-03.03330.070 3120.22450.750.000000 0 1 0   1  E"  0 2 0   0  A1' 16 10  E' A1"  16 12  A1'A1' 331110 1 1 1 0 0 0   264.0  264.0
571  980.638870 1.430E-24 1.992E+00.03450.070 2831.06010.750.000000 0 1 0   0  A2" 0 0 0   0  A1' 22 18  A2'A1"  21 18  A1'A1' 332110 1 1 2 0 0 0   360.0  344.0
571  980.862378 1.085E-24 4.436E+00.03330.070 2880.28520.750.000000 0 2 0   0  A1' 0 1 0   0  A2" 19 14  E' E'   18 14  E' E"  331110 1 1 1 0 0 0   156.0  148.0
571  981.162882 1.472E-28 5.946E-05.03330.070 2276.74340.750.000000 0 2 0   1  E'  0 0 0   1  E'  10 10  E' E'   11  9  A2"E"  331110 1 1 1 0 0 0    84.0   92.0
571  981.608208 2.565E-26 4.206E-04.03330.070 1683.79670.750.000000 0 2 0   0  A1' 0 0 0   0  A1' 14 11  E" E"   14  8  E' E'  331110 1 1 1 0 0 0   116.0  116.0
571  981.631144 2.798E-24 5.512E+00.03550.070 2838.09090.750.000000 0 3 0   0  A2" 0 2 0   0  A1' 16 12  A2'A1"  15 12  A1'A1' 332110 1 1 2 0 0 0   264.0  248.0
571  981.791641 1.068E-26 1.694E+00.03330.070 3642.84280.750.000000 0 1 0   1  E"  0 0 0   1  E'  20 17  E" E'   19 17  E" E"  331110 1 1 1 0 0 0   164.0  156.0
571  981.802912 9.736E-28 9.517E-04.03330.070 2510.02130.750.000000 0 3 0   0  A2" 0 1 0   0  A2" 13  5  E" E'   14  2  E' E"  331110 1 1 1 0 0 0   108.0  116.0
571  981.821961 1.367E-27 5.469E-02.03330.070 3338.49690.750.000000 0 1 0   1  E"  0 1 0   0  A2" 18 14  E' E"   19 13  E" E'  331110 1 1 1 0 0 0   148.0  156.0
571  982.028568 9.643E-27 7.378E-02.03330.070 2998.01340.750.000000 0 0 0   1  E'  0 0 0   0  A1' 18 12  A2'E'   19 11  E" E"  331110 1 1 1 0 0 0   148.0  156.0
571  982.080148 2.595E-27 1.126E-03.03330.070 2513.91280.750.000000 0 1 0   1  E"  0 2 0   0  A1' 15 13  E" A1'  15 15  A1"A1" 331110 1 1 1 0 0 0   248.0  248.0
571  982.100594 9.640E-27 8.057E-04.03330.070 2032.38070.750.000000 0 2 0   0  A1' 0 0 0   0  A1' 15 10  E' E'   15  7  E" E"  331110 1 1 1 0 0 0   124.0  124.0
571  982.162127 3.173E-25 7.270E+00.03330.070 3212.22380.750.000000 0 3 0   0  A2" 0 2 0   0  A1' 17 11  E" E'   16 11  E" E"  331110 1 1 1 0 0 0   140.0  132.0
571  982.394110 4.752E-26 3.155E-04.03330.070 1431.06880.750.000000 0 0 0   1  E'  0 1 0   0  A2" 10  3  A2"E"    9  1  E" E'  331110 1 1 1 0 0 0    84.0   76.0
571  982.417389 4.467E-24 3.177E+00.03330.070 2472.75740.750.000000 0 3 0   0  A2" 0 2 0   0  A1' 15 13  E" E'   14 13  E" E"  331110 1 1 1 0 0 0   124.0  116.0
571  982.460958 5.961E-27 4.936E-02.03330.070 3106.57980.750.000000 0 0 0   2  A1' 0 0 0   1  E'  14 12  A1'A1'  15 11  E" A1" 331110 1 1 1 0 0 0   232.0  248.0
571  982.562115 1.305E-28 7.758E-04.03330.070 3099.40600.750.000000 0 3 0   0  A2" 0 1 0   0  A2" 19 18  A2'A1"  19 15  A2"A1' 331110 1 1 1 0 0 0   312.0  312.0
571  982.585241 1.320E-28 1.287E-04.03330.070 2509.23900.750.000000 0 3 0   0  A2" 0 0 0   1  E'  13  5  E" E'   12  9  A1"E"  331110 1 1 1 0 0 0   108.0  100.0
571  982.616308 1.063E-28 1.259E-04.03330.070 2497.54850.750.000000 0 2 0   1  E'  0 0 0   1  E'  10  7  E" E"   11  6  A1'E'  331110 1 1 1 0 0 0    84.0   92.0
571  982.919633 5.407E-26 1.259E+00.03620.070 3203.05520.750.000000 0 2 0   1  E'  0 1 0   1  E"  16 15  A1"E"   15 15  A1"E'  332110 1 1 2 0 0 0   132.0  124.0
571  983.087245 3.061E-27 1.178E-05.03330.070 1461.13010.750.000000 0 0 0   1  E'  0 1 0   0  A2" 10  2  E' A1'  10  6  A2'A1" 331110 1 1 1 0 0 0   168.0  168.0
571  983.249739 6.456E-26 6.658E-01.03480.070 3069.76170.750.000000 0 1 0   1  E"  0 0 0   1  E'  19 18  A2'E"   18 18  A1'E'  332110 1 1 2 0 0 0   156.0  148.0
571  983.317796 7.576E-26 1.271E-04.03330.070 1341.94710.750.000000 0 2 0   0  A1' 0 0 0   0  A1' 13 12  A1'A1'  13  9  A1"A1" 331110 1 1 1 0 0 0   216.0  216.0
571  983.795113 1.205E-26 2.434E-02.03330.070 2658.48380.750.000000 0 1 0   1  E"  0 2 0   0  A1' 13  4  E' E"   12  2  E' E'  331110 1 1 1 0 0 0   108.0  100.0
571  983.907428 5.887E-26 4.013E-03.03330.070 2118.60420.750.000000 0 0 0   1  E'  0 1 0   0  A2" 14  8  E' A1'  13  6  A2'A1" 331110 1 1 1 0 0 0   232.0  216.0
571  984.003214 1.648E-28 2.260E-03.03330.070 3080.89680.750.000000 0 3 0   0  A2" 0 1 0   0  A2" 15  2  E' E"   16  1  E" E'  331110 1 1 1 0 0 0   124.0  132.0
571  984.009547 1.953E-28 1.881E-04.03330.070 2433.74900.750.000000 0 2 0   1  E'  0 0 0   1  E'   9  5  E" E"   10  2  E' E'  331110 1 1 1 0 0 0    76.0   84.0
571  984.050418 6.149E-26 8.583E+00.03330.070 3594.57320.750.000000 0 3 0   0  A2" 0 2 0   0  A1' 18 10  E' E"   17 10  E' E'  331110 1 1 1 0 0 0   148.0  140.0
571  984.117099 2.802E-27 7.476E-04.03330.070 2256.59940.750.000000 0 0 0   1  E'  0 1 0   0  A2" 14  6  A1'E'   13  2  E' E"  331110 1 1 1 0 0 0   116.0  108.0
571  984.195079 5.454E-27 1.210E-03.03330.070 2387.76100.750.000000 0 2 0   0  A1' 0 0 0   0  A1' 16  9  A1"A1"  16  6  A1'A1' 331110 1 1 1 0 0 0   264.0  264.0
571  984.245385 4.208E-28 5.273E-04.03330.070 2588.50770.750.000000 0 0 0   1  E'  0 1 0   0  A2" 15  5  E" E"   15  7  E" E'  331110 1 1 1 0 0 0   124.0  124.0
571  984.500372 1.455E-24 8.662E-03.03330.070 1474.22390.750.000000 0 0 0   1  E'  0 0 0   0  A1' 14 14  E' E'   15 13  E" E"  331110 1 1 1 0 0 0   116.0  124.0
571  984.505012 2.398E-25 2.344E+00.03440.070 3239.24960.750.000000 0 1 0   0  A2" 0 0 0   0  A1' 23 18  A2'A1"  22 18  A1'A1' 332110 1 1 2 0 0 0   376.0  360.0
571  984.573942 3.693E-28 2.695E-07.03330.070  906.78910.750.000000 0 0 0   1  E'  0 1 0   0  A2"  7  3  A1"E"    7  7  E" E'  331110 1 1 1 0 0 0    60.0   60.0
571  984.628176 1.262E-23 3.039E+00.03530.070 2427.90010.750.000000 0 2 0   0  A1' 0 1 0   0  A2" 18 15  A1"A1"  17 15  A2"A1' 442110 1 1 2 0 0 0   296.0  280.0
571  984.842390 2.141E-27 2.095E+00.03330.070 4025.81090.750.000000 0 1 0   1  E"  0 0 0   1  E'  21 17  E" E'   20 17  E" E"  331110 1 1 1 0 0 0   172.0  164.0
571  984.877146 5.303E-25 4.952E-02.03330.070 2209.50460.750.000000 0 0 0   1  E'  0 0 0   0  A1' 16 13  E" A1"  17 12  A1'A1' 331110 1 1 1 0 0 0   264.0  280.0
571  985.096260 1.801E-28 1.225E-02.03330.070 3457.18880.750.000000 0 2 0   0  A1' 0 0 0   0  A1' 19  7  E" E"   20 10  E' E'  331110 1 1 1 0 0 0   156.0  164.0
571  985.111890 4.399E-28 2.242E-05.03330.070 1828.64750.750.000000 0 1 0   1  E"  0 2 0   0  A1'  9  3  A1"E'    8  5  E" E"  331110 1 1 1 0 0 0    76.0   68.0
571  985.210199 8.487E-26 3.734E-05.03330.070  772.95630.750.000000 0 0 0   1  E'  0 1 0   0  A2"  6  3  A1"E"    5  5  E" E'  331110 1 1 1 0 0 0    52.0   44.0
571  985.243865 6.989E-27 6.799E+00.03380.070 4176.37170.750.000000 0 2 0   0  A1' 0 1 0   0  A2" 22 12  A1'A1'  21 12  A2'A1" 332110 1 1 2 0 0 0   360.0  344.0
571  985.379910 3.017E-26 5.982E+00.03330.070 3697.18820.750.000000 0 2 0   0  A1' 0 1 0   0  A2" 21 13  E" E"   20 13  E" E'  331110 1 1 1 0 0 0   172.0  164.0
571  985.517002 3.714E-28 6.773E-02.03330.070 3802.40870.750.000000 0 1 0   1  E"  0 1 0   0  A2" 19 13  E" A1'  20 12  A2'A1" 331110 1 1 1 0 0 0   312.0  328.0
571  985.590557 9.827E-26 1.082E-04.03330.070 1039.56190.750.000000 0 2 0   0  A1' 0 0 0   0  A1'  9  4  E' E'   10  1  E" E"  331110 1 1 1 0 0 0    76.0   84.0
571  985.779628 1.002E-27 1.040E-03.03610.070 2468.91550.750.000000 0 0 0   2  E'  0 1 0   1  E"  10  9  A1"E"    9  9  A1"E'  332110 1 1 2 0 0 0    84.0   76.0
571  986.048750 5.726E-26 2.923E-03.03330.070 1828.64750.750.000000 0 1 0   1  E"  0 2 0   0  A1'  9  3  A2"E'    8  5  E" E"  331110 1 1 1 0 0 0    76.0   68.0
571  986.131784 9.418E-28 6.422E-02.03330.070 3457.18880.750.000000 0 0 0   1  E'  0 0 0   0  A1' 19 11  E" E"   20 10  E' E'  331110 1 1 1 0 0 0   156.0  164.0
571  986.155113 1.963E-28 2.871E-02.03330.070 3745.93630.750.000000 0 2 0   1  E'  0 2 0   0  A1' 18 16  E' A1'  19 15  A1"A1" 331110 1 1 1 0 0 0   296.0  312.0
571  986.180039 2.055E-26 1.225E+00.03480.070 3439.83220.750.000000 0 1 0   1  E"  0 0 0   1  E'  20 18  A2'E"   19 18  A2'E'  332110 1 1 2 0 0 0   164.0  156.0
571  986.247500 2.467E-25 1.650E-03.03330.070 1431.06880.750.000000 0 0 0   1  E'  0 1 0   0  A2" 10  3  A2"E"    9  1  E" E'  331110 1 1 1 0 0 0    84.0   76.0
571  986.275270 1.951E-26 1.948E-02.03330.070 2553.71700.750.000000 0 1 0   1  E"  0 1 0   0  A2" 16 15  A2"E'   17 14  E' E"  331110 1 1 1 0 0 0   132.0  140.0
571  986.548318 1.038E-28 2.463E-04.03330.070 2833.22060.750.000000 0 2 0   1  E'  0 0 0   1  E'  13 11  E" A1"  13  8  E' A1' 331110 1 1 1 0 0 0   216.0  216.0
571  986.893013 3.556E-28 1.101E-03.03330.070 2759.72370.750.000000 0 1 0   1  E"  0 0 0   1  E'  14  7  E" E'   13  9  A1"E"  331110 1 1 1 0 0 0   116.0  108.0
571  987.026852 1.973E-28 6.632E-03.03330.070 3289.03120.750.000000 0 2 0   1  E'  0 2 0   0  A1' 17 17  E" E"   18 16  E' E'  331110 1 1 1 0 0 0   140.0  148.0
571  987.173292 2.404E-25 5.017E+00.03330.070 3223.49170.750.000000 0 2 0   0  A1' 0 1 0   0  A2" 20 14  E' E'   19 14  E' E"  331110 1 1 1 0 0 0   164.0  156.0
571  987.300030 1.416E-28 7.372E-04.03330.070 2905.25180.750.000000 0 2 0   0  A1' 0 0 0   0  A1' 17  5  E" E"   18  8  E' E'  331110 1 1 1 0 0 0   140.0  148.0
571  987.429656 6.837E-26 2.101E-04.03330.070 1289.31370.750.000000 0 0 0   1  E'  0 1 0   0  A2" 11  9  A2"E"   11 11  E" E'  331110 1 1 1 0 0 0    92.0   92.0
571  987.685035 2.150E-28 6.677E-02.03330.070 3921.33710.750.000000 0 0 0   1  E'  0 0 0   0  A1' 20 10  E' A1'  21  9  A1"A1" 331110 1 1 1 0 0 0   328.0  344.0
571  987.777078 6.411E-28 1.571E-03.03330.070 2749.98460.750.000000 0 2 0   0  A1' 0 0 0   0  A1' 17  8  E' E'   17  5  E" E"  331110 1 1 1 0 0 0   140.0  140.0
571  987.837127 3.050E-27 2.108E-04.03330.070 1929.58560.750.000000 0 3 0   0  A2" 0 1 0   0  A2" 11  8  E' E"   12  5  E" E'  331110 1 1 1 0 0 0    92.0  100.0
571  987.858944 3.047E-28 2.946E-03.03330.070 3020.19470.750.000000 0 1 0   1  E"  0 2 0   0  A1' 16 11  E" E'   16 13  E" E"  331110 1 1 1 0 0 0   132.0  132.0
571  987.904988 1.673E-26 2.990E-04.03330.070 1589.02950.750.000000 0 1 0   1  E"  0 2 0   0  A1'  8  5  E" E'    7  7  E" E"  331110 1 1 1 0 0 0    68.0   60.0
571  988.365723 3.590E-26 2.660E+00.03430.070 3662.93760.750.000000 0 1 0   0  A2" 0 0 0   0  A1' 24 18  A2'A1"  23 18  A1'A1' 332110 1 1 2 0 0 0   392.0  376.0
571  988.446399 1.801E-28 6.982E-05.03330.070 2221.91390.750.000000 0 2 0   1  E'  0 0 0   1  E'   8  6  A2'E'    9  3  A1"E"  331110 1 1 1 0 0 0    68.0   76.0
571  988.618751 2.446E-27 6.441E-04.03330.070 2252.09780.750.000000 0 0 0   1  E'  0 1 0   0  A2" 14  6  A1'E'   14  8  E' E"  331110 1 1 1 0 0 0   116.0  116.0
571  988.625217 1.396E-26 4.710E-03.03330.070 2316.80930.750.000000 0 0 0   1  E'  0 1 0   0  A2" 15  9  A2"E"   14  7  E" E'  331110 1 1 1 0 0 0   124.0  116.0
571  988.632053 2.720E-26 9.540E-03.03330.070 2263.34300.750.000000 0 1 0   1  E"  0 2 0   0  A1' 11  1  E" E'   10  1  E" E"  331110 1 1 1 0 0 0    92.0   84.0
571  988.732887 7.318E-25 3.398E-04.03330.070  954.63580.750.000000 0 0 0   1  E'  0 1 0   0  A2"  7  1  E" A1"   6  3  A2"A1' 331110 1 1 1 0 0 0   120.0  104.0
571  988.738701 4.837E-28 7.457E-04.03330.070 2642.18430.750.000000 0 2 0   0  A1' 0 0 0   0  A1' 16  4  E' E'   17  7  E" E"  331110 1 1 1 0 0 0   132.0  140.0
571  988.808366 1.141E-28 1.211E-04.03330.070 2666.74040.750.000000 0 2 0   1  E'  0 0 0   1  E'  13 13  E" A1"  13 10  E' A1' 331110 1 1 1 0 0 0   216.0  216.0
571  988.817853 6.542E-27 1.799E-02.03330.070 2719.88880.750.000000 0 0 0   2  E'  0 0 0   1  E'  13 13  E" E"   14 12  A2'E'  331110 1 1 1 0 0 0   108.0  116.0
571  988.958966 1.976E-23 6.220E-01.03330.070 1886.16660.750.000000 0 1 0   0  A2" 0 0 0   0  A1' 20 19  E" E'   19 19  E" E"  441110 1 1 1 0 0 0   164.0  156.0
571  989.128802 1.335E-27 1.449E-04.03330.070 2181.70340.750.000000 0 1 0   1  E"  0 0 0   1  E'  12  8  E' A1"  11 10  E' A1' 331110 1 1 1 0 0 0   200.0  184.0
571  989.280495 8.668E-25 6.441E+00.03490.070 3120.22450.750.000000 0 3 0   0  A2" 0 2 0   0  A1' 17 12  A2'A1"  16 12  A1'A1' 332110 1 1 2 0 0 0   280.0  264.0
571  989.315846 4.542E-27 1.702E+00.03470.070 3826.44710.750.000000 0 1 0   1  E"  0 0 0   1  E'  21 18  A1'E"   20 18  A1'E'  332110 1 1 2 0 0 0   172.0  164.0
571  989.823180 8.428E-26 7.930E+00.03330.070 3511.06960.750.000000 0 3 0   0  A2" 0 2 0   0  A1' 18 11  E" E'   17 11  E" E"  331110 1 1 1 0 0 0   148.0  140.0
571  990.000860 1.795E-24 4.418E+00.03330.070 2737.88870.750.000000 0 3 0   0  A2" 0 2 0   0  A1' 16 13  E" E'   15 13  E" E"  331110 1 1 1 0 0 0   132.0  124.0
571  990.153930 4.463E-26 5.812E-04.03330.070 1602.38640.750.000000 0 0 0   1  E'  0 1 0   0  A2" 12  8  E' E'   12 10  E' E"  331110 1 1 1 0 0 0   100.0  100.0
571  990.154724 1.063E-28 2.455E-04.03330.070 2826.11960.750.000000 0 4 0   0  A1' 0 2 0   0  A1' 13 12  A1'A1'  14  9  A1"A1" 331110 1 1 1 0 0 0   216.0  232.0
571  990.237064 9.983E-26 3.127E-04.03330.070 1252.77520.750.000000 0 0 0   1  E'  0 1 0   0  A2"  9  2  E' E'    8  2  E' E"  331110 1 1 1 0 0 0    76.0   68.0
571  990.473171 2.963E-27 7.085E-04.03330.070 2387.76100.750.000000 0 2 0   0  A1' 0 0 0   0  A1' 15  3  A1"A1"  16  6  A1'A1' 331110 1 1 1 0 0 0   248.0  264.0
571  990.550029 2.427E-26 6.968E-04.03330.070 1923.36100.750.000000 0 0 0   1  E'  0 1 0   0  A2" 13  7  E" A1"  13  9  A2"A1' 331110 1 1 1 0 0 0   216.0  216.0
571  990.617002 1.999E-23 1.176E+00.03330.070 1981.68710.750.000000 0 2 0   0  A1' 0 1 0   0  A2" 17 16  E' E'   16 16  E' E"  441110 1 1 1 0 0 0   140.0  132.0
571  990.639458 3.339E-24 3.788E+00.03530.070 2755.29690.750.000000 0 2 0   0  A1' 0 1 0   0  A2" 19 15  A1"A1"  18 15  A2"A1' 332110 1 1 2 0 0 0   312.0  296.0
571  990.694155 5.933E-28 1.025E-04.03330.070 2292.35840.750.000000 0 3 0   0  A2" 0 0 0   1  E'  13  9  A2"A1'  12 11  E" A1" 331110 1 1 1 0 0 0   216.0  200.0
571  990.718384 5.978E-28 5.052E-03.03330.070 2991.39810.750.000000 0 3 0   0  A2" 0 0 0   1  E'  16 10  E' E"   15 12  A1'E'  331110 1 1 1 0 0 0   132.0  124.0
571  990.897190 1.714E-28 3.824E-05.03330.070 2249.74440.750.000000 0 2 0   1  E'  0 0 0   1  E'   8  5  E" A1"   9  2  E' A1' 331110 1 1 1 0 0 0   136.0  152.0
571  991.003961 7.895E-28 1.247E-05.03330.070 1605.82150.750.000000 0 3 0   0  A2" 0 1 0   0  A2" 10 10  E' E"   11  7  E" E'  331110 1 1 1 0 0 0    84.0   92.0
571  991.390040 4.685E-26 7.054E-02.03330.070 2648.31680.750.000000 0 0 0   1  E'  0 0 0   0  A1' 17 12  A1'E'   18 11  E" E"  331110 1 1 1 0 0 0   140.0  148.0
571  991.479623 1.477E-26 7.987E-06.03330.070  812.88120.750.000000 0 0 0   1  E'  0 1 0   0  A2"  6  0  A1'E'    5  4  E' E"  331110 1 1 1 0 0 0    52.0   44.0
571  991.485202 5.557E-27 4.538E-02.03330.070 2996.14340.750.000000 0 1 0   1  E"  0 1 0   0  A2" 17 14  E' E"   18 13  E" E'  331110 1 1 1 0 0 0   140.0  148.0
571  991.660070 1.235E-26 2.736E-02.03330.070 2817.00140.750.000000 0 0 0   2  A1' 0 0 0   1  E'  13 12  A1'A1'  14 11  E" A1" 331110 1 1 1 0 0 0   216.0  232.0
571  991.762035 9.579E-26 4.455E-05.03330.070  836.88550.750.000000 0 2 0   0  A1' 0 0 0   0  A1'  8  5  E" E"    9  2  E' E'  331110 1 1 1 0 0 0    68.0   76.0
571  991.762105 6.073E-24 1.153E+00.03330.070 2264.60250.750.000000 0 1 0   0  A2" 0 0 0   0  A1' 21 19  E" E'   20 19  E" E"  331110 1 1 1 0 0 0   172.0  164.0
571  991.764780 1.116E-26 2.950E-02.03330.070 2867.92800.750.000000 0 1 0   1  E"  0 2 0   0  A1' 14  5  E" A1'  13  3  A1"A1" 331110 1 1 1 0 0 0   232.0  216.0
571  991.860674 5.413E-27 6.424E+00.03330.070 4071.97930.750.000000 0 2 0   0  A1' 0 1 0   0  A2" 22 13  E" E"   21 13  E" E'  331110 1 1 1 0 0 0   180.0  172.0
571  991.870125 4.845E-27 6.858E-04.03330.070 2235.10550.750.000000 0 3 0   0  A2" 0 1 0   0  A2" 12  6  A2'A1"  13  3  A2"A1' 331110 1 1 1 0 0 0   200.0  216.0
571  992.203721 1.145E-27 7.190E+00.03370.070 4566.22480.750.000000 0 2 0   0  A1' 0 1 0   0  A2" 23 12  A1'A1'  22 12  A2'A1" 332110 1 1 2 0 0 0   376.0  360.0
571  992.221570 3.983E-24 1.708E+00.03330.070 2364.64540.750.000000 0 3 0   0  A2" 0 2 0   0  A1' 15 14  E' E"   14 14  E' E'  331110 1 1 1 0 0 0   124.0  116.0
571  992.231773 1.935E-27 3.640E-03.03330.070 2797.62870.750.000000 0 3 0   0  A2" 0 1 0   0  A2" 14  3  A2"A1'  15  0  A2'A1" 331110 1 1 1 0 0 0   232.0  248.0
571  992.286297 3.809E-27 8.297E-03.03330.070 2670.55090.750.000000 0 1 0   1  E"  0 2 0   0  A1' 13  3  A1"E'   12  1  E" E"  331110 1 1 1 0 0 0   108.0  100.0
571  992.418022 2.575E-28 3.941E-04.03330.070 2688.83910.750.000000 0 2 0   1  E'  0 0 0   1  E'  10  2  E' A1'  11  1  E" A1" 331110 1 1 1 0 0 0   168.0  184.0
571  992.605812 4.116E-27 6.397E-04.03330.070 2142.01180.750.000000 0 2 0   0  A1' 0 0 0   0  A1' 14  2  E' E'   15  5  E" E"  331110 1 1 1 0 0 0   116.0  124.0
571  992.608536 8.278E-28 2.113E+00.03450.070 4229.27490.750.000000 0 1 0   1  E"  0 0 0   1  E'  22 18  A2'E"   21 18  A2'E'  332110 1 1 2 0 0 0   180.0  172.0
571  992.620987 1.311E-28 1.845E-03.03330.070 3119.08380.750.000000 0 2 0   0  A1' 0 0 0   0  A1' 18  7  E" E"   18  4  E' E'  331110 1 1 1 0 0 0   148.0  148.0
571  992.673146 1.959E-28 3.677E-05.03330.070 2166.11930.750.000000 0 0 0   1  E'  0 1 0   0  A2" 13  1  E" E"   13  5  E" E'  331110 1 1 1 0 0 0   108.0  108.0
571  992.823690 6.262E-27 6.171E-04.03330.070 2033.48640.750.000000 0 0 0   1  E'  0 1 0   0  A2" 13  5  E" E"   12  1  E" E'  331110 1 1 1 0 0 0   108.0  100.0
571  992.872436 1.499E-25 2.121E-03.03330.070 1601.03990.750.000000 0 0 0   1  E'  0 1 0   0  A2" 11  4  E' E'   10  2  E' E"  331110 1 1 1 0 0 0    92.0   84.0
571  992.953029 4.460E-26 1.270E+00.03620.070 3240.41230.750.000000 0 2 0   1  E'  0 1 0   1  E"  16 15  A2"E"   15 15  A2"E'  332110 1 1 2 0 0 0   132.0  124.0
571  993.116702 2.794E-25 2.252E-04.03330.070  923.68130.750.000000 0 0 0   1  E'  0 1 0   0  A2"  7  2  E' E'    6  4  E' E"  331110 1 1 1 0 0 0    60.0   52.0
571  993.145265 6.257E-27 5.482E-03.03330.070 2524.17050.750.000000 0 0 0   1  E'  0 1 0   0  A2" 16 10  E' E'   15  8  E' E"  331110 1 1 1 0 0 0   132.0  124.0
571  993.146259 8.676E-28 1.165E-06.03330.070 1054.45750.750.000000 0 0 0   1  E'  0 1 0   0  A2"  8  3  A2"E"    8  7  E" E'  331110 1 1 1 0 0 0    68.0   68.0
571  993.335591 4.786E-26 5.537E+00.03330.070 3583.08020.750.000000 0 2 0   0  A1' 0 1 0   0  A2" 21 14  E' E'   20 14  E' E"  331110 1 1 1 0 0 0   172.0  164.0
571  993.358093 4.105E-26 5.000E-03.03330.070 2025.15240.750.000000 0 1 0   1  E"  0 2 0   0  A1' 10  2  E' E"    9  4  E' E'  331110 1 1 1 0 0 0    84.0   76.0
571  993.576495 4.776E-28 2.762E-03.03330.070 2912.18410.750.000000 0 1 0   1  E"  0 2 0   0  A1' 16 12  A1'E"   16 14  E' E'  331110 1 1 1 0 0 0   132.0  132.0
571  993.764789 3.366E-25 5.805E-04.03330.070 1105.67010.750.000000 0 0 0   1  E'  0 1 0   0  A2"  8  0  A1'E'    7  2  E' E"  331110 1 1 1 0 0 0    68.0   60.0
571  993.905400 1.705E-24 3.690E-02.03330.070 1892.18450.750.000000 0 0 0   1  E'  0 0 0   0  A1' 15 13  E" A1"  16 12  A1'A1' 331110 1 1 1 0 0 0   248.0  264.0
571  993.926761 1.437E-28 1.378E-04.03330.070 2592.05890.750.000000 0 2 0   1  E'  0 0 0   1  E'  10  5  E" A1"  11  4  E' A1' 331110 1 1 1 0 0 0   168.0  184.0
571  994.469367 1.022E-28 4.994E-04.03330.070 2877.24940.750.000000 0 0 0   1  E'  0 1 0   0  A2" 16  5  E" E"   16  7  E" E'  331110 1 1 1 0 0 0   132.0  132.0
571  994.717921 1.297E-24 1.612E+00.03330.070 2659.16410.750.000000 0 1 0   0  A2" 0 0 0   0  A1' 22 19  E" E'   21 19  E" E"  331110 1 1 1 0 0 0   180.0  172.0
571  995.019798 1.732E-27 1.658E-05.03330.070 1662.62110.750.000000 0 0 0   1  E'  0 1 0   0  A2" 11  2  E' A1'  11  6  A2'A1" 331110 1 1 1 0 0 0   184.0  184.0
571  995.073028 1.041E-26 5.517E-04.03330.070 1904.96400.750.000000 0 2 0   0  A1' 0 0 0   0  A1' 13  1  E" E"   14  4  E' E'  331110 1 1 1 0 0 0   108.0  116.0
571  995.201594 8.886E-25 6.903E-04.03330.070 1083.63440.750.000000 0 0 0   1  E'  0 1 0   0  A2"  8  1  E" A1"   7  3  A2"A1' 331110 1 1 1 0 0 0   136.0  120.0
571  995.337805 8.848E-27 7.036E-03.03330.070 2446.18680.750.000000 0 1 0   1  E"  0 2 0   0  A1' 12  2  E' E"   11  2  E' E'  331110 1 1 1 0 0 0   100.0   92.0
571  995.428787 1.872E-27 6.446E-02.03330.070 3444.53530.750.000000 0 1 0   1  E"  0 1 0   0  A2" 18 13  E" A1'  19 12  A2'A1" 331110 1 1 1 0 0 0   296.0  312.0
571  995.692869 6.318E-27 7.848E-02.03330.070 3092.14590.750.000000 0 0 0   1  E'  0 0 0   0  A1' 18 11  E" E"   19 10  E' E'  331110 1 1 1 0 0 0   148.0  156.0
571  996.009785 1.315E-28 2.476E+00.03440.070 4647.98700.750.000000 0 1 0   1  E"  0 0 0   1  E'  23 18  A1'E"   22 18  A2'E'  332110 1 1 2 0 0 0   188.0  180.0
571  996.171678 4.739E-26 2.401E-04.03330.070 1421.52860.750.000000 0 2 0   0  A1' 0 0 0   0  A1' 13 11  E" E"   13  8  E' E'  331110 1 1 1 0 0 0   108.0  108.0
571  996.176049 8.538E-24 2.181E+00.03330.070 2292.85510.750.000000 0 2 0   0  A1' 0 1 0   0  A2" 18 16  E' E'   17 16  E' E"  331110 1 1 1 0 0 0   148.0  140.0
571  996.209802 8.137E-26 1.238E-02.03330.070 2231.03170.750.000000 0 1 0   1  E"  0 2 0   0  A1' 11  1  E" A1'  10  3  A1"A1" 331110 1 1 1 0 0 0   184.0  168.0
571  996.374432 3.295E-26 7.928E-03.03330.070 2244.03790.750.000000 0 1 0   1  E"  0 1 0   0  A2" 15 15  A2"E'   16 14  E' E"  331110 1 1 1 0 0 0   124.0  132.0
571  996.484363 7.647E-25 4.447E+00.03530.070 3099.40600.750.000000 0 2 0   0  A1' 0 1 0   0  A2" 20 15  A1"A1"  19 15  A2"A1' 332110 1 1 2 0 0 0   328.0  312.0
571  996.557558 2.395E-26 5.667E-04.03330.070 1753.19250.750.000000 0 2 0   0  A1' 0 0 0   0  A1' 14 10  E' E'   14  7  E" E"  331110 1 1 1 0 0 0   116.0  116.0
571  996.681766 2.378E-25 7.259E+00.03480.070 3419.27600.750.000000 0 3 0   0  A2" 0 2 0   0  A1' 18 12  A2'A1"  17 12  A1'A1' 332110 1 1 2 0 0 0   296.0  280.0
571  996.775895 1.455E-28 1.331E-03.03330.070 3017.40920.750.000000 0 0 0   1  E'  0 1 0   0  A2" 17  8  E' E'   16  4  E' E"  331110 1 1 1 0 0 0   140.0  132.0
571  997.145586 5.548E-26 6.792E-01.03480.070 3099.39360.750.000000 0 1 0   1  E"  0 0 0   1  E'  19 18  A1'E"   18 18  A2'E'  332110 1 1 2 0 0 0   156.0  148.0
571  997.187244 1.528E-28 1.663E-03.03330.070 3027.92310.750.000000 0 1 0   1  E"  0 0 0   1  E'  15  7  E" E'   14  9  A2"E"  331110 1 1 1 0 0 0   124.0  116.0
571  997.300646 5.914E-25 5.491E+00.03330.070 3020.19470.750.000000 0 3 0   0  A2" 0 2 0   0  A1' 17 13  E" E'   16 13  E" E"  331110 1 1 1 0 0 0   140.0  132.0
571  997.398176 1.343E-27 2.229E-03.03330.070 2796.30280.750.000000 0 1 0   1  E"  0 2 0   0  A1' 16 13  E" A1'  16 15  A1"A1" 331110 1 1 1 0 0 0   264.0  264.0
571  997.476123 5.320E-27 6.348E-03.03330.070 2740.65650.750.000000 0 0 0   1  E'  0 1 0   0  A2" 17 11  E" A1"  16  9  A2"A1' 331110 1 1 1 0 0 0   280.0  264.0
571  997.728559 1.200E-28 7.166E-02.03330.070 3898.86030.750.000000 0 1 0   1  E"  0 1 0   0  A2" 19 12  A2'E"   20 11  E" E'  331110 1 1 1 0 0 0   156.0  164.0
571  997.797162 2.287E-25 2.012E+00.03330.070 3069.53620.750.000000 0 1 0   0  A2" 0 0 0   0  A1' 23 19  E" E'   22 19  E" E"  331110 1 1 1 0 0 0   188.0  180.0
571  997.963775 1.423E-27 7.473E-02.03330.070 3541.14220.750.000000 0 0 0   1  E'  0 0 0   0  A1' 19 10  E' A1'  20  9  A1"A1" 331110 1 1 1 0 0 0   312.0  328.0
571  997.963809 9.475E-26 8.988E-04.03330.070 1676.60900.750.000000 0 2 0   0  A1' 0 0 0   0  A1' 12  0  A1'A1'  13  3  A1"A1" 331110 1 1 1 0 0 0   200.0  216.0
571  998.029950 5.537E-28 1.734E-02.03330.070 3412.52820.750.000000 0 2 0   1  E'  0 2 0   0  A1' 17 16  E' A1'  18 15  A1"A1" 331110 1 1 1 0 0 0   280.0  296.0
571  998.077479 6.542E-26 3.705E-05.03330.070 1096.79200.750.000000 0 2 0   0  A1' 0 0 0   0  A1' 12 12  A1'A1'  12  9  A1"A1" 331110 1 1 1 0 0 0   200.0  200.0
571  998.346945 8.894E-28 6.837E+00.03330.070 4462.64800.750.000000 0 2 0   0  A1' 0 1 0   0  A2" 23 13  E" E"   22 13  E" E'  331110 1 1 1 0 0 0   188.0  180.0
571  998.544441 1.761E-26 1.241E+00.03480.070 3469.14550.750.000000 0 1 0   1  E"  0 0 0   1  E'  20 18  A1'E"   19 18  A1'E'  332110 1 1 2 0 0 0   164.0  156.0
571  998.559768 1.154E-28 4.001E-04.03330.070 2747.75820.750.000000 0 4 0   0  A1' 0 0 0   1  E'  12 10  E' E'   13  9  A1"E"  331110 1 1 1 0 0 0   100.0  108.0
571  998.628931 1.629E-26 9.388E-04.03330.070 2091.84190.750.000000 0 2 0   0  A1' 0 0 0   0  A1' 15  9  A1"A1"  15  6  A1'A1' 331110 1 1 1 0 0 0   248.0  248.0
571  998.701284 9.904E-29 3.370E-04.03330.070 2759.72370.750.000000 0 2 0   1  E'  0 0 0   1  E'  13 12  A1'E'   13  9  A1"E"  331110 1 1 1 0 0 0   108.0  108.0
571  998.747192 9.404E-26 9.788E-06.03330.070  642.90750.750.000000 0 2 0   0  A1' 0 0 0   0  A1'  7  6  A1'A1'   8  3  A1"A1" 331110 1 1 1 0 0 0   120.0  136.0
571  998.952104 2.462E-27 7.212E-05.03330.070 1686.24340.750.000000 0 1 0   1  E"  0 2 0   0  A1'  8  1  E" E'    7  5  E" E"  331110 1 1 1 0 0 0    68.0   60.0
571  998.975524 9.944E-28 3.172E-04.03330.070 2415.19970.750.000000 0 1 0   1  E"  0 0 0   1  E'  13  8  E' A1"  12 10  E' A1' 331110 1 1 1 0 0 0   216.0  200.0
571  999.017123 2.549E-27 7.252E-02.03330.070 3211.12020.750.000000 0 0 0   2  A1' 0 0 0   1  E'  14 11  E" E"   15 10  E' E'  331110 1 1 1 0 0 0   116.0  124.0
571  999.055618 6.851E-28 1.250E-03.03330.070 2672.73900.750.000000 0 1 0   1  E"  0 2 0   0  A1' 16 14  E' E"   16 16  E' E'  331110 1 1 1 0 0 0   132.0  132.0
571  999.109459 5.505E-26 4.660E-04.03330.070 1510.12950.750.000000 0 0 0   1  E'  0 1 0   0  A2" 12  9  A1"E"   12 11  E" E'  331110 1 1 1 0 0 0   100.0  100.0
571  999.148284 1.075E-26 6.724E-04.03330.070 1865.10440.750.000000 0 1 0   1  E"  0 2 0   0  A1'  9  0  A2'E"    8  4  E' E'  331110 1 1 1 0 0 0    76.0   68.0
571  999.205221 4.007E-27 7.376E-02.03330.070 3121.48970.750.000000 0 0 0   2  E'  0 0 0   1  E'  14 12  A2'E'   15 11  E" E"  331110 1 1 1 0 0 0   116.0  124.0
571  999.240592 1.655E-25 2.603E-03.03330.070 1780.23340.750.000000 0 0 0   1  E'  0 1 0   0  A2" 12  5  E" A1"  11  3  A2"A1' 331110 1 1 1 0 0 0   200.0  184.0
571  999.266457 6.475E-28 5.929E-02.03330.070 3501.62640.750.000000 0 3 0   0  A2" 0 0 0   1  E'  18 11  E" E'   17 13  E" E"  331110 1 1 1 0 0 0   148.0  140.0
571  999.272887 1.454E-27 3.272E-03.03330.070 2817.00140.750.000000 0 4 0   0  A1' 0 0 0   1  E'  13 12  A1'A1'  14 11  E" A1" 331110 1 1 1 0 0 0   216.0  232.0
571  999.274475 6.702E-28 6.327E-04.03330.070 2524.17050.750.000000 0 0 0   1  E'  0 1 0   0  A2" 15  6  A2'E'   15  8  E' E"  331110 1 1 1 0 0 0   124.0  124.0
571  999.285708 3.317E-28 1.296E-05.03330.070 1840.51650.750.000000 0 2 0   0  A1' 0 1 0   0  A2" 13  4  E' E'   13 10  E' E"  331110 1 1 1 0 0 0   108.0  108.0
571  999.337221 8.641E-27 6.003E+00.03330.070 3958.79550.750.000000 0 2 0   0  A1' 0 1 0   0  A2" 22 14  E' E'   21 14  E' E"  331110 1 1 1 0 0 0   180.0  172.0
571  999.398763 2.130E-24 3.157E+00.03330.070 2629.77850.750.000000 0 3 0   0  A2" 0 2 0   0  A1' 16 14  E' E"   15 14  E' E'  331110 1 1 1 0 0 0   132.0  124.0
571  999.463192 2.394E-27 3.480E-02.03330.070 3086.59340.750.000000 0 1 0   1  E"  0 2 0   0  A1' 15  6  A1'E"   14  4  E' E'  331110 1 1 1 0 0 0   124.0  116.0
