401  794.403140 1.010E-26 2.402E-02.09040.153 2451.07580.860.000000             V6         GROUND 39 19 1E       40 20 0E      355420 1 1 1 1 1 0  1264.0 1264.0
401  794.766300 1.010E-26 2.983E-02.09130.246 2442.23310.800.000000             V6         GROUND 30 20 1A2      31 21 0A1     355420 1 1 1 1 1 0   976.0  976.0
401  794.766300 1.010E-26 2.983E-02.09130.246 2442.23310.800.000000             V6         GROUND 30 20 1A1      31 21 0A2     355420 1 1 1 1 1 0   976.0  976.0
401  795.123610 1.130E-26 2.442E-02.09030.158 2425.76180.860.000000             V6         GROUND 38 19 1E       39 20 0E      355420 1 1 1 1 1 0  1232.0 1232.0
401  795.417960 1.020E-26 2.147E-02.09070.140 2459.06280.860.000000             V6         GROUND 46 18 1E       47 19 0E      355420 1 1 1 1 1 0  1488.0 1488.0
401  795.467820 1.100E-26 3.058E-02.09150.254 2422.59930.790.000000             V6         GROUND 29 20 1A2      30 21 0A1     355420 1 1 1 1 1 0   944.0  944.0
401  795.467820 1.100E-26 3.058E-02.09150.254 2422.59930.790.000000             V6         GROUND 29 20 1A1      30 21 0A2     355420 1 1 1 1 1 0   944.0  944.0
401  795.842020 1.270E-26 2.504E-02.09040.166 2401.07670.860.000000             V6         GROUND 37 19 1E       38 20 0E      355420 1 1 1 1 1 0  1200.0 1200.0
401  796.152740 1.160E-26 2.164E-02.09060.147 2429.34140.860.000000             V6         GROUND 45 18 1E       46 19 0E      355420 1 1 1 1 1 0  1456.0 1456.0
401  796.167240 1.200E-26 3.154E-02.09180.258 2403.59630.770.000000             V6         GROUND 28 20 1A1      29 21 0A2     355420 1 1 1 1 1 0   912.0  912.0
401  796.167240 1.200E-26 3.154E-02.09180.258 2403.59630.770.000000             V6         GROUND 28 20 1A2      29 21 0A1     355420 1 1 1 1 1 0   912.0  912.0
401  796.558370 1.420E-26 2.563E-02.09040.177 2377.02060.860.000000             V6         GROUND 36 19 1E       37 20 0E      355420 1 1 1 1 1 0  1168.0 1168.0
401  796.864510 1.310E-26 3.269E-02.09220.260 2385.22460.760.000000             V6         GROUND 27 20 1A2      28 21 0A1     355420 1 1 1 1 1 0   880.0  880.0
401  796.864510 1.310E-26 3.269E-02.09220.260 2385.22460.760.000000             V6         GROUND 27 20 1A1      28 21 0A2     355420 1 1 1 1 1 0   880.0  880.0
401  796.885510 1.330E-26 2.206E-02.09050.155 2400.24680.860.000000             V6         GROUND 44 18 1E       45 19 0E      355420 1 1 1 1 1 0  1424.0 1424.0
401  797.272620 1.570E-26 2.605E-02.09050.191 2353.59400.870.000000             V6         GROUND 35 19 1E       36 20 0E      355420 1 1 1 1 1 0  1136.0 1136.0
401  797.559640 1.420E-26 3.379E-02.09250.258 2367.48420.750.000000             V6         GROUND 26 20 1A1      27 21 0A2     355420 1 1 1 1 1 0   848.0  848.0
401  797.559640 1.420E-26 3.379E-02.09250.258 2367.48420.750.000000             V6         GROUND 26 20 1A2      27 21 0A1     355420 1 1 1 1 1 0   848.0  848.0
401  797.616250 1.510E-26 2.235E-02.09040.163 2371.77930.860.000000             V6         GROUND 43 18 1E       44 19 0E      355420 1 1 1 1 1 0  1392.0 1392.0
401  797.900430 1.150E-26 2.002E-02.09110.102 2439.69890.860.000000             V6         GROUND 51 17 1A1      52 18 0A2     355420 1 1 1 1 1 0  1648.0 1648.0
401  797.900430 1.150E-26 2.002E-02.09110.102 2439.69890.860.000000             V6         GROUND 51 17 1A2      52 18 0A1     355420 1 1 1 1 1 0  1648.0 1648.0
401  797.984810 1.750E-26 2.679E-02.09060.205 2330.79700.860.000000             V6         GROUND 34 19 1E       35 20 0E      355420 1 1 1 1 1 0  1104.0 1104.0
401  798.252630 1.540E-26 3.510E-02.09300.253 2350.37550.730.000000             V6         GROUND 25 20 1A1      26 21 0A2     355420 1 1 1 1 1 0   816.0  816.0
401  798.252630 1.540E-26 3.510E-02.09300.253 2350.37550.730.000000             V6         GROUND 25 20 1A2      26 21 0A1     355420 1 1 1 1 1 0   816.0  816.0
401  798.344970 1.720E-26 2.280E-02.09030.171 2343.93930.860.000000             V6         GROUND 42 18 1E       43 19 0E      355420 1 1 1 1 1 0  1360.0 1360.0
401  798.645200 1.340E-26 2.031E-02.09090.113 2406.83370.860.000000             V6         GROUND 50 17 1A1      51 18 0A2     355420 1 1 1 1 1 0  1616.0 1616.0
401  798.645200 1.340E-26 2.031E-02.09090.113 2406.83370.860.000000             V6         GROUND 50 17 1A2      51 18 0A1     355420 1 1 1 1 1 0  1616.0 1616.0
401  798.694920 1.930E-26 2.736E-02.09080.220 2308.63010.850.000000             V6         GROUND 33 19 1E       34 20 0E      355420 1 1 1 1 1 0  1072.0 1072.0
401  798.943450 1.660E-26 3.641E-02.09340.246 2333.89860.720.000000             V6         GROUND 24 20 1A2      25 21 0A1     355420 1 1 1 1 1 0   784.0  784.0
401  798.943450 1.660E-26 3.641E-02.09340.246 2333.89860.720.000000             V6         GROUND 24 20 1A1      25 21 0A2     355420 1 1 1 1 1 0   784.0  784.0
401  799.071660 1.950E-26 2.323E-02.09020.180 2316.72700.860.000000             V6         GROUND 41 18 1E       42 19 0E      355420 1 1 1 1 1 0  1328.0 1328.0
401  799.387990 1.550E-26 2.053E-02.09080.122 2374.59360.860.000000             V6         GROUND 49 17 1A1      50 18 0A2     355420 1 1 1 1 1 0  1584.0 1584.0
401  799.387990 1.550E-26 2.053E-02.09080.122 2374.59360.860.000000             V6         GROUND 49 17 1A2      50 18 0A1     355420 1 1 1 1 1 0  1584.0 1584.0
401  799.402920 2.130E-26 2.808E-02.09090.235 2287.09340.830.000000             V6         GROUND 32 19 1E       33 20 0E      355420 1 1 1 1 1 0  1040.0 1040.0
401  799.632130 1.790E-26 3.796E-02.09390.238 2318.05380.710.000000             V6         GROUND 23 20 1A1      24 21 0A2     355420 1 1 1 1 1 0   752.0  752.0
401  799.632130 1.790E-26 3.796E-02.09390.238 2318.05380.710.000000             V6         GROUND 23 20 1A2      24 21 0A1     355420 1 1 1 1 1 0   752.0  752.0
401  799.796310 2.200E-26 2.364E-02.09020.189 2290.14290.860.000000             V6         GROUND 40 18 1E       41 19 0E      355420 1 1 1 1 1 0  1296.0 1296.0
401  800.108820 2.340E-26 2.880E-02.09110.247 2266.18720.820.000000             V6         GROUND 31 19 1E       32 20 0E      355420 1 1 1 1 1 0  1008.0 1008.0
401  800.128800 1.800E-26 2.090E-02.09060.131 2342.97900.860.000000             V6         GROUND 48 17 1A2      49 18 0A1     355420 1 1 1 1 1 0  1552.0 1552.0
401  800.128800 1.800E-26 2.090E-02.09060.131 2342.97900.860.000000             V6         GROUND 48 17 1A1      49 18 0A2     355420 1 1 1 1 1 0  1552.0 1552.0
401  800.318620 1.920E-26 3.956E-02.09450.228 2302.84120.700.000000             V6         GROUND 22 20 1A2      23 21 0A1     355420 1 1 1 1 1 0   720.0  720.0
401  800.318620 1.920E-26 3.956E-02.09450.228 2302.84120.700.000000             V6         GROUND 22 20 1A1      23 21 0A2     355420 1 1 1 1 1 0   720.0  720.0
401  800.405080 1.160E-26 1.904E-02.09100.102 2445.49300.860.000000             V6         GROUND 56 16 1E       57 17 0E      355420 1 1 1 1 1 0  1808.0 1808.0
401  800.518920 2.470E-26 2.403E-02.09020.164 2264.18730.860.000000             V6         GROUND 39 18 1E       40 19 0E      355420 1 1 1 1 1 0  1264.0 1264.0
401  800.812620 2.570E-26 2.965E-02.09140.258 2245.91180.800.000000             V6         GROUND 30 19 1E       31 20 0E      355420 1 1 1 1 1 0   976.0  976.0
401  800.867620 2.070E-26 2.115E-02.09050.139 2311.99030.860.000000             V6         GROUND 47 17 1A1      48 18 0A2     355420 1 1 1 1 1 0  1520.0 1520.0
401  800.867620 2.070E-26 2.115E-02.09050.139 2311.99030.860.000000             V6         GROUND 47 17 1A2      48 18 0A1     355420 1 1 1 1 1 0  1520.0 1520.0
401  801.002950 2.060E-26 4.145E-02.09510.218 2288.26110.700.000000             V6         GROUND 21 20 1A1      22 21 0A2     355420 1 1 1 1 1 0   688.0  688.0
401  801.002950 2.060E-26 4.145E-02.09510.218 2288.26110.700.000000             V6         GROUND 21 20 1A2      22 21 0A1     355420 1 1 1 1 1 0   688.0  688.0
401  801.159650 1.370E-26 1.926E-02.09080.102 2409.49220.860.000000             V6         GROUND 55 16 1E       56 17 0E      355420 1 1 1 1 1 0  1776.0 1776.0
401  801.239480 2.770E-26 2.449E-02.09020.169 2238.86040.860.000000             V6         GROUND 38 18 1E       39 19 0E      355420 1 1 1 1 1 0  1232.0 1232.0
401  801.514300 2.810E-26 3.052E-02.09170.266 2226.26740.790.000000             V6         GROUND 29 19 1E       30 20 0E      355420 1 1 1 1 1 0   944.0  944.0
401  801.604440 2.380E-26 2.147E-02.09040.146 2281.62790.860.000000             V6         GROUND 46 17 1A2      47 18 0A1     355420 1 1 1 1 1 0  1488.0 1488.0
401  801.604440 2.380E-26 2.147E-02.09040.146 2281.62790.860.000000             V6         GROUND 46 17 1A1      47 18 0A2     355420 1 1 1 1 1 0  1488.0 1488.0
401  801.685090 2.200E-26 4.345E-02.09580.207 2274.31360.690.000000             V6         GROUND 20 20 1A2      21 21 0A1     355420 1 1 1 1 1 0   656.0  656.0
401  801.685090 2.200E-26 4.345E-02.09580.207 2274.31360.690.000000             V6         GROUND 20 20 1A1      21 21 0A2     355420 1 1 1 1 1 0   656.0  656.0
401  801.912280 1.610E-26 1.944E-02.09120.102 2374.11460.860.000000             V6         GROUND 54 16 1E       55 17 0E      355420 1 1 1 1 1 0  1744.0 1744.0
401  801.957980 3.100E-26 2.500E-02.09030.178 2214.16270.860.000000             V6         GROUND 37 18 1E       38 19 0E      355420 1 1 1 1 1 0  1200.0 1200.0
401  802.213860 3.060E-26 3.142E-02.09200.272 2207.25430.770.000000             V6         GROUND 28 19 1E       29 20 0E      355420 1 1 1 1 1 0   912.0  912.0
401  802.339270 2.730E-26 2.182E-02.09030.154 2251.89220.860.000000             V6         GROUND 45 17 1A1      46 18 0A2     355420 1 1 1 1 1 0  1456.0 1456.0
401  802.339270 2.730E-26 2.182E-02.09030.154 2251.89220.860.000000             V6         GROUND 45 17 1A2      46 18 0A1     355420 1 1 1 1 1 0  1456.0 1456.0
401  802.662950 1.890E-26 1.967E-02.09100.101 2339.36070.860.000000             V6         GROUND 53 16 1E       54 17 0E      355420 1 1 1 1 1 0  1712.0 1712.0
401  802.674420 3.460E-26 2.555E-02.09040.189 2190.09440.860.000000             V6         GROUND 36 18 1E       37 19 0E      355420 1 1 1 1 1 0  1168.0 1168.0
401  802.911280 3.330E-26 3.246E-02.09240.274 2188.87280.760.000000             V6         GROUND 27 19 1E       28 20 0E      355420 1 1 1 1 1 0   880.0  880.0
401  803.072080 3.110E-26 2.210E-02.09020.162 2222.78350.860.000000             V6         GROUND 44 17 1A1      45 18 0A2     355420 1 1 1 1 1 0  1424.0 1424.0
401  803.072080 3.110E-26 2.210E-02.09020.162 2222.78350.860.000000             V6         GROUND 44 17 1A2      45 18 0A1     355420 1 1 1 1 1 0  1424.0 1424.0
401  803.388800 3.840E-26 2.606E-02.09050.203 2166.65580.870.000000             V6         GROUND 35 18 1E       36 19 0E      355420 1 1 1 1 1 0  1136.0 1136.0
401  803.411670 2.220E-26 1.998E-02.09080.101 2305.23080.860.000000             V6         GROUND 52 16 1E       53 17 0E      355420 1 1 1 1 1 0  1680.0 1680.0
401  803.606590 3.610E-26 3.355E-02.09280.274 2171.12300.750.000000             V6         GROUND 26 19 1E       27 20 0E      355420 1 1 1 1 1 0   848.0  848.0
401  803.802880 3.540E-26 2.245E-02.09010.169 2194.30220.860.000000             V6         GROUND 43 17 1A1      44 18 0A2     355420 1 1 1 1 1 0  1392.0 1392.0
401  803.802880 3.540E-26 2.245E-02.09010.169 2194.30220.860.000000             V6         GROUND 43 17 1A2      44 18 0A1     355420 1 1 1 1 1 0  1392.0 1392.0
401  804.101090 4.260E-26 2.667E-02.09060.217 2143.84730.860.000000             V6         GROUND 34 18 1E       35 19 0E      355420 1 1 1 1 1 0  1104.0 1104.0
401  804.158430 2.590E-26 2.023E-02.09070.108 2271.72560.860.000000             V6         GROUND 51 16 1E       52 17 0E      355420 1 1 1 1 1 0  1648.0 1648.0
401  804.299750 3.900E-26 3.472E-02.09320.271 2154.00510.730.000000             V6         GROUND 25 19 1E       26 20 0E      355420 1 1 1 1 1 0   816.0  816.0
401  804.459830 1.490E-26 1.869E-02.09100.108 2398.79890.860.000000             V6         GROUND 59 15 1E       60 16 0E      355420 1 1 1 1 1 0  1904.0 1904.0
401  804.531660 4.020E-26 2.282E-02.09010.178 2166.44860.860.000000             V6         GROUND 42 17 1A2      43 18 0A1     355420 1 1 1 1 1 0  1360.0 1360.0
401  804.531660 4.020E-26 2.282E-02.09010.178 2166.44860.860.000000             V6         GROUND 42 17 1A1      43 18 0A2     355420 1 1 1 1 1 0  1360.0 1360.0
401  804.811310 4.710E-26 2.731E-02.09080.232 2121.66900.850.000000             V6         GROUND 33 18 1E       34 19 0E      355420 1 1 1 1 1 0  1072.0 1072.0
401  804.903210 3.010E-26 2.047E-02.09050.119 2238.84530.860.000000             V6         GROUND 50 16 1E       51 17 0E      355420 1 1 1 1 1 0  1616.0 1616.0
401  804.990750 4.210E-26 3.607E-02.09370.265 2137.51950.720.000000             V6         GROUND 24 19 1E       25 20 0E      355420 1 1 1 1 1 0   784.0  784.0
401  805.220180 1.770E-26 1.882E-02.09080.108 2360.91460.860.000000             V6         GROUND 58 15 1E       59 16 0E      355420 1 1 1 1 1 0  1872.0 1872.0
401  805.258420 4.550E-26 2.322E-02.09010.186 2139.22320.860.000000             V6         GROUND 41 17 1A2      42 18 0A1     355420 1 1 1 1 1 0  1328.0 1328.0
401  805.258420 4.550E-26 2.322E-02.09010.186 2139.22320.860.000000             V6         GROUND 41 17 1A1      42 18 0A2     355420 1 1 1 1 1 0  1328.0 1328.0
401  805.519430 5.190E-26 2.798E-02.09100.246 2100.12130.830.000000             V6         GROUND 32 18 1E       33 19 0E      355420 1 1 1 1 1 0  1040.0 1040.0
401  805.646020 3.480E-26 2.067E-02.09040.128 2206.59040.860.000000             V6         GROUND 49 16 1E       50 17 0E      355420 1 1 1 1 1 0  1584.0 1584.0
401  805.679600 4.530E-26 3.752E-02.09430.258 2121.66620.710.000000             V6         GROUND 23 19 1E       24 20 0E      355420 1 1 1 1 1 0   752.0  752.0
401  805.978610 2.100E-26 1.899E-02.09060.107 2323.65250.860.000000             V6         GROUND 57 15 1E       58 16 0E      355420 1 1 1 1 1 0  1840.0 1840.0
401  805.983130 5.130E-26 2.361E-02.09010.196 2112.62620.860.000000             V6         GROUND 40 17 1A1      41 18 0A2     355420 1 1 1 1 1 0  1296.0 1296.0
401  805.983130 5.130E-26 2.361E-02.09010.196 2112.62620.860.000000             V6         GROUND 40 17 1A2      41 18 0A1     355420 1 1 1 1 1 0  1296.0 1296.0
401  806.225460 5.700E-26 2.869E-02.09120.259 2079.20450.820.000000             V6         GROUND 31 18 1E       32 19 0E      355420 1 1 1 1 1 0  1008.0 1008.0
401  806.366300 4.860E-26 3.911E-02.09490.250 2106.44550.700.000000             V6         GROUND 22 19 1E       23 20 0E      355420 1 1 1 1 1 0   720.0  720.0
401  806.386860 4.030E-26 2.099E-02.09030.137 2174.96120.860.000000             V6         GROUND 48 16 1E       49 17 0E      355420 1 1 1 1 1 0  1552.0 1552.0
401  806.705820 5.770E-26 2.404E-02.09010.174 2086.65800.860.000000             V6         GROUND 39 17 1A2      40 18 0A1     355420 1 1 1 1 1 0  1264.0 1264.0
401  806.705820 5.770E-26 2.404E-02.09010.174 2086.65800.860.000000             V6         GROUND 39 17 1A1      40 18 0A2     355420 1 1 1 1 1 0  1264.0 1264.0
401  806.735100 2.490E-26 1.921E-02.09050.107 2287.01290.860.000000             V6         GROUND 56 15 1E       57 16 0E      355420 1 1 1 1 1 0  1808.0 1808.0
401  806.929390 6.240E-26 2.944E-02.09150.270 2058.91880.800.000000             V6         GROUND 30 18 1E       31 19 0E      355420 1 1 1 1 1 0   976.0  976.0
401  807.050830 5.210E-26 4.094E-02.09550.241 2091.85760.700.000000             V6         GROUND 21 19 1E       22 20 0E      355420 1 1 1 1 1 0   688.0  688.0
401  807.125700 4.640E-26 2.126E-02.09020.145 2143.95830.860.000000             V6         GROUND 47 16 1E       48 17 0E      355420 1 1 1 1 1 0  1520.0 1520.0
401  807.426460 6.470E-26 2.449E-02.09010.180 2061.31890.860.000000             V6         GROUND 38 17 1A2      39 18 0A1     355420 1 1 1 1 1 0  1232.0 1232.0
401  807.426460 6.470E-26 2.449E-02.09010.180 2061.31890.860.000000             V6         GROUND 38 17 1A1      39 18 0A2     355420 1 1 1 1 1 0  1232.0 1232.0
401  807.489660 2.940E-26 1.942E-02.09030.107 2250.99640.860.000000             V6         GROUND 55 15 1E       56 16 0E      355420 1 1 1 1 1 0  1776.0 1776.0
401  807.631210 6.820E-26 3.029E-02.09180.279 2039.26440.790.000000             V6         GROUND 29 18 1E       30 19 0E      355420 1 1 1 1 1 0   944.0  944.0
401  807.733170 5.570E-26 4.296E-02.09620.232 2077.90270.690.000000             V6         GROUND 20 19 1E       21 20 0E      355420 1 1 1 1 1 0   656.0  656.0
401  807.862570 5.330E-26 2.156E-02.09010.152 2113.58190.860.000000             V6         GROUND 46 16 1E       47 17 0E      355420 1 1 1 1 1 0  1488.0 1488.0
401  808.145050 7.230E-26 2.496E-02.09020.189 2036.60920.860.000000             V6         GROUND 37 17 1A2      38 18 0A1     355420 1 1 1 1 1 0  1200.0 1200.0
401  808.145050 7.230E-26 2.496E-02.09020.189 2036.60920.860.000000             V6         GROUND 37 17 1A1      38 18 0A2     355420 1 1 1 1 1 0  1200.0 1200.0
401  808.242280 3.460E-26 1.963E-02.09070.107 2215.60340.860.000000             V6         GROUND 54 15 1E       55 16 0E      355420 1 1 1 1 1 0  1744.0 1744.0
401  808.330930 7.430E-26 3.119E-02.09220.285 2020.24170.770.000000             V6         GROUND 28 18 1E       29 19 0E      355420 1 1 1 1 1 0   912.0  912.0
401  808.413330 5.940E-26 4.522E-02.09690.223 2064.58090.690.000000             V6         GROUND 19 19 1E       20 20 0E      355420 1 1 1 1 1 0   624.0  624.0
401  808.597430 6.100E-26 2.186E-02.09000.160 2083.83250.860.000000             V6         GROUND 45 16 1E       46 17 0E      355420 1 1 1 1 1 0  1456.0 1456.0
401  808.861590 8.060E-26 2.548E-02.09030.200 2012.52920.860.000000             V6         GROUND 36 17 1A2      37 18 0A1     355420 1 1 1 1 1 0  1168.0 1168.0
401  808.861590 8.060E-26 2.548E-02.09030.200 2012.52920.860.000000             V6         GROUND 36 17 1A1      37 18 0A2     355420 1 1 1 1 1 0  1168.0 1168.0
401  808.992950 4.060E-26 1.985E-02.09050.107 2180.83440.860.000000             V6         GROUND 53 15 1E       54 16 0E      355420 1 1 1 1 1 0  1712.0 1712.0
401  809.028510 8.070E-26 3.216E-02.09260.288 2001.85080.760.000000             V6         GROUND 27 18 1E       28 19 0E      355420 1 1 1 1 1 0   880.0  880.0
401  809.330280 6.960E-26 2.218E-02.08990.168 2054.71040.860.000000             V6         GROUND 44 16 1E       45 17 0E      355420 1 1 1 1 1 0  1424.0 1424.0
401  809.576060 8.960E-26 2.603E-02.09050.214 1989.07930.870.000000             V6         GROUND 35 17 1A1      36 18 0A2     355420 1 1 1 1 1 0  1136.0 1136.0
401  809.576060 8.960E-26 2.603E-02.09050.214 1989.07930.870.000000             V6         GROUND 35 17 1A2      36 18 0A1     355420 1 1 1 1 1 0  1136.0 1136.0
401  809.723970 8.750E-26 3.325E-02.09300.289 1984.09190.750.000000             V6         GROUND 26 18 1E       27 19 0E      355420 1 1 1 1 1 0   848.0  848.0
401  809.741670 4.750E-26 2.008E-02.09040.107 2146.68970.860.000000             V6         GROUND 52 15 1E       53 16 0E      355420 1 1 1 1 1 0  1680.0 1680.0
401  810.061130 7.920E-26 2.252E-02.08990.175 2026.21600.860.000000             V6         GROUND 43 16 1E       44 17 0E      355420 1 1 1 1 1 0  1392.0 1392.0
401  810.288470 9.920E-26 2.658E-02.09060.228 1966.25970.860.000000             V6         GROUND 34 17 1A2      35 18 0A1     355420 1 1 1 1 1 0  1104.0 1104.0
401  810.288470 9.920E-26 2.658E-02.09060.228 1966.25970.860.000000             V6         GROUND 34 17 1A1      35 18 0A2     355420 1 1 1 1 1 0  1104.0 1104.0
401  810.417290 9.450E-26 3.439E-02.09350.287 1966.96540.730.000000             V6         GROUND 25 18 1E       26 19 0E      355420 1 1 1 1 1 0   816.0  816.0
401  810.488430 5.540E-26 2.032E-02.09030.113 2113.16990.860.000000             V6         GROUND 51 15 1E       52 16 0E      355420 1 1 1 1 1 0  1648.0 1648.0
401  810.789970 8.990E-26 2.288E-02.08990.184 1998.34960.860.000000             V6         GROUND 42 16 1E       43 17 0E      355420 1 1 1 1 1 0  1360.0 1360.0
401  810.862180 3.040E-26 1.877E-02.09050.113 2249.80900.860.000000             V6         GROUND 59 14 1A1      60 15 0A2     355420 1 1 1 1 1 0  1904.0 1904.0
401  810.862180 3.040E-26 1.877E-02.09050.113 2249.80900.860.000000             V6         GROUND 59 14 1A2      60 15 0A1     355420 1 1 1 1 1 0  1904.0 1904.0
401  810.998790 1.100E-25 2.730E-02.09080.243 1944.07070.850.000000             V6         GROUND 33 17 1A1      34 18 0A2     355420 1 1 1 1 1 0  1072.0 1072.0
401  810.998790 1.100E-25 2.730E-02.09080.243 1944.07070.850.000000             V6         GROUND 33 17 1A2      34 18 0A1     355420 1 1 1 1 1 0  1072.0 1072.0
401  811.108470 1.020E-25 3.572E-02.09400.283 1950.47130.720.000000             V6         GROUND 24 18 1E       25 19 0E      355420 1 1 1 1 1 0   784.0  784.0
401  811.233230 6.430E-26 2.053E-02.09020.124 2080.27530.860.000000             V6         GROUND 50 15 1E       51 16 0E      355420 1 1 1 1 1 0  1616.0 1616.0
401  811.516790 1.020E-25 2.333E-02.08990.193 1971.11170.860.000000             V6         GROUND 41 16 1E       42 17 0E      355420 1 1 1 1 1 0  1328.0 1328.0
401  811.622500 3.630E-26 1.899E-02.09030.113 2211.90920.860.000000             V6         GROUND 58 14 1A2      59 15 0A1     355420 1 1 1 1 1 0  1872.0 1872.0
401  811.622500 3.630E-26 1.899E-02.09030.113 2211.90920.860.000000             V6         GROUND 58 14 1A1      59 15 0A2     355420 1 1 1 1 1 0  1872.0 1872.0
401  811.707040 1.210E-25 2.792E-02.09110.257 1922.51260.830.000000             V6         GROUND 32 17 1A2      33 18 0A1     355420 1 1 1 1 1 0  1040.0 1040.0
401  811.707040 1.210E-25 2.792E-02.09110.257 1922.51260.830.000000             V6         GROUND 32 17 1A1      33 18 0A2     355420 1 1 1 1 1 0  1040.0 1040.0
401  811.797510 1.100E-25 3.724E-02.09460.278 1934.61000.710.000000             V6         GROUND 23 18 1E       24 19 0E      355420 1 1 1 1 1 0   752.0  752.0
401  811.976060 7.460E-26 2.081E-02.09000.134 2048.00630.860.000000             V6         GROUND 49 15 1E       50 16 0E      355420 1 1 1 1 1 0  1584.0 1584.0
401  812.241590 1.150E-25 2.373E-02.08990.202 1944.50250.860.000000             V6         GROUND 40 16 1E       41 17 0E      355420 1 1 1 1 1 0  1296.0 1296.0
401  812.380900 4.310E-26 1.918E-02.09010.113 2174.63180.860.000000             V6         GROUND 57 14 1A2      58 15 0A1     355420 1 1 1 1 1 0  1840.0 1840.0
401  812.380900 4.310E-26 1.918E-02.09010.113 2174.63180.860.000000             V6         GROUND 57 14 1A1      58 15 0A2     355420 1 1 1 1 1 0  1840.0 1840.0
401  812.413200 1.320E-25 2.843E-02.09130.270 1901.58560.820.000000             V6         GROUND 31 17 1A1      32 18 0A2     355420 1 1 1 1 1 0  1008.0 1008.0
401  812.413200 1.320E-25 2.843E-02.09130.270 1901.58560.820.000000             V6         GROUND 31 17 1A2      32 18 0A1     355420 1 1 1 1 1 0  1008.0 1008.0
401  812.484380 1.170E-25 3.848E-02.09520.271 1919.38160.700.000000             V6         GROUND 22 18 1E       23 19 0E      355420 1 1 1 1 1 0   720.0  720.0
401  812.716910 8.610E-26 2.106E-02.08990.143 2016.36350.860.000000             V6         GROUND 48 15 1E       49 16 0E      355420 1 1 1 1 1 0  1552.0 1552.0
401  812.964340 1.290E-25 2.409E-02.09000.184 1918.52230.860.000000             V6         GROUND 39 16 1E       40 17 0E      355420 1 1 1 1 1 0  1264.0 1264.0
401  813.117260 1.450E-25 2.928E-02.09160.281 1881.29010.800.000000             V6         GROUND 30 17 1A2      31 18 0A1     355420 1 1 1 1 1 0   976.0  976.0
401  813.117260 1.450E-25 2.928E-02.09160.281 1881.29010.800.000000             V6         GROUND 30 17 1A1      31 18 0A2     355420 1 1 1 1 1 0   976.0  976.0
401  813.137390 5.100E-26 1.936E-02.09000.113 2137.97720.860.000000             V6         GROUND 56 14 1A1      57 15 0A2     355420 1 1 1 1 1 0  1808.0 1808.0
401  813.137390 5.100E-26 1.936E-02.09000.113 2137.97720.860.000000             V6         GROUND 56 14 1A2      57 15 0A1     355420 1 1 1 1 1 0  1808.0 1808.0
401  813.169100 1.260E-25 4.046E-02.09590.264 1904.78620.700.000000             V6         GROUND 21 18 1E       22 19 0E      355420 1 1 1 1 1 0   688.0  688.0
401  813.455790 9.920E-26 2.134E-02.08990.151 1985.34700.860.000000             V6         GROUND 47 15 1E       48 16 0E      355420 1 1 1 1 1 0  1520.0 1520.0
401  813.685060 1.440E-25 2.444E-02.09000.190 1893.17160.860.000000             V6         GROUND 38 16 1E       39 17 0E      355420 1 1 1 1 1 0  1232.0 1232.0
401  813.819220 1.580E-25 3.003E-02.09200.290 1861.62620.790.000000             V6         GROUND 29 17 1A2      30 18 0A1     355420 1 1 1 1 1 0   944.0  944.0
401  813.819220 1.580E-25 3.003E-02.09200.290 1861.62620.790.000000             V6         GROUND 29 17 1A1      30 18 0A2     355420 1 1 1 1 1 0   944.0  944.0
401  813.851650 1.340E-25 4.224E-02.09660.256 1890.82420.690.000000             V6         GROUND 20 18 1E       21 19 0E      355420 1 1 1 1 1 0   656.0  656.0
401  813.891930 6.020E-26 1.956E-02.08980.112 2101.94590.860.000000             V6         GROUND 55 14 1A1      56 15 0A2     355420 1 1 1 1 1 0  1776.0 1776.0
401  813.891930 6.020E-26 1.956E-02.08980.112 2101.94590.860.000000             V6         GROUND 55 14 1A2      56 15 0A1     355420 1 1 1 1 1 0  1776.0 1776.0
401  814.192680 1.140E-25 2.165E-02.08980.158 1954.95750.860.000000             V6         GROUND 46 15 1E       47 16 0E      355420 1 1 1 1 1 0  1488.0 1488.0
401  814.403740 1.610E-25 2.492E-02.09010.199 1868.45050.860.000000             V6         GROUND 37 16 1E       38 17 0E      355420 1 1 1 1 1 0  1200.0 1200.0
401  814.519070 1.720E-25 3.090E-02.09240.297 1842.59420.770.000000             V6         GROUND 28 17 1A2      29 18 0A1     355420 1 1 1 1 1 0   912.0  912.0
401  814.519070 1.720E-25 3.090E-02.09240.297 1842.59420.770.000000             V6         GROUND 28 17 1A1      29 18 0A2     355420 1 1 1 1 1 0   912.0  912.0
401  814.532010 1.430E-25 4.448E-02.09740.247 1877.49560.690.000000             V6         GROUND 19 18 1E       20 19 0E      355420 1 1 1 1 1 0   624.0  624.0
401  814.644530 7.080E-26 1.976E-02.09020.112 2066.53840.860.000000             V6         GROUND 54 14 1A2      55 15 0A1     355420 1 1 1 1 1 0  1744.0 1744.0
401  814.644530 7.080E-26 1.976E-02.09020.112 2066.53840.860.000000             V6         GROUND 54 14 1A1      55 15 0A2     355420 1 1 1 1 1 0  1744.0 1744.0
401  814.927580 1.300E-25 2.187E-02.08970.166 1925.19510.860.000000             V6         GROUND 45 15 1E       46 16 0E      355420 1 1 1 1 1 0  1456.0 1456.0
401  815.120370 1.800E-25 2.550E-02.09030.211 1844.35950.860.000000             V6         GROUND 36 16 1E       37 17 0E      355420 1 1 1 1 1 0  1168.0 1168.0
401  815.210190 1.520E-25 4.693E-02.09820.239 1864.80060.690.000000             V6         GROUND 18 18 1E       19 19 0E      355420 1 1 1 1 1 0   592.0  592.0
401  815.216800 1.870E-25 3.189E-02.09280.301 1824.19440.760.000000             V6         GROUND 27 17 1A2      28 18 0A1     355420 1 1 1 1 1 0   880.0  880.0
401  815.216800 1.870E-25 3.189E-02.09280.301 1824.19440.760.000000             V6         GROUND 27 17 1A1      28 18 0A2     355420 1 1 1 1 1 0   880.0  880.0
401  815.395210 8.300E-26 1.996E-02.09010.112 2031.75510.860.000000             V6         GROUND 53 14 1A1      54 15 0A2     355420 1 1 1 1 1 0  1712.0 1712.0
401  815.395210 8.300E-26 1.996E-02.09010.112 2031.75510.860.000000             V6         GROUND 53 14 1A2      54 15 0A1     355420 1 1 1 1 1 0  1712.0 1712.0
401  815.660480 1.490E-25 2.229E-02.08970.173 1896.06030.860.000000             V6         GROUND 44 15 1E       45 16 0E      355420 1 1 1 1 1 0  1424.0 1424.0
401  815.834940 1.990E-25 2.590E-02.09040.224 1820.89880.870.000000             V6         GROUND 35 16 1E       36 17 0E      355420 1 1 1 1 1 0  1136.0 1136.0
401  815.912410 2.020E-25 3.284E-02.09320.303 1806.42690.750.000000             V6         GROUND 26 17 1A1      27 18 0A2     355420 1 1 1 1 1 0   848.0  848.0
401  815.912410 2.020E-25 3.284E-02.09320.303 1806.42690.750.000000             V6         GROUND 26 17 1A2      27 18 0A1     355420 1 1 1 1 1 0   848.0  848.0
401  816.143920 9.710E-26 2.019E-02.09000.112 1997.59650.860.000000             V6         GROUND 52 14 1A1      53 15 0A2     355420 1 1 1 1 1 0  1680.0 1680.0
401  816.143920 9.710E-26 2.019E-02.09000.112 1997.59650.860.000000             V6         GROUND 52 14 1A2      53 15 0A1     355420 1 1 1 1 1 0  1680.0 1680.0
401  816.391390 1.690E-25 2.255E-02.08970.181 1867.55360.860.000000             V6         GROUND 43 15 1E       44 16 0E      355420 1 1 1 1 1 0  1392.0 1392.0
401  816.547440 2.210E-25 2.654E-02.09060.238 1798.06870.860.000000             V6         GROUND 34 16 1E       35 17 0E      355420 1 1 1 1 1 0  1104.0 1104.0
401  816.605890 2.190E-25 3.410E-02.09370.302 1789.29210.730.000000             V6         GROUND 25 17 1A2      26 18 0A1     355420 1 1 1 1 1 0   816.0  816.0
401  816.605890 2.190E-25 3.410E-02.09370.302 1789.29210.730.000000             V6         GROUND 25 17 1A1      26 18 0A2     355420 1 1 1 1 1 0   816.0  816.0
401  816.890690 1.130E-25 2.039E-02.08990.118 1964.06290.860.000000             V6         GROUND 51 14 1A2      52 15 0A1     355420 1 1 1 1 1 0  1648.0 1648.0
401  816.890690 1.130E-25 2.039E-02.08990.118 1964.06290.860.000000             V6         GROUND 51 14 1A1      52 15 0A2     355420 1 1 1 1 1 0  1648.0 1648.0
401  817.120280 1.920E-25 2.294E-02.08970.190 1839.67510.860.000000             V6         GROUND 42 15 1E       43 16 0E      355420 1 1 1 1 1 0  1360.0 1360.0
401  817.257870 2.430E-25 2.702E-02.09090.253 1775.86950.850.000000             V6         GROUND 33 16 1E       34 17 0E      355420 1 1 1 1 1 0  1072.0 1072.0
401  817.297240 2.350E-25 3.520E-02.09430.300 1772.79010.720.000000             V6         GROUND 24 17 1A1      25 18 0A2     355420 1 1 1 1 1 0   784.0  784.0
401  817.297240 2.350E-25 3.520E-02.09430.300 1772.79010.720.000000             V6         GROUND 24 17 1A2      25 18 0A1     355420 1 1 1 1 1 0   784.0  784.0
401  817.336910 5.960E-26 1.896E-02.08990.118 2110.29000.860.000000             V6         GROUND 59 13 1E       60 14 0E      355420 1 1 1 1 1 0  1904.0 1904.0
401  817.635500 1.310E-25 2.057E-02.08980.130 1931.15490.860.000000             V6         GROUND 50 14 1A1      51 15 0A2     355420 1 1 1 1 1 0  1616.0 1616.0
401  817.635500 1.310E-25 2.057E-02.08980.130 1931.15490.860.000000             V6         GROUND 50 14 1A2      51 15 0A1     355420 1 1 1 1 1 0  1616.0 1616.0
401  817.847160 2.170E-25 2.330E-02.08970.199 1812.42530.860.000000             V6         GROUND 41 15 1E       42 16 0E      355420 1 1 1 1 1 0  1328.0 1328.0
401  817.966230 2.680E-25 2.771E-02.09110.267 1754.30140.830.000000             V6         GROUND 32 16 1E       33 17 0E      355420 1 1 1 1 1 0  1040.0 1040.0
401  817.986440 2.530E-25 3.664E-02.09490.296 1756.92110.710.000000             V6         GROUND 23 17 1A2      24 18 0A1     355420 1 1 1 1 1 0   752.0  752.0
401  817.986440 2.530E-25 3.664E-02.09490.296 1756.92110.710.000000             V6         GROUND 23 17 1A1      24 18 0A2     355420 1 1 1 1 1 0   752.0  752.0
401  818.097210 7.100E-26 1.914E-02.08980.118 2072.37570.860.000000             V6         GROUND 58 13 1E       59 14 0E      355420 1 1 1 1 1 0  1872.0 1872.0
401  818.378350 1.520E-25 2.085E-02.08970.139 1898.87270.860.000000             V6         GROUND 49 14 1A1      50 15 0A2     355420 1 1 1 1 1 0  1584.0 1584.0
401  818.378350 1.520E-25 2.085E-02.08970.139 1898.87270.860.000000             V6         GROUND 49 14 1A2      50 15 0A1     355420 1 1 1 1 1 0  1584.0 1584.0
401  818.572020 2.440E-25 2.363E-02.08980.208 1785.80450.860.000000             V6         GROUND 40 15 1E       41 16 0E      355420 1 1 1 1 1 0  1296.0 1296.0
401  818.672510 2.940E-25 2.837E-02.09140.280 1733.36490.820.000000             V6         GROUND 31 16 1E       32 17 0E      355420 1 1 1 1 1 0  1008.0 1008.0
401  818.673500 2.710E-25 3.813E-02.09550.291 1741.68530.700.000000             V6         GROUND 22 17 1A1      23 18 0A2     355420 1 1 1 1 1 0   720.0  720.0
401  818.673500 2.710E-25 3.813E-02.09550.291 1741.68530.700.000000             V6         GROUND 22 17 1A2      23 18 0A1     355420 1 1 1 1 1 0   720.0  720.0
401  818.855590 8.420E-26 1.930E-02.08960.117 2035.08390.860.000000             V6         GROUND 57 13 1E       58 14 0E      355420 1 1 1 1 1 0  1840.0 1840.0
401  819.119220 1.760E-25 2.117E-02.08960.148 1867.21690.860.000000             V6         GROUND 48 14 1A1      49 15 0A2     355420 1 1 1 1 1 0  1552.0 1552.0
401  819.119220 1.760E-25 2.117E-02.08960.148 1867.21690.860.000000             V6         GROUND 48 14 1A2      49 15 0A1     355420 1 1 1 1 1 0  1552.0 1552.0
401  819.294850 2.740E-25 2.402E-02.08990.193 1759.81310.860.000000             V6         GROUND 39 15 1E       40 16 0E      355420 1 1 1 1 1 0  1264.0 1264.0
401  819.358390 2.890E-25 3.970E-02.09620.285 1727.08290.700.000000             V6         GROUND 21 17 1A1      22 18 0A2     355420 1 1 1 1 1 0   688.0  688.0
401  819.358390 2.890E-25 3.970E-02.09620.285 1727.08290.700.000000             V6         GROUND 21 17 1A2      22 18 0A1     355420 1 1 1 1 1 0   688.0  688.0
401  819.376690 3.220E-25 2.913E-02.09170.291 1713.06000.800.000000             V6         GROUND 30 16 1E       31 17 0E      355420 1 1 1 1 1 0   976.0  976.0
401  819.612050 9.970E-26 1.950E-02.08950.117 1998.41520.860.000000             V6         GROUND 56 13 1E       57 14 0E      355420 1 1 1 1 1 0  1808.0 1808.0
401  819.858130 2.020E-25 2.137E-02.08960.156 1836.18770.860.000000             V6         GROUND 47 14 1A1      48 15 0A2     355420 1 1 1 1 1 0  1520.0 1520.0
401  819.858130 2.020E-25 2.137E-02.08960.156 1836.18770.860.000000             V6         GROUND 47 14 1A2      48 15 0A1     355420 1 1 1 1 1 0  1520.0 1520.0
401  820.015640 3.070E-25 2.445E-02.09000.200 1734.45130.860.000000             V6         GROUND 38 15 1E       39 16 0E      355420 1 1 1 1 1 0  1232.0 1232.0
401  820.041120 3.080E-25 4.153E-02.09700.278 1713.11410.690.000000             V6         GROUND 20 17 1A2      21 18 0A1     355420 1 1 1 1 1 0   656.0  656.0
401  820.041120 3.080E-25 4.153E-02.09700.278 1713.11410.690.000000             V6         GROUND 20 17 1A1      21 18 0A2     355420 1 1 1 1 1 0   656.0  656.0
401  820.069570 1.050E-26 1.646E-02.09060.205 2330.79700.870.000000             V6         GROUND 35 19 1E       35 20 0E      355420 1 1 1 1 1 0  1136.0 1136.0
401  820.078780 3.510E-25 2.988E-02.09210.301 1693.38710.790.000000             V6         GROUND 29 16 1E       30 17 0E      355420 1 1 1 1 1 0   944.0  944.0
401  820.151790 1.110E-26 1.608E-02.09080.220 2308.63010.860.000000             V6         GROUND 34 19 1E       34 20 0E      355420 1 1 1 1 1 0  1104.0 1104.0
401  820.231630 1.160E-26 1.559E-02.09090.235 2287.09340.850.000000             V6         GROUND 33 19 1E       33 20 0E      355420 1 1 1 1 1 0  1072.0 1072.0
401  820.309110 1.210E-26 1.514E-02.09110.247 2266.18720.830.000000             V6         GROUND 32 19 1E       32 20 0E      355420 1 1 1 1 1 0  1040.0 1040.0
401  820.366580 1.180E-25 1.975E-02.08940.117 1962.37010.860.000000             V6         GROUND 55 13 1E       56 14 0E      355420 1 1 1 1 1 0  1776.0 1776.0
401  820.384220 1.240E-26 1.451E-02.09140.258 2245.91180.820.000000             V6         GROUND 31 19 1E       31 20 0E      355420 1 1 1 1 1 0  1008.0 1008.0
401  820.456980 1.270E-26 1.395E-02.09170.266 2226.26740.800.000000             V6         GROUND 30 19 1E       30 20 0E      355420 1 1 1 1 1 0   976.0  976.0
401  820.527380 1.280E-26 1.326E-02.09200.272 2207.25430.790.000000             V6         GROUND 29 19 1E       29 20 0E      355420 1 1 1 1 1 0   944.0  944.0
401  820.595050 2.320E-25 2.166E-02.08950.164 1805.78570.860.000000             V6         GROUND 46 14 1A1      47 15 0A2     355420 1 1 1 1 1 0  1488.0 1488.0
401  820.595050 2.320E-25 2.166E-02.08950.164 1805.78570.860.000000             V6         GROUND 46 14 1A2      47 15 0A1     355420 1 1 1 1 1 0  1488.0 1488.0
401  820.595410 1.280E-26 1.255E-02.09240.274 2188.87280.770.000000             V6         GROUND 28 19 1E       28 20 0E      355420 1 1 1 1 1 0   912.0  912.0
401  820.661090 1.260E-26 1.175E-02.09280.274 2171.12300.760.000000             V6         GROUND 27 19 1E       27 20 0E      355420 1 1 1 1 1 0   880.0  880.0
401  820.721680 3.280E-25 4.364E-02.09780.271 1699.77900.690.000000             V6         GROUND 19 17 1A2      20 18 0A1     355420 1 1 1 1 1 0   624.0  624.0
401  820.721680 3.280E-25 4.364E-02.09780.271 1699.77900.690.000000             V6         GROUND 19 17 1A1      20 18 0A2     355420 1 1 1 1 1 0   624.0  624.0
401  820.724430 1.220E-26 1.087E-02.09320.271 2154.00510.750.000000             V6         GROUND 26 19 1E       26 20 0E      355420 1 1 1 1 1 0   848.0  848.0
401  820.734400 3.430E-25 2.491E-02.09010.209 1709.71950.860.000000             V6         GROUND 37 15 1E       38 16 0E      355420 1 1 1 1 1 0  1200.0 1200.0
401  820.778770 3.810E-25 3.066E-02.09250.308 1674.34640.770.000000             V6         GROUND 28 16 1E       29 17 0E      355420 1 1 1 1 1 0   912.0  912.0
401  820.785400 1.150E-26 9.825E-03.09370.265 2137.51950.730.000000             V6         GROUND 25 19 1E       25 20 0E      355420 1 1 1 1 1 0   816.0  816.0
401  820.844010 1.050E-26 8.646E-03.09430.258 2121.66620.720.000000             V6         GROUND 24 19 1E       24 20 0E      355420 1 1 1 1 1 0   784.0  784.0
401  821.119180 1.380E-25 1.984E-02.08980.117 1926.94900.860.000000             V6         GROUND 54 13 1E       55 14 0E      355420 1 1 1 1 1 0  1744.0 1744.0
401  821.329990 2.660E-25 2.200E-02.08950.171 1776.01120.860.000000             V6         GROUND 45 14 1A2      46 15 0A1     355420 1 1 1 1 1 0  1456.0 1456.0
401  821.329990 2.660E-25 2.200E-02.08950.171 1776.01120.860.000000             V6         GROUND 45 14 1A1      46 15 0A2     355420 1 1 1 1 1 0  1456.0 1456.0
401  821.400060 3.480E-25 4.596E-02.09860.263 1687.07790.690.000000             V6         GROUND 18 17 1A2      19 18 0A1     355420 1 1 1 1 1 0   592.0  592.0
401  821.400060 3.480E-25 4.596E-02.09860.263 1687.07790.690.000000             V6         GROUND 18 17 1A1      19 18 0A2     355420 1 1 1 1 1 0   592.0  592.0
401  821.451110 3.820E-25 2.539E-02.09020.221 1685.61800.860.000000             V6         GROUND 36 15 1E       37 16 0E      355420 1 1 1 1 1 0  1168.0 1168.0
401  821.476640 4.140E-25 3.162E-02.09300.313 1655.93810.760.000000             V6         GROUND 27 16 1E       28 17 0E      355420 1 1 1 1 1 0   880.0  880.0
401  821.869840 1.620E-25 2.007E-02.08970.117 1892.15240.860.000000             V6         GROUND 53 13 1E       54 14 0E      355420 1 1 1 1 1 0  1712.0 1712.0
401  822.062930 3.030E-25 2.228E-02.08950.179 1746.86450.860.000000             V6         GROUND 44 14 1A2      45 15 0A1     355420 1 1 1 1 1 0  1424.0 1424.0
401  822.062930 3.030E-25 2.228E-02.08950.179 1746.86450.860.000000             V6         GROUND 44 14 1A1      45 15 0A2     355420 1 1 1 1 1 0  1424.0 1424.0
401  822.076260 3.690E-25 4.866E-02.09950.254 1675.01080.690.000000             V6         GROUND 17 17 1A2      18 18 0A1     355420 1 1 1 1 1 0   560.0  560.0
401  822.076260 3.690E-25 4.866E-02.09950.254 1675.01080.690.000000             V6         GROUND 17 17 1A1      18 18 0A2     355420 1 1 1 1 1 0   560.0  560.0
401  822.165770 4.230E-25 2.583E-02.09040.234 1662.14710.870.000000             V6         GROUND 35 15 1E       36 16 0E      355420 1 1 1 1 1 0  1136.0 1136.0
401  822.172400 4.470E-25 3.255E-02.09340.316 1638.16250.750.000000             V6         GROUND 26 16 1E       27 17 0E      355420 1 1 1 1 1 0   848.0  848.0
401  822.618560 1.900E-25 2.035E-02.08960.117 1857.98060.860.000000             V6         GROUND 52 13 1E       53 14 0E      355420 1 1 1 1 1 0  1680.0 1680.0
401  822.793880 3.440E-25 2.257E-02.08950.187 1718.34600.860.000000             V6         GROUND 43 14 1A2      44 15 0A1     355420 1 1 1 1 1 0  1392.0 1392.0
401  822.793880 3.440E-25 2.257E-02.08950.187 1718.34600.860.000000             V6         GROUND 43 14 1A1      44 15 0A2     355420 1 1 1 1 1 0  1392.0 1392.0
401  822.866030 4.820E-25 3.361E-02.09400.317 1621.01980.730.000000             V6         GROUND 25 16 1E       26 17 0E      355420 1 1 1 1 1 0   816.0  816.0
401  822.878370 4.680E-25 2.637E-02.09060.248 1639.30710.860.000000             V6         GROUND 34 15 1E       35 16 0E      355420 1 1 1 1 1 0  1104.0 1104.0
401  823.365330 2.210E-25 2.053E-02.08950.123 1824.43420.860.000000             V6         GROUND 51 13 1E       52 14 0E      355420 1 1 1 1 1 0  1648.0 1648.0
401  823.522820 3.900E-25 2.290E-02.08950.195 1690.45610.860.000000             V6         GROUND 42 14 1A2      43 15 0A1     355420 1 1 1 1 1 0  1360.0 1360.0
401  823.522820 3.900E-25 2.290E-02.08950.195 1690.45610.860.000000             V6         GROUND 42 14 1A1      43 15 0A2     355420 1 1 1 1 1 0  1360.0 1360.0
401  823.557530 5.190E-25 3.482E-02.09460.316 1604.51020.720.000000             V6         GROUND 24 16 1E       25 17 0E      355420 1 1 1 1 1 0   784.0  784.0
401  823.588910 5.160E-25 2.692E-02.09090.263 1617.09820.850.000000             V6         GROUND 33 15 1E       34 16 0E      355420 1 1 1 1 1 0  1072.0 1072.0
401  823.884040 1.110E-25 1.906E-02.08940.122 1980.26970.860.000000             V6         GROUND 59 12 1E       60 13 0E      355420 1 1 1 1 1 0  1904.0 1904.0
401  824.110150 2.560E-25 2.071E-02.08950.135 1791.51350.860.000000             V6         GROUND 50 13 1E       51 14 0E      355420 1 1 1 1 1 0  1616.0 1616.0
401  824.246900 5.560E-25 3.606E-02.09520.313 1588.63380.710.000000             V6         GROUND 23 16 1E       24 17 0E      355420 1 1 1 1 1 0   752.0  752.0
401  824.249750 4.410E-25 2.327E-02.08960.204 1663.19520.860.000000             V6         GROUND 41 14 1A1      42 15 0A2     355420 1 1 1 1 1 0  1328.0 1328.0
401  824.249750 4.410E-25 2.327E-02.08960.204 1663.19520.860.000000             V6         GROUND 41 14 1A2      42 15 0A1     355420 1 1 1 1 1 0  1328.0 1328.0
401  824.297370 5.680E-25 2.755E-02.09120.277 1595.52080.830.000000             V6         GROUND 32 15 1E       33 16 0E      355420 1 1 1 1 1 0  1040.0 1040.0
401  824.644310 1.320E-25 1.921E-02.08930.122 1942.34180.860.000000             V6         GROUND 58 12 1E       59 13 0E      355420 1 1 1 1 1 0  1872.0 1872.0
401  824.853010 2.970E-25 2.098E-02.08940.144 1759.21890.860.000000             V6         GROUND 49 13 1E       50 14 0E      355420 1 1 1 1 1 0  1584.0 1584.0
401  824.934110 5.950E-25 3.749E-02.09590.309 1573.39100.700.000000             V6         GROUND 22 16 1E       23 17 0E      355420 1 1 1 1 1 0   720.0  720.0
401  824.974670 4.960E-25 2.360E-02.08960.214 1636.56350.860.000000             V6         GROUND 40 14 1A2      41 15 0A1     355420 1 1 1 1 1 0  1296.0 1296.0
401  824.974670 4.960E-25 2.360E-02.08960.214 1636.56350.860.000000             V6         GROUND 40 14 1A1      41 15 0A2     355420 1 1 1 1 1 0  1296.0 1296.0
401  825.003760 6.220E-25 2.816E-02.09150.290 1574.57510.820.000000             V6         GROUND 31 15 1E       32 16 0E      355420 1 1 1 1 1 0  1008.0 1008.0
401  825.139300 1.050E-26 2.053E-02.09060.147 2429.34140.860.000000             V6         GROUND 46 18 1E       46 19 0E      355420 1 1 1 1 1 0  1488.0 1488.0
401  825.247350 1.170E-26 2.030E-02.09050.155 2400.24680.860.000000             V6         GROUND 45 18 1E       45 19 0E      355420 1 1 1 1 1 0  1456.0 1456.0
401  825.353020 1.300E-26 2.009E-02.09040.163 2371.77930.860.000000             V6         GROUND 44 18 1E       44 19 0E      355420 1 1 1 1 1 0  1424.0 1424.0
401  825.402660 1.570E-25 1.942E-02.08920.122 1905.03660.860.000000             V6         GROUND 57 12 1E       58 13 0E      355420 1 1 1 1 1 0  1840.0 1840.0
401  825.456300 1.440E-26 1.989E-02.09030.171 2343.93930.860.000000             V6         GROUND 43 18 1E       43 19 0E      355420 1 1 1 1 1 0  1392.0 1392.0
401  825.557230 1.590E-26 1.969E-02.09020.180 2316.72700.860.000000             V6         GROUND 42 18 1E       42 19 0E      355420 1 1 1 1 1 0  1360.0 1360.0
401  825.593910 3.430E-25 2.124E-02.08930.153 1727.55090.860.000000             V6         GROUND 48 13 1E       49 14 0E      355420 1 1 1 1 1 0  1552.0 1552.0
401  825.619180 6.350E-25 3.906E-02.09660.305 1558.78190.700.000000             V6         GROUND 21 16 1E       22 17 0E      355420 1 1 1 1 1 0   688.0  688.0
401  825.655770 1.750E-26 1.951E-02.09020.189 2290.14290.860.000000             V6         GROUND 41 18 1E       41 19 0E      355420 1 1 1 1 1 0  1328.0 1328.0
401  825.697570 5.570E-25 2.399E-02.08970.202 1610.56140.860.000000             V6         GROUND 39 14 1A2      40 15 0A1     355420 1 1 1 1 1 0  1264.0 1264.0
401  825.697570 5.570E-25 2.399E-02.08970.202 1610.56140.860.000000             V6         GROUND 39 14 1A1      40 15 0A2     355420 1 1 1 1 1 0  1264.0 1264.0
401  825.708060 6.800E-25 2.885E-02.09180.301 1554.26140.800.000000             V6         GROUND 30 15 1E       31 16 0E      355420 1 1 1 1 1 0   976.0  976.0
401  825.751950 1.910E-26 1.924E-02.09020.164 2264.18730.860.000000             V6         GROUND 40 18 1E       40 19 0E      355420 1 1 1 1 1 0  1296.0 1296.0
401  825.845760 2.080E-26 1.900E-02.09020.169 2238.86040.860.000000             V6         GROUND 39 18 1E       39 19 0E      355420 1 1 1 1 1 0  1264.0 1264.0
401  825.937200 2.260E-26 1.879E-02.09030.178 2214.16270.860.000000             V6         GROUND 38 18 1E       38 19 0E      355420 1 1 1 1 1 0  1232.0 1232.0
401  826.026280 2.430E-26 1.845E-02.09040.189 2190.09440.860.000000             V6         GROUND 37 18 1E       37 19 0E      355420 1 1 1 1 1 0  1200.0 1200.0
401  826.113000 2.600E-26 1.810E-02.09050.203 2166.65580.860.000000             V6         GROUND 36 18 1E       36 19 0E      355420 1 1 1 1 1 0  1168.0 1168.0
401  826.159110 1.860E-25 1.963E-02.08910.122 1868.35480.860.000000             V6         GROUND 56 12 1E       57 13 0E      355420 1 1 1 1 1 0  1808.0 1808.0
401  826.197350 2.770E-26 1.775E-02.09060.217 2143.84730.870.000000             V6         GROUND 35 18 1E       35 19 0E      355420 1 1 1 1 1 0  1136.0 1136.0
401  826.279350 2.940E-26 1.741E-02.09080.232 2121.66900.860.000000             V6         GROUND 34 18 1E       34 19 0E      355420 1 1 1 1 1 0  1104.0 1104.0
401  826.302100 6.760E-25 4.081E-02.09730.299 1544.80670.690.000000             V6         GROUND 20 16 1E       21 17 0E      355420 1 1 1 1 1 0   656.0  656.0
401  826.332840 3.940E-25 2.146E-02.08930.161 1696.50990.860.000000             V6         GROUND 47 13 1E       48 14 0E      355420 1 1 1 1 1 0  1520.0 1520.0
401  826.358980 3.090E-26 1.698E-02.09100.246 2100.12130.850.000000             V6         GROUND 33 18 1E       33 19 0E      355420 1 1 1 1 1 0  1072.0 1072.0
401  826.410260 7.410E-25 2.959E-02.09220.311 1534.58000.790.000000             V6         GROUND 29 15 1E       30 16 0E      355420 1 1 1 1 1 0   944.0  944.0
401  826.418430 6.240E-25 2.442E-02.08990.209 1585.18920.860.000000             V6         GROUND 38 14 1A2      39 15 0A1     355420 1 1 1 1 1 0  1232.0 1232.0
401  826.418430 6.240E-25 2.442E-02.08990.209 1585.18920.860.000000             V6         GROUND 38 14 1A1      39 15 0A2     355420 1 1 1 1 1 0  1232.0 1232.0
401  826.436260 3.230E-26 1.653E-02.09120.259 2079.20450.830.000000             V6         GROUND 32 18 1E       32 19 0E      355420 1 1 1 1 1 0  1040.0 1040.0
401  826.511180 3.350E-26 1.603E-02.09150.270 2058.91880.820.000000             V6         GROUND 31 18 1E       31 19 0E      355420 1 1 1 1 1 0  1008.0 1008.0
401  826.583750 3.440E-26 1.545E-02.09180.279 2039.26440.800.000000             V6         GROUND 30 18 1E       30 19 0E      355420 1 1 1 1 1 0   976.0  976.0
401  826.653970 3.500E-26 1.482E-02.09220.285 2020.24170.790.000000             V6         GROUND 29 18 1E       29 19 0E      355420 1 1 1 1 1 0   944.0  944.0
401  826.721840 3.530E-26 1.415E-02.09260.288 2001.85080.770.000000             V6         GROUND 28 18 1E       28 19 0E      355420 1 1 1 1 1 0   912.0  912.0
401  826.787350 3.510E-26 1.338E-02.09300.289 1984.09190.760.000000             V6         GROUND 27 18 1E       27 19 0E      355420 1 1 1 1 1 0   880.0  880.0
401  826.850520 3.450E-26 1.256E-02.09350.287 1966.96540.750.000000             V6         GROUND 26 18 1E       26 19 0E      355420 1 1 1 1 1 0   848.0  848.0
401  826.911330 3.320E-26 1.159E-02.09400.283 1950.47130.730.000000             V6         GROUND 25 18 1E       25 19 0E      355420 1 1 1 1 1 0   816.0  816.0
401  826.913630 2.190E-25 1.978E-02.08900.122 1832.29680.860.000000             V6         GROUND 55 12 1E       56 13 0E      355420 1 1 1 1 1 0  1776.0 1776.0
401  826.969810 3.130E-26 1.053E-02.09460.278 1934.61000.720.000000             V6         GROUND 24 18 1E       24 19 0E      355420 1 1 1 1 1 0   784.0  784.0
401  826.982830 7.180E-25 4.278E-02.09820.293 1531.46550.690.000000             V6         GROUND 19 16 1E       20 17 0E      355420 1 1 1 1 1 0   624.0  624.0
401  827.025930 2.860E-26 9.318E-03.09520.271 1919.38160.710.000000             V6         GROUND 23 18 1E       23 19 0E      355420 1 1 1 1 1 0   752.0  752.0
401  827.069790 4.520E-25 2.173E-02.08930.169 1666.09620.860.000000             V6         GROUND 46 13 1E       47 14 0E      355420 1 1 1 1 1 0  1488.0 1488.0
401  827.079710 2.500E-26 7.926E-03.09590.264 1904.78620.700.000000             V6         GROUND 22 18 1E       22 19 0E      355420 1 1 1 1 1 0   720.0  720.0
401  827.110380 8.050E-25 3.038E-02.09270.319 1515.53100.770.000000             V6         GROUND 28 15 1E       29 16 0E      355420 1 1 1 1 1 0   912.0  912.0
401  827.131150 2.050E-26 6.356E-03.09660.256 1890.82420.700.000000             V6         GROUND 21 18 1E       21 19 0E      355420 1 1 1 1 1 0   688.0  688.0
401  827.137270 6.960E-25 2.483E-02.09000.219 1560.44730.860.000000             V6         GROUND 37 14 1A2      38 15 0A1     355420 1 1 1 1 1 0  1200.0 1200.0
401  827.137270 6.960E-25 2.483E-02.09000.219 1560.44730.860.000000             V6         GROUND 37 14 1A1      38 15 0A2     355420 1 1 1 1 1 0  1200.0 1200.0
401  827.180240 1.490E-26 4.542E-03.09740.247 1877.49560.690.000000             V6         GROUND 20 18 1E       20 19 0E      355420 1 1 1 1 1 0   656.0  656.0
401  827.661400 7.620E-25 4.506E-02.09900.286 1518.75860.690.000000             V6         GROUND 18 16 1E       19 17 0E      355420 1 1 1 1 1 0   592.0  592.0
401  827.666220 2.580E-25 2.001E-02.08940.122 1796.86300.860.000000             V6         GROUND 54 12 1E       55 13 0E      355420 1 1 1 1 1 0  1744.0 1744.0
401  827.804760 5.170E-25 2.202E-02.08930.176 1636.31020.860.000000             V6         GROUND 45 13 1E       46 14 0E      355420 1 1 1 1 1 0  1456.0 1456.0
401  827.808380 8.720E-25 3.123E-02.09310.325 1497.11470.760.000000             V6         GROUND 27 15 1E       28 16 0E      355420 1 1 1 1 1 0   880.0  880.0
401  827.854060 7.740E-25 2.528E-02.09020.230 1536.33600.860.000000             V6         GROUND 36 14 1A1      37 15 0A2     355420 1 1 1 1 1 0  1168.0 1168.0
401  827.854060 7.740E-25 2.528E-02.09020.230 1536.33600.860.000000             V6         GROUND 36 14 1A2      37 15 0A1     355420 1 1 1 1 1 0  1168.0 1168.0
401  828.337800 8.060E-25 4.759E-02.10000.279 1506.68600.690.000000             V6         GROUND 17 16 1E       18 17 0E      355420 1 1 1 1 1 0   560.0  560.0
401  828.416870 3.020E-25 2.018E-02.08930.121 1762.05390.860.000000             V6         GROUND 53 12 1E       54 13 0E      355420 1 1 1 1 1 0  1712.0 1712.0
401  828.504270 9.420E-25 3.217E-02.09360.329 1479.33140.750.000000             V6         GROUND 26 15 1E       27 16 0E      355420 1 1 1 1 1 0   848.0  848.0
401  828.537730 5.890E-25 2.230E-02.08930.184 1607.15230.860.000000             V6         GROUND 44 13 1E       45 14 0E      355420 1 1 1 1 1 0  1424.0 1424.0
401  828.568800 8.580E-25 2.574E-02.09040.243 1512.85540.870.000000             V6         GROUND 35 14 1A1      36 15 0A2     355420 1 1 1 1 1 0  1136.0 1136.0
401  828.568800 8.580E-25 2.574E-02.09040.243 1512.85540.870.000000             V6         GROUND 35 14 1A2      36 15 0A1     355420 1 1 1 1 1 0  1136.0 1136.0
401  829.012000 8.510E-25 5.048E-02.10090.269 1495.24790.690.000000             V6         GROUND 16 16 1E       17 17 0E      355420 1 1 1 1 1 0   528.0  528.0
401  829.165590 3.530E-25 2.040E-02.08930.121 1727.86990.860.000000             V6         GROUND 52 12 1E       53 13 0E      355420 1 1 1 1 1 0  1680.0 1680.0
401  829.198060 1.020E-24 3.335E-02.09420.331 1462.18120.730.000000             V6         GROUND 25 15 1E       26 16 0E      355420 1 1 1 1 1 0   816.0  816.0
401  829.268730 6.690E-25 2.259E-02.08930.192 1578.62290.860.000000             V6         GROUND 43 13 1E       44 14 0E      355420 1 1 1 1 1 0  1392.0 1392.0
401  829.281490 9.480E-25 2.624E-02.09060.257 1490.00610.860.000000             V6         GROUND 34 14 1A2      35 15 0A1     355420 1 1 1 1 1 0  1104.0 1104.0
401  829.281490 9.480E-25 2.624E-02.09060.257 1490.00610.860.000000             V6         GROUND 34 14 1A1      35 15 0A2     355420 1 1 1 1 1 0  1104.0 1104.0
401  829.889700 1.090E-24 3.429E-02.09480.331 1445.66440.720.000000             V6         GROUND 24 15 1E       25 16 0E      355420 1 1 1 1 1 0   784.0  784.0
401  829.912370 4.110E-25 2.060E-02.08920.128 1694.31140.860.000000             V6         GROUND 51 12 1E       52 13 0E      355420 1 1 1 1 1 0  1648.0 1648.0
401  829.992120 1.040E-24 2.665E-02.09090.272 1467.78810.850.000000             V6         GROUND 33 14 1A2      34 15 0A1     355420 1 1 1 1 1 0  1072.0 1072.0
401  829.992120 1.040E-24 2.665E-02.09090.272 1467.78810.850.000000             V6         GROUND 33 14 1A1      34 15 0A2     355420 1 1 1 1 1 0  1072.0 1072.0
401  829.997710 7.580E-25 2.291E-02.08940.200 1550.72230.860.000000             V6         GROUND 42 13 1E       43 14 0E      355420 1 1 1 1 1 0  1360.0 1360.0
401  830.503470 1.980E-25 1.923E-02.08900.126 1859.77410.860.000000             V6         GROUND 59 11 1A2      60 12 0A1     355420 1 1 1 1 1 0  1904.0 1904.0
401  830.503470 1.980E-25 1.923E-02.08900.126 1859.77410.860.000000             V6         GROUND 59 11 1A1      60 12 0A2     355420 1 1 1 1 1 0  1904.0 1904.0
401  830.519080 1.050E-26 2.236E-02.09130.095 2473.18870.860.000000             V6         GROUND 53 17 1A1      53 18 0A2     355420 1 1 1 1 1 0  1712.0 1712.0
401  830.519080 1.050E-26 2.236E-02.09130.095 2473.18870.860.000000             V6         GROUND 53 17 1A2      53 18 0A1     355420 1 1 1 1 1 0  1712.0 1712.0
401  830.579230 1.170E-24 3.558E-02.09550.330 1429.78120.710.000000             V6         GROUND 23 15 1E       24 16 0E      355420 1 1 1 1 1 0   752.0  752.0
401  830.643540 1.210E-26 2.232E-02.09110.102 2439.69890.860.000000             V6         GROUND 52 17 1A2      52 18 0A1     355420 1 1 1 1 1 0  1680.0 1680.0
401  830.643540 1.210E-26 2.232E-02.09110.102 2439.69890.860.000000             V6         GROUND 52 17 1A1      52 18 0A2     355420 1 1 1 1 1 0  1680.0 1680.0
401  830.657190 4.770E-25 2.081E-02.08920.139 1661.37890.860.000000             V6         GROUND 50 12 1E       51 13 0E      355420 1 1 1 1 1 0  1616.0 1616.0
401  830.700690 1.150E-24 2.740E-02.09120.285 1446.20190.830.000000             V6         GROUND 32 14 1A1      33 15 0A2     355420 1 1 1 1 1 0  1040.0 1040.0
401  830.700690 1.150E-24 2.740E-02.09120.285 1446.20190.830.000000             V6         GROUND 32 14 1A2      33 15 0A1     355420 1 1 1 1 1 0  1040.0 1040.0
401  830.724700 8.560E-25 2.325E-02.08940.209 1523.45090.860.000000             V6         GROUND 41 13 1E       42 14 0E      355420 1 1 1 1 1 0  1328.0 1328.0
401  830.765610 1.390E-26 2.229E-02.09090.113 2406.83370.860.000000             V6         GROUND 51 17 1A2      51 18 0A1     355420 1 1 1 1 1 0  1648.0 1648.0
401  830.765610 1.390E-26 2.229E-02.09090.113 2406.83370.860.000000             V6         GROUND 51 17 1A1      51 18 0A2     355420 1 1 1 1 1 0  1648.0 1648.0
401  830.885280 1.580E-26 2.209E-02.09080.122 2374.59360.860.000000             V6         GROUND 50 17 1A1      50 18 0A2     355420 1 1 1 1 1 0  1616.0 1616.0
401  830.885280 1.580E-26 2.209E-02.09080.122 2374.59360.860.000000             V6         GROUND 50 17 1A2      50 18 0A1     355420 1 1 1 1 1 0  1616.0 1616.0
401  831.002580 1.800E-26 2.203E-02.09060.131 2342.97900.860.000000             V6         GROUND 49 17 1A1      49 18 0A2     355420 1 1 1 1 1 0  1584.0 1584.0
401  831.002580 1.800E-26 2.203E-02.09060.131 2342.97900.860.000000             V6         GROUND 49 17 1A2      49 18 0A1     355420 1 1 1 1 1 0  1584.0 1584.0
401  831.117490 2.040E-26 2.192E-02.09050.139 2311.99030.860.000000             V6         GROUND 48 17 1A2      48 18 0A1     355420 1 1 1 1 1 0  1552.0 1552.0
401  831.117490 2.040E-26 2.192E-02.09050.139 2311.99030.860.000000             V6         GROUND 48 17 1A1      48 18 0A2     355420 1 1 1 1 1 0  1552.0 1552.0
401  831.230030 2.300E-26 2.178E-02.09040.146 2281.62790.860.000000             V6         GROUND 47 17 1A1      47 18 0A2     355420 1 1 1 1 1 0  1520.0 1520.0
401  831.230030 2.300E-26 2.178E-02.09040.146 2281.62790.860.000000             V6         GROUND 47 17 1A2      47 18 0A1     355420 1 1 1 1 1 0  1520.0 1520.0
401  831.263700 2.360E-25 1.942E-02.08890.126 1821.83350.860.000000             V6         GROUND 58 11 1A2      59 12 0A1     355420 1 1 1 1 1 0  1872.0 1872.0
401  831.263700 2.360E-25 1.942E-02.08890.126 1821.83350.860.000000             V6         GROUND 58 11 1A1      59 12 0A2     355420 1 1 1 1 1 0  1872.0 1872.0
401  831.266600 1.250E-24 3.692E-02.09610.327 1414.53180.700.000000             V6         GROUND 22 15 1E       23 16 0E      355420 1 1 1 1 1 0   720.0  720.0
401  831.340190 2.580E-26 2.160E-02.09030.154 2251.89220.860.000000             V6         GROUND 46 17 1A2      46 18 0A1     355420 1 1 1 1 1 0  1488.0 1488.0
401  831.340190 2.580E-26 2.160E-02.09030.154 2251.89220.860.000000             V6         GROUND 46 17 1A1      46 18 0A2     355420 1 1 1 1 1 0  1488.0 1488.0
401  831.400060 5.520E-25 2.104E-02.08910.149 1629.07270.860.000000             V6         GROUND 49 12 1E       50 13 0E      355420 1 1 1 1 1 0  1584.0 1584.0
401  831.407180 1.260E-24 2.802E-02.09160.299 1425.24770.820.000000             V6         GROUND 31 14 1A1      32 15 0A2     355420 1 1 1 1 1 0  1008.0 1008.0
401  831.407180 1.260E-24 2.802E-02.09160.299 1425.24770.820.000000             V6         GROUND 31 14 1A2      32 15 0A1     355420 1 1 1 1 1 0  1008.0 1008.0
401  831.447980 2.890E-26 2.147E-02.09020.162 2222.78350.860.000000             V6         GROUND 45 17 1A1      45 18 0A2     355420 1 1 1 1 1 0  1456.0 1456.0
401  831.447980 2.890E-26 2.147E-02.09020.162 2222.78350.860.000000             V6         GROUND 45 17 1A2      45 18 0A1     355420 1 1 1 1 1 0  1456.0 1456.0
401  831.449670 9.630E-25 2.358E-02.08950.219 1496.80900.860.000000             V6         GROUND 40 13 1E       41 14 0E      355420 1 1 1 1 1 0  1296.0 1296.0
401  831.553390 3.220E-26 2.130E-02.09010.169 2194.30220.860.000000             V6         GROUND 44 17 1A1      44 18 0A2     355420 1 1 1 1 1 0  1424.0 1424.0
401  831.553390 3.220E-26 2.130E-02.09010.169 2194.30220.860.000000             V6         GROUND 44 17 1A2      44 18 0A1     355420 1 1 1 1 1 0  1424.0 1424.0
401  831.656430 3.570E-26 2.111E-02.09010.178 2166.44860.860.000000             V6         GROUND 43 17 1A1      43 18 0A2     355420 1 1 1 1 1 0  1392.0 1392.0
401  831.656430 3.570E-26 2.111E-02.09010.178 2166.44860.860.000000             V6         GROUND 43 17 1A2      43 18 0A1     355420 1 1 1 1 1 0  1392.0 1392.0
401  831.757100 3.950E-26 2.095E-02.09010.186 2139.22320.860.000000             V6         GROUND 42 17 1A2      42 18 0A1     355420 1 1 1 1 1 0  1360.0 1360.0
401  831.757100 3.950E-26 2.095E-02.09010.186 2139.22320.860.000000             V6         GROUND 42 17 1A1      42 18 0A2     355420 1 1 1 1 1 0  1360.0 1360.0
401  831.855410 4.340E-26 2.072E-02.09010.196 2112.62620.860.000000             V6         GROUND 41 17 1A1      41 18 0A2     355420 1 1 1 1 1 0  1328.0 1328.0
401  831.855410 4.340E-26 2.072E-02.09010.196 2112.62620.860.000000             V6         GROUND 41 17 1A2      41 18 0A1     355420 1 1 1 1 1 0  1328.0 1328.0
401  831.951350 4.760E-26 2.053E-02.09010.174 2086.65800.860.000000             V6         GROUND 40 17 1A1      40 18 0A2     355420 1 1 1 1 1 0  1296.0 1296.0
401  831.951350 4.760E-26 2.053E-02.09010.174 2086.65800.860.000000             V6         GROUND 40 17 1A2      40 18 0A1     355420 1 1 1 1 1 0  1296.0 1296.0
401  831.951830 1.330E-24 3.836E-02.09690.324 1399.91640.700.000000             V6         GROUND 21 15 1E       22 16 0E      355420 1 1 1 1 1 0   688.0  688.0
401  832.022040 2.800E-25 1.958E-02.08880.126 1784.51600.860.000000             V6         GROUND 57 11 1A2      58 12 0A1     355420 1 1 1 1 1 0  1840.0 1840.0
401  832.022040 2.800E-25 1.958E-02.08880.126 1784.51600.860.000000             V6         GROUND 57 11 1A1      58 12 0A2     355420 1 1 1 1 1 0  1840.0 1840.0
401  832.044930 5.190E-26 2.029E-02.09010.180 2061.31890.860.000000             V6         GROUND 39 17 1A2      39 18 0A1     355420 1 1 1 1 1 0  1264.0 1264.0
401  832.044930 5.190E-26 2.029E-02.09010.180 2061.31890.860.000000             V6         GROUND 39 17 1A1      39 18 0A2     355420 1 1 1 1 1 0  1264.0 1264.0
401  832.111590 1.370E-24 2.855E-02.09190.311 1404.92570.800.000000             V6         GROUND 30 14 1A1      31 15 0A2     355420 1 1 1 1 1 0   976.0  976.0
401  832.111590 1.370E-24 2.855E-02.09190.311 1404.92570.800.000000             V6         GROUND 30 14 1A2      31 15 0A1     355420 1 1 1 1 1 0   976.0  976.0
401  832.136150 5.630E-26 2.003E-02.09020.189 2036.60920.860.000000             V6         GROUND 38 17 1A2      38 18 0A1     355420 1 1 1 1 1 0  1232.0 1232.0
401  832.136150 5.630E-26 2.003E-02.09020.189 2036.60920.860.000000             V6         GROUND 38 17 1A1      38 18 0A2     355420 1 1 1 1 1 0  1232.0 1232.0
401  832.140970 6.370E-25 2.128E-02.08910.158 1597.39340.860.000000             V6         GROUND 48 12 1E       49 13 0E      355420 1 1 1 1 1 0  1552.0 1552.0
401  832.172630 1.080E-24 2.394E-02.08960.210 1470.79690.860.000000             V6         GROUND 39 13 1E       40 14 0E      355420 1 1 1 1 1 0  1264.0 1264.0
401  832.225010 6.080E-26 1.976E-02.09030.200 2012.52920.860.000000             V6         GROUND 37 17 1A2      37 18 0A1     355420 1 1 1 1 1 0  1200.0 1200.0
401  832.225010 6.080E-26 1.976E-02.09030.200 2012.52920.860.000000             V6         GROUND 37 17 1A1      37 18 0A2     355420 1 1 1 1 1 0  1200.0 1200.0
401  832.311520 6.530E-26 1.946E-02.09050.214 1989.07930.860.000000             V6         GROUND 36 17 1A2      36 18 0A1     355420 1 1 1 1 1 0  1168.0 1168.0
401  832.311520 6.530E-26 1.946E-02.09050.214 1989.07930.860.000000             V6         GROUND 36 17 1A1      36 18 0A2     355420 1 1 1 1 1 0  1168.0 1168.0
401  832.395670 6.970E-26 1.912E-02.09060.228 1966.25970.870.000000             V6         GROUND 35 17 1A1      35 18 0A2     355420 1 1 1 1 1 0  1136.0 1136.0
401  832.395670 6.970E-26 1.912E-02.09060.228 1966.25970.870.000000             V6         GROUND 35 17 1A2      35 18 0A1     355420 1 1 1 1 1 0  1136.0 1136.0
401  832.477470 7.410E-26 1.878E-02.09080.243 1944.07070.860.000000             V6         GROUND 34 17 1A1      34 18 0A2     355420 1 1 1 1 1 0  1104.0 1104.0
401  832.477470 7.410E-26 1.878E-02.09080.243 1944.07070.860.000000             V6         GROUND 34 17 1A2      34 18 0A1     355420 1 1 1 1 1 0  1104.0 1104.0
401  832.556910 7.820E-26 1.838E-02.09110.257 1922.51260.850.000000             V6         GROUND 33 17 1A2      33 18 0A1     355420 1 1 1 1 1 0  1072.0 1072.0
401  832.556910 7.820E-26 1.838E-02.09110.257 1922.51260.850.000000             V6         GROUND 33 17 1A1      33 18 0A2     355420 1 1 1 1 1 0  1072.0 1072.0
401  832.634000 8.200E-26 1.795E-02.09130.270 1901.58560.830.000000             V6         GROUND 32 17 1A1      32 18 0A2     355420 1 1 1 1 1 0  1040.0 1040.0
401  832.634000 8.200E-26 1.795E-02.09130.270 1901.58560.830.000000             V6         GROUND 32 17 1A2      32 18 0A1     355420 1 1 1 1 1 0  1040.0 1040.0
401  832.634910 1.410E-24 3.991E-02.09770.319 1385.93510.690.000000             V6         GROUND 20 15 1E       21 16 0E      355420 1 1 1 1 1 0   656.0  656.0
401  832.708750 8.540E-26 1.748E-02.09160.281 1881.29010.820.000000             V6         GROUND 31 17 1A2      31 18 0A1     355420 1 1 1 1 1 0  1008.0 1008.0
401  832.708750 8.540E-26 1.748E-02.09160.281 1881.29010.820.000000             V6         GROUND 31 17 1A1      31 18 0A2     355420 1 1 1 1 1 0  1008.0 1008.0
401  832.778450 3.310E-25 1.975E-02.08870.126 1747.82200.860.000000             V6         GROUND 56 11 1A2      57 12 0A1     355420 1 1 1 1 1 0  1808.0 1808.0
401  832.778450 3.310E-25 1.975E-02.08870.126 1747.82200.860.000000             V6         GROUND 56 11 1A1      57 12 0A2     355420 1 1 1 1 1 0  1808.0 1808.0
401  832.781140 8.830E-26 1.697E-02.09200.290 1861.62620.800.000000             V6         GROUND 30 17 1A2      30 18 0A1     355420 1 1 1 1 1 0   976.0  976.0
401  832.781140 8.830E-26 1.697E-02.09200.290 1861.62620.800.000000             V6         GROUND 30 17 1A1      30 18 0A2     355420 1 1 1 1 1 0   976.0  976.0
401  832.813910 1.490E-24 2.922E-02.09230.321 1385.23610.790.000000             V6         GROUND 29 14 1A1      30 15 0A2     355420 1 1 1 1 1 0   944.0  944.0
401  832.813910 1.490E-24 2.922E-02.09230.321 1385.23610.790.000000             V6         GROUND 29 14 1A2      30 15 0A1     355420 1 1 1 1 1 0   944.0  944.0
401  832.851190 9.050E-26 1.639E-02.09240.297 1842.59420.790.000000             V6         GROUND 29 17 1A2      29 18 0A1     355420 1 1 1 1 1 0   944.0  944.0
401  832.851190 9.050E-26 1.639E-02.09240.297 1842.59420.790.000000             V6         GROUND 29 17 1A1      29 18 0A2     355420 1 1 1 1 1 0   944.0  944.0
401  832.879920 7.330E-25 2.153E-02.08910.166 1566.34120.860.000000             V6         GROUND 47 12 1E       48 13 0E      355420 1 1 1 1 1 0  1520.0 1520.0
401  832.893560 1.210E-24 2.436E-02.08980.217 1445.41500.860.000000             V6         GROUND 38 13 1E       39 14 0E      355420 1 1 1 1 1 0  1232.0 1232.0
401  832.918890 9.200E-26 1.578E-02.09280.301 1824.19440.770.000000             V6         GROUND 28 17 1A2      28 18 0A1     355420 1 1 1 1 1 0   912.0  912.0
401  832.918890 9.200E-26 1.578E-02.09280.301 1824.19440.770.000000             V6         GROUND 28 17 1A1      28 18 0A2     355420 1 1 1 1 1 0   912.0  912.0
401  832.984240 9.240E-26 1.506E-02.09320.303 1806.42690.760.000000             V6         GROUND 27 17 1A1      27 18 0A2     355420 1 1 1 1 1 0   880.0  880.0
401  832.984240 9.240E-26 1.506E-02.09320.303 1806.42690.760.000000             V6         GROUND 27 17 1A2      27 18 0A1     355420 1 1 1 1 1 0   880.0  880.0
401  833.047250 9.170E-26 1.428E-02.09370.302 1789.29210.750.000000             V6         GROUND 26 17 1A1      26 18 0A2     355420 1 1 1 1 1 0   848.0  848.0
401  833.047250 9.170E-26 1.428E-02.09370.302 1789.29210.750.000000             V6         GROUND 26 17 1A2      26 18 0A1     355420 1 1 1 1 1 0   848.0  848.0
401  833.107920 8.970E-26 1.340E-02.09430.300 1772.79010.730.000000             V6         GROUND 25 17 1A1      25 18 0A2     355420 1 1 1 1 1 0   816.0  816.0
401  833.107920 8.970E-26 1.340E-02.09430.300 1772.79010.730.000000             V6         GROUND 25 17 1A2      25 18 0A1     355420 1 1 1 1 1 0   816.0  816.0
401  833.166260 8.620E-26 1.241E-02.09490.296 1756.92110.720.000000             V6         GROUND 24 17 1A2      24 18 0A1     355420 1 1 1 1 1 0   784.0  784.0
401  833.166260 8.620E-26 1.241E-02.09490.296 1756.92110.720.000000             V6         GROUND 24 17 1A1      24 18 0A2     355420 1 1 1 1 1 0   784.0  784.0
401  833.222240 8.100E-26 1.129E-02.09550.291 1741.68530.710.000000             V6         GROUND 23 17 1A1      23 18 0A2     355420 1 1 1 1 1 0   752.0  752.0
401  833.222240 8.100E-26 1.129E-02.09550.291 1741.68530.710.000000             V6         GROUND 23 17 1A2      23 18 0A1     355420 1 1 1 1 1 0   752.0  752.0
401  833.275890 7.390E-26 1.002E-02.09620.285 1727.08290.700.000000             V6         GROUND 22 17 1A2      22 18 0A1     355420 1 1 1 1 1 0   720.0  720.0
401  833.275890 7.390E-26 1.002E-02.09620.285 1727.08290.700.000000             V6         GROUND 22 17 1A1      22 18 0A2     355420 1 1 1 1 1 0   720.0  720.0
401  833.315830 1.500E-24 4.190E-02.09850.314 1372.58810.690.000000             V6         GROUND 19 15 1E       20 16 0E      355420 1 1 1 1 1 0   624.0  624.0
401  833.327200 6.450E-26 8.552E-03.09700.278 1713.11410.700.000000             V6         GROUND 21 17 1A2      21 18 0A1     355420 1 1 1 1 1 0   688.0  688.0
401  833.327200 6.450E-26 8.552E-03.09700.278 1713.11410.700.000000             V6         GROUND 21 17 1A1      21 18 0A2     355420 1 1 1 1 1 0   688.0  688.0
401  833.376170 5.280E-26 6.883E-03.09780.271 1699.77900.690.000000             V6         GROUND 20 17 1A2      20 18 0A1     355420 1 1 1 1 1 0   656.0  656.0
401  833.376170 5.280E-26 6.883E-03.09780.271 1699.77900.690.000000             V6         GROUND 20 17 1A1      20 18 0A2     355420 1 1 1 1 1 0   656.0  656.0
401  833.422810 3.830E-26 4.935E-03.09860.263 1687.07790.690.000000             V6         GROUND 19 17 1A2      19 18 0A1     355420 1 1 1 1 1 0   624.0  624.0
401  833.422810 3.830E-26 4.935E-03.09860.263 1687.07790.690.000000             V6         GROUND 19 17 1A1      19 18 0A2     355420 1 1 1 1 1 0   624.0  624.0
401  833.467100 2.080E-26 2.664E-03.09950.254 1675.01080.690.000000             V6         GROUND 18 17 1A2      18 18 0A1     355420 1 1 1 1 1 0   592.0  592.0
401  833.467100 2.080E-26 2.664E-03.09950.254 1675.01080.690.000000             V6         GROUND 18 17 1A1      18 18 0A2     355420 1 1 1 1 1 0   592.0  592.0
401  833.514140 1.620E-24 3.002E-02.09280.330 1366.17940.770.000000             V6         GROUND 28 14 1A2      29 15 0A1     355420 1 1 1 1 1 0   912.0  912.0
401  833.514140 1.620E-24 3.002E-02.09280.330 1366.17940.770.000000             V6         GROUND 28 14 1A1      29 15 0A2     355420 1 1 1 1 1 0   912.0  912.0
401  833.532960 3.900E-25 1.991E-02.08860.126 1711.75200.860.000000             V6         GROUND 55 11 1A2      56 12 0A1     355420 1 1 1 1 1 0  1776.0 1776.0
401  833.532960 3.900E-25 1.991E-02.08860.126 1711.75200.860.000000             V6         GROUND 55 11 1A1      56 12 0A2     355420 1 1 1 1 1 0  1776.0 1776.0
401  833.612460 1.350E-24 2.479E-02.09000.227 1420.66360.860.000000             V6         GROUND 37 13 1E       38 14 0E      355420 1 1 1 1 1 0  1200.0 1200.0
401  833.616900 8.400E-25 2.178E-02.08910.173 1535.91660.860.000000             V6         GROUND 46 12 1E       47 13 0E      355420 1 1 1 1 1 0  1488.0 1488.0
401  833.994580 1.590E-24 4.407E-02.09940.308 1359.87560.690.000000             V6         GROUND 18 15 1E       19 16 0E      355420 1 1 1 1 1 0   592.0  592.0
401  834.212270 1.760E-24 3.096E-02.09330.336 1347.75550.760.000000             V6         GROUND 27 14 1A1      28 15 0A2     355420 1 1 1 1 1 0   880.0  880.0
401  834.212270 1.760E-24 3.096E-02.09330.336 1347.75550.760.000000             V6         GROUND 27 14 1A2      28 15 0A1     355420 1 1 1 1 1 0   880.0  880.0
401  834.285530 4.590E-25 2.012E-02.08910.126 1676.30640.860.000000             V6         GROUND 54 11 1A2      55 12 0A1     355420 1 1 1 1 1 0  1744.0 1744.0
401  834.285530 4.590E-25 2.012E-02.08910.126 1676.30640.860.000000             V6         GROUND 54 11 1A1      55 12 0A2     355420 1 1 1 1 1 0  1744.0 1744.0
401  834.329330 1.500E-24 2.521E-02.09020.239 1396.54300.860.000000             V6         GROUND 36 13 1E       37 14 0E      355420 1 1 1 1 1 0  1168.0 1168.0
401  834.351900 9.600E-25 2.204E-02.08910.181 1506.12000.860.000000             V6         GROUND 45 12 1E       46 13 0E      355420 1 1 1 1 1 0  1456.0 1456.0
401  834.671150 1.680E-24 4.650E-02.10040.301 1347.79780.690.000000             V6         GROUND 17 15 1E       18 16 0E      355420 1 1 1 1 1 0   560.0  560.0
401  834.908300 1.890E-24 3.169E-02.09380.341 1329.96490.750.000000             V6         GROUND 26 14 1A2      27 15 0A1     355420 1 1 1 1 1 0   848.0  848.0
401  834.908300 1.890E-24 3.169E-02.09380.341 1329.96490.750.000000             V6         GROUND 26 14 1A1      27 15 0A2     355420 1 1 1 1 1 0   848.0  848.0
401  835.036190 5.380E-25 2.032E-02.08900.126 1641.48570.860.000000             V6         GROUND 53 11 1A1      54 12 0A2     355420 1 1 1 1 1 0  1712.0 1712.0
401  835.036190 5.380E-25 2.032E-02.08900.126 1641.48570.860.000000             V6         GROUND 53 11 1A2      54 12 0A1     355420 1 1 1 1 1 0  1712.0 1712.0
401  835.044160 1.660E-24 2.563E-02.09040.252 1373.05340.870.000000             V6         GROUND 35 13 1E       36 14 0E      355420 1 1 1 1 1 0  1136.0 1136.0
401  835.084910 1.090E-24 2.225E-02.08910.189 1476.95170.860.000000             V6         GROUND 44 12 1E       45 13 0E      355420 1 1 1 1 1 0  1424.0 1424.0
401  835.345540 1.770E-24 4.922E-02.10140.292 1336.35480.690.000000             V6         GROUND 16 15 1E       17 16 0E      355420 1 1 1 1 1 0   528.0  528.0
401  835.602210 2.040E-24 3.276E-02.09440.344 1312.80780.730.000000             V6         GROUND 25 14 1A2      26 15 0A1     355420 1 1 1 1 1 0   816.0  816.0
401  835.602210 2.040E-24 3.276E-02.09440.344 1312.80780.730.000000             V6         GROUND 25 14 1A1      26 15 0A2     355420 1 1 1 1 1 0   816.0  816.0
401  835.756930 1.830E-24 2.606E-02.09060.266 1350.19530.860.000000             V6         GROUND 34 13 1E       35 14 0E      355420 1 1 1 1 1 0  1104.0 1104.0
401  835.784900 6.280E-25 2.050E-02.08900.126 1607.29030.860.000000             V6         GROUND 52 11 1A2      53 12 0A1     355420 1 1 1 1 1 0  1680.0 1680.0
401  835.784900 6.280E-25 2.050E-02.08900.126 1607.29030.860.000000             V6         GROUND 52 11 1A1      53 12 0A2     355420 1 1 1 1 1 0  1680.0 1680.0
401  835.815940 1.240E-24 2.257E-02.08910.197 1448.41200.860.000000             V6         GROUND 43 12 1E       44 13 0E      355420 1 1 1 1 1 0  1392.0 1392.0
401  836.017750 1.860E-24 5.232E-02.09570.280 1325.54670.700.000000             V6         GROUND 15 15 1E       16 16 0E      355420 1 1 1 1 1 0   496.0  496.0
401  836.136060 1.160E-26 2.390E-02.09120.102 2482.11670.860.000000             V6         GROUND 58 16 1E       58 17 0E      355420 1 1 1 1 1 0  1872.0 1872.0
401  836.272190 1.360E-26 2.387E-02.09100.102 2445.49300.860.000000             V6         GROUND 57 16 1E       57 17 0E      355420 1 1 1 1 1 0  1840.0 1840.0
401  836.293990 2.190E-24 3.383E-02.09500.345 1296.28420.720.000000             V6         GROUND 24 14 1A2      25 15 0A1     355420 1 1 1 1 1 0   784.0  784.0
401  836.293990 2.190E-24 3.383E-02.09500.345 1296.28420.720.000000             V6         GROUND 24 14 1A1      25 15 0A2     355420 1 1 1 1 1 0   784.0  784.0
401  836.405930 1.580E-26 2.370E-02.09080.102 2409.49220.860.000000             V6         GROUND 56 16 1E       56 17 0E      355420 1 1 1 1 1 0  1808.0 1808.0
401  836.467640 2.020E-24 2.663E-02.09090.280 1327.96880.850.000000             V6         GROUND 33 13 1E       34 14 0E      355420 1 1 1 1 1 0  1072.0 1072.0
401  836.531680 7.310E-25 2.070E-02.08890.132 1573.72060.860.000000             V6         GROUND 51 11 1A1      52 12 0A2     355420 1 1 1 1 1 0  1648.0 1648.0
401  836.531680 7.310E-25 2.070E-02.08890.132 1573.72060.860.000000             V6         GROUND 51 11 1A2      52 12 0A1     355420 1 1 1 1 1 0  1648.0 1648.0
401  836.537260 1.840E-26 2.366E-02.09120.102 2374.11460.860.000000             V6         GROUND 55 16 1E       55 17 0E      355420 1 1 1 1 1 0  1776.0 1776.0
401  836.544970 1.410E-24 2.298E-02.08920.205 1420.50140.860.000000             V6         GROUND 42 12 1E       43 13 0E      355420 1 1 1 1 1 0  1360.0 1360.0
401  836.666210 2.130E-26 2.357E-02.09100.101 2339.36070.860.000000             V6         GROUND 54 16 1E       54 17 0E      355420 1 1 1 1 1 0  1744.0 1744.0
401  836.792760 2.460E-26 2.350E-02.09080.101 2305.23080.860.000000             V6         GROUND 53 16 1E       53 17 0E      355420 1 1 1 1 1 0  1712.0 1712.0
401  836.916940 2.830E-26 2.341E-02.09070.108 2271.72560.860.000000             V6         GROUND 52 16 1E       52 17 0E      355420 1 1 1 1 1 0  1680.0 1680.0
401  836.983660 2.340E-24 3.494E-02.09570.345 1280.39450.710.000000             V6         GROUND 23 14 1A2      24 15 0A1     355420 1 1 1 1 1 0   752.0  752.0
401  836.983660 2.340E-24 3.494E-02.09570.345 1280.39450.710.000000             V6         GROUND 23 14 1A1      24 15 0A2     355420 1 1 1 1 1 0   752.0  752.0
401  837.038720 3.240E-26 2.329E-02.09050.119 2238.84530.860.000000             V6         GROUND 51 16 1E       51 17 0E      355420 1 1 1 1 1 0  1648.0 1648.0
401  837.158130 3.700E-26 2.320E-02.09040.128 2206.59040.860.000000             V6         GROUND 50 16 1E       50 17 0E      355420 1 1 1 1 1 0  1616.0 1616.0
401  837.176310 2.210E-24 2.708E-02.09130.294 1306.37430.830.000000             V6         GROUND 32 13 1E       33 14 0E      355420 1 1 1 1 1 0  1040.0 1040.0
401  837.194950 3.370E-25 1.938E-02.08860.130 1748.82740.860.000000             V6         GROUND 59 10 1E       60 11 0E      355420 1 1 1 1 1 0  1904.0 1904.0
401  837.272000 1.590E-24 2.328E-02.08930.214 1393.22020.860.000000             V6         GROUND 41 12 1E       42 13 0E      355420 1 1 1 1 1 0  1328.0 1328.0
401  837.275150 4.210E-26 2.310E-02.09030.137 2174.96120.860.000000             V6         GROUND 49 16 1E       49 17 0E      355420 1 1 1 1 1 0  1584.0 1584.0
401  837.276500 8.480E-25 2.090E-02.08890.143 1540.77720.860.000000             V6         GROUND 50 11 1A2      51 12 0A1     355420 1 1 1 1 1 0  1616.0 1616.0
401  837.276500 8.480E-25 2.090E-02.08890.143 1540.77720.860.000000             V6         GROUND 50 11 1A1      51 12 0A2     355420 1 1 1 1 1 0  1616.0 1616.0
401  837.389800 4.780E-26 2.303E-02.09020.145 2143.95830.860.000000             V6         GROUND 48 16 1E       48 17 0E      355420 1 1 1 1 1 0  1552.0 1552.0
401  837.502080 5.390E-26 2.288E-02.09010.152 2113.58190.860.000000             V6         GROUND 47 16 1E       47 17 0E      355420 1 1 1 1 1 0  1520.0 1520.0
401  837.611990 6.070E-26 2.278E-02.09000.160 2083.83250.860.000000             V6         GROUND 46 16 1E       46 17 0E      355420 1 1 1 1 1 0  1488.0 1488.0
401  837.671180 2.500E-24 3.626E-02.09640.344 1265.13890.700.000000             V6         GROUND 22 14 1A2      23 15 0A1     355420 1 1 1 1 1 0   720.0  720.0
401  837.671180 2.500E-24 3.626E-02.09640.344 1265.13890.700.000000             V6         GROUND 22 14 1A1      23 15 0A2     355420 1 1 1 1 1 0   720.0  720.0
401  837.719520 6.790E-26 2.261E-02.08990.168 2054.71040.860.000000             V6         GROUND 45 16 1E       45 17 0E      355420 1 1 1 1 1 0  1456.0 1456.0
401  837.824680 7.580E-26 2.248E-02.08990.175 2026.21600.860.000000             V6         GROUND 44 16 1E       44 17 0E      355420 1 1 1 1 1 0  1424.0 1424.0
401  837.882900 2.420E-24 2.768E-02.09160.307 1285.41200.820.000000             V6         GROUND 31 13 1E       32 14 0E      355420 1 1 1 1 1 0  1008.0 1008.0
401  837.927490 8.420E-26 2.231E-02.08990.184 1998.34960.860.000000             V6         GROUND 43 16 1E       43 17 0E      355420 1 1 1 1 1 0  1392.0 1392.0
401  837.955170 4.010E-25 1.954E-02.08850.130 1710.87520.860.000000             V6         GROUND 58 10 1E       59 11 0E      355420 1 1 1 1 1 0  1872.0 1872.0
401  837.997020 1.780E-24 2.350E-02.08940.224 1366.56880.860.000000             V6         GROUND 40 12 1E       41 13 0E      355420 1 1 1 1 1 0  1296.0 1296.0
401  838.019390 9.810E-25 2.112E-02.08880.153 1508.46030.860.000000             V6         GROUND 49 11 1A2      50 12 0A1     355420 1 1 1 1 1 0  1584.0 1584.0
401  838.019390 9.810E-25 2.112E-02.08880.153 1508.46030.860.000000             V6         GROUND 49 11 1A1      50 12 0A2     355420 1 1 1 1 1 0  1584.0 1584.0
401  838.027930 9.320E-26 2.215E-02.08990.193 1971.11170.860.000000             V6         GROUND 42 16 1E       42 17 0E      355420 1 1 1 1 1 0  1360.0 1360.0
401  838.126020 1.030E-25 2.203E-02.08990.202 1944.50250.860.000000             V6         GROUND 41 16 1E       41 17 0E      355420 1 1 1 1 1 0  1328.0 1328.0
401  838.221740 1.130E-25 2.183E-02.09000.184 1918.52230.860.000000             V6         GROUND 40 16 1E       40 17 0E      355420 1 1 1 1 1 0  1296.0 1296.0
401  838.315100 1.230E-25 2.155E-02.09000.190 1893.17160.860.000000             V6         GROUND 39 16 1E       39 17 0E      355420 1 1 1 1 1 0  1264.0 1264.0
401  838.356570 2.660E-24 3.766E-02.09720.341 1250.51740.700.000000             V6         GROUND 21 14 1A1      22 15 0A2     355420 1 1 1 1 1 0   688.0  688.0
401  838.356570 2.660E-24 3.766E-02.09720.341 1250.51740.700.000000             V6         GROUND 21 14 1A2      22 15 0A1     355420 1 1 1 1 1 0   688.0  688.0
401  838.406110 1.340E-25 2.136E-02.09010.199 1868.45050.860.000000             V6         GROUND 38 16 1E       38 17 0E      355420 1 1 1 1 1 0  1232.0 1232.0
401  838.494770 1.450E-25 2.111E-02.09030.211 1844.35950.860.000000             V6         GROUND 37 16 1E       37 17 0E      355420 1 1 1 1 1 0  1200.0 1200.0
401  838.581080 1.560E-25 2.083E-02.09040.224 1820.89880.860.000000             V6         GROUND 36 16 1E       36 17 0E      355420 1 1 1 1 1 0  1168.0 1168.0
401  838.587410 2.640E-24 2.830E-02.09200.319 1265.08220.800.000000             V6         GROUND 30 13 1E       31 14 0E      355420 1 1 1 1 1 0   976.0  976.0
401  838.665040 1.670E-25 2.052E-02.09060.238 1798.06870.870.000000             V6         GROUND 35 16 1E       35 17 0E      355420 1 1 1 1 1 0  1136.0 1136.0
401  838.713480 4.760E-25 1.971E-02.08840.130 1673.54620.860.000000             V6         GROUND 57 10 1E       58 11 0E      355420 1 1 1 1 1 0  1840.0 1840.0
401  838.720040 2.000E-24 2.390E-02.08950.217 1340.54740.860.000000             V6         GROUND 39 12 1E       40 13 0E      355420 1 1 1 1 1 0  1264.0 1264.0
401  838.746630 1.780E-25 2.021E-02.09090.253 1775.86950.860.000000             V6         GROUND 34 16 1E       34 17 0E      355420 1 1 1 1 1 0  1104.0 1104.0
401  838.760310 1.130E-24 2.132E-02.08880.162 1476.77040.860.000000             V6         GROUND 48 11 1A2      49 12 0A1     355420 1 1 1 1 1 0  1552.0 1552.0
401  838.760310 1.130E-24 2.132E-02.08880.162 1476.77040.860.000000             V6         GROUND 48 11 1A1      49 12 0A2     355420 1 1 1 1 1 0  1552.0 1552.0
401  838.825900 1.880E-25 1.979E-02.09110.267 1754.30140.850.000000             V6         GROUND 33 16 1E       33 17 0E      355420 1 1 1 1 1 0  1072.0 1072.0
401  838.902810 1.980E-25 1.941E-02.09140.280 1733.36490.830.000000             V6         GROUND 32 16 1E       32 17 0E      355420 1 1 1 1 1 0  1040.0 1040.0
401  838.977380 2.070E-25 1.897E-02.09170.291 1713.06000.820.000000             V6         GROUND 31 16 1E       31 17 0E      355420 1 1 1 1 1 0  1008.0 1008.0
401  839.039810 2.820E-24 3.919E-02.09800.338 1236.53040.690.000000             V6         GROUND 20 14 1A2      21 15 0A1     355420 1 1 1 1 1 0   656.0  656.0
401  839.039810 2.820E-24 3.919E-02.09800.338 1236.53040.690.000000             V6         GROUND 20 14 1A1      21 15 0A2     355420 1 1 1 1 1 0   656.0  656.0
401  839.049610 2.150E-25 1.850E-02.09210.301 1693.38710.800.000000             V6         GROUND 30 16 1E       30 17 0E      355420 1 1 1 1 1 0   976.0  976.0
401  839.119500 2.220E-25 1.801E-02.09250.308 1674.34640.790.000000             V6         GROUND 29 16 1E       29 17 0E      355420 1 1 1 1 1 0   944.0  944.0
401  839.187040 2.270E-25 1.743E-02.09300.313 1655.93810.770.000000             V6         GROUND 28 16 1E       28 17 0E      355420 1 1 1 1 1 0   912.0  912.0
401  839.252250 2.300E-25 1.679E-02.09340.316 1638.16250.760.000000             V6         GROUND 27 16 1E       27 17 0E      355420 1 1 1 1 1 0   880.0  880.0
401  839.289840 2.880E-24 2.905E-02.09250.330 1245.38520.790.000000             V6         GROUND 29 13 1E       30 14 0E      355420 1 1 1 1 1 0   944.0  944.0
401  839.315120 2.300E-25 1.603E-02.09400.317 1621.01980.750.000000             V6         GROUND 26 16 1E       26 17 0E      355420 1 1 1 1 1 0   848.0  848.0
401  839.375640 2.280E-25 1.525E-02.09460.316 1604.51020.730.000000             V6         GROUND 25 16 1E       25 17 0E      355420 1 1 1 1 1 0   816.0  816.0
401  839.433840 2.220E-25 1.431E-02.09520.313 1588.63380.720.000000             V6         GROUND 24 16 1E       24 17 0E      355420 1 1 1 1 1 0   784.0  784.0
401  839.441030 2.230E-24 2.420E-02.08970.225 1315.15640.860.000000             V6         GROUND 38 12 1E       39 13 0E      355420 1 1 1 1 1 0  1232.0 1232.0
401  839.469870 5.630E-25 1.989E-02.08830.130 1636.84090.860.000000             V6         GROUND 56 10 1E       57 11 0E      355420 1 1 1 1 1 0  1808.0 1808.0
401  839.489690 2.130E-25 1.329E-02.09590.309 1573.39100.710.000000             V6         GROUND 23 16 1E       23 17 0E      355420 1 1 1 1 1 0   752.0  752.0
401  839.499280 1.300E-24 2.157E-02.08880.170 1445.70790.860.000000             V6         GROUND 47 11 1A1      48 12 0A2     355420 1 1 1 1 1 0  1520.0 1520.0
401  839.499280 1.300E-24 2.157E-02.08880.170 1445.70790.860.000000             V6         GROUND 47 11 1A2      48 12 0A1     355420 1 1 1 1 1 0  1520.0 1520.0
401  839.543220 2.000E-25 1.214E-02.09660.305 1558.78190.700.000000             V6         GROUND 22 16 1E       22 17 0E      355420 1 1 1 1 1 0   720.0  720.0
401  839.594410 1.820E-25 1.080E-02.09730.299 1544.80670.700.000000             V6         GROUND 21 16 1E       21 17 0E      355420 1 1 1 1 1 0   688.0  688.0
401  839.643270 1.580E-25 9.220E-03.09820.293 1531.46550.690.000000             V6         GROUND 20 16 1E       20 17 0E      355420 1 1 1 1 1 0   656.0  656.0
401  839.689790 1.290E-25 7.441E-03.09900.286 1518.75860.690.000000             V6         GROUND 19 16 1E       19 17 0E      355420 1 1 1 1 1 0   624.0  624.0
401  839.720880 2.990E-24 4.100E-02.09890.334 1223.17800.690.000000             V6         GROUND 19 14 1A2      20 15 0A1     355420 1 1 1 1 1 0   624.0  624.0
401  839.720880 2.990E-24 4.100E-02.09890.334 1223.17800.690.000000             V6         GROUND 19 14 1A1      20 15 0A2     355420 1 1 1 1 1 0   624.0  624.0
401  839.733990 9.370E-26 5.373E-03.10000.279 1506.68600.690.000000             V6         GROUND 18 16 1E       18 17 0E      355420 1 1 1 1 1 0   592.0  592.0
401  839.775860 5.090E-26 2.919E-03.10090.269 1495.24790.690.000000             V6         GROUND 17 16 1E       17 17 0E      355420 1 1 1 1 1 0   560.0  560.0
401  839.990180 3.120E-24 2.974E-02.09290.339 1226.32110.770.000000             V6         GROUND 28 13 1E       29 14 0E      355420 1 1 1 1 1 0   912.0  912.0
401  840.159990 2.490E-24 2.464E-02.08990.235 1290.39610.860.000000             V6         GROUND 37 12 1E       38 13 0E      355420 1 1 1 1 1 0  1200.0 1200.0
401  840.224360 6.630E-25 2.004E-02.08820.130 1600.75980.860.000000             V6         GROUND 55 10 1E       56 11 0E      355420 1 1 1 1 1 0  1776.0 1776.0
401  840.236270 1.490E-24 2.182E-02.08880.178 1415.27320.860.000000             V6         GROUND 46 11 1A2      47 12 0A1     355420 1 1 1 1 1 0  1488.0 1488.0
401  840.236270 1.490E-24 2.182E-02.08880.178 1415.27320.860.000000             V6         GROUND 46 11 1A1      47 12 0A2     355420 1 1 1 1 1 0  1488.0 1488.0
401  840.399810 3.160E-24 4.300E-02.09980.329 1210.46030.690.000000             V6         GROUND 18 14 1A1      19 15 0A2     355420 1 1 1 1 1 0   592.0  592.0
401  840.399810 3.160E-24 4.300E-02.09980.329 1210.46030.690.000000             V6         GROUND 18 14 1A2      19 15 0A1     355420 1 1 1 1 1 0   592.0  592.0
401  840.688420 3.370E-24 3.049E-02.09340.346 1207.89020.760.000000             V6         GROUND 27 13 1E       28 14 0E      355420 1 1 1 1 1 0   880.0  880.0
401  840.876930 2.760E-24 2.499E-02.09010.247 1266.26690.860.000000             V6         GROUND 36 12 1E       37 13 0E      355420 1 1 1 1 1 0  1168.0 1168.0
401  840.971300 1.700E-24 2.205E-02.08890.185 1385.46670.860.000000             V6         GROUND 45 11 1A1      46 12 0A2     355420 1 1 1 1 1 0  1456.0 1456.0
401  840.971300 1.700E-24 2.205E-02.08890.185 1385.46670.860.000000             V6         GROUND 45 11 1A2      46 12 0A1     355420 1 1 1 1 1 0  1456.0 1456.0
401  840.976920 7.790E-25 2.022E-02.08870.130 1565.30340.860.000000             V6         GROUND 54 10 1E       55 11 0E      355420 1 1 1 1 1 0  1744.0 1744.0
401  841.076560 3.330E-24 4.524E-02.10080.323 1198.37750.690.000000             V6         GROUND 17 14 1A1      18 15 0A2     355420 1 1 1 1 1 0   560.0  560.0
401  841.076560 3.330E-24 4.524E-02.10080.323 1198.37750.690.000000             V6         GROUND 17 14 1A2      18 15 0A1     355420 1 1 1 1 1 0   560.0  560.0
401  841.384570 3.630E-24 3.130E-02.09400.352 1190.09280.750.000000             V6         GROUND 26 13 1E       27 14 0E      355420 1 1 1 1 1 0   848.0  848.0
401  841.591830 3.060E-24 2.546E-02.09040.260 1242.76890.870.000000             V6         GROUND 35 12 1E       36 13 0E      355420 1 1 1 1 1 0  1136.0 1136.0
401  841.704340 1.940E-24 2.236E-02.08890.193 1356.28860.860.000000             V6         GROUND 44 11 1A2      45 12 0A1     355420 1 1 1 1 1 0  1424.0 1424.0
401  841.704340 1.940E-24 2.236E-02.08890.193 1356.28860.860.000000             V6         GROUND 44 11 1A1      45 12 0A2     355420 1 1 1 1 1 0  1424.0 1424.0
401  841.727560 9.120E-25 2.039E-02.08870.130 1530.47200.860.000000             V6         GROUND 53 10 1E       54 11 0E      355420 1 1 1 1 1 0  1712.0 1712.0
401  841.751130 3.500E-24 4.778E-02.10180.315 1186.92980.690.000000             V6         GROUND 16 14 1A1      17 15 0A2     355420 1 1 1 1 1 0   528.0  528.0
401  841.751130 3.500E-24 4.778E-02.10180.315 1186.92980.690.000000             V6         GROUND 16 14 1A2      17 15 0A1     355420 1 1 1 1 1 0   528.0  528.0
401  842.078600 3.900E-24 3.220E-02.09460.356 1172.92900.730.000000             V6         GROUND 25 13 1E       26 14 0E      355420 1 1 1 1 1 0   816.0  816.0
401  842.304680 3.380E-24 2.593E-02.09060.274 1219.90260.860.000000             V6         GROUND 34 12 1E       35 13 0E      355420 1 1 1 1 1 0  1104.0 1104.0
401  842.344110 2.190E-26 2.497E-02.09080.108 2360.91460.860.000000             V6         GROUND 59 15 1E       59 16 0E      355420 1 1 1 1 1 0  1904.0 1904.0
401  842.423510 3.680E-24 5.081E-02.09700.303 1176.11730.700.000000             V6         GROUND 15 14 1A1      16 15 0A2     355420 1 1 1 1 1 0   496.0  496.0
401  842.423510 3.680E-24 5.081E-02.09700.303 1176.11730.700.000000             V6         GROUND 15 14 1A2      16 15 0A1     355420 1 1 1 1 1 0   496.0  496.0
401  842.435400 2.200E-24 2.262E-02.08900.201 1327.73950.860.000000             V6         GROUND 43 11 1A1      44 12 0A2     355420 1 1 1 1 1 0  1392.0 1392.0
401  842.435400 2.200E-24 2.262E-02.08900.201 1327.73950.860.000000             V6         GROUND 43 11 1A2      44 12 0A1     355420 1 1 1 1 1 0  1392.0 1392.0
401  842.476270 1.060E-24 2.049E-02.08870.130 1496.26610.860.000000             V6         GROUND 52 10 1E       53 11 0E      355420 1 1 1 1 1 0  1680.0 1680.0
401  842.482330 2.580E-26 2.497E-02.09060.107 2323.65250.860.000000             V6         GROUND 58 15 1E       58 16 0E      355420 1 1 1 1 1 0  1872.0 1872.0
401  842.618170 3.020E-26 2.489E-02.09050.107 2287.01290.860.000000             V6         GROUND 57 15 1E       57 16 0E      355420 1 1 1 1 1 0  1840.0 1840.0
401  842.751610 3.520E-26 2.479E-02.09030.107 2250.99640.860.000000             V6         GROUND 56 15 1E       56 16 0E      355420 1 1 1 1 1 0  1808.0 1808.0
401  842.770530 4.180E-24 3.320E-02.09530.358 1156.39910.720.000000             V6         GROUND 24 13 1E       25 14 0E      355420 1 1 1 1 1 0   784.0  784.0
401  842.882660 4.100E-26 2.476E-02.09070.107 2215.60340.860.000000             V6         GROUND 55 15 1E       55 16 0E      355420 1 1 1 1 1 0  1776.0 1776.0
401  843.011330 4.750E-26 2.468E-02.09050.107 2180.83440.860.000000             V6         GROUND 54 15 1E       54 16 0E      355420 1 1 1 1 1 0  1744.0 1744.0
401  843.015470 3.720E-24 2.643E-02.09100.288 1197.66820.850.000000             V6         GROUND 33 12 1E       34 13 0E      355420 1 1 1 1 1 0  1072.0 1072.0
401  843.093700 3.860E-24 5.431E-02.09480.288 1165.94010.710.000000             V6         GROUND 14 14 1A1      15 15 0A2     355420 1 1 1 1 1 0   464.0  464.0
401  843.093700 3.860E-24 5.431E-02.09480.288 1165.94010.710.000000             V6         GROUND 14 14 1A2      15 15 0A1     355420 1 1 1 1 1 0   464.0  464.0
401  843.137610 5.490E-26 2.462E-02.09040.107 2146.68970.860.000000             V6         GROUND 53 15 1E       53 16 0E      355420 1 1 1 1 1 0  1712.0 1712.0
401  843.164470 2.490E-24 2.292E-02.08910.209 1299.81970.860.000000             V6         GROUND 42 11 1A2      43 12 0A1     355420 1 1 1 1 1 0  1360.0 1360.0
401  843.164470 2.490E-24 2.292E-02.08910.209 1299.81970.860.000000             V6         GROUND 42 11 1A1      43 12 0A2     355420 1 1 1 1 1 0  1360.0 1360.0
401  843.223050 1.240E-24 2.079E-02.08860.136 1462.68620.860.000000             V6         GROUND 51 10 1E       52 11 0E      355420 1 1 1 1 1 0  1648.0 1648.0
401  843.261500 6.320E-26 2.455E-02.09030.113 2113.16990.860.000000             V6         GROUND 52 15 1E       52 16 0E      355420 1 1 1 1 1 0  1680.0 1680.0
401  843.383030 7.250E-26 2.447E-02.09020.124 2080.27530.860.000000             V6         GROUND 51 15 1E       51 16 0E      355420 1 1 1 1 1 0  1648.0 1648.0
401  843.460320 4.470E-24 3.432E-02.09590.359 1140.50330.710.000000             V6         GROUND 23 13 1E       24 14 0E      355420 1 1 1 1 1 0   752.0  752.0
401  843.502170 8.280E-26 2.437E-02.09000.134 2048.00630.860.000000             V6         GROUND 50 15 1E       50 16 0E      355420 1 1 1 1 1 0  1616.0 1616.0
401  843.618940 9.430E-26 2.428E-02.08990.143 2016.36350.860.000000             V6         GROUND 49 15 1E       49 16 0E      355420 1 1 1 1 1 0  1584.0 1584.0
401  843.724210 4.070E-24 2.688E-02.09130.302 1176.06590.830.000000             V6         GROUND 32 12 1E       33 13 0E      355420 1 1 1 1 1 0  1040.0 1040.0
401  843.733340 1.070E-25 2.419E-02.08990.151 1985.34700.860.000000             V6         GROUND 48 15 1E       48 16 0E      355420 1 1 1 1 1 0  1552.0 1552.0
401  843.845370 1.210E-25 2.410E-02.08980.158 1954.95750.860.000000             V6         GROUND 47 15 1E       47 16 0E      355420 1 1 1 1 1 0  1520.0 1520.0
401  843.891540 2.800E-24 2.315E-02.08920.218 1272.52940.860.000000             V6         GROUND 41 11 1A2      42 12 0A1     355420 1 1 1 1 1 0  1328.0 1328.0
401  843.891540 2.800E-24 2.315E-02.08920.218 1272.52940.860.000000             V6         GROUND 41 11 1A1      42 12 0A2     355420 1 1 1 1 1 0  1328.0 1328.0
401  843.955040 1.360E-25 2.395E-02.08970.166 1925.19510.860.000000             V6         GROUND 46 15 1E       46 16 0E      355420 1 1 1 1 1 0  1488.0 1488.0
401  843.958180 5.470E-25 1.952E-02.08820.134 1647.45200.860.000000             V6         GROUND 59  9 1E       60 10 0E      355420 1 1 1 1 1 0  1904.0 1904.0
401  843.967880 1.440E-24 2.101E-02.08860.147 1429.73270.860.000000             V6         GROUND 50 10 1E       51 11 0E      355420 1 1 1 1 1 0  1616.0 1616.0
401  844.062330 1.530E-25 2.391E-02.08970.173 1896.06030.860.000000             V6         GROUND 45 15 1E       45 16 0E      355420 1 1 1 1 1 0  1456.0 1456.0
401  844.147990 4.760E-24 3.550E-02.09670.359 1125.24180.700.000000             V6         GROUND 22 13 1E       23 14 0E      355420 1 1 1 1 1 0   720.0  720.0
401  844.167280 1.700E-25 2.365E-02.08970.181 1867.55360.860.000000             V6         GROUND 44 15 1E       44 16 0E      355420 1 1 1 1 1 0  1424.0 1424.0
401  844.269860 1.890E-25 2.350E-02.08970.190 1839.67510.860.000000             V6         GROUND 43 15 1E       43 16 0E      355420 1 1 1 1 1 0  1392.0 1392.0
401  844.370080 2.100E-25 2.341E-02.08970.199 1812.42530.860.000000             V6         GROUND 42 15 1E       42 16 0E      355420 1 1 1 1 1 0  1360.0 1360.0
401  844.430890 4.450E-24 2.742E-02.09170.315 1155.09620.820.000000             V6         GROUND 31 12 1E       32 13 0E      355420 1 1 1 1 1 0  1008.0 1008.0
401  844.467950 2.320E-25 2.328E-02.08980.208 1785.80450.860.000000             V6         GROUND 41 15 1E       41 16 0E      355420 1 1 1 1 1 0  1328.0 1328.0
401  844.563470 2.540E-25 2.302E-02.08990.193 1759.81310.860.000000             V6         GROUND 40 15 1E       40 16 0E      355420 1 1 1 1 1 0  1296.0 1296.0
401  844.616610 3.150E-24 2.348E-02.08930.228 1245.86910.860.000000             V6         GROUND 40 11 1A2      41 12 0A1     355420 1 1 1 1 1 0  1296.0 1296.0
401  844.616610 3.150E-24 2.348E-02.08930.228 1245.86910.860.000000             V6         GROUND 40 11 1A1      41 12 0A2     355420 1 1 1 1 1 0  1296.0 1296.0
401  844.656620 2.780E-25 2.284E-02.09000.200 1734.45130.860.000000             V6         GROUND 39 15 1E       39 16 0E      355420 1 1 1 1 1 0  1264.0 1264.0
401  844.710760 1.660E-24 2.115E-02.08860.157 1397.40590.860.000000             V6         GROUND 49 10 1E       50 11 0E      355420 1 1 1 1 1 0  1584.0 1584.0
401  844.718370 6.510E-25 1.968E-02.08810.134 1609.48910.860.000000             V6         GROUND 58  9 1E       59 10 0E      355420 1 1 1 1 1 0  1872.0 1872.0
401  844.747440 3.030E-25 2.266E-02.09010.209 1709.71950.860.000000             V6         GROUND 38 15 1E       38 16 0E      355420 1 1 1 1 1 0  1232.0 1232.0
401  844.833510 5.060E-24 3.684E-02.09750.358 1110.61480.700.000000             V6         GROUND 21 13 1E       22 14 0E      355420 1 1 1 1 1 0   688.0  688.0
401  844.835900 3.280E-25 2.240E-02.09020.221 1685.61800.860.000000             V6         GROUND 37 15 1E       37 16 0E      355420 1 1 1 1 1 0  1200.0 1200.0
401  844.922010 3.540E-25 2.217E-02.09040.234 1662.14710.860.000000             V6         GROUND 36 15 1E       36 16 0E      355420 1 1 1 1 1 0  1168.0 1168.0
401  845.005790 3.800E-25 2.190E-02.09060.248 1639.30710.870.000000             V6         GROUND 35 15 1E       35 16 0E      355420 1 1 1 1 1 0  1136.0 1136.0
401  845.087220 4.060E-25 2.161E-02.09090.263 1617.09820.860.000000             V6         GROUND 34 15 1E       34 16 0E      355420 1 1 1 1 1 0  1104.0 1104.0
401  845.135500 4.850E-24 2.801E-02.09210.327 1134.75910.800.000000             V6         GROUND 30 12 1E       31 13 0E      355420 1 1 1 1 1 0   976.0  976.0
401  845.166300 4.310E-25 2.128E-02.09120.277 1595.52080.850.000000             V6         GROUND 33 15 1E       33 16 0E      355420 1 1 1 1 1 0  1072.0 1072.0
401  845.243050 4.550E-25 2.092E-02.09150.290 1574.57510.830.000000             V6         GROUND 32 15 1E       32 16 0E      355420 1 1 1 1 1 0  1040.0 1040.0
401  845.317460 4.780E-25 2.055E-02.09180.301 1554.26140.820.000000             V6         GROUND 31 15 1E       31 16 0E      355420 1 1 1 1 1 0  1008.0 1008.0
401  845.339660 3.530E-24 2.381E-02.08950.224 1219.83900.860.000000             V6         GROUND 39 11 1A1      40 12 0A2     355420 1 1 1 1 1 0  1264.0 1264.0
401  845.339660 3.530E-24 2.381E-02.08950.224 1219.83900.860.000000             V6         GROUND 39 11 1A2      40 12 0A1     355420 1 1 1 1 1 0  1264.0 1264.0
401  845.389520 4.980E-25 2.009E-02.09220.311 1534.58000.800.000000             V6         GROUND 30 15 1E       30 16 0E      355420 1 1 1 1 1 0   976.0  976.0
401  845.451700 1.910E-24 2.133E-02.08860.166 1365.70630.860.000000             V6         GROUND 48 10 1E       49 11 0E      355420 1 1 1 1 1 0  1552.0 1552.0
401  845.459250 5.160E-25 1.963E-02.09270.319 1515.53100.790.000000             V6         GROUND 29 15 1E       29 16 0E      355420 1 1 1 1 1 0   944.0  944.0
401  845.476650 7.720E-25 1.984E-02.08810.133 1572.14970.860.000000             V6         GROUND 57  9 1E       58 10 0E      355420 1 1 1 1 1 0  1840.0 1840.0
401  845.516900 5.370E-24 3.837E-02.09830.355 1096.62240.690.000000             V6         GROUND 20 13 1E       21 14 0E      355420 1 1 1 1 1 0   656.0  656.0
401  845.526650 5.300E-25 1.908E-02.09310.325 1497.11470.770.000000             V6         GROUND 28 15 1E       28 16 0E      355420 1 1 1 1 1 0   912.0  912.0
401  845.591710 5.410E-25 1.852E-02.09360.329 1479.33140.760.000000             V6         GROUND 27 15 1E       27 16 0E      355420 1 1 1 1 1 0   880.0  880.0
401  845.654440 5.460E-25 1.784E-02.09420.331 1462.18120.750.000000             V6         GROUND 26 15 1E       26 16 0E      355420 1 1 1 1 1 0   848.0  848.0
401  845.714840 5.460E-25 1.712E-02.09480.331 1445.66440.730.000000             V6         GROUND 25 15 1E       25 16 0E      355420 1 1 1 1 1 0   816.0  816.0
401  845.772910 5.390E-25 1.628E-02.09550.330 1429.78120.720.000000             V6         GROUND 24 15 1E       24 16 0E      355420 1 1 1 1 1 0   784.0  784.0
401  845.828650 5.240E-25 1.533E-02.09610.327 1414.53180.710.000000             V6         GROUND 23 15 1E       23 16 0E      355420 1 1 1 1 1 0   752.0  752.0
401  845.838030 5.270E-24 2.864E-02.09260.338 1115.05490.790.000000             V6         GROUND 29 12 1E       30 13 0E      355420 1 1 1 1 1 0   944.0  944.0
401  845.882050 5.010E-25 1.426E-02.09690.324 1399.91640.700.000000             V6         GROUND 22 15 1E       22 16 0E      355420 1 1 1 1 1 0   720.0  720.0
401  845.933130 4.690E-25 1.305E-02.09770.319 1385.93510.700.000000             V6         GROUND 21 15 1E       21 16 0E      355420 1 1 1 1 1 0   688.0  688.0
401  845.981880 4.250E-25 1.162E-02.09850.314 1372.58810.690.000000             V6         GROUND 20 15 1E       20 16 0E      355420 1 1 1 1 1 0   656.0  656.0
401  846.028310 3.700E-25 1.000E-02.09940.308 1359.87560.690.000000             V6         GROUND 19 15 1E       19 16 0E      355420 1 1 1 1 1 0   624.0  624.0
401  846.060710 3.940E-24 2.414E-02.08960.233 1194.43960.860.000000             V6         GROUND 38 11 1A1      39 12 0A2     355420 1 1 1 1 1 0  1232.0 1232.0
401  846.060710 3.940E-24 2.414E-02.08960.233 1194.43960.860.000000             V6         GROUND 38 11 1A2      39 12 0A1     355420 1 1 1 1 1 0  1232.0 1232.0
401  846.072410 3.010E-25 8.089E-03.10040.301 1347.79780.690.000000             V6         GROUND 18 15 1E       18 16 0E      355420 1 1 1 1 1 0   592.0  592.0
401  846.114180 2.180E-25 5.859E-03.10140.292 1336.35480.690.000000             V6         GROUND 17 15 1E       17 16 0E      355420 1 1 1 1 1 0   560.0  560.0
401  846.153630 1.180E-25 3.192E-03.09570.280 1325.54670.690.000000             V6         GROUND 16 15 1E       16 16 0E      355420 1 1 1 1 1 0   528.0  528.0
401  846.190670 2.200E-24 2.161E-02.08860.174 1334.63430.860.000000             V6         GROUND 47 10 1E       48 11 0E      355420 1 1 1 1 1 0  1520.0 1520.0
401  846.198130 5.670E-24 3.997E-02.09920.352 1083.26480.690.000000             V6         GROUND 19 13 1E       20 14 0E      355420 1 1 1 1 1 0   624.0  624.0
401  846.233020 9.120E-25 1.999E-02.08800.133 1535.43410.860.000000             V6         GROUND 56  9 1E       57 10 0E      355420 1 1 1 1 1 0  1808.0 1808.0
401  846.538480 5.710E-24 2.932E-02.09310.348 1095.98400.770.000000             V6         GROUND 28 12 1E       29 13 0E      355420 1 1 1 1 1 0   912.0  912.0
401  846.779730 4.390E-24 2.453E-02.08990.243 1169.67110.860.000000             V6         GROUND 37 11 1A2      38 12 0A1     355420 1 1 1 1 1 0  1200.0 1200.0
401  846.779730 4.390E-24 2.453E-02.08990.243 1169.67110.860.000000             V6         GROUND 37 11 1A1      38 12 0A2     355420 1 1 1 1 1 0  1200.0 1200.0
401  846.877200 5.980E-24 4.184E-02.10010.348 1070.54230.690.000000             V6         GROUND 18 13 1E       19 14 0E      355420 1 1 1 1 1 0   592.0  592.0
401  846.927680 2.520E-24 2.184E-02.08860.182 1304.19020.860.000000             V6         GROUND 46 10 1E       47 11 0E      355420 1 1 1 1 1 0  1488.0 1488.0
401  846.987490 1.070E-24 2.006E-02.08790.133 1499.34290.860.000000             V6         GROUND 55  9 1E       56 10 0E      355420 1 1 1 1 1 0  1776.0 1776.0
401  847.236830 6.170E-24 3.007E-02.09360.356 1077.54650.760.000000             V6         GROUND 27 12 1E       28 13 0E      355420 1 1 1 1 1 0   880.0  880.0
401  847.496730 4.870E-24 2.490E-02.09010.255 1145.53380.860.000000             V6         GROUND 36 11 1A1      37 12 0A2     355420 1 1 1 1 1 0  1168.0 1168.0
401  847.496730 4.870E-24 2.490E-02.09010.255 1145.53380.860.000000             V6         GROUND 36 11 1A2      37 12 0A1     355420 1 1 1 1 1 0  1168.0 1168.0
401  847.554120 6.300E-24 4.400E-02.10110.343 1058.45490.690.000000             V6         GROUND 17 13 1E       18 14 0E      355420 1 1 1 1 1 0   560.0  560.0
401  847.662720 2.870E-24 2.203E-02.08870.189 1274.37450.860.000000             V6         GROUND 45 10 1E       46 11 0E      355420 1 1 1 1 1 0  1456.0 1456.0
401  847.740040 1.260E-24 2.029E-02.08840.133 1463.87650.860.000000             V6         GROUND 54  9 1E       55 10 0E      355420 1 1 1 1 1 0  1744.0 1744.0
401  847.933080 6.640E-24 3.085E-02.09420.362 1059.74270.750.000000             V6         GROUND 26 12 1E       27 13 0E      355420 1 1 1 1 1 0   848.0  848.0
401  848.211700 5.390E-24 2.532E-02.09040.268 1122.02810.870.000000             V6         GROUND 35 11 1A2      36 12 0A1     355420 1 1 1 1 1 0  1136.0 1136.0
401  848.211700 5.390E-24 2.532E-02.09040.268 1122.02810.870.000000             V6         GROUND 35 11 1A1      36 12 0A2     355420 1 1 1 1 1 0  1136.0 1136.0
401  848.228850 6.620E-24 4.646E-02.10220.336 1047.00270.690.000000             V6         GROUND 16 13 1E       17 14 0E      355420 1 1 1 1 1 0   528.0  528.0
401  848.395800 3.270E-24 2.230E-02.08880.197 1245.18760.860.000000             V6         GROUND 44 10 1E       45 11 0E      355420 1 1 1 1 1 0  1424.0 1424.0
401  848.490660 1.480E-24 2.053E-02.08840.133 1429.03540.860.000000             V6         GROUND 53  9 1E       54 10 0E      355420 1 1 1 1 1 0  1712.0 1712.0
401  848.627240 7.130E-24 3.172E-02.09480.367 1042.57280.730.000000             V6         GROUND 25 12 1E       26 13 0E      355420 1 1 1 1 1 0   816.0  816.0
401  848.761980 4.650E-26 2.608E-02.09030.113 2211.90920.860.000000             V6         GROUND 59 14 1A1      59 15 0A2     355420 1 1 1 1 1 0  1904.0 1904.0
401  848.761980 4.650E-26 2.608E-02.09030.113 2211.90920.860.000000             V6         GROUND 59 14 1A2      59 15 0A1     355420 1 1 1 1 1 0  1904.0 1904.0
401  848.899920 5.470E-26 2.604E-02.09010.113 2174.63180.860.000000             V6         GROUND 58 14 1A1      58 15 0A2     355420 1 1 1 1 1 0  1872.0 1872.0
401  848.899920 5.470E-26 2.604E-02.09010.113 2174.63180.860.000000             V6         GROUND 58 14 1A2      58 15 0A1     355420 1 1 1 1 1 0  1872.0 1872.0
401  848.901410 6.940E-24 4.926E-02.09820.325 1036.18610.700.000000             V6         GROUND 15 13 1E       16 14 0E      355420 1 1 1 1 1 0   496.0  496.0
401  848.924620 5.940E-24 2.573E-02.09070.281 1099.15420.860.000000             V6         GROUND 34 11 1A1      35 12 0A2     355420 1 1 1 1 1 0  1104.0 1104.0
401  848.924620 5.940E-24 2.573E-02.09070.281 1099.15420.860.000000             V6         GROUND 34 11 1A2      35 12 0A1     355420 1 1 1 1 1 0  1104.0 1104.0
401  849.035480 6.410E-26 2.598E-02.09000.113 2137.97720.860.000000             V6         GROUND 57 14 1A2      57 15 0A1     355420 1 1 1 1 1 0  1840.0 1840.0
401  849.035480 6.410E-26 2.598E-02.09000.113 2137.97720.860.000000             V6         GROUND 57 14 1A1      57 15 0A2     355420 1 1 1 1 1 0  1840.0 1840.0
401  849.126880 3.710E-24 2.257E-02.08880.205 1216.62970.860.000000             V6         GROUND 43 10 1E       44 11 0E      355420 1 1 1 1 1 0  1392.0 1392.0
401  849.168650 7.490E-26 2.594E-02.08980.112 2101.94590.860.000000             V6         GROUND 56 14 1A2      56 15 0A1     355420 1 1 1 1 1 0  1808.0 1808.0
401  849.168650 7.490E-26 2.594E-02.08980.112 2101.94590.860.000000             V6         GROUND 56 14 1A1      56 15 0A2     355420 1 1 1 1 1 0  1808.0 1808.0
401  849.239360 1.720E-24 2.062E-02.08840.133 1394.81990.860.000000             V6         GROUND 52  9 1E       53 10 0E      355420 1 1 1 1 1 0  1680.0 1680.0
401  849.299430 8.720E-26 2.589E-02.09020.112 2066.53840.860.000000             V6         GROUND 55 14 1A1      55 15 0A2     355420 1 1 1 1 1 0  1776.0 1776.0
401  849.299430 8.720E-26 2.589E-02.09020.112 2066.53840.860.000000             V6         GROUND 55 14 1A2      55 15 0A1     355420 1 1 1 1 1 0  1776.0 1776.0
401  849.319270 7.630E-24 3.265E-02.09550.371 1026.03700.720.000000             V6         GROUND 24 12 1E       25 13 0E      355420 1 1 1 1 1 0   784.0  784.0
401  849.427830 1.010E-25 2.580E-02.09010.112 2031.75510.860.000000             V6         GROUND 54 14 1A2      54 15 0A1     355420 1 1 1 1 1 0  1744.0 1744.0
401  849.427830 1.010E-25 2.580E-02.09010.112 2031.75510.860.000000             V6         GROUND 54 14 1A1      54 15 0A2     355420 1 1 1 1 1 0  1744.0 1744.0
401  849.553850 1.170E-25 2.579E-02.09000.112 1997.59650.860.000000             V6         GROUND 53 14 1A2      53 15 0A1     355420 1 1 1 1 1 0  1712.0 1712.0
401  849.553850 1.170E-25 2.579E-02.09000.112 1997.59650.860.000000             V6         GROUND 53 14 1A1      53 15 0A2     355420 1 1 1 1 1 0  1712.0 1712.0
401  849.571780 7.260E-24 5.251E-02.09640.311 1026.00500.710.000000             V6         GROUND 14 13 1E       15 14 0E      355420 1 1 1 1 1 0   464.0  464.0
401  849.635490 6.530E-24 2.619E-02.09100.295 1076.91240.850.000000             V6         GROUND 33 11 1A2      34 12 0A1     355420 1 1 1 1 1 0  1072.0 1072.0
401  849.635490 6.530E-24 2.619E-02.09100.295 1076.91240.850.000000             V6         GROUND 33 11 1A1      34 12 0A2     355420 1 1 1 1 1 0  1072.0 1072.0
401  849.677490 1.350E-25 2.577E-02.08990.118 1964.06290.860.000000             V6         GROUND 52 14 1A1      52 15 0A2     355420 1 1 1 1 1 0  1680.0 1680.0
401  849.677490 1.350E-25 2.577E-02.08990.118 1964.06290.860.000000             V6         GROUND 52 14 1A2      52 15 0A1     355420 1 1 1 1 1 0  1680.0 1680.0
401  849.798760 1.550E-25 2.571E-02.08980.130 1931.15490.860.000000             V6         GROUND 51 14 1A2      51 15 0A1     355420 1 1 1 1 1 0  1648.0 1648.0
401  849.798760 1.550E-25 2.571E-02.08980.130 1931.15490.860.000000             V6         GROUND 51 14 1A1      51 15 0A2     355420 1 1 1 1 1 0  1648.0 1648.0
401  849.855980 4.190E-24 2.282E-02.08890.213 1188.70130.860.000000             V6         GROUND 42 10 1E       43 11 0E      355420 1 1 1 1 1 0  1360.0 1360.0
401  849.917660 1.770E-25 2.560E-02.08970.139 1898.87270.860.000000             V6         GROUND 50 14 1A2      50 15 0A1     355420 1 1 1 1 1 0  1616.0 1616.0
401  849.917660 1.770E-25 2.560E-02.08970.139 1898.87270.860.000000             V6         GROUND 50 14 1A1      50 15 0A2     355420 1 1 1 1 1 0  1616.0 1616.0
401  849.986130 2.000E-24 2.080E-02.08840.140 1361.23060.860.000000             V6         GROUND 51  9 1E       52 10 0E      355420 1 1 1 1 1 0  1648.0 1648.0
401  850.009200 8.140E-24 3.366E-02.09620.373 1010.13550.710.000000             V6         GROUND 23 12 1E       24 13 0E      355420 1 1 1 1 1 0   752.0  752.0
401  850.034190 2.010E-25 2.544E-02.08960.148 1867.21690.860.000000             V6         GROUND 49 14 1A2      49 15 0A1     355420 1 1 1 1 1 0  1584.0 1584.0
401  850.034190 2.010E-25 2.544E-02.08960.148 1867.21690.860.000000             V6         GROUND 49 14 1A1      49 15 0A2     355420 1 1 1 1 1 0  1584.0 1584.0
401  850.119080 1.050E-26 1.638E-03.09370.302 1789.29210.760.000000             V6         GROUND 27 17 1A1      26 18 0A2     355420 1 1 1 1 1 0   880.0  880.0
401  850.119080 1.050E-26 1.638E-03.09370.302 1789.29210.760.000000             V6         GROUND 27 17 1A2      26 18 0A1     355420 1 1 1 1 1 0   880.0  880.0
401  850.148350 2.280E-25 2.534E-02.08960.156 1836.18770.860.000000             V6         GROUND 48 14 1A2      48 15 0A1     355420 1 1 1 1 1 0  1552.0 1552.0
401  850.148350 2.280E-25 2.534E-02.08960.156 1836.18770.860.000000             V6         GROUND 48 14 1A1      48 15 0A2     355420 1 1 1 1 1 0  1552.0 1552.0
401  850.239950 7.600E-24 5.645E-02.09070.291 1016.45960.720.000000             V6         GROUND 13 13 1E       14 14 0E      355420 1 1 1 1 1 0   432.0  432.0
401  850.260160 2.580E-25 2.526E-02.08950.164 1805.78570.860.000000             V6         GROUND 47 14 1A1      47 15 0A2     355420 1 1 1 1 1 0  1520.0 1520.0
401  850.260160 2.580E-25 2.526E-02.08950.164 1805.78570.860.000000             V6         GROUND 47 14 1A2      47 15 0A1     355420 1 1 1 1 1 0  1520.0 1520.0
401  850.344310 7.150E-24 2.665E-02.09130.309 1055.30290.830.000000             V6         GROUND 32 11 1A1      33 12 0A2     355420 1 1 1 1 1 0  1040.0 1040.0
401  850.344310 7.150E-24 2.665E-02.09130.309 1055.30290.830.000000             V6         GROUND 32 11 1A2      33 12 0A1     355420 1 1 1 1 1 0  1040.0 1040.0
401  850.369590 2.910E-25 2.519E-02.08950.171 1776.01120.860.000000             V6         GROUND 46 14 1A1      46 15 0A2     355420 1 1 1 1 1 0  1488.0 1488.0
401  850.369590 2.910E-25 2.519E-02.08950.171 1776.01120.860.000000             V6         GROUND 46 14 1A2      46 15 0A1     355420 1 1 1 1 1 0  1488.0 1488.0
401  850.476670 3.270E-25 2.511E-02.08950.179 1746.86450.860.000000             V6         GROUND 45 14 1A1      45 15 0A2     355420 1 1 1 1 1 0  1456.0 1456.0
401  850.476670 3.270E-25 2.511E-02.08950.179 1746.86450.860.000000             V6         GROUND 45 14 1A2      45 15 0A1     355420 1 1 1 1 1 0  1456.0 1456.0
401  850.581400 3.650E-25 2.495E-02.08950.187 1718.34600.860.000000             V6         GROUND 44 14 1A1      44 15 0A2     355420 1 1 1 1 1 0  1424.0 1424.0
401  850.581400 3.650E-25 2.495E-02.08950.187 1718.34600.860.000000             V6         GROUND 44 14 1A2      44 15 0A1     355420 1 1 1 1 1 0  1424.0 1424.0
401  850.583090 4.720E-24 2.309E-02.08910.223 1161.40270.860.000000             V6         GROUND 41 10 1E       42 11 0E      355420 1 1 1 1 1 0  1328.0 1328.0
401  850.683760 4.060E-25 2.480E-02.08950.195 1690.45610.860.000000             V6         GROUND 43 14 1A2      43 15 0A1     355420 1 1 1 1 1 0  1392.0 1392.0
401  850.683760 4.060E-25 2.480E-02.08950.195 1690.45610.860.000000             V6         GROUND 43 14 1A1      43 15 0A2     355420 1 1 1 1 1 0  1392.0 1392.0
401  850.686330 1.130E-26 1.851E-03.09320.303 1806.42690.770.000000             V6         GROUND 28 17 1A2      27 18 0A1     355420 1 1 1 1 1 0   912.0  912.0
401  850.686330 1.130E-26 1.851E-03.09320.303 1806.42690.770.000000             V6         GROUND 28 17 1A1      27 18 0A2     355420 1 1 1 1 1 0   912.0  912.0
401  850.696990 8.660E-24 3.479E-02.09690.373  994.86860.700.000000             V6         GROUND 22 12 1E       23 13 0E      355420 1 1 1 1 1 0   720.0  720.0
401  850.730960 2.320E-24 2.099E-02.08840.151 1328.26780.860.000000             V6         GROUND 50  9 1E       51 10 0E      355420 1 1 1 1 1 0  1616.0 1616.0
401  850.783780 4.510E-25 2.470E-02.08960.204 1663.19520.860.000000             V6         GROUND 42 14 1A1      42 15 0A2     355420 1 1 1 1 1 0  1360.0 1360.0
401  850.783780 4.510E-25 2.470E-02.08960.204 1663.19520.860.000000             V6         GROUND 42 14 1A2      42 15 0A1     355420 1 1 1 1 1 0  1360.0 1360.0
401  850.792710 8.480E-25 1.967E-02.08790.137 1555.66850.860.000000             V6         GROUND 59  8 1A1      60  9 0A2     355420 1 1 1 1 1 0  1904.0 1904.0
401  850.792710 8.480E-25 1.967E-02.08790.137 1555.66850.860.000000             V6         GROUND 59  8 1A2      60  9 0A1     355420 1 1 1 1 1 0  1904.0 1904.0
401  850.881440 4.980E-25 2.455E-02.08960.214 1636.56350.860.000000             V6         GROUND 41 14 1A1      41 15 0A2     355420 1 1 1 1 1 0  1328.0 1328.0
401  850.881440 4.980E-25 2.455E-02.08960.214 1636.56350.860.000000             V6         GROUND 41 14 1A2      41 15 0A1     355420 1 1 1 1 1 0  1328.0 1328.0
401  850.976760 5.470E-25 2.435E-02.08970.202 1610.56140.860.000000             V6         GROUND 40 14 1A1      40 15 0A2     355420 1 1 1 1 1 0  1296.0 1296.0
401  850.976760 5.470E-25 2.435E-02.08970.202 1610.56140.860.000000             V6         GROUND 40 14 1A2      40 15 0A1     355420 1 1 1 1 1 0  1296.0 1296.0
401  851.051060 7.810E-24 2.717E-02.09170.322 1034.32620.820.000000             V6         GROUND 31 11 1A1      32 12 0A2     355420 1 1 1 1 1 0  1008.0 1008.0
401  851.051060 7.810E-24 2.717E-02.09170.322 1034.32620.820.000000             V6         GROUND 31 11 1A2      32 12 0A1     355420 1 1 1 1 1 0  1008.0 1008.0
401  851.069730 6.000E-25 2.422E-02.08990.209 1585.18920.860.000000             V6         GROUND 39 14 1A2      39 15 0A1     355420 1 1 1 1 1 0  1264.0 1264.0
401  851.069730 6.000E-25 2.422E-02.08990.209 1585.18920.860.000000             V6         GROUND 39 14 1A1      39 15 0A2     355420 1 1 1 1 1 0  1264.0 1264.0
401  851.160350 6.540E-25 2.402E-02.09000.219 1560.44730.860.000000             V6         GROUND 38 14 1A2      38 15 0A1     355420 1 1 1 1 1 0  1232.0 1232.0
401  851.160350 6.540E-25 2.402E-02.09000.219 1560.44730.860.000000             V6         GROUND 38 14 1A1      38 15 0A2     355420 1 1 1 1 1 0  1232.0 1232.0
401  851.248630 7.100E-25 2.382E-02.09020.230 1536.33600.860.000000             V6         GROUND 37 14 1A1      37 15 0A2     355420 1 1 1 1 1 0  1200.0 1200.0
401  851.248630 7.100E-25 2.382E-02.09020.230 1536.33600.860.000000             V6         GROUND 37 14 1A2      37 15 0A1     355420 1 1 1 1 1 0  1200.0 1200.0
401  851.251010 1.210E-26 2.091E-03.09280.301 1824.19440.790.000000             V6         GROUND 29 17 1A1      28 18 0A2     355420 1 1 1 1 1 0   944.0  944.0
401  851.251010 1.210E-26 2.091E-03.09280.301 1824.19440.790.000000             V6         GROUND 29 17 1A2      28 18 0A1     355420 1 1 1 1 1 0   944.0  944.0
401  851.308200 5.310E-24 2.342E-02.08920.232 1134.73420.860.000000             V6         GROUND 40 10 1E       41 11 0E      355420 1 1 1 1 1 0  1296.0 1296.0
401  851.334570 7.670E-25 2.359E-02.09040.243 1512.85540.860.000000             V6         GROUND 36 14 1A2      36 15 0A1     355420 1 1 1 1 1 0  1168.0 1168.0
401  851.334570 7.670E-25 2.359E-02.09040.243 1512.85540.860.000000             V6         GROUND 36 14 1A1      36 15 0A2     355420 1 1 1 1 1 0  1168.0 1168.0
401  851.382650 9.190E-24 3.603E-02.09770.373  980.23630.700.000000             V6         GROUND 21 12 1E       22 13 0E      355420 1 1 1 1 1 0   688.0  688.0
401  851.418170 8.240E-25 2.332E-02.09060.257 1490.00610.870.000000             V6         GROUND 35 14 1A2      35 15 0A1     355420 1 1 1 1 1 0  1136.0 1136.0
401  851.418170 8.240E-25 2.332E-02.09060.257 1490.00610.870.000000             V6         GROUND 35 14 1A1      35 15 0A2     355420 1 1 1 1 1 0  1136.0 1136.0
401  851.473850 2.680E-24 2.118E-02.08840.161 1295.93190.860.000000             V6         GROUND 49  9 1E       50 10 0E      355420 1 1 1 1 1 0  1584.0 1584.0
401  851.499420 8.820E-25 2.306E-02.09090.272 1467.78810.860.000000             V6         GROUND 34 14 1A1      34 15 0A2     355420 1 1 1 1 1 0  1104.0 1104.0
401  851.499420 8.820E-25 2.306E-02.09090.272 1467.78810.860.000000             V6         GROUND 34 14 1A2      34 15 0A1     355420 1 1 1 1 1 0  1104.0 1104.0
401  851.552870 1.010E-24 1.985E-02.08780.137 1517.69600.860.000000             V6         GROUND 58  8 1A2      59  9 0A1     355420 1 1 1 1 1 0  1872.0 1872.0
401  851.552870 1.010E-24 1.985E-02.08780.137 1517.69600.860.000000             V6         GROUND 58  8 1A1      59  9 0A2     355420 1 1 1 1 1 0  1872.0 1872.0
401  851.578350 9.390E-25 2.277E-02.09120.285 1446.20190.850.000000             V6         GROUND 33 14 1A1      33 15 0A2     355420 1 1 1 1 1 0  1072.0 1072.0
401  851.578350 9.390E-25 2.277E-02.09120.285 1446.20190.850.000000             V6         GROUND 33 14 1A2      33 15 0A1     355420 1 1 1 1 1 0  1072.0 1072.0
401  851.654940 9.940E-25 2.244E-02.09160.299 1425.24770.830.000000             V6         GROUND 32 14 1A2      32 15 0A1     355420 1 1 1 1 1 0  1040.0 1040.0
401  851.654940 9.940E-25 2.244E-02.09160.299 1425.24770.830.000000             V6         GROUND 32 14 1A1      32 15 0A2     355420 1 1 1 1 1 0  1040.0 1040.0
401  851.729190 1.050E-24 2.216E-02.09190.311 1404.92570.820.000000             V6         GROUND 31 14 1A1      31 15 0A2     355420 1 1 1 1 1 0  1008.0 1008.0
401  851.729190 1.050E-24 2.216E-02.09190.311 1404.92570.820.000000             V6         GROUND 31 14 1A2      31 15 0A1     355420 1 1 1 1 1 0  1008.0 1008.0
401  851.755760 8.500E-24 2.771E-02.09220.335 1013.98230.800.000000             V6         GROUND 30 11 1A1      31 12 0A2     355420 1 1 1 1 1 0   976.0  976.0
401  851.755760 8.500E-24 2.771E-02.09220.335 1013.98230.800.000000             V6         GROUND 30 11 1A2      31 12 0A1     355420 1 1 1 1 1 0   976.0  976.0
401  851.801110 1.100E-24 2.179E-02.09230.321 1385.23610.800.000000             V6         GROUND 30 14 1A1      30 15 0A2     355420 1 1 1 1 1 0   976.0  976.0
401  851.801110 1.100E-24 2.179E-02.09230.321 1385.23610.800.000000             V6         GROUND 30 14 1A2      30 15 0A1     355420 1 1 1 1 1 0   976.0  976.0
401  851.813110 1.260E-26 2.306E-03.09240.297 1842.59420.800.000000             V6         GROUND 30 17 1A1      29 18 0A2     355420 1 1 1 1 1 0   976.0  976.0
401  851.813110 1.260E-26 2.306E-03.09240.297 1842.59420.800.000000             V6         GROUND 30 17 1A2      29 18 0A1     355420 1 1 1 1 1 0   976.0  976.0
401  851.870690 1.140E-24 2.129E-02.09280.330 1366.17940.790.000000             V6         GROUND 29 14 1A2      29 15 0A1     355420 1 1 1 1 1 0   944.0  944.0
401  851.870690 1.140E-24 2.129E-02.09280.330 1366.17940.790.000000             V6         GROUND 29 14 1A1      29 15 0A2     355420 1 1 1 1 1 0   944.0  944.0
401  851.937950 1.180E-24 2.086E-02.09330.336 1347.75550.770.000000             V6         GROUND 28 14 1A1      28 15 0A2     355420 1 1 1 1 1 0   912.0  912.0
401  851.937950 1.180E-24 2.086E-02.09330.336 1347.75550.770.000000             V6         GROUND 28 14 1A2      28 15 0A1     355420 1 1 1 1 1 0   912.0  912.0
401  852.002880 1.210E-24 2.033E-02.09380.341 1329.96490.760.000000             V6         GROUND 27 14 1A1      27 15 0A2     355420 1 1 1 1 1 0   880.0  880.0
401  852.002880 1.210E-24 2.033E-02.09380.341 1329.96490.760.000000             V6         GROUND 27 14 1A2      27 15 0A1     355420 1 1 1 1 1 0   880.0  880.0
401  852.031300 5.940E-24 2.371E-02.08940.230 1108.69620.860.000000             V6         GROUND 39 10 1E       40 11 0E      355420 1 1 1 1 1 0  1264.0 1264.0
401  852.065480 1.230E-24 1.973E-02.09440.344 1312.80780.750.000000             V6         GROUND 26 14 1A2      26 15 0A1     355420 1 1 1 1 1 0   848.0  848.0
401  852.065480 1.230E-24 1.973E-02.09440.344 1312.80780.750.000000             V6         GROUND 26 14 1A1      26 15 0A2     355420 1 1 1 1 1 0   848.0  848.0
401  852.066180 9.730E-24 3.744E-02.09860.372  966.23890.690.000000             V6         GROUND 20 12 1E       21 13 0E      355420 1 1 1 1 1 0   656.0  656.0
401  852.125750 1.230E-24 1.893E-02.09500.345 1296.28420.730.000000             V6         GROUND 25 14 1A2      25 15 0A1     355420 1 1 1 1 1 0   816.0  816.0
401  852.125750 1.230E-24 1.893E-02.09500.345 1296.28420.730.000000             V6         GROUND 25 14 1A1      25 15 0A2     355420 1 1 1 1 1 0   816.0  816.0
401  852.183690 1.230E-24 1.824E-02.09570.345 1280.39450.720.000000             V6         GROUND 24 14 1A1      24 15 0A2     355420 1 1 1 1 1 0   784.0  784.0
401  852.183690 1.230E-24 1.824E-02.09570.345 1280.39450.720.000000             V6         GROUND 24 14 1A2      24 15 0A1     355420 1 1 1 1 1 0   784.0  784.0
401  852.214790 3.090E-24 2.140E-02.08840.170 1264.22340.860.000000             V6         GROUND 48  9 1E       49 10 0E      355420 1 1 1 1 1 0  1552.0 1552.0
401  852.239320 1.210E-24 1.737E-02.09640.344 1265.13890.710.000000             V6         GROUND 23 14 1A1      23 15 0A2     355420 1 1 1 1 1 0   752.0  752.0
401  852.239320 1.210E-24 1.737E-02.09640.344 1265.13890.710.000000             V6         GROUND 23 14 1A2      23 15 0A1     355420 1 1 1 1 1 0   752.0  752.0
401  852.292610 1.180E-24 1.648E-02.09720.341 1250.51740.700.000000             V6         GROUND 22 14 1A1      22 15 0A2     355420 1 1 1 1 1 0   720.0  720.0
401  852.292610 1.180E-24 1.648E-02.09720.341 1250.51740.700.000000             V6         GROUND 22 14 1A2      22 15 0A1     355420 1 1 1 1 1 0   720.0  720.0
401  852.311130 1.190E-24 1.988E-02.08770.137 1480.34710.860.000000             V6         GROUND 57  8 1A1      58  9 0A2     355420 1 1 1 1 1 0  1840.0 1840.0
401  852.311130 1.190E-24 1.988E-02.08770.137 1480.34710.860.000000             V6         GROUND 57  8 1A2      58  9 0A1     355420 1 1 1 1 1 0  1840.0 1840.0
401  852.343590 1.120E-24 1.530E-02.09800.338 1236.53040.700.000000             V6         GROUND 21 14 1A2      21 15 0A1     355420 1 1 1 1 1 0   688.0  688.0
401  852.343590 1.120E-24 1.530E-02.09800.338 1236.53040.700.000000             V6         GROUND 21 14 1A1      21 15 0A2     355420 1 1 1 1 1 0   688.0  688.0
401  852.372630 1.300E-26 2.530E-03.09200.290 1861.62620.820.000000             V6         GROUND 31 17 1A2      30 18 0A1     355420 1 1 1 1 1 0  1008.0 1008.0
401  852.372630 1.300E-26 2.530E-03.09200.290 1861.62620.820.000000             V6         GROUND 31 17 1A1      30 18 0A2     355420 1 1 1 1 1 0  1008.0 1008.0
401  852.392240 1.050E-24 1.410E-02.09890.334 1223.17800.690.000000             V6         GROUND 20 14 1A1      20 15 0A2     355420 1 1 1 1 1 0   656.0  656.0
401  852.392240 1.050E-24 1.410E-02.09890.334 1223.17800.690.000000             V6         GROUND 20 14 1A2      20 15 0A1     355420 1 1 1 1 1 0   656.0  656.0
401  852.438570 9.470E-25 1.257E-02.09980.329 1210.46030.690.000000             V6         GROUND 19 14 1A2      19 15 0A1     355420 1 1 1 1 1 0   624.0  624.0
401  852.438570 9.470E-25 1.257E-02.09980.329 1210.46030.690.000000             V6         GROUND 19 14 1A1      19 15 0A2     355420 1 1 1 1 1 0   624.0  624.0
401  852.458380 9.230E-24 2.831E-02.09270.346  994.27160.790.000000             V6         GROUND 29 11 1A2      30 12 0A1     355420 1 1 1 1 1 0   944.0  944.0
401  852.458380 9.230E-24 2.831E-02.09270.346  994.27160.790.000000             V6         GROUND 29 11 1A1      30 12 0A2     355420 1 1 1 1 1 0   944.0  944.0
401  852.482580 8.220E-25 1.084E-02.10080.323 1198.37750.690.000000             V6         GROUND 18 14 1A1      18 15 0A2     355420 1 1 1 1 1 0   592.0  592.0
401  852.482580 8.220E-25 1.084E-02.10080.323 1198.37750.690.000000             V6         GROUND 18 14 1A2      18 15 0A1     355420 1 1 1 1 1 0   592.0  592.0
401  852.524270 6.690E-25 8.824E-03.10180.315 1186.92980.690.000000             V6         GROUND 17 14 1A2      17 15 0A1     355420 1 1 1 1 1 0   560.0  560.0
401  852.524270 6.690E-25 8.824E-03.10180.315 1186.92980.690.000000             V6         GROUND 17 14 1A1      17 15 0A2     355420 1 1 1 1 1 0   560.0  560.0
401  852.563640 4.830E-25 6.412E-03.09700.303 1176.11730.690.000000             V6         GROUND 16 14 1A1      16 15 0A2     355420 1 1 1 1 1 0   528.0  528.0
401  852.563640 4.830E-25 6.412E-03.09700.303 1176.11730.690.000000             V6         GROUND 16 14 1A2      16 15 0A1     355420 1 1 1 1 1 0   528.0  528.0
401  852.600680 2.610E-25 3.511E-03.09480.288 1165.94010.700.000000             V6         GROUND 15 14 1A1      15 15 0A2     355420 1 1 1 1 1 0   496.0  496.0
401  852.600680 2.610E-25 3.511E-03.09480.288 1165.94010.700.000000             V6         GROUND 15 14 1A2      15 15 0A1     355420 1 1 1 1 1 0   496.0  496.0
401  852.747550 1.030E-23 3.911E-02.09950.369  952.87660.690.000000             V6         GROUND 19 12 1E       20 13 0E      355420 1 1 1 1 1 0   624.0  624.0
401  852.752390 6.630E-24 2.403E-02.08960.239 1083.28900.860.000000             V6         GROUND 38 10 1E       39 11 0E      355420 1 1 1 1 1 0  1232.0 1232.0
401  852.929550 1.320E-26 2.743E-03.09160.281 1881.29010.830.000000             V6         GROUND 32 17 1A2      31 18 0A1     355420 1 1 1 1 1 0  1040.0 1040.0
401  852.929550 1.320E-26 2.743E-03.09160.281 1881.29010.830.000000             V6         GROUND 32 17 1A1      31 18 0A2     355420 1 1 1 1 1 0  1040.0 1040.0
401  852.935580 1.060E-26 6.080E-04.09820.293 1531.46550.700.000000             V6         GROUND 21 16 1E       20 17 0E      355420 1 1 1 1 1 0   688.0  688.0
401  852.953780 3.550E-24 2.162E-02.08840.178 1233.14270.860.000000             V6         GROUND 47  9 1E       48 10 0E      355420 1 1 1 1 1 0  1520.0 1520.0
401  853.067480 1.410E-24 2.009E-02.08770.137 1443.62220.860.000000             V6         GROUND 56  8 1A2      57  9 0A1     355420 1 1 1 1 1 0  1808.0 1808.0
401  853.067480 1.410E-24 2.009E-02.08770.137 1443.62220.860.000000             V6         GROUND 56  8 1A1      57  9 0A2     355420 1 1 1 1 1 0  1808.0 1808.0
401  853.158920 9.980E-24 2.892E-02.09320.356  975.19440.770.000000             V6         GROUND 28 11 1A1      29 12 0A2     355420 1 1 1 1 1 0   912.0  912.0
401  853.158920 9.980E-24 2.892E-02.09320.356  975.19440.770.000000             V6         GROUND 28 11 1A2      29 12 0A1     355420 1 1 1 1 1 0   912.0  912.0
401  853.426770 1.080E-23 4.069E-02.10050.366  940.14940.690.000000             V6         GROUND 18 12 1E       19 13 0E      355420 1 1 1 1 1 0   592.0  592.0
401  853.471470 7.370E-24 2.435E-02.08980.250 1058.51290.860.000000             V6         GROUND 37 10 1E       38 11 0E      355420 1 1 1 1 1 0  1200.0 1200.0
401  853.483870 1.330E-26 2.963E-03.09130.270 1901.58560.850.000000             V6         GROUND 33 17 1A2      32 18 0A1     355420 1 1 1 1 1 0  1072.0 1072.0
401  853.483870 1.330E-26 2.963E-03.09130.270 1901.58560.850.000000             V6         GROUND 33 17 1A1      32 18 0A2     355420 1 1 1 1 1 0  1072.0 1072.0
401  853.518450 1.430E-26 8.373E-04.09730.299 1544.80670.700.000000             V6         GROUND 22 16 1E       21 17 0E      355420 1 1 1 1 1 0   720.0  720.0
401  853.690790 4.060E-24 2.182E-02.08850.185 1202.69010.860.000000             V6         GROUND 46  9 1E       47 10 0E      355420 1 1 1 1 1 0  1488.0 1488.0
401  853.821920 1.660E-24 2.023E-02.08760.137 1407.52180.860.000000             V6         GROUND 55  8 1A2      56  9 0A1     355420 1 1 1 1 1 0  1776.0 1776.0
401  853.821920 1.660E-24 2.023E-02.08760.137 1407.52180.860.000000             V6         GROUND 55  8 1A1      56  9 0A2     355420 1 1 1 1 1 0  1776.0 1776.0
401  853.857370 1.080E-23 2.970E-02.09370.365  956.75080.760.000000             V6         GROUND 27 11 1A1      28 12 0A2     355420 1 1 1 1 1 0   880.0  880.0
401  853.857370 1.080E-23 2.970E-02.09370.365  956.75080.760.000000             V6         GROUND 27 11 1A2      28 12 0A1     355420 1 1 1 1 1 0   880.0  880.0
401  854.035590 1.320E-26 3.165E-03.09110.257 1922.51260.860.000000             V6         GROUND 34 17 1A2      33 18 0A1     355420 1 1 1 1 1 0  1104.0 1104.0
401  854.035590 1.320E-26 3.165E-03.09110.257 1922.51260.860.000000             V6         GROUND 34 17 1A1      33 18 0A2     355420 1 1 1 1 1 0  1104.0 1104.0
401  854.098800 1.790E-26 1.075E-03.09660.305 1558.78190.710.000000             V6         GROUND 23 16 1E       22 17 0E      355420 1 1 1 1 1 0   752.0  752.0
401  854.103830 1.140E-23 4.288E-02.10150.361  928.05770.690.000000             V6         GROUND 17 12 1E       18 13 0E      355420 1 1 1 1 1 0   560.0  560.0
401  854.188520 8.180E-24 2.474E-02.09010.262 1034.36820.860.000000             V6         GROUND 36 10 1E       37 11 0E      355420 1 1 1 1 1 0  1168.0 1168.0
401  854.425860 4.630E-24 2.203E-02.08850.193 1172.86610.860.000000             V6         GROUND 45  9 1E       46 10 0E      355420 1 1 1 1 1 0  1456.0 1456.0
401  854.553720 1.160E-23 3.041E-02.09430.372  938.94110.750.000000             V6         GROUND 26 11 1A1      27 12 0A2     355420 1 1 1 1 1 0   848.0  848.0
401  854.553720 1.160E-23 3.041E-02.09430.372  938.94110.750.000000             V6         GROUND 26 11 1A2      27 12 0A1     355420 1 1 1 1 1 0   848.0  848.0
401  854.574450 1.950E-24 2.040E-02.08820.136 1372.04640.860.000000             V6         GROUND 54  8 1A2      55  9 0A1     466520 1 1 1 1 1 0  1744.0 1744.0
401  854.574450 1.950E-24 2.040E-02.08820.136 1372.04640.860.000000             V6         GROUND 54  8 1A1      55  9 0A2     466520 1 1 1 1 1 0  1744.0 1744.0
401  854.584670 1.300E-26 3.368E-03.09080.243 1944.07070.870.000000             V6         GROUND 35 17 1A2      34 18 0A1     355420 1 1 1 1 1 0  1136.0 1136.0
401  854.584670 1.300E-26 3.368E-03.09080.243 1944.07070.870.000000             V6         GROUND 35 17 1A1      34 18 0A2     355420 1 1 1 1 1 0  1136.0 1136.0
401  854.676630 2.130E-26 1.320E-03.09590.309 1573.39100.720.000000             V6         GROUND 24 16 1E       23 17 0E      355420 1 1 1 1 1 0   784.0  784.0
401  854.778720 1.190E-23 4.497E-02.10250.355  916.60150.690.000000             V6         GROUND 16 12 1E       17 13 0E      355420 1 1 1 1 1 0   528.0  528.0
401  854.903530 9.040E-24 2.511E-02.09030.275 1010.85520.870.000000             V6         GROUND 35 10 1E       36 11 0E      355420 1 1 1 1 1 0  1136.0 1136.0
401  855.131130 1.270E-26 3.569E-03.09060.228 1966.25970.860.000000             V6         GROUND 36 17 1A1      35 18 0A2     355420 1 1 1 1 1 0  1168.0 1168.0
401  855.131130 1.270E-26 3.569E-03.09060.228 1966.25970.860.000000             V6         GROUND 36 17 1A2      35 18 0A1     355420 1 1 1 1 1 0  1168.0 1168.0
401  855.158950 5.270E-24 2.229E-02.08860.201 1143.67100.860.000000             V6         GROUND 44  9 1E       45 10 0E      355420 1 1 1 1 1 0  1424.0 1424.0
401  855.247990 1.240E-23 3.112E-02.09500.378  921.76550.730.000000             V6         GROUND 25 11 1A2      26 12 0A1     355420 1 1 1 1 1 0   816.0  816.0
401  855.247990 1.240E-23 3.112E-02.09500.378  921.76550.730.000000             V6         GROUND 25 11 1A1      26 12 0A2     355420 1 1 1 1 1 0   816.0  816.0
401  855.251280 9.430E-26 2.724E-02.08980.118 2072.37570.860.000000             V6         GROUND 59 13 1E       59 14 0E      355420 1 1 1 1 1 0  1904.0 1904.0
401  855.251950 2.440E-26 1.566E-03.09520.313 1588.63380.730.000000             V6         GROUND 25 16 1E       24 17 0E      355420 1 1 1 1 1 0   816.0  816.0
401  855.325060 2.280E-24 2.055E-02.08810.136 1337.19640.860.000000             V6         GROUND 53  8 1A2      54  9 0A1     466520 1 1 1 1 1 0  1712.0 1712.0
401  855.325060 2.280E-24 2.055E-02.08810.136 1337.19640.860.000000             V6         GROUND 53  8 1A1      54  9 0A2     466520 1 1 1 1 1 0  1712.0 1712.0
401  855.388960 1.110E-25 2.721E-02.08960.117 2035.08390.860.000000             V6         GROUND 58 13 1E       58 14 0E      355420 1 1 1 1 1 0  1872.0 1872.0
401  855.451430 1.240E-23 4.740E-02.09920.346  905.78100.700.000000             V6         GROUND 15 12 1E       16 13 0E      355420 1 1 1 1 1 0   496.0  496.0
401  855.524250 1.300E-25 2.714E-02.08950.117 1998.41520.860.000000             V6         GROUND 57 13 1E       57 14 0E      355420 1 1 1 1 1 0  1840.0 1840.0
401  855.616520 9.950E-24 2.549E-02.09070.288  987.97430.860.000000             V6         GROUND 34 10 1E       35 11 0E      355420 1 1 1 1 1 0  1104.0 1104.0
401  855.657160 1.520E-25 2.711E-02.08940.117 1962.37010.860.000000             V6         GROUND 56 13 1E       56 14 0E      355420 1 1 1 1 1 0  1808.0 1808.0
401  855.674940 1.230E-26 3.764E-03.09050.214 1989.07930.860.000000             V6         GROUND 37 17 1A1      36 18 0A2     355420 1 1 1 1 1 0  1200.0 1200.0
401  855.674940 1.230E-26 3.764E-03.09050.214 1989.07930.860.000000             V6         GROUND 37 17 1A2      36 18 0A1     355420 1 1 1 1 1 0  1200.0 1200.0
401  855.787680 1.770E-25 2.706E-02.08980.117 1926.94900.860.000000             V6         GROUND 55 13 1E       55 14 0E      355420 1 1 1 1 1 0  1776.0 1776.0
401  855.824730 2.720E-26 1.817E-03.09460.316 1604.51020.750.000000             V6         GROUND 26 16 1E       25 17 0E      355420 1 1 1 1 1 0   848.0  848.0
401  855.890050 5.970E-24 2.251E-02.08870.209 1115.10510.860.000000             V6         GROUND 43  9 1E       44 10 0E      355420 1 1 1 1 1 0  1392.0 1392.0
401  855.915840 2.050E-25 2.696E-02.08970.117 1892.15240.860.000000             V6         GROUND 54 13 1E       54 14 0E      355420 1 1 1 1 1 0  1744.0 1744.0
401  855.940130 1.330E-23 3.211E-02.09560.382  905.22420.720.000000             V6         GROUND 24 11 1A1      25 12 0A2     355420 1 1 1 1 1 0   784.0  784.0
401  855.940130 1.330E-23 3.211E-02.09560.382  905.22420.720.000000             V6         GROUND 24 11 1A2      25 12 0A1     355420 1 1 1 1 1 0   784.0  784.0
401  856.041600 2.380E-25 2.701E-02.08960.117 1857.98060.860.000000             V6         GROUND 53 13 1E       53 14 0E      355420 1 1 1 1 1 0  1712.0 1712.0
401  856.073750 2.660E-24 2.072E-02.08810.136 1302.97220.860.000000             V6         GROUND 52  8 1A1      53  9 0A2     466520 1 1 1 1 1 0  1680.0 1680.0
401  856.073750 2.660E-24 2.072E-02.08810.136 1302.97220.860.000000             V6         GROUND 52  8 1A2      53  9 0A1     466520 1 1 1 1 1 0  1680.0 1680.0
401  856.121960 1.300E-23 5.063E-02.09790.333  895.59630.710.000000             V6         GROUND 14 12 1E       15 13 0E      355420 1 1 1 1 1 0   464.0  464.0
401  856.165010 2.740E-25 2.693E-02.08950.123 1824.43420.860.000000             V6         GROUND 52 13 1E       52 14 0E      355420 1 1 1 1 1 0  1680.0 1680.0
401  856.216110 1.180E-26 3.946E-03.09030.200 2012.52920.860.000000             V6         GROUND 38 17 1A2      37 18 0A1     355420 1 1 1 1 1 0  1232.0 1232.0
401  856.216110 1.180E-26 3.946E-03.09030.200 2012.52920.860.000000             V6         GROUND 38 17 1A1      37 18 0A2     355420 1 1 1 1 1 0  1232.0 1232.0
401  856.286040 3.140E-25 2.682E-02.08950.135 1791.51350.860.000000             V6         GROUND 51 13 1E       51 14 0E      355420 1 1 1 1 1 0  1648.0 1648.0
401  856.327450 1.090E-23 2.585E-02.09100.302  965.72570.850.000000             V6         GROUND 33 10 1E       34 11 0E      355420 1 1 1 1 1 0  1072.0 1072.0
401  856.394970 2.950E-26 2.060E-03.09400.317 1621.01980.760.000000             V6         GROUND 27 16 1E       26 17 0E      355420 1 1 1 1 1 0   880.0  880.0
401  856.404710 3.600E-25 2.681E-02.08940.144 1759.21890.860.000000             V6         GROUND 50 13 1E       50 14 0E      355420 1 1 1 1 1 0  1616.0 1616.0
401  856.521010 4.100E-25 2.671E-02.08930.153 1727.55090.860.000000             V6         GROUND 49 13 1E       49 14 0E      355420 1 1 1 1 1 0  1584.0 1584.0
401  856.619180 6.750E-24 2.278E-02.08880.217 1087.16880.860.000000             V6         GROUND 42  9 1E       43 10 0E      355420 1 1 1 1 1 0  1360.0 1360.0
401  856.630170 1.410E-23 3.290E-02.09640.385  889.31740.710.000000             V6         GROUND 23 11 1A1      24 12 0A2     355420 1 1 1 1 1 0   752.0  752.0
401  856.630170 1.410E-23 3.290E-02.09640.385  889.31740.710.000000             V6         GROUND 23 11 1A2      24 12 0A1     355420 1 1 1 1 1 0   752.0  752.0
401  856.634960 4.650E-25 2.659E-02.08930.161 1696.50990.860.000000             V6         GROUND 48 13 1E       48 14 0E      355420 1 1 1 1 1 0  1552.0 1552.0
401  856.746540 5.270E-25 2.655E-02.08930.169 1666.09620.860.000000             V6         GROUND 47 13 1E       47 14 0E      355420 1 1 1 1 1 0  1520.0 1520.0
401  856.754620 1.130E-26 4.146E-03.09020.189 2036.60920.860.000000             V6         GROUND 39 17 1A1      38 18 0A2     355420 1 1 1 1 1 0  1264.0 1264.0
401  856.754620 1.130E-26 4.146E-03.09020.189 2036.60920.860.000000             V6         GROUND 39 17 1A2      38 18 0A1     355420 1 1 1 1 1 0  1264.0 1264.0
401  856.790310 1.360E-23 5.439E-02.09310.314  886.04750.720.000000             V6         GROUND 13 12 1E       14 13 0E      355420 1 1 1 1 1 0   432.0  432.0
401  856.820510 3.090E-24 2.088E-02.08810.143 1269.37440.860.000000             V6         GROUND 51  8 1A1      52  9 0A2     466520 1 1 1 1 1 0  1648.0 1648.0
401  856.820510 3.090E-24 2.088E-02.08810.143 1269.37440.860.000000             V6         GROUND 51  8 1A2      52  9 0A1     466520 1 1 1 1 1 0  1648.0 1648.0
401  856.855770 5.940E-25 2.646E-02.08930.176 1636.31020.860.000000             V6         GROUND 46 13 1E       46 14 0E      355420 1 1 1 1 1 0  1488.0 1488.0
401  856.962630 6.670E-25 2.635E-02.08930.184 1607.15230.860.000000             V6         GROUND 45 13 1E       45 14 0E      355420 1 1 1 1 1 0  1456.0 1456.0
401  856.962650 3.140E-26 2.303E-03.09340.316 1638.16250.770.000000             V6         GROUND 28 16 1E       27 17 0E      355420 1 1 1 1 1 0   912.0  912.0
401  857.036340 1.200E-23 2.645E-02.09140.316  944.10970.830.000000             V6         GROUND 32 10 1E       33 11 0E      355420 1 1 1 1 1 0  1040.0 1040.0
401  857.067150 7.460E-25 2.624E-02.08930.192 1578.62290.860.000000             V6         GROUND 44 13 1E       44 14 0E      355420 1 1 1 1 1 0  1424.0 1424.0
401  857.169320 8.310E-25 2.612E-02.08940.200 1550.72230.860.000000             V6         GROUND 43 13 1E       43 14 0E      355420 1 1 1 1 1 0  1392.0 1392.0
401  857.269140 9.230E-25 2.601E-02.08940.209 1523.45090.860.000000             V6         GROUND 42 13 1E       42 14 0E      355420 1 1 1 1 1 0  1360.0 1360.0
401  857.290460 1.070E-26 4.322E-03.09010.180 2061.31890.860.000000             V6         GROUND 40 17 1A2      39 18 0A1     355420 1 1 1 1 1 0  1296.0 1296.0
401  857.290460 1.070E-26 4.322E-03.09010.180 2061.31890.860.000000             V6         GROUND 40 17 1A1      39 18 0A2     355420 1 1 1 1 1 0  1296.0 1296.0
401  857.318080 1.500E-23 3.400E-02.09710.387  874.04530.700.000000             V6         GROUND 22 11 1A2      23 12 0A1     355420 1 1 1 1 1 0   720.0  720.0
401  857.318080 1.500E-23 3.400E-02.09710.387  874.04530.700.000000             V6         GROUND 22 11 1A1      23 12 0A2     355420 1 1 1 1 1 0   720.0  720.0
401  857.346310 7.600E-24 2.304E-02.08900.226 1059.86260.860.000000             V6         GROUND 41  9 1E       42 10 0E      355420 1 1 1 1 1 0  1328.0 1328.0
401  857.366610 1.020E-24 2.587E-02.08950.219 1496.80900.860.000000             V6         GROUND 41 13 1E       41 14 0E      355420 1 1 1 1 1 0  1328.0 1328.0
401  857.456450 1.410E-23 5.841E-02.08590.289  877.13470.720.000000             V6         GROUND 12 12 1E       13 13 0E      355420 1 1 1 1 1 0   400.0  400.0
401  857.461740 1.120E-24 2.565E-02.08960.210 1470.79690.860.000000             V6         GROUND 40 13 1E       40 14 0E      355420 1 1 1 1 1 0  1296.0 1296.0
401  857.527770 3.290E-26 2.545E-03.09300.313 1655.93810.790.000000             V6         GROUND 29 16 1E       28 17 0E      355420 1 1 1 1 1 0   944.0  944.0
401  857.554530 1.230E-24 2.554E-02.08980.217 1445.41500.860.000000             V6         GROUND 39 13 1E       39 14 0E      355420 1 1 1 1 1 0  1264.0 1264.0
401  857.565330 3.580E-24 2.105E-02.08810.154 1236.40320.860.000000             V6         GROUND 50  8 1A2      51  9 0A1     466520 1 1 1 1 1 0  1616.0 1616.0
401  857.565330 3.580E-24 2.105E-02.08810.154 1236.40320.860.000000             V6         GROUND 50  8 1A1      51  9 0A2     466520 1 1 1 1 1 0  1616.0 1616.0
401  857.644970 1.340E-24 2.532E-02.09000.227 1420.66360.860.000000             V6         GROUND 38 13 1E       38 14 0E      355420 1 1 1 1 1 0  1232.0 1232.0
401  857.698000 1.250E-24 1.976E-02.08760.140 1473.49570.860.000000             V6         GROUND 59  7 1E       60  8 0E      355420 1 1 1 1 1 0  1904.0 1904.0
401  857.733080 1.460E-24 2.519E-02.09020.239 1396.54300.860.000000             V6         GROUND 37 13 1E       37 14 0E      355420 1 1 1 1 1 0  1200.0 1200.0
401  857.743180 1.310E-23 2.695E-02.09180.329  923.12650.820.000000             V6         GROUND 31 10 1E       32 11 0E      355420 1 1 1 1 1 0  1008.0 1008.0
401  857.818860 1.580E-24 2.499E-02.09040.252 1373.05340.860.000000             V6         GROUND 36 13 1E       36 14 0E      355420 1 1 1 1 1 0  1168.0 1168.0
401  857.823630 1.000E-26 4.464E-03.09010.174 2086.65800.860.000000             V6         GROUND 41 17 1A2      40 18 0A1     355420 1 1 1 1 1 0  1328.0 1328.0
401  857.823630 1.000E-26 4.464E-03.09010.174 2086.65800.860.000000             V6         GROUND 41 17 1A1      40 18 0A2     355420 1 1 1 1 1 0  1328.0 1328.0
401  857.902290 1.700E-24 2.474E-02.09060.266 1350.19530.870.000000             V6         GROUND 35 13 1E       35 14 0E      355420 1 1 1 1 1 0  1136.0 1136.0
401  857.983390 1.830E-24 2.460E-02.09090.280 1327.96880.860.000000             V6         GROUND 34 13 1E       34 14 0E      355420 1 1 1 1 1 0  1104.0 1104.0
401  858.003860 1.590E-23 3.518E-02.09800.387  859.40820.700.000000             V6         GROUND 21 11 1A1      22 12 0A2     355420 1 1 1 1 1 0   688.0  688.0
401  858.003860 1.590E-23 3.518E-02.09800.387  859.40820.700.000000             V6         GROUND 21 11 1A2      22 12 0A1     355420 1 1 1 1 1 0   688.0  688.0
401  858.062160 1.950E-24 2.431E-02.09130.294 1306.37430.850.000000             V6         GROUND 33 13 1E       33 14 0E      355420 1 1 1 1 1 0  1072.0 1072.0
401  858.071460 8.520E-24 2.329E-02.08910.236 1033.18660.860.000000             V6         GROUND 40  9 1E       41 10 0E      355420 1 1 1 1 1 0  1296.0 1296.0
401  858.090330 3.400E-26 2.785E-03.09250.308 1674.34640.800.000000             V6         GROUND 30 16 1E       29 17 0E      355420 1 1 1 1 1 0   976.0  976.0
401  858.106140 1.750E-26 4.585E-04.10040.301 1347.79780.690.000000             V6         GROUND 19 15 1E       18 16 0E      355420 1 1 1 1 1 0   624.0  624.0
401  858.138600 2.070E-24 2.403E-02.09160.307 1285.41200.830.000000             V6         GROUND 32 13 1E       32 14 0E      355420 1 1 1 1 1 0  1040.0 1040.0
401  858.212710 2.180E-24 2.366E-02.09200.319 1265.08220.820.000000             V6         GROUND 31 13 1E       31 14 0E      355420 1 1 1 1 1 0  1008.0 1008.0
401  858.284480 2.290E-24 2.333E-02.09250.330 1245.38520.800.000000             V6         GROUND 30 13 1E       30 14 0E      355420 1 1 1 1 1 0   976.0  976.0
401  858.308210 4.140E-24 2.126E-02.08820.164 1204.05910.860.000000             V6         GROUND 49  8 1A1      50  9 0A2     466520 1 1 1 1 1 0  1584.0 1584.0
401  858.308210 4.140E-24 2.126E-02.08820.164 1204.05910.860.000000             V6         GROUND 49  8 1A2      50  9 0A1     466520 1 1 1 1 1 0  1584.0 1584.0
401  858.353940 2.390E-24 2.295E-02.09290.339 1226.32110.790.000000             V6         GROUND 29 13 1E       29 14 0E      355420 1 1 1 1 1 0   944.0  944.0
401  858.421050 2.480E-24 2.254E-02.09340.346 1207.89020.770.000000             V6         GROUND 28 13 1E       28 14 0E      355420 1 1 1 1 1 0   912.0  912.0
401  858.447950 1.420E-23 2.737E-02.09230.342  902.77640.800.000000             V6         GROUND 30 10 1E       31 11 0E      355420 1 1 1 1 1 0   976.0  976.0
401  858.458120 1.490E-24 1.995E-02.08750.139 1435.51450.860.000000             V6         GROUND 58  7 1E       59  8 0E      355420 1 1 1 1 1 0  1872.0 1872.0
401  858.485860 2.550E-24 2.203E-02.09400.352 1190.09280.760.000000             V6         GROUND 27 13 1E       27 14 0E      355420 1 1 1 1 1 0   880.0  880.0
401  858.548330 2.610E-24 2.153E-02.09460.356 1172.92900.750.000000             V6         GROUND 26 13 1E       26 14 0E      355420 1 1 1 1 1 0   848.0  848.0
401  858.608490 2.640E-24 2.089E-02.09530.358 1156.39910.730.000000             V6         GROUND 25 13 1E       25 14 0E      355420 1 1 1 1 1 0   816.0  816.0
401  858.650300 3.460E-26 3.014E-03.09210.301 1693.38710.820.000000             V6         GROUND 31 16 1E       30 17 0E      355420 1 1 1 1 1 0  1008.0 1008.0
401  858.666320 2.660E-24 2.028E-02.09590.359 1140.50330.720.000000             V6         GROUND 24 13 1E       24 14 0E      355420 1 1 1 1 1 0   784.0  784.0
401  858.687520 1.680E-23 3.647E-02.09880.387  845.40620.690.000000             V6         GROUND 20 11 1A2      21 12 0A1     355420 1 1 1 1 1 0   656.0  656.0
401  858.687520 1.680E-23 3.647E-02.09880.387  845.40620.690.000000             V6         GROUND 20 11 1A1      21 12 0A2     355420 1 1 1 1 1 0   656.0  656.0
401  858.694360 2.620E-26 6.934E-04.09940.308 1359.87560.690.000000             V6         GROUND 20 15 1E       19 16 0E      355420 1 1 1 1 1 0   656.0  656.0
401  858.721840 2.640E-24 1.948E-02.09670.359 1125.24180.710.000000             V6         GROUND 23 13 1E       23 14 0E      355420 1 1 1 1 1 0   752.0  752.0
401  858.775020 2.590E-24 1.860E-02.09750.358 1110.61480.700.000000             V6         GROUND 22 13 1E       22 14 0E      355420 1 1 1 1 1 0   720.0  720.0
401  858.794600 9.540E-24 2.360E-02.08930.236 1007.14130.860.000000             V6         GROUND 39  9 1E       40 10 0E      355420 1 1 1 1 1 0  1264.0 1264.0
401  858.825900 2.510E-24 1.762E-02.09830.355 1096.62240.700.000000             V6         GROUND 21 13 1E       21 14 0E      355420 1 1 1 1 1 0   688.0  688.0
401  858.874450 2.390E-24 1.649E-02.09920.352 1083.26480.690.000000             V6         GROUND 20 13 1E       20 14 0E      355420 1 1 1 1 1 0   656.0  656.0
401  858.920690 2.220E-24 1.514E-02.10010.348 1070.54230.690.000000             V6         GROUND 19 13 1E       19 14 0E      355420 1 1 1 1 1 0   624.0  624.0
401  858.964610 2.010E-24 1.363E-02.10110.343 1058.45490.690.000000             V6         GROUND 18 13 1E       18 14 0E      355420 1 1 1 1 1 0   592.0  592.0
401  859.006220 1.740E-24 1.180E-02.10220.336 1047.00270.690.000000             V6         GROUND 17 13 1E       17 14 0E      355420 1 1 1 1 1 0   560.0  560.0
401  859.045510 1.410E-24 9.621E-03.09820.325 1036.18610.690.000000             V6         GROUND 16 13 1E       16 14 0E      355420 1 1 1 1 1 0   528.0  528.0
401  859.049150 4.760E-24 2.142E-02.08820.173 1172.34260.860.000000             V6         GROUND 48  8 1A2      49  9 0A1     466520 1 1 1 1 1 0  1552.0 1552.0
401  859.049150 4.760E-24 2.142E-02.08820.173 1172.34260.860.000000             V6         GROUND 48  8 1A1      49  9 0A2     466520 1 1 1 1 1 0  1552.0 1552.0
401  859.082490 1.020E-24 7.052E-03.09640.311 1026.00500.700.000000             V6         GROUND 15 13 1E       15 14 0E      355420 1 1 1 1 1 0   496.0  496.0
401  859.117150 5.500E-25 3.881E-03.09070.291 1016.45960.710.000000             V6         GROUND 14 13 1E       14 14 0E      355420 1 1 1 1 1 0   464.0  464.0
401  859.150650 1.540E-23 2.793E-02.09270.353  883.05970.790.000000             V6         GROUND 29 10 1E       30 11 0E      355420 1 1 1 1 1 0   944.0  944.0
401  859.207680 3.490E-26 3.247E-03.09170.291 1713.06000.830.000000             V6         GROUND 32 16 1E       31 17 0E      355420 1 1 1 1 1 0  1040.0 1040.0
401  859.216350 1.760E-24 2.003E-02.08750.139 1398.15710.860.000000             V6         GROUND 57  7 1E       58  8 0E      355420 1 1 1 1 1 0  1840.0 1840.0
401  859.280100 3.520E-26 9.461E-04.09850.314 1372.58810.700.000000             V6         GROUND 21 15 1E       20 16 0E      355420 1 1 1 1 1 0   688.0  688.0
401  859.369020 1.770E-23 3.791E-02.09980.385  832.03940.690.000000             V6         GROUND 19 11 1A2      20 12 0A1     355420 1 1 1 1 1 0   624.0  624.0
401  859.369020 1.770E-23 3.791E-02.09980.385  832.03940.690.000000             V6         GROUND 19 11 1A1      20 12 0A2     355420 1 1 1 1 1 0   624.0  624.0
401  859.515730 1.060E-23 2.381E-02.08950.245  981.72700.860.000000             V6         GROUND 38  9 1E       39 10 0E      355420 1 1 1 1 1 0  1232.0 1232.0
401  859.762480 3.470E-26 3.461E-03.09140.280 1733.36490.850.000000             V6         GROUND 33 16 1E       32 17 0E      355420 1 1 1 1 1 0  1072.0 1072.0
401  859.788140 5.460E-24 2.160E-02.08820.181 1141.25400.860.000000             V6         GROUND 47  8 1A2      48  9 0A1     466520 1 1 1 1 1 0  1520.0 1520.0
401  859.788140 5.460E-24 2.160E-02.08820.181 1141.25400.860.000000             V6         GROUND 47  8 1A1      48  9 0A2     466520 1 1 1 1 1 0  1520.0 1520.0
401  859.851270 1.660E-23 2.844E-02.09330.364  863.97660.770.000000             V6         GROUND 28 10 1E       29 11 0E      355420 1 1 1 1 1 0   912.0  912.0
401  859.863350 4.410E-26 1.210E-03.09770.319 1385.93510.700.000000             V6         GROUND 22 15 1E       21 16 0E      355420 1 1 1 1 1 0   720.0  720.0
401  859.972670 2.080E-24 2.018E-02.08740.139 1361.42380.860.000000             V6         GROUND 56  7 1E       57  8 0E      355420 1 1 1 1 1 0  1808.0 1808.0
401  860.048370 1.860E-23 3.953E-02.10070.383  819.30810.690.000000             V6         GROUND 18 11 1A1      19 12 0A2     355420 1 1 1 1 1 0   592.0  592.0
401  860.048370 1.860E-23 3.953E-02.10070.383  819.30810.690.000000             V6         GROUND 18 11 1A2      19 12 0A1     355420 1 1 1 1 1 0   592.0  592.0
401  860.234850 1.180E-23 2.417E-02.08980.256  956.94390.860.000000             V6         GROUND 37  9 1E       38 10 0E      355420 1 1 1 1 1 0  1200.0 1200.0
401  860.314660 3.430E-26 3.682E-03.09110.267 1754.30140.860.000000             V6         GROUND 34 16 1E       33 17 0E      355420 1 1 1 1 1 0  1104.0 1104.0
401  860.444100 5.250E-26 1.478E-03.09690.324 1399.91640.710.000000             V6         GROUND 23 15 1E       22 16 0E      355420 1 1 1 1 1 0   752.0  752.0
401  860.525180 6.250E-24 2.182E-02.08830.189 1110.79370.860.000000             V6         GROUND 46  8 1A2      47  9 0A1     466520 1 1 1 1 1 0  1488.0 1488.0
401  860.525180 6.250E-24 2.182E-02.08830.189 1110.79370.860.000000             V6         GROUND 46  8 1A1      47  9 0A2     466520 1 1 1 1 1 0  1488.0 1488.0
401  860.549810 1.790E-23 2.911E-02.09380.373  845.52730.760.000000             V6         GROUND 27 10 1E       28 11 0E      355420 1 1 1 1 1 0   880.0  880.0
401  860.725570 1.950E-23 4.138E-02.10180.379  807.21230.690.000000             V6         GROUND 17 11 1A2      18 12 0A1     355420 1 1 1 1 1 0   560.0  560.0
401  860.725570 1.950E-23 4.138E-02.10180.379  807.21230.690.000000             V6         GROUND 17 11 1A1      18 12 0A2     355420 1 1 1 1 1 0   560.0  560.0
401  860.727090 2.450E-24 2.034E-02.08740.139 1325.31520.860.000000             V6         GROUND 55  7 1E       56  8 0E      355420 1 1 1 1 1 0  1776.0 1776.0
401  860.864230 3.350E-26 3.886E-03.09090.253 1775.86950.870.000000             V6         GROUND 35 16 1E       34 17 0E      355420 1 1 1 1 1 0  1136.0 1136.0
401  860.951940 1.310E-23 2.455E-02.09000.268  932.79250.860.000000             V6         GROUND 36  9 1E       37 10 0E      355420 1 1 1 1 1 0  1168.0 1168.0
401  861.022330 6.030E-26 1.751E-03.09610.327 1414.53180.720.000000             V6         GROUND 24 15 1E       23 16 0E      355420 1 1 1 1 1 0   784.0  784.0
401  861.246260 1.920E-23 2.976E-02.09450.381  827.71220.750.000000             V6         GROUND 26 10 1E       27 11 0E      355420 1 1 1 1 1 0   848.0  848.0
401  861.260250 7.120E-24 2.201E-02.08840.196 1080.96200.860.000000             V6         GROUND 45  8 1A1      46  9 0A2     466520 1 1 1 1 1 0  1456.0 1456.0
401  861.260250 7.120E-24 2.201E-02.08840.196 1080.96200.860.000000             V6         GROUND 45  8 1A2      46  9 0A1     466520 1 1 1 1 1 0  1456.0 1456.0
401  861.400610 2.040E-23 4.349E-02.10290.373  795.75230.690.000000             V6         GROUND 16 11 1A2      17 12 0A1     355420 1 1 1 1 1 0   528.0  528.0
401  861.400610 2.040E-23 4.349E-02.10290.373  795.75230.690.000000             V6         GROUND 16 11 1A1      17 12 0A2     355420 1 1 1 1 1 0   528.0  528.0
401  861.411180 3.250E-26 4.090E-03.09060.238 1798.06870.860.000000             V6         GROUND 36 16 1E       35 17 0E      355420 1 1 1 1 1 0  1168.0 1168.0
401  861.479610 2.870E-24 2.045E-02.08790.139 1289.83170.860.000000             V6         GROUND 54  7 1E       55  8 0E      466520 1 1 1 1 1 0  1744.0 1744.0
401  861.598050 6.730E-26 2.025E-03.09550.330 1429.78120.730.000000             V6         GROUND 25 15 1E       24 16 0E      355420 1 1 1 1 1 0   816.0  816.0
401  861.667010 1.450E-23 2.496E-02.09030.281  909.27300.870.000000             V6         GROUND 35  9 1E       36 10 0E      355420 1 1 1 1 1 0  1136.0 1136.0
401  861.812000 1.820E-25 2.835E-02.08930.122 1942.34180.860.000000             V6         GROUND 59 12 1E       59 13 0E      355420 1 1 1 1 1 0  1904.0 1904.0
401  861.940610 2.060E-23 3.057E-02.09510.387  810.53130.730.000000             V6         GROUND 25 10 1E       26 11 0E      355420 1 1 1 1 1 0   816.0  816.0
401  861.949430 2.150E-25 2.843E-02.08920.122 1905.03660.860.000000             V6         GROUND 58 12 1E       58 13 0E      355420 1 1 1 1 1 0  1872.0 1872.0
401  861.955480 3.130E-26 4.289E-03.09040.224 1820.89880.860.000000             V6         GROUND 37 16 1E       36 17 0E      355420 1 1 1 1 1 0  1200.0 1200.0
401  861.993350 8.090E-24 2.222E-02.08850.204 1051.75950.860.000000             V6         GROUND 44  8 1A1      45  9 0A2     466520 1 1 1 1 1 0  1424.0 1424.0
401  861.993350 8.090E-24 2.222E-02.08850.204 1051.75950.860.000000             V6         GROUND 44  8 1A2      45  9 0A1     466520 1 1 1 1 1 0  1424.0 1424.0
401  862.073470 2.130E-23 4.593E-02.10020.365  784.92820.700.000000             V6         GROUND 15 11 1A1      16 12 0A2     355420 1 1 1 1 1 0   496.0  496.0
401  862.073470 2.130E-23 4.593E-02.10020.365  784.92820.700.000000             V6         GROUND 15 11 1A2      16 12 0A1     355420 1 1 1 1 1 0   496.0  496.0
401  862.084470 2.520E-25 2.837E-02.08910.122 1868.35480.860.000000             V6         GROUND 57 12 1E       57 13 0E      355420 1 1 1 1 1 0  1840.0 1840.0
401  862.171220 7.330E-26 2.295E-03.09480.331 1445.66440.750.000000             V6         GROUND 26 15 1E       25 16 0E      355420 1 1 1 1 1 0   848.0  848.0
401  862.217150 2.940E-25 2.828E-02.08900.122 1832.29680.860.000000             V6         GROUND 56 12 1E       56 13 0E      355420 1 1 1 1 1 0  1808.0 1808.0
401  862.230190 3.360E-24 2.063E-02.08790.139 1254.97380.860.000000             V6         GROUND 53  7 1E       54  8 0E      466520 1 1 1 1 1 0  1712.0 1712.0
401  862.347430 3.430E-25 2.828E-02.08940.122 1796.86300.860.000000             V6         GROUND 55 12 1E       55 13 0E      355420 1 1 1 1 1 0  1776.0 1776.0
401  862.380040 1.590E-23 2.524E-02.09070.294  886.38560.860.000000             V6         GROUND 34  9 1E       35 10 0E      355420 1 1 1 1 1 0  1104.0 1104.0
401  862.475350 3.980E-25 2.822E-02.08930.121 1762.05390.860.000000             V6         GROUND 54 12 1E       54 13 0E      355420 1 1 1 1 1 0  1744.0 1744.0
401  862.497140 3.000E-26 4.493E-03.09030.211 1844.35950.860.000000             V6         GROUND 38 16 1E       37 17 0E      355420 1 1 1 1 1 0  1232.0 1232.0
401  862.600880 4.600E-25 2.815E-02.08930.121 1727.86990.860.000000             V6         GROUND 53 12 1E       53 13 0E      355420 1 1 1 1 1 0  1712.0 1712.0
401  862.632860 2.200E-23 3.140E-02.09580.393  793.98490.720.000000             V6         GROUND 24 10 1E       25 11 0E      355420 1 1 1 1 1 0   784.0  784.0
401  862.724070 5.310E-25 2.814E-02.08920.128 1694.31140.860.000000             V6         GROUND 52 12 1E       52 13 0E      355420 1 1 1 1 1 0  1680.0 1680.0
401  862.724470 9.170E-24 2.247E-02.08860.212 1023.18630.860.000000             V6         GROUND 43  8 1A2      44  9 0A1     466520 1 1 1 1 1 0  1392.0 1392.0
401  862.724470 9.170E-24 2.247E-02.08860.212 1023.18630.860.000000             V6         GROUND 43  8 1A1      44  9 0A2     466520 1 1 1 1 1 0  1392.0 1392.0
401  862.741880 7.820E-26 2.560E-03.09420.331 1462.18120.760.000000             V6         GROUND 27 15 1E       26 16 0E      355420 1 1 1 1 1 0   880.0  880.0
401  862.744150 2.220E-23 4.877E-02.09930.353  774.74010.710.000000             V6         GROUND 14 11 1A1      15 12 0A2     355420 1 1 1 1 1 0   464.0  464.0
401  862.744150 2.220E-23 4.877E-02.09930.353  774.74010.710.000000             V6         GROUND 14 11 1A2      15 12 0A1     355420 1 1 1 1 1 0   464.0  464.0
401  862.844880 6.100E-25 2.809E-02.08920.139 1661.37890.860.000000             V6         GROUND 51 12 1E       51 13 0E      355420 1 1 1 1 1 0  1648.0 1648.0
401  862.963320 6.980E-25 2.802E-02.08910.149 1629.07270.860.000000             V6         GROUND 50 12 1E       50 13 0E      355420 1 1 1 1 1 0  1616.0 1616.0
401  862.978870 3.910E-24 2.075E-02.08790.139 1220.74180.860.000000             V6         GROUND 52  7 1E       53  8 0E      466520 1 1 1 1 1 0  1680.0 1680.0
401  863.036150 2.850E-26 4.683E-03.09010.199 1868.45050.860.000000             V6         GROUND 39 16 1E       38 17 0E      355420 1 1 1 1 1 0  1264.0 1264.0
401  863.079410 7.960E-25 2.795E-02.08910.158 1597.39340.860.000000             V6         GROUND 49 12 1E       49 13 0E      355420 1 1 1 1 1 0  1584.0 1584.0
401  863.091050 1.750E-23 2.572E-02.09100.308  864.13080.850.000000             V6         GROUND 33  9 1E       34 10 0E      355420 1 1 1 1 1 0  1072.0 1072.0
401  863.193140 9.040E-25 2.787E-02.08910.166 1566.34120.860.000000             V6         GROUND 48 12 1E       48 13 0E      355420 1 1 1 1 1 0  1552.0 1552.0
401  863.304520 1.020E-24 2.770E-02.08910.173 1535.91660.860.000000             V6         GROUND 47 12 1E       47 13 0E      355420 1 1 1 1 1 0  1520.0 1520.0
401  863.309980 8.200E-26 2.819E-03.09360.329 1479.33140.770.000000             V6         GROUND 28 15 1E       27 16 0E      355420 1 1 1 1 1 0   912.0  912.0
401  863.323000 2.340E-23 3.228E-02.09660.396  778.07330.710.000000             V6         GROUND 23 10 1E       24 11 0E      355420 1 1 1 1 1 0   752.0  752.0
401  863.336780 2.300E-26 2.950E-04.09700.303 1176.11730.690.000000             V6         GROUND 17 14 1A2      16 15 0A1     355420 1 1 1 1 1 0   560.0  560.0
401  863.336780 2.300E-26 2.950E-04.09700.303 1176.11730.690.000000             V6         GROUND 17 14 1A1      16 15 0A2     355420 1 1 1 1 1 0   560.0  560.0
401  863.412650 2.300E-23 5.189E-02.09540.336  765.18810.720.000000             V6         GROUND 13 11 1A2      14 12 0A1     355420 1 1 1 1 1 0   432.0  432.0
401  863.412650 2.300E-23 5.189E-02.09540.336  765.18810.720.000000             V6         GROUND 13 11 1A1      14 12 0A2     355420 1 1 1 1 1 0   432.0  432.0
401  863.413550 1.150E-24 2.761E-02.08910.181 1506.12000.860.000000             V6         GROUND 46 12 1E       46 13 0E      355420 1 1 1 1 1 0  1488.0 1488.0
401  863.453620 1.030E-23 2.258E-02.08870.221  995.24300.860.000000             V6         GROUND 42  8 1A2      43  9 0A1     466520 1 1 1 1 1 0  1360.0 1360.0
401  863.453620 1.030E-23 2.258E-02.08870.221  995.24300.860.000000             V6         GROUND 42  8 1A1      43  9 0A2     466520 1 1 1 1 1 0  1360.0 1360.0
401  863.520220 1.300E-24 2.768E-02.08910.189 1476.95170.860.000000             V6         GROUND 45 12 1E       45 13 0E      355420 1 1 1 1 1 0  1456.0 1456.0
401  863.572500 2.690E-26 4.867E-03.09000.190 1893.17160.860.000000             V6         GROUND 40 16 1E       39 17 0E      355420 1 1 1 1 1 0  1296.0 1296.0
401  863.624550 1.450E-24 2.749E-02.08910.197 1448.41200.860.000000             V6         GROUND 44 12 1E       44 13 0E      355420 1 1 1 1 1 0  1424.0 1424.0
401  863.725620 4.550E-24 2.094E-02.08790.146 1187.13630.860.000000             V6         GROUND 51  7 1E       52  8 0E      466520 1 1 1 1 1 0  1648.0 1648.0
401  863.726530 1.620E-24 2.744E-02.08920.205 1420.50140.860.000000             V6         GROUND 43 12 1E       43 13 0E      355420 1 1 1 1 1 0  1392.0 1392.0
401  863.799990 1.910E-23 2.609E-02.09140.322  842.50870.830.000000             V6         GROUND 32  9 1E       33 10 0E      355420 1 1 1 1 1 0  1040.0 1040.0
401  863.826160 1.800E-24 2.734E-02.08930.214 1393.22020.860.000000             V6         GROUND 42 12 1E       42 13 0E      355420 1 1 1 1 1 0  1360.0 1360.0
401  863.875520 8.480E-26 3.075E-03.09310.325 1497.11470.790.000000             V6         GROUND 29 15 1E       28 16 0E      355420 1 1 1 1 1 0   944.0  944.0
401  863.923460 1.990E-24 2.719E-02.08940.224 1366.56880.860.000000             V6         GROUND 41 12 1E       41 13 0E      355420 1 1 1 1 1 0  1328.0 1328.0
401  863.930290 4.120E-26 5.275E-04.10180.315 1186.92980.690.000000             V6         GROUND 18 14 1A1      17 15 0A2     355420 1 1 1 1 1 0   592.0  592.0
401  863.930290 4.120E-26 5.275E-04.10180.315 1186.92980.690.000000             V6         GROUND 18 14 1A2      17 15 0A1     355420 1 1 1 1 1 0   592.0  592.0
401  864.011030 2.480E-23 3.323E-02.09730.399  762.79660.700.000000             V6         GROUND 22 10 1E       23 11 0E      355420 1 1 1 1 1 0   720.0  720.0
401  864.018410 2.200E-24 2.715E-02.08950.217 1340.54740.860.000000             V6         GROUND 40 12 1E       40 13 0E      355420 1 1 1 1 1 0  1296.0 1296.0
401  864.078940 2.390E-23 5.584E-02.08950.313  756.27240.720.000000             V6         GROUND 12 11 1A1      13 12 0A2     355420 1 1 1 1 1 0   400.0  400.0
401  864.078940 2.390E-23 5.584E-02.08950.313  756.27240.720.000000             V6         GROUND 12 11 1A2      13 12 0A1     355420 1 1 1 1 1 0   400.0  400.0
401  864.106170 2.520E-26 5.039E-03.09000.184 1918.52230.860.000000             V6         GROUND 41 16 1E       40 17 0E      355420 1 1 1 1 1 0  1328.0 1328.0
401  864.111030 2.410E-24 2.696E-02.08970.225 1315.15640.860.000000             V6         GROUND 39 12 1E       39 13 0E      355420 1 1 1 1 1 0  1264.0 1264.0
401  864.180780 1.160E-23 2.285E-02.08890.230  967.92980.860.000000             V6         GROUND 41  8 1A2      42  9 0A1     466520 1 1 1 1 1 0  1328.0 1328.0
401  864.180780 1.160E-23 2.285E-02.08890.230  967.92980.860.000000             V6         GROUND 41  8 1A1      42  9 0A2     466520 1 1 1 1 1 0  1328.0 1328.0
401  864.201310 2.630E-24 2.677E-02.08990.235 1290.39610.860.000000             V6         GROUND 38 12 1E       38 13 0E      355420 1 1 1 1 1 0  1232.0 1232.0
401  864.289250 2.870E-24 2.668E-02.09010.247 1266.26690.860.000000             V6         GROUND 37 12 1E       37 13 0E      355420 1 1 1 1 1 0  1200.0 1200.0
401  864.374870 3.110E-24 2.650E-02.09040.260 1242.76890.860.000000             V6         GROUND 36 12 1E       36 13 0E      355420 1 1 1 1 1 0  1168.0 1168.0
401  864.438510 8.660E-26 3.325E-03.09270.319 1515.53100.800.000000             V6         GROUND 30 15 1E       29 16 0E      355420 1 1 1 1 1 0   976.0  976.0
401  864.458150 3.350E-24 2.627E-02.09060.274 1219.90260.870.000000             V6         GROUND 35 12 1E       35 13 0E      355420 1 1 1 1 1 0  1136.0 1136.0
401  864.470430 5.270E-24 2.110E-02.08790.157 1154.15760.860.000000             V6         GROUND 50  7 1E       51  8 0E      466520 1 1 1 1 1 0  1616.0 1616.0
401  864.506890 2.080E-23 2.651E-02.09180.335  821.51960.820.000000             V6         GROUND 31  9 1E       32 10 0E      355420 1 1 1 1 1 0  1008.0 1008.0
401  864.521340 6.150E-26 7.908E-04.10080.323 1198.37750.690.000000             V6         GROUND 19 14 1A2      18 15 0A1     355420 1 1 1 1 1 0   624.0  624.0
401  864.521340 6.150E-26 7.908E-04.10080.323 1198.37750.690.000000             V6         GROUND 19 14 1A1      18 15 0A2     355420 1 1 1 1 1 0   624.0  624.0
401  864.539100 3.600E-24 2.607E-02.09100.288 1197.66820.860.000000             V6         GROUND 34 12 1E       34 13 0E      355420 1 1 1 1 1 0  1104.0 1104.0
401  864.617710 3.850E-24 2.586E-02.09130.302 1176.06590.850.000000             V6         GROUND 33 12 1E       33 13 0E      355420 1 1 1 1 1 0  1072.0 1072.0
401  864.637160 2.350E-26 5.213E-03.08990.202 1944.50250.860.000000             V6         GROUND 42 16 1E       41 17 0E      355420 1 1 1 1 1 0  1360.0 1360.0
401  864.673370 1.760E-24 1.986E-02.08730.142 1400.95030.860.000000             V6         GROUND 59  6 1E       60  7 0E      355420 1 1 1 1 1 0  1904.0 1904.0
401  864.694010 4.090E-24 2.558E-02.09170.315 1155.09620.830.000000             V6         GROUND 32 12 1E       32 13 0E      355420 1 1 1 1 1 0  1040.0 1040.0
401  864.696910 2.620E-23 3.426E-02.09820.400  748.15490.700.000000             V6         GROUND 21 10 1E       22 11 0E      355420 1 1 1 1 1 0   688.0  688.0
401  864.743050 2.490E-23 6.084E-02.08250.281  747.99310.730.000000             V6         GROUND 11 11 1A2      12 12 0A1     355420 1 1 1 1 1 0   368.0  368.0
401  864.743050 2.490E-23 6.084E-02.08250.281  747.99310.730.000000             V6         GROUND 11 11 1A1      12 12 0A2     355420 1 1 1 1 1 0   368.0  368.0
401  864.767980 4.330E-24 2.531E-02.09210.327 1134.75910.820.000000             V6         GROUND 31 12 1E       31 13 0E      355420 1 1 1 1 1 0  1008.0 1008.0
401  864.839630 4.550E-24 2.497E-02.09260.338 1115.05490.800.000000             V6         GROUND 30 12 1E       30 13 0E      355420 1 1 1 1 1 0   976.0  976.0
401  864.905940 1.310E-23 2.326E-02.08900.239  941.24710.860.000000             V6         GROUND 40  8 1A2      41  9 0A1     466520 1 1 1 1 1 0  1296.0 1296.0
401  864.905940 1.310E-23 2.326E-02.08900.239  941.24710.860.000000             V6         GROUND 40  8 1A1      41  9 0A2     466520 1 1 1 1 1 0  1296.0 1296.0
401  864.908950 4.770E-24 2.467E-02.09310.348 1095.98400.790.000000             V6         GROUND 29 12 1E       29 13 0E      355420 1 1 1 1 1 0   944.0  944.0
401  864.975960 4.960E-24 2.428E-02.09360.356 1077.54650.770.000000             V6         GROUND 28 12 1E       28 13 0E      355420 1 1 1 1 1 0   912.0  912.0
401  864.998920 8.730E-26 3.565E-03.09220.311 1534.58000.820.000000             V6         GROUND 31 15 1E       30 16 0E      355420 1 1 1 1 1 0  1008.0 1008.0
401  865.040630 5.130E-24 2.387E-02.09420.362 1059.74270.760.000000             V6         GROUND 27 12 1E       27 13 0E      355420 1 1 1 1 1 0   880.0  880.0
401  865.102990 5.260E-24 2.337E-02.09480.367 1042.57280.750.000000             V6         GROUND 26 12 1E       26 13 0E      355420 1 1 1 1 1 0   848.0  848.0
401  865.109930 8.270E-26 1.074E-03.09980.329 1210.46030.690.000000             V6         GROUND 20 14 1A2      19 15 0A1     355420 1 1 1 1 1 0   656.0  656.0
401  865.109930 8.270E-26 1.074E-03.09980.329 1210.46030.690.000000             V6         GROUND 20 14 1A1      19 15 0A2     355420 1 1 1 1 1 0   656.0  656.0
401  865.163040 5.360E-24 2.284E-02.09550.371 1026.03700.730.000000             V6         GROUND 25 12 1E       25 13 0E      355420 1 1 1 1 1 0   816.0  816.0
401  865.165450 2.180E-26 5.383E-03.08990.193 1971.11170.860.000000             V6         GROUND 43 16 1E       42 17 0E      355420 1 1 1 1 1 0  1392.0 1392.0
401  865.211730 2.260E-23 2.699E-02.09230.348  801.16380.800.000000             V6         GROUND 30  9 1E       31 10 0E      355420 1 1 1 1 1 0   976.0  976.0
401  865.213310 6.080E-24 2.126E-02.08800.167 1121.80620.860.000000             V6         GROUND 49  7 1E       50  8 0E      466520 1 1 1 1 1 0  1584.0 1584.0
401  865.220760 5.420E-24 2.225E-02.09620.373 1010.13550.720.000000             V6         GROUND 24 12 1E       24 13 0E      355420 1 1 1 1 1 0   784.0  784.0
401  865.276180 5.430E-24 2.158E-02.09690.373  994.86860.710.000000             V6         GROUND 23 12 1E       23 13 0E      355420 1 1 1 1 1 0   752.0  752.0
401  865.329260 5.380E-24 2.080E-02.09770.373  980.23630.700.000000             V6         GROUND 22 12 1E       22 13 0E      355420 1 1 1 1 1 0   720.0  720.0
401  865.380050 5.270E-24 1.992E-02.09860.372  966.23890.700.000000             V6         GROUND 21 12 1E       21 13 0E      355420 1 1 1 1 1 0   688.0  688.0
401  865.380680 2.760E-23 3.542E-02.09910.401  734.14860.690.000000             V6         GROUND 20 10 1E       21 11 0E      355420 1 1 1 1 1 0   656.0  656.0
401  865.428510 5.090E-24 1.891E-02.09950.369  952.87660.690.000000             V6         GROUND 20 12 1E       20 13 0E      355420 1 1 1 1 1 0   656.0  656.0
401  865.433460 2.090E-24 1.998E-02.08720.142 1362.96150.860.000000             V6         GROUND 58  6 1E       59  7 0E      355420 1 1 1 1 1 0  1872.0 1872.0
401  865.474670 4.830E-24 1.774E-02.10050.366  940.14940.690.000000             V6         GROUND 19 12 1E       19 13 0E      355420 1 1 1 1 1 0   624.0  624.0
401  865.518500 4.480E-24 1.635E-02.10150.361  928.05770.690.000000             V6         GROUND 18 12 1E       18 13 0E      355420 1 1 1 1 1 0   592.0  592.0
401  865.556750 8.720E-26 3.803E-03.09180.301 1554.26140.830.000000             V6         GROUND 32 15 1E       31 16 0E      355420 1 1 1 1 1 0  1040.0 1040.0
401  865.560030 4.040E-24 1.475E-02.10250.355  916.60150.690.000000             V6         GROUND 17 12 1E       17 13 0E      355420 1 1 1 1 1 0   560.0  560.0
401  865.599250 3.500E-24 1.286E-02.09920.346  905.78100.690.000000             V6         GROUND 16 12 1E       16 13 0E      355420 1 1 1 1 1 0   528.0  528.0
401  865.629110 1.460E-23 2.346E-02.08920.241  915.19510.860.000000             V6         GROUND 39  8 1A2      40  9 0A1     466520 1 1 1 1 1 0  1264.0 1264.0
401  865.629110 1.460E-23 2.346E-02.08920.241  915.19510.860.000000             V6         GROUND 39  8 1A1      40  9 0A2     466520 1 1 1 1 1 0  1264.0 1264.0
401  865.636150 2.830E-24 1.053E-02.09790.333  895.59630.700.000000             V6         GROUND 15 12 1E       15 13 0E      355420 1 1 1 1 1 0   496.0  496.0
401  865.670750 2.040E-24 7.749E-03.09310.314  886.04750.710.000000             V6         GROUND 14 12 1E       14 13 0E      355420 1 1 1 1 1 0   464.0  464.0
401  865.691040 2.010E-26 5.545E-03.08990.184 1998.34960.860.000000             V6         GROUND 44 16 1E       43 17 0E      355420 1 1 1 1 1 0  1424.0 1424.0
401  865.696020 1.040E-25 1.372E-03.09890.334 1223.17800.700.000000             V6         GROUND 21 14 1A1      20 15 0A2     355420 1 1 1 1 1 0   688.0  688.0
401  865.696020 1.040E-25 1.372E-03.09890.334 1223.17800.700.000000             V6         GROUND 21 14 1A2      20 15 0A1     355420 1 1 1 1 1 0   688.0  688.0
401  865.703050 1.100E-24 4.298E-03.08590.289  877.13470.720.000000             V6         GROUND 13 12 1E       13 13 0E      355420 1 1 1 1 1 0   432.0  432.0
401  865.914500 2.450E-23 2.753E-02.09280.360  781.44160.790.000000             V6         GROUND 29  9 1E       30 10 0E      355420 1 1 1 1 1 0   944.0  944.0
401  865.954250 6.990E-24 2.142E-02.08800.176 1090.08250.860.000000             V6         GROUND 48  7 1E       49  8 0E      466520 1 1 1 1 1 0  1552.0 1552.0
401  866.062310 2.910E-23 3.684E-02.10000.400  720.77780.690.000000             V6         GROUND 19 10 1E       20 11 0E      355420 1 1 1 1 1 0   624.0  624.0
401  866.111980 8.620E-26 4.031E-03.09150.290 1574.57510.850.000000             V6         GROUND 33 15 1E       32 16 0E      355420 1 1 1 1 1 0  1072.0 1072.0
401  866.191660 2.480E-24 2.015E-02.08720.142 1325.59650.860.000000             V6         GROUND 57  6 1E       58  7 0E      355420 1 1 1 1 1 0  1840.0 1840.0
401  866.213920 1.850E-26 5.722E-03.08990.175 2026.21600.860.000000             V6         GROUND 45 16 1E       44 17 0E      355420 1 1 1 1 1 0  1456.0 1456.0
401  866.279630 1.240E-25 1.670E-03.09800.338 1236.53040.700.000000             V6         GROUND 22 14 1A2      21 15 0A1     355420 1 1 1 1 1 0   720.0  720.0
401  866.279630 1.240E-25 1.670E-03.09800.338 1236.53040.700.000000             V6         GROUND 22 14 1A1      21 15 0A2     355420 1 1 1 1 1 0   720.0  720.0
401  866.350270 1.630E-23 2.378E-02.08950.251  889.77440.860.000000             V6         GROUND 38  8 1A2      39  9 0A1     466520 1 1 1 1 1 0  1232.0 1232.0
401  866.350270 1.630E-23 2.378E-02.08950.251  889.77440.860.000000             V6         GROUND 38  8 1A1      39  9 0A2     466520 1 1 1 1 1 0  1232.0 1232.0
401  866.615200 2.640E-23 2.803E-02.09340.371  762.35320.770.000000             V6         GROUND 28  9 1E       29 10 0E      355420 1 1 1 1 1 0   912.0  912.0
401  866.664610 8.450E-26 4.253E-03.09120.277 1595.52080.860.000000             V6         GROUND 34 15 1E       33 16 0E      355420 1 1 1 1 1 0  1104.0 1104.0
401  866.693240 8.020E-24 2.160E-02.08810.184 1058.98680.860.000000             V6         GROUND 47  7 1E       48  8 0E      466520 1 1 1 1 1 0  1520.0 1520.0
401  866.734080 1.690E-26 5.882E-03.08990.168 2054.71040.860.000000             V6         GROUND 46 16 1E       45 17 0E      355420 1 1 1 1 1 0  1488.0 1488.0
401  866.741790 3.050E-23 3.832E-02.10100.398  708.04250.690.000000             V6         GROUND 18 10 1E       19 11 0E      355420 1 1 1 1 1 0   592.0  592.0
401  866.860750 1.420E-25 1.962E-03.09720.341 1250.51740.710.000000             V6         GROUND 23 14 1A1      22 15 0A2     355420 1 1 1 1 1 0   752.0  752.0
401  866.860750 1.420E-25 1.962E-03.09720.341 1250.51740.710.000000             V6         GROUND 23 14 1A2      22 15 0A1     355420 1 1 1 1 1 0   752.0  752.0
401  866.947960 2.930E-24 2.029E-02.08720.142 1288.85590.860.000000             V6         GROUND 56  6 1E       57  7 0E      355420 1 1 1 1 1 0  1808.0 1808.0
401  867.069420 1.810E-23 2.407E-02.08970.262  864.98500.860.000000             V6         GROUND 37  8 1A2      38  9 0A1     466520 1 1 1 1 1 0  1200.0 1200.0
401  867.069420 1.810E-23 2.407E-02.08970.262  864.98500.860.000000             V6         GROUND 37  8 1A1      38  9 0A2     466520 1 1 1 1 1 0  1200.0 1200.0
401  867.214640 8.220E-26 4.471E-03.09090.263 1617.09820.870.000000             V6         GROUND 35 15 1E       34 16 0E      355420 1 1 1 1 1 0  1136.0 1136.0
401  867.251500 1.530E-26 6.012E-03.09000.160 2083.83250.860.000000             V6         GROUND 47 16 1E       46 17 0E      355420 1 1 1 1 1 0  1520.0 1520.0
401  867.313820 2.840E-23 2.861E-02.09400.381  743.89870.760.000000             V6         GROUND 27  9 1E       28 10 0E      355420 1 1 1 1 1 0   880.0  880.0
401  867.419110 3.190E-23 4.001E-02.10210.395  695.94310.690.000000             V6         GROUND 17 10 1E       18 11 0E      355420 1 1 1 1 1 0   560.0  560.0
401  867.430260 9.170E-24 2.180E-02.08820.192 1028.51950.860.000000             V6         GROUND 46  7 1E       47  8 0E      466520 1 1 1 1 1 0  1488.0 1488.0
401  867.439350 1.590E-25 2.266E-03.09640.344 1265.13890.720.000000             V6         GROUND 24 14 1A1      23 15 0A2     355420 1 1 1 1 1 0   784.0  784.0
401  867.439350 1.590E-25 2.266E-03.09640.344 1265.13890.720.000000             V6         GROUND 24 14 1A2      23 15 0A1     355420 1 1 1 1 1 0   784.0  784.0
401  867.702360 3.440E-24 2.039E-02.08710.142 1252.74000.860.000000             V6         GROUND 55  6 1E       56  7 0E      355420 1 1 1 1 1 0  1776.0 1776.0
401  867.762030 7.940E-26 4.685E-03.09060.248 1639.30710.860.000000             V6         GROUND 36 15 1E       35 16 0E      355420 1 1 1 1 1 0  1168.0 1168.0
401  867.766180 1.390E-26 6.189E-03.09010.152 2113.58190.860.000000             V6         GROUND 48 16 1E       47 17 0E      355420 1 1 1 1 1 0  1552.0 1552.0
401  867.786560 2.000E-23 2.434E-02.09000.274  840.82750.860.000000             V6         GROUND 36  8 1A1      37  9 0A2     466520 1 1 1 1 1 0  1168.0 1168.0
401  867.786560 2.000E-23 2.434E-02.09000.274  840.82750.860.000000             V6         GROUND 36  8 1A2      37  9 0A1     466520 1 1 1 1 1 0  1168.0 1168.0
401  868.010350 3.050E-23 2.928E-02.09460.389  726.07860.750.000000             V6         GROUND 26  9 1E       27 10 0E      355420 1 1 1 1 1 0   848.0  848.0
401  868.015450 1.730E-25 2.554E-03.09570.345 1280.39450.730.000000             V6         GROUND 25 14 1A1      24 15 0A2     355420 1 1 1 1 1 0   816.0  816.0
401  868.015450 1.730E-25 2.554E-03.09570.345 1280.39450.730.000000             V6         GROUND 25 14 1A2      24 15 0A1     355420 1 1 1 1 1 0   816.0  816.0
401  868.094280 3.320E-23 4.183E-02.10320.390  684.47950.690.000000             V6         GROUND 16 10 1E       17 11 0E      355420 1 1 1 1 1 0   528.0  528.0
401  868.165340 1.040E-23 2.189E-02.08820.199  998.68110.860.000000             V6         GROUND 45  7 1E       46  8 0E      466520 1 1 1 1 1 0  1456.0 1456.0
401  868.278090 1.250E-26 6.328E-03.09020.145 2143.95830.860.000000             V6         GROUND 49 16 1E       48 17 0E      355420 1 1 1 1 1 0  1584.0 1584.0
401  868.306800 7.610E-26 4.889E-03.09040.234 1662.14710.860.000000             V6         GROUND 37 15 1E       36 16 0E      355420 1 1 1 1 1 0  1200.0 1200.0
401  868.444050 3.360E-25 2.958E-02.08890.126 1821.83350.860.000000             V6         GROUND 59 11 1A1      59 12 0A2     355420 1 1 1 1 1 0  1904.0 1904.0
401  868.444050 3.360E-25 2.958E-02.08890.126 1821.83350.860.000000             V6         GROUND 59 11 1A2      59 12 0A1     355420 1 1 1 1 1 0  1904.0 1904.0
401  868.454840 4.040E-24 2.055E-02.08770.142 1217.24940.860.000000             V6         GROUND 54  6 1E       55  7 0E      466520 1 1 1 1 1 0  1744.0 1744.0
401  868.501680 2.210E-23 2.471E-02.09030.287  817.30200.870.000000             V6         GROUND 35  8 1A1      36  9 0A2     466520 1 1 1 1 1 0  1136.0 1136.0
401  868.501680 2.210E-23 2.471E-02.09030.287  817.30200.870.000000             V6         GROUND 35  8 1A2      36  9 0A1     466520 1 1 1 1 1 0  1136.0 1136.0
401  868.581230 3.960E-25 2.958E-02.08880.126 1784.51600.860.000000             V6         GROUND 58 11 1A2      58 12 0A1     355420 1 1 1 1 1 0  1872.0 1872.0
401  868.581230 3.960E-25 2.958E-02.08880.126 1784.51600.860.000000             V6         GROUND 58 11 1A1      58 12 0A2     355420 1 1 1 1 1 0  1872.0 1872.0
401  868.589020 1.850E-25 2.843E-03.09500.345 1296.28420.750.000000             V6         GROUND 26 14 1A1      25 15 0A2     355420 1 1 1 1 1 0   848.0  848.0
401  868.589020 1.850E-25 2.843E-03.09500.345 1296.28420.750.000000             V6         GROUND 26 14 1A2      25 15 0A1     355420 1 1 1 1 1 0   848.0  848.0
401  868.627860 1.920E-26 1.295E-04.09070.291 1016.45960.700.000000             V6         GROUND 15 13 1E       14 14 0E      355420 1 1 1 1 1 0   496.0  496.0
401  868.704790 3.260E-23 2.997E-02.09520.396  708.89290.730.000000             V6         GROUND 25  9 1E       26 10 0E      355420 1 1 1 1 1 0   816.0  816.0
401  868.716050 4.650E-25 2.958E-02.08870.126 1747.82200.860.000000             V6         GROUND 57 11 1A1      57 12 0A2     355420 1 1 1 1 1 0  1840.0 1840.0
401  868.716050 4.650E-25 2.958E-02.08870.126 1747.82200.860.000000             V6         GROUND 57 11 1A2      57 12 0A1     355420 1 1 1 1 1 0  1840.0 1840.0
401  868.767270 3.460E-23 4.409E-02.10120.382  673.65210.700.000000             V6         GROUND 15 10 1E       16 11 0E      355420 1 1 1 1 1 0   496.0  496.0
401  868.787260 1.120E-26 6.469E-03.09030.137 2174.96120.860.000000             V6         GROUND 50 16 1E       49 17 0E      355420 1 1 1 1 1 0  1616.0 1616.0
401  868.848480 5.430E-25 2.950E-02.08860.126 1711.75200.860.000000             V6         GROUND 56 11 1A2      56 12 0A1     355420 1 1 1 1 1 0  1808.0 1808.0
401  868.848480 5.430E-25 2.950E-02.08860.126 1711.75200.860.000000             V6         GROUND 56 11 1A1      56 12 0A2     355420 1 1 1 1 1 0  1808.0 1808.0
401  868.848940 7.240E-26 5.084E-03.09020.221 1685.61800.860.000000             V6         GROUND 38 15 1E       37 16 0E      355420 1 1 1 1 1 0  1232.0 1232.0
401  868.898450 1.190E-23 2.225E-02.08830.207  969.47190.860.000000             V6         GROUND 44  7 1E       45  8 0E      466520 1 1 1 1 1 0  1424.0 1424.0
401  868.978550 6.330E-25 2.948E-02.08910.126 1676.30640.860.000000             V6         GROUND 55 11 1A1      55 12 0A2     355420 1 1 1 1 1 0  1776.0 1776.0
401  868.978550 6.330E-25 2.948E-02.08910.126 1676.30640.860.000000             V6         GROUND 55 11 1A2      55 12 0A1     355420 1 1 1 1 1 0  1776.0 1776.0
401  869.106240 7.350E-25 2.944E-02.08900.126 1641.48570.860.000000             V6         GROUND 54 11 1A1      54 12 0A2     355420 1 1 1 1 1 0  1744.0 1744.0
401  869.106240 7.350E-25 2.944E-02.08900.126 1641.48570.860.000000             V6         GROUND 54 11 1A2      54 12 0A1     355420 1 1 1 1 1 0  1744.0 1744.0
401  869.160060 1.950E-25 3.133E-03.09440.344 1312.80780.760.000000             V6         GROUND 27 14 1A2      26 15 0A1     355420 1 1 1 1 1 0   880.0  880.0
401  869.160060 1.950E-25 3.133E-03.09440.344 1312.80780.760.000000             V6         GROUND 27 14 1A1      26 15 0A2     355420 1 1 1 1 1 0   880.0  880.0
401  869.205420 4.720E-24 2.068E-02.08770.142 1182.38450.860.000000             V6         GROUND 53  6 1E       54  7 0E      466520 1 1 1 1 1 0  1712.0 1712.0
401  869.214750 2.420E-23 2.494E-02.09070.300  794.40880.860.000000             V6         GROUND 34  8 1A2      35  9 0A1     466520 1 1 1 1 1 0  1104.0 1104.0
401  869.214750 2.420E-23 2.494E-02.09070.300  794.40880.860.000000             V6         GROUND 34  8 1A1      35  9 0A2     466520 1 1 1 1 1 0  1104.0 1104.0
401  869.226590 5.160E-26 3.428E-04.09640.311 1026.00500.690.000000             V6         GROUND 16 13 1E       15 14 0E      355420 1 1 1 1 1 0   528.0  528.0
401  869.231570 8.510E-25 2.941E-02.08900.126 1607.29030.860.000000             V6         GROUND 53 11 1A2      53 12 0A1     355420 1 1 1 1 1 0  1712.0 1712.0
401  869.231570 8.510E-25 2.941E-02.08900.126 1607.29030.860.000000             V6         GROUND 53 11 1A1      53 12 0A2     355420 1 1 1 1 1 0  1712.0 1712.0
401  869.293640 9.970E-27 6.592E-03.09040.128 2206.59040.860.000000             V6         GROUND 51 16 1E       50 17 0E      355420 1 1 1 1 1 0  1648.0 1648.0
401  869.354540 9.820E-25 2.939E-02.08890.132 1573.72060.860.000000             V6         GROUND 52 11 1A1      52 12 0A2     355420 1 1 1 1 1 0  1680.0 1680.0
401  869.354540 9.820E-25 2.939E-02.08890.132 1573.72060.860.000000             V6         GROUND 52 11 1A2      52 12 0A1     355420 1 1 1 1 1 0  1680.0 1680.0
401  869.388420 6.850E-26 5.278E-03.09010.209 1709.71950.860.000000             V6         GROUND 39 15 1E       38 16 0E      355420 1 1 1 1 1 0  1264.0 1264.0
401  869.397130 3.470E-23 3.068E-02.09600.402  692.34190.720.000000             V6         GROUND 24  9 1E       25 10 0E      355420 1 1 1 1 1 0   784.0  784.0
401  869.438090 3.590E-23 4.661E-02.10060.371  663.46090.710.000000             V6         GROUND 14 10 1E       15 11 0E      355420 1 1 1 1 1 0   464.0  464.0
401  869.475140 1.130E-24 2.938E-02.08890.143 1540.77720.860.000000             V6         GROUND 51 11 1A2      51 12 0A1     355420 1 1 1 1 1 0  1648.0 1648.0
401  869.475140 1.130E-24 2.938E-02.08890.143 1540.77720.860.000000             V6         GROUND 51 11 1A1      51 12 0A2     355420 1 1 1 1 1 0  1648.0 1648.0
401  869.593380 1.290E-24 2.924E-02.08880.153 1508.46030.860.000000             V6         GROUND 50 11 1A2      50 12 0A1     355420 1 1 1 1 1 0  1616.0 1616.0
401  869.593380 1.290E-24 2.924E-02.08880.153 1508.46030.860.000000             V6         GROUND 50 11 1A1      50 12 0A2     355420 1 1 1 1 1 0  1616.0 1616.0
401  869.629580 1.340E-23 2.235E-02.08850.215  940.89230.860.000000             V6         GROUND 43  7 1E       44  8 0E      466520 1 1 1 1 1 0  1392.0 1392.0
401  869.709270 1.470E-24 2.915E-02.08880.162 1476.77040.860.000000             V6         GROUND 49 11 1A1      49 12 0A2     355420 1 1 1 1 1 0  1584.0 1584.0
401  869.709270 1.470E-24 2.915E-02.08880.162 1476.77040.860.000000             V6         GROUND 49 11 1A2      49 12 0A1     355420 1 1 1 1 1 0  1584.0 1584.0
401  869.728560 2.020E-25 3.408E-03.09380.341 1329.96490.770.000000             V6         GROUND 28 14 1A2      27 15 0A1     355420 1 1 1 1 1 0   912.0  912.0
401  869.728560 2.020E-25 3.408E-03.09380.341 1329.96490.770.000000             V6         GROUND 28 14 1A1      27 15 0A2     355420 1 1 1 1 1 0   912.0  912.0
401  869.822810 1.680E-24 2.924E-02.08880.170 1445.70790.860.000000             V6         GROUND 48 11 1A2      48 12 0A1     355420 1 1 1 1 1 0  1552.0 1552.0
401  869.822810 1.680E-24 2.924E-02.08880.170 1445.70790.860.000000             V6         GROUND 48 11 1A1      48 12 0A2     355420 1 1 1 1 1 0  1552.0 1552.0
401  869.822880 9.240E-26 6.090E-04.09820.325 1036.18610.690.000000             V6         GROUND 17 13 1E       16 14 0E      355420 1 1 1 1 1 0   560.0  560.0
401  869.925240 6.440E-26 5.464E-03.09000.200 1734.45130.860.000000             V6         GROUND 40 15 1E       39 16 0E      355420 1 1 1 1 1 0  1296.0 1296.0
401  869.925800 2.660E-23 2.538E-02.09100.314  772.14830.850.000000             V6         GROUND 33  8 1A1      34  9 0A2     466520 1 1 1 1 1 0  1072.0 1072.0
401  869.925800 2.660E-23 2.538E-02.09100.314  772.14830.850.000000             V6         GROUND 33  8 1A2      34  9 0A1     466520 1 1 1 1 1 0  1072.0 1072.0
401  869.933990 1.900E-24 2.913E-02.08880.178 1415.27320.860.000000             V6         GROUND 47 11 1A2      47 12 0A1     355420 1 1 1 1 1 0  1520.0 1520.0
401  869.933990 1.900E-24 2.913E-02.08880.178 1415.27320.860.000000             V6         GROUND 47 11 1A1      47 12 0A2     355420 1 1 1 1 1 0  1520.0 1520.0
401  869.954070 5.490E-24 2.079E-02.08770.142 1148.14560.860.000000             V6         GROUND 52  6 1E       53  7 0E      466520 1 1 1 1 1 0  1680.0 1680.0
401  870.042830 2.140E-24 2.900E-02.08890.185 1385.46670.860.000000             V6         GROUND 46 11 1A2      46 12 0A1     355420 1 1 1 1 1 0  1488.0 1488.0
401  870.042830 2.140E-24 2.900E-02.08890.185 1385.46670.860.000000             V6         GROUND 46 11 1A1      46 12 0A2     355420 1 1 1 1 1 0  1488.0 1488.0
401  870.087360 3.680E-23 3.144E-02.09670.407  676.42580.710.000000             V6         GROUND 23  9 1E       24 10 0E      355420 1 1 1 1 1 0   752.0  752.0
401  870.106730 3.720E-23 4.960E-02.09760.356  653.90600.720.000000             V6         GROUND 13 10 1E       14 11 0E      355420 1 1 1 1 1 0   432.0  432.0
401  870.149320 2.410E-24 2.897E-02.08890.193 1356.28860.860.000000             V6         GROUND 45 11 1A1      45 12 0A2     355420 1 1 1 1 1 0  1456.0 1456.0
401  870.149320 2.410E-24 2.897E-02.08890.193 1356.28860.860.000000             V6         GROUND 45 11 1A2      45 12 0A1     355420 1 1 1 1 1 0  1456.0 1456.0
401  870.253460 2.700E-24 2.890E-02.08900.201 1327.73950.860.000000             V6         GROUND 44 11 1A2      44 12 0A1     355420 1 1 1 1 1 0  1424.0 1424.0
401  870.253460 2.700E-24 2.890E-02.08900.201 1327.73950.860.000000             V6         GROUND 44 11 1A1      44 12 0A2     355420 1 1 1 1 1 0  1424.0 1424.0
401  870.294500 2.060E-25 3.666E-03.09330.336 1347.75550.790.000000             V6         GROUND 29 14 1A2      28 15 0A1     355420 1 1 1 1 1 0   944.0  944.0
401  870.294500 2.060E-25 3.666E-03.09330.336 1347.75550.790.000000             V6         GROUND 29 14 1A1      28 15 0A2     355420 1 1 1 1 1 0   944.0  944.0
401  870.355270 3.010E-24 2.878E-02.08910.209 1299.81970.860.000000             V6         GROUND 43 11 1A2      43 12 0A1     355420 1 1 1 1 1 0  1392.0 1392.0
401  870.355270 3.010E-24 2.878E-02.08910.209 1299.81970.860.000000             V6         GROUND 43 11 1A1      43 12 0A2     355420 1 1 1 1 1 0  1392.0 1392.0
401  870.358740 1.510E-23 2.254E-02.08860.224  912.94260.860.000000             V6         GROUND 42  7 1E       43  8 0E      466520 1 1 1 1 1 0  1360.0 1360.0
401  870.416710 1.380E-25 9.080E-04.10220.336 1047.00270.690.000000             V6         GROUND 18 13 1E       17 14 0E      355420 1 1 1 1 1 0   592.0  592.0
401  870.454730 3.350E-24 2.872E-02.08920.218 1272.52940.860.000000             V6         GROUND 42 11 1A2      42 12 0A1     355420 1 1 1 1 1 0  1360.0 1360.0
401  870.454730 3.350E-24 2.872E-02.08920.218 1272.52940.860.000000             V6         GROUND 42 11 1A1      42 12 0A2     355420 1 1 1 1 1 0  1360.0 1360.0
401  870.459400 6.020E-26 5.645E-03.08990.193 1759.81310.860.000000             V6         GROUND 41 15 1E       40 16 0E      355420 1 1 1 1 1 0  1328.0 1328.0
401  870.551860 3.710E-24 2.862E-02.08930.228 1245.86910.860.000000             V6         GROUND 41 11 1A2      41 12 0A1     355420 1 1 1 1 1 0  1328.0 1328.0
401  870.551860 3.710E-24 2.862E-02.08930.228 1245.86910.860.000000             V6         GROUND 41 11 1A1      41 12 0A2     355420 1 1 1 1 1 0  1328.0 1328.0
401  870.634800 2.900E-23 2.572E-02.09140.327  750.52070.830.000000             V6         GROUND 32  8 1A1      33  9 0A2     466520 1 1 1 1 1 0  1040.0 1040.0
401  870.634800 2.900E-23 2.572E-02.09140.327  750.52070.830.000000             V6         GROUND 32  8 1A2      33  9 0A1     466520 1 1 1 1 1 0  1040.0 1040.0
401  870.646640 4.090E-24 2.849E-02.08950.224 1219.83900.860.000000             V6         GROUND 40 11 1A2      40 12 0A1     355420 1 1 1 1 1 0  1296.0 1296.0
401  870.646640 4.090E-24 2.849E-02.08950.224 1219.83900.860.000000             V6         GROUND 40 11 1A1      40 12 0A2     355420 1 1 1 1 1 0  1296.0 1296.0
401  870.700810 6.380E-24 2.095E-02.08770.148 1114.53330.860.000000             V6         GROUND 51  6 1E       52  7 0E      466520 1 1 1 1 1 0  1648.0 1648.0
401  870.739090 4.490E-24 2.835E-02.08960.233 1194.43960.860.000000             V6         GROUND 39 11 1A1      39 12 0A2     355420 1 1 1 1 1 0  1264.0 1264.0
401  870.739090 4.490E-24 2.835E-02.08960.233 1194.43960.860.000000             V6         GROUND 39 11 1A2      39 12 0A1     355420 1 1 1 1 1 0  1264.0 1264.0
401  870.773180 3.860E-23 5.330E-02.09280.336  644.98760.720.000000             V6         GROUND 12 10 1E       13 11 0E      355420 1 1 1 1 1 0   400.0  400.0
401  870.775480 3.900E-23 3.236E-02.09750.410  661.14480.700.000000             V6         GROUND 22  9 1E       23 10 0E      355420 1 1 1 1 1 0   720.0  720.0
401  870.829220 4.920E-24 2.826E-02.08990.243 1169.67110.860.000000             V6         GROUND 38 11 1A2      38 12 0A1     355420 1 1 1 1 1 0  1232.0 1232.0
401  870.829220 4.920E-24 2.826E-02.08990.243 1169.67110.860.000000             V6         GROUND 38 11 1A1      38 12 0A2     355420 1 1 1 1 1 0  1232.0 1232.0
401  870.857890 2.080E-25 3.920E-03.09280.330 1366.17940.800.000000             V6         GROUND 30 14 1A1      29 15 0A2     355420 1 1 1 1 1 0   976.0  976.0
401  870.857890 2.080E-25 3.920E-03.09280.330 1366.17940.800.000000             V6         GROUND 30 14 1A2      29 15 0A1     355420 1 1 1 1 1 0   976.0  976.0
401  870.917010 5.360E-24 2.812E-02.09010.255 1145.53380.860.000000             V6         GROUND 37 11 1A1      37 12 0A2     355420 1 1 1 1 1 0  1200.0 1200.0
401  870.917010 5.360E-24 2.812E-02.09010.255 1145.53380.860.000000             V6         GROUND 37 11 1A2      37 12 0A1     355420 1 1 1 1 1 0  1200.0 1200.0
401  870.990870 5.600E-26 5.825E-03.08980.208 1785.80450.860.000000             V6         GROUND 42 15 1E       41 16 0E      355420 1 1 1 1 1 0  1360.0 1360.0
401  871.002480 5.810E-24 2.794E-02.09040.268 1122.02810.860.000000             V6         GROUND 36 11 1A2      36 12 0A1     355420 1 1 1 1 1 0  1168.0 1168.0
401  871.002480 5.810E-24 2.794E-02.09040.268 1122.02810.860.000000             V6         GROUND 36 11 1A1      36 12 0A2     355420 1 1 1 1 1 0  1168.0 1168.0
401  871.008100 1.860E-25 1.229E-03.10110.343 1058.45490.690.000000             V6         GROUND 19 13 1E       18 14 0E      355420 1 1 1 1 1 0   624.0  624.0
401  871.085620 6.280E-24 2.779E-02.09070.281 1099.15420.870.000000             V6         GROUND 35 11 1A2      35 12 0A1     355420 1 1 1 1 1 0  1136.0 1136.0
401  871.085620 6.280E-24 2.779E-02.09070.281 1099.15420.870.000000             V6         GROUND 35 11 1A1      35 12 0A2     355420 1 1 1 1 1 0  1136.0 1136.0
401  871.085910 1.700E-23 2.279E-02.08880.233  885.62320.860.000000             V6         GROUND 41  7 1E       42  8 0E      466520 1 1 1 1 1 0  1328.0 1328.0
401  871.166430 6.750E-24 2.759E-02.09100.295 1076.91240.860.000000             V6         GROUND 34 11 1A1      34 12 0A2     355420 1 1 1 1 1 0  1104.0 1104.0
401  871.166430 6.750E-24 2.759E-02.09100.295 1076.91240.860.000000             V6         GROUND 34 11 1A2      34 12 0A1     355420 1 1 1 1 1 0  1104.0 1104.0
401  871.244910 7.230E-24 2.740E-02.09130.309 1055.30290.850.000000             V6         GROUND 33 11 1A2      33 12 0A1     355420 1 1 1 1 1 0  1072.0 1072.0
401  871.244910 7.230E-24 2.740E-02.09130.309 1055.30290.850.000000             V6         GROUND 33 11 1A1      33 12 0A2     355420 1 1 1 1 1 0  1072.0 1072.0
401  871.321070 7.700E-24 2.717E-02.09170.322 1034.32620.830.000000             V6         GROUND 32 11 1A2      32 12 0A1     355420 1 1 1 1 1 0  1040.0 1040.0
401  871.321070 7.700E-24 2.717E-02.09170.322 1034.32620.830.000000             V6         GROUND 32 11 1A1      32 12 0A2     355420 1 1 1 1 1 0  1040.0 1040.0
401  871.341760 3.160E-23 2.615E-02.09190.341  729.52630.820.000000             V6         GROUND 31  8 1A2      32  9 0A1     466520 1 1 1 1 1 0  1008.0 1008.0
401  871.341760 3.160E-23 2.615E-02.09190.341  729.52630.820.000000             V6         GROUND 31  8 1A1      32  9 0A2     466520 1 1 1 1 1 0  1008.0 1008.0
401  871.394910 8.170E-24 2.695E-02.09220.335 1013.98230.820.000000             V6         GROUND 31 11 1A2      31 12 0A1     355420 1 1 1 1 1 0  1008.0 1008.0
401  871.394910 8.170E-24 2.695E-02.09220.335 1013.98230.820.000000             V6         GROUND 31 11 1A1      31 12 0A2     355420 1 1 1 1 1 0  1008.0 1008.0
401  871.418710 2.090E-25 4.190E-03.09230.321 1385.23610.820.000000             V6         GROUND 31 14 1A2      30 15 0A1     355420 1 1 1 1 1 0  1008.0 1008.0
401  871.418710 2.090E-25 4.190E-03.09230.321 1385.23610.820.000000             V6         GROUND 31 14 1A1      30 15 0A2     355420 1 1 1 1 1 0  1008.0 1008.0
401  871.437430 3.990E-23 5.761E-02.08720.308  636.70570.730.000000             V6         GROUND 11 10 1E       12 11 0E      355420 1 1 1 1 1 0   368.0  368.0
401  871.445610 7.380E-24 2.109E-02.08780.160 1081.54800.860.000000             V6         GROUND 50  6 1E       51  7 0E      466520 1 1 1 1 1 0  1616.0 1616.0
401  871.461470 4.120E-23 3.337E-02.09840.412  646.49910.700.000000             V6         GROUND 21  9 1E       22 10 0E      355420 1 1 1 1 1 0   688.0  688.0
401  871.466430 8.610E-24 2.665E-02.09270.346  994.27160.800.000000             V6         GROUND 30 11 1A2      30 12 0A1     355420 1 1 1 1 1 0   976.0  976.0
401  871.466430 8.610E-24 2.665E-02.09270.346  994.27160.800.000000             V6         GROUND 30 11 1A1      30 12 0A2     355420 1 1 1 1 1 0   976.0  976.0
401  871.519660 5.180E-26 5.999E-03.08970.199 1812.42530.860.000000             V6         GROUND 43 15 1E       42 16 0E      355420 1 1 1 1 1 0  1392.0 1392.0
401  871.535640 9.040E-24 2.638E-02.09320.356  975.19440.790.000000             V6         GROUND 29 11 1A2      29 12 0A1     355420 1 1 1 1 1 0   944.0  944.0
401  871.535640 9.040E-24 2.638E-02.09320.356  975.19440.790.000000             V6         GROUND 29 11 1A1      29 12 0A2     355420 1 1 1 1 1 0   944.0  944.0
401  871.597010 2.330E-25 1.555E-03.10010.348 1070.54230.690.000000             V6         GROUND 20 13 1E       19 14 0E      355420 1 1 1 1 1 0   656.0  656.0
401  871.602520 9.430E-24 2.604E-02.09370.365  956.75080.770.000000             V6         GROUND 28 11 1A2      28 12 0A1     355420 1 1 1 1 1 0   912.0  912.0
401  871.602520 9.430E-24 2.604E-02.09370.365  956.75080.770.000000             V6         GROUND 28 11 1A1      28 12 0A2     355420 1 1 1 1 1 0   912.0  912.0
401  871.667090 9.780E-24 2.567E-02.09430.372  938.94110.760.000000             V6         GROUND 27 11 1A1      27 12 0A2     355420 1 1 1 1 1 0   880.0  880.0
401  871.667090 9.780E-24 2.567E-02.09430.372  938.94110.760.000000             V6         GROUND 27 11 1A2      27 12 0A1     355420 1 1 1 1 1 0   880.0  880.0
401  871.718070 2.370E-24 2.001E-02.08700.144 1338.04730.860.000000             V6         GROUND 59  5 1A1      60  6 0A2     355420 1 1 1 1 1 0  1904.0 1904.0
401  871.718070 2.370E-24 2.001E-02.08700.144 1338.04730.860.000000             V6         GROUND 59  5 1A2      60  6 0A1     355420 1 1 1 1 1 0  1904.0 1904.0
401  871.729340 1.010E-23 2.531E-02.09500.378  921.76550.750.000000             V6         GROUND 26 11 1A2      26 12 0A1     355420 1 1 1 1 1 0   848.0  848.0
401  871.729340 1.010E-23 2.531E-02.09500.378  921.76550.750.000000             V6         GROUND 26 11 1A1      26 12 0A2     355420 1 1 1 1 1 0   848.0  848.0
401  871.789280 1.030E-23 2.476E-02.09560.382  905.22420.730.000000             V6         GROUND 25 11 1A1      25 12 0A2     355420 1 1 1 1 1 0   816.0  816.0
401  871.789280 1.030E-23 2.476E-02.09560.382  905.22420.730.000000             V6         GROUND 25 11 1A2      25 12 0A1     355420 1 1 1 1 1 0   816.0  816.0
401  871.811110 1.910E-23 2.308E-02.08900.242  858.93440.860.000000             V6         GROUND 40  7 1E       41  8 0E      466520 1 1 1 1 1 0  1296.0 1296.0
401  871.846900 1.050E-23 2.432E-02.09640.385  889.31740.720.000000             V6         GROUND 24 11 1A2      24 12 0A1     355420 1 1 1 1 1 0   784.0  784.0
401  871.846900 1.050E-23 2.432E-02.09640.385  889.31740.720.000000             V6         GROUND 24 11 1A1      24 12 0A2     355420 1 1 1 1 1 0   784.0  784.0
401  871.902220 1.060E-23 2.376E-02.09710.387  874.04530.710.000000             V6         GROUND 23 11 1A1      23 12 0A2     355420 1 1 1 1 1 0   752.0  752.0
401  871.902220 1.060E-23 2.376E-02.09710.387  874.04530.710.000000             V6         GROUND 23 11 1A2      23 12 0A1     355420 1 1 1 1 1 0   752.0  752.0
401  871.955210 1.050E-23 2.290E-02.09800.387  859.40820.700.000000             V6         GROUND 22 11 1A2      22 12 0A1     355420 1 1 1 1 1 0   720.0  720.0
401  871.955210 1.050E-23 2.290E-02.09800.387  859.40820.700.000000             V6         GROUND 22 11 1A1      22 12 0A2     355420 1 1 1 1 1 0   720.0  720.0
401  871.976950 2.070E-25 4.431E-03.09190.311 1404.92570.830.000000             V6         GROUND 32 14 1A2      31 15 0A1     355420 1 1 1 1 1 0  1040.0 1040.0
401  871.976950 2.070E-25 4.431E-03.09190.311 1404.92570.830.000000             V6         GROUND 32 14 1A1      31 15 0A2     355420 1 1 1 1 1 0  1040.0 1040.0
401  872.005910 1.040E-23 2.218E-02.09880.387  845.40620.700.000000             V6         GROUND 21 11 1A2      21 12 0A1     355420 1 1 1 1 1 0   688.0  688.0
401  872.005910 1.040E-23 2.218E-02.09880.387  845.40620.700.000000             V6         GROUND 21 11 1A1      21 12 0A2     355420 1 1 1 1 1 0   688.0  688.0
401  872.045750 4.760E-26 6.159E-03.08970.190 1839.67510.860.000000             V6         GROUND 44 15 1E       43 16 0E      355420 1 1 1 1 1 0  1424.0 1424.0
401  872.046650 3.430E-23 2.659E-02.09240.354  709.16540.800.000000             V6         GROUND 30  8 1A1      31  9 0A2     466520 1 1 1 1 1 0   976.0  976.0
401  872.046650 3.430E-23 2.659E-02.09240.354  709.16540.800.000000             V6         GROUND 30  8 1A2      31  9 0A1     466520 1 1 1 1 1 0   976.0  976.0
401  872.054290 1.020E-23 2.138E-02.09980.385  832.03940.690.000000             V6         GROUND 20 11 1A1      20 12 0A2     355420 1 1 1 1 1 0   656.0  656.0
401  872.054290 1.020E-23 2.138E-02.09980.385  832.03940.690.000000             V6         GROUND 20 11 1A2      20 12 0A1     355420 1 1 1 1 1 0   656.0  656.0
401  872.099470 4.130E-23 6.302E-02.08160.270  629.06050.730.000000             V6         GROUND 10 10 1E       11 11 0E      355420 1 1 1 1 1 0   336.0  336.0
401  872.100360 9.810E-24 2.032E-02.10070.383  819.30810.690.000000             V6         GROUND 19 11 1A2      19 12 0A1     355420 1 1 1 1 1 0   624.0  624.0
401  872.100360 9.810E-24 2.032E-02.10070.383  819.30810.690.000000             V6         GROUND 19 11 1A1      19 12 0A2     355420 1 1 1 1 1 0   624.0  624.0
401  872.144120 9.290E-24 1.913E-02.10180.379  807.21230.690.000000             V6         GROUND 18 11 1A2      18 12 0A1     355420 1 1 1 1 1 0   592.0  592.0
401  872.144120 9.290E-24 1.913E-02.10180.379  807.21230.690.000000             V6         GROUND 18 11 1A1      18 12 0A2     355420 1 1 1 1 1 0   592.0  592.0
401  872.145340 4.330E-23 3.441E-02.09930.413  632.48880.690.000000             V6         GROUND 20  9 1E       21 10 0E      355420 1 1 1 1 1 0   656.0  656.0
401  872.183450 2.790E-25 1.891E-03.09920.352 1083.26480.700.000000             V6         GROUND 21 13 1E       20 14 0E      355420 1 1 1 1 1 0   688.0  688.0
401  872.185580 8.600E-24 1.771E-02.10290.373  795.75230.690.000000             V6         GROUND 17 11 1A1      17 12 0A2     355420 1 1 1 1 1 0   560.0  560.0
401  872.185580 8.600E-24 1.771E-02.10290.373  795.75230.690.000000             V6         GROUND 17 11 1A2      17 12 0A1     355420 1 1 1 1 1 0   560.0  560.0
401  872.188480 8.520E-24 2.126E-02.08780.170 1049.19010.860.000000             V6         GROUND 49  6 1E       50  7 0E      466520 1 1 1 1 1 0  1584.0 1584.0
401  872.224730 7.740E-24 1.604E-02.10020.365  784.92820.690.000000             V6         GROUND 16 11 1A1      16 12 0A2     355420 1 1 1 1 1 0   528.0  528.0
401  872.224730 7.740E-24 1.604E-02.10020.365  784.92820.690.000000             V6         GROUND 16 11 1A2      16 12 0A1     355420 1 1 1 1 1 0   528.0  528.0
401  872.261580 6.680E-24 1.402E-02.09930.353  774.74010.700.000000             V6         GROUND 15 11 1A2      15 12 0A1     355420 1 1 1 1 1 0   496.0  496.0
401  872.261580 6.680E-24 1.402E-02.09930.353  774.74010.700.000000             V6         GROUND 15 11 1A1      15 12 0A2     355420 1 1 1 1 1 0   496.0  496.0
401  872.296110 5.400E-24 1.157E-02.09540.336  765.18810.710.000000             V6         GROUND 14 11 1A2      14 12 0A1     355420 1 1 1 1 1 0   464.0  464.0
401  872.296110 5.400E-24 1.157E-02.09540.336  765.18810.710.000000             V6         GROUND 14 11 1A1      14 12 0A2     355420 1 1 1 1 1 0   464.0  464.0
401  872.328340 3.890E-24 8.572E-03.08950.313  756.27240.720.000000             V6         GROUND 13 11 1A1      13 12 0A2     355420 1 1 1 1 1 0   432.0  432.0
401  872.328340 3.890E-24 8.572E-03.08950.313  756.27240.720.000000             V6         GROUND 13 11 1A2      13 12 0A1     355420 1 1 1 1 1 0   432.0  432.0
401  872.358270 2.100E-24 4.801E-03.08250.281  747.99310.720.000000             V6         GROUND 12 11 1A2      12 12 0A1     355420 1 1 1 1 1 0   400.0  400.0
401  872.358270 2.100E-24 4.801E-03.08250.281  747.99310.720.000000             V6         GROUND 12 11 1A1      12 12 0A2     355420 1 1 1 1 1 0   400.0  400.0
401  872.478130 2.810E-24 2.010E-02.08700.144 1300.05190.860.000000             V6         GROUND 58  5 1A2      59  6 0A1     355420 1 1 1 1 1 0  1872.0 1872.0
401  872.478130 2.810E-24 2.010E-02.08700.144 1300.05190.860.000000             V6         GROUND 58  5 1A1      59  6 0A2     355420 1 1 1 1 1 0  1872.0 1872.0
401  872.532600 2.030E-25 4.659E-03.09160.299 1425.24770.850.000000             V6         GROUND 33 14 1A2      32 15 0A1     355420 1 1 1 1 1 0  1072.0 1072.0
401  872.532600 2.030E-25 4.659E-03.09160.299 1425.24770.850.000000             V6         GROUND 33 14 1A1      32 15 0A2     355420 1 1 1 1 1 0  1072.0 1072.0
401  872.534290 2.130E-23 2.329E-02.08920.246  832.87650.860.000000             V6         GROUND 39  7 1E       40  8 0E      466520 1 1 1 1 1 0  1264.0 1264.0
401  872.569130 4.360E-26 6.326E-03.08970.181 1867.55360.860.000000             V6         GROUND 45 15 1E       44 16 0E      355420 1 1 1 1 1 0  1456.0 1456.0
401  872.749490 3.710E-23 2.706E-02.09290.366  689.43820.790.000000             V6         GROUND 29  8 1A1      30  9 0A2     466520 1 1 1 1 1 0   944.0  944.0
401  872.749490 3.710E-23 2.706E-02.09290.366  689.43820.790.000000             V6         GROUND 29  8 1A2      30  9 0A1     466520 1 1 1 1 1 0   944.0  944.0
401  872.767410 3.210E-25 2.222E-03.09830.355 1096.62240.700.000000             V6         GROUND 22 13 1E       21 14 0E      355420 1 1 1 1 1 0   720.0  720.0
401  872.827070 4.540E-23 3.560E-02.10030.413  619.11420.690.000000             V6         GROUND 19  9 1E       20 10 0E      355420 1 1 1 1 1 0   624.0  624.0
401  872.929410 9.800E-24 2.142E-02.08790.178 1017.46000.860.000000             V6         GROUND 48  6 1E       49  7 0E      466520 1 1 1 1 1 0  1552.0 1552.0
401  873.085650 1.980E-25 4.892E-03.09120.285 1446.20190.860.000000             V6         GROUND 34 14 1A1      33 15 0A2     355420 1 1 1 1 1 0  1104.0 1104.0
401  873.085650 1.980E-25 4.892E-03.09120.285 1446.20190.860.000000             V6         GROUND 34 14 1A2      33 15 0A1     355420 1 1 1 1 1 0  1104.0 1104.0
401  873.089790 3.970E-26 6.481E-03.08970.173 1896.06030.860.000000             V6         GROUND 46 15 1E       45 16 0E      355420 1 1 1 1 1 0  1488.0 1488.0
401  873.236300 3.330E-24 2.024E-02.08700.144 1262.68040.860.000000             V6         GROUND 57  5 1A1      58  6 0A2     355420 1 1 1 1 1 0  1840.0 1840.0
401  873.236300 3.330E-24 2.024E-02.08700.144 1262.68040.860.000000             V6         GROUND 57  5 1A2      58  6 0A1     355420 1 1 1 1 1 0  1840.0 1840.0
401  873.255480 2.370E-23 2.353E-02.08940.256  807.44990.860.000000             V6         GROUND 38  7 1E       39  8 0E      466520 1 1 1 1 1 0  1232.0 1232.0
401  873.348870 3.580E-25 2.543E-03.09750.358 1110.61480.710.000000             V6         GROUND 23 13 1E       22 14 0E      355420 1 1 1 1 1 0   752.0  752.0
401  873.450250 4.000E-23 2.757E-02.09350.377  670.34490.770.000000             V6         GROUND 28  8 1A1      29  9 0A2     466520 1 1 1 1 1 0   912.0  912.0
401  873.450250 4.000E-23 2.757E-02.09350.377  670.34490.770.000000             V6         GROUND 28  8 1A2      29  9 0A1     466520 1 1 1 1 1 0   912.0  912.0
401  873.506650 4.750E-23 3.696E-02.10130.412  606.37540.690.000000             V6         GROUND 18  9 1E       19 10 0E      355420 1 1 1 1 1 0   592.0  592.0
401  873.607730 3.600E-26 6.636E-03.08970.166 1925.19510.860.000000             V6         GROUND 47 15 1E       46 16 0E      355420 1 1 1 1 1 0  1520.0 1520.0
401  873.636100 1.910E-25 5.100E-03.09090.272 1467.78810.870.000000             V6         GROUND 35 14 1A1      34 15 0A2     355420 1 1 1 1 1 0  1136.0 1136.0
401  873.636100 1.910E-25 5.100E-03.09090.272 1467.78810.870.000000             V6         GROUND 35 14 1A2      34 15 0A1     355420 1 1 1 1 1 0  1136.0 1136.0
401  873.668390 1.120E-23 2.153E-02.08790.186  986.35800.860.000000             V6         GROUND 47  6 1E       48  7 0E      466520 1 1 1 1 1 0  1520.0 1520.0
401  873.927840 3.910E-25 2.864E-03.09670.359 1125.24180.720.000000             V6         GROUND 24 13 1E       23 14 0E      355420 1 1 1 1 1 0   784.0  784.0
401  873.974660 2.630E-23 2.381E-02.08970.267  782.65500.860.000000             V6         GROUND 37  7 1E       38  8 0E      466520 1 1 1 1 1 0  1200.0 1200.0
401  873.992570 3.920E-24 2.031E-02.08700.144 1225.93330.860.000000             V6         GROUND 56  5 1A2      57  6 0A1     355420 1 1 1 1 1 0  1808.0 1808.0
401  873.992570 3.920E-24 2.031E-02.08700.144 1225.93330.860.000000             V6         GROUND 56  5 1A1      57  6 0A2     355420 1 1 1 1 1 0  1808.0 1808.0
401  874.122920 3.250E-26 6.788E-03.08980.158 1954.95750.860.000000             V6         GROUND 48 15 1E       47 16 0E      355420 1 1 1 1 1 0  1552.0 1552.0
401  874.148940 4.290E-23 2.806E-02.09410.387  651.88580.760.000000             V6         GROUND 27  8 1A1      28  9 0A2     466520 1 1 1 1 1 0   880.0  880.0
401  874.148940 4.290E-23 2.806E-02.09410.387  651.88580.760.000000             V6         GROUND 27  8 1A2      28  9 0A1     466520 1 1 1 1 1 0   880.0  880.0
401  874.183940 1.840E-25 5.330E-03.09060.257 1490.00610.860.000000             V6         GROUND 36 14 1A1      35 15 0A2     355420 1 1 1 1 1 0  1168.0 1168.0
401  874.183940 1.840E-25 5.330E-03.09060.257 1490.00610.860.000000             V6         GROUND 36 14 1A2      35 15 0A1     355420 1 1 1 1 1 0  1168.0 1168.0
401  874.184090 4.960E-23 3.852E-02.10230.409  594.27260.690.000000             V6         GROUND 17  9 1E       18 10 0E      355420 1 1 1 1 1 0   560.0  560.0
401  874.405420 1.280E-23 2.171E-02.08800.194  955.88460.860.000000             V6         GROUND 46  6 1E       47  7 0E      466520 1 1 1 1 1 0  1488.0 1488.0
401  874.504280 4.190E-25 3.180E-03.09590.359 1140.50330.730.000000             V6         GROUND 25 13 1E       24 14 0E      355420 1 1 1 1 1 0   816.0  816.0
401  874.583490 4.120E-26 1.529E-04.08590.289  877.13470.710.000000             V6         GROUND 14 12 1E       13 13 0E      355420 1 1 1 1 1 0   464.0  464.0
401  874.635370 2.920E-26 6.935E-03.08990.151 1985.34700.860.000000             V6         GROUND 49 15 1E       48 16 0E      355420 1 1 1 1 1 0  1584.0 1584.0
401  874.691840 2.910E-23 2.410E-02.09000.279  758.49190.860.000000             V6         GROUND 36  7 1E       37  8 0E      466520 1 1 1 1 1 0  1168.0 1168.0
401  874.729140 1.760E-25 5.552E-03.09040.243 1512.85540.860.000000             V6         GROUND 37 14 1A1      36 15 0A2     355420 1 1 1 1 1 0  1200.0 1200.0
401  874.729140 1.760E-25 5.552E-03.09040.243 1512.85540.860.000000             V6         GROUND 37 14 1A2      36 15 0A1     355420 1 1 1 1 1 0  1200.0 1200.0
401  874.746950 4.610E-24 2.044E-02.08690.144 1189.81120.860.000000             V6         GROUND 55  5 1A1      56  6 0A2     355420 1 1 1 1 1 0  1776.0 1776.0
401  874.746950 4.610E-24 2.044E-02.08690.144 1189.81120.860.000000             V6         GROUND 55  5 1A2      56  6 0A1     355420 1 1 1 1 1 0  1776.0 1776.0
401  874.845540 4.600E-23 2.867E-02.09470.396  634.06110.750.000000             V6         GROUND 26  8 1A2      27  9 0A1     466520 1 1 1 1 1 0   848.0  848.0
401  874.845540 4.600E-23 2.867E-02.09470.396  634.06110.750.000000             V6         GROUND 26  8 1A1      27  9 0A2     466520 1 1 1 1 1 0   848.0  848.0
401  874.859380 5.160E-23 4.026E-02.10350.405  582.80590.690.000000             V6         GROUND 16  9 1E       17 10 0E      355420 1 1 1 1 1 0   528.0  528.0
401  875.078220 4.410E-25 3.483E-03.09530.358 1156.39910.750.000000             V6         GROUND 26 13 1E       25 14 0E      355420 1 1 1 1 1 0   848.0  848.0
401  875.140490 1.460E-23 2.192E-02.08810.202  926.04020.860.000000             V6         GROUND 45  6 1E       46  7 0E      466520 1 1 1 1 1 0  1456.0 1456.0
401  875.145050 2.610E-26 7.073E-03.08990.143 2016.36350.860.000000             V6         GROUND 50 15 1E       49 16 0E      355420 1 1 1 1 1 0  1616.0 1616.0
401  875.147170 5.920E-25 3.084E-02.08850.130 1710.87520.860.000000             V6         GROUND 59 10 1E       59 11 0E      355420 1 1 1 1 1 0  1904.0 1904.0
401  875.184940 1.110E-25 4.029E-04.09310.314  886.04750.700.000000             V6         GROUND 15 12 1E       14 13 0E      355420 1 1 1 1 1 0   496.0  496.0
401  875.271710 1.660E-25 5.724E-03.09020.230 1536.33600.860.000000             V6         GROUND 38 14 1A1      37 15 0A2     355420 1 1 1 1 1 0  1232.0 1232.0
401  875.271710 1.660E-25 5.724E-03.09020.230 1536.33600.860.000000             V6         GROUND 38 14 1A2      37 15 0A1     355420 1 1 1 1 1 0  1232.0 1232.0
401  875.284150 6.970E-25 3.082E-02.08840.130 1673.54620.860.000000             V6         GROUND 58 10 1E       58 11 0E      355420 1 1 1 1 1 0  1872.0 1872.0
401  875.406980 3.210E-23 2.442E-02.09030.292  734.96110.870.000000             V6         GROUND 35  7 1E       36  8 0E      466520 1 1 1 1 1 0  1136.0 1136.0
401  875.418740 8.180E-25 3.079E-02.08830.130 1636.84090.860.000000             V6         GROUND 57 10 1E       57 11 0E      355420 1 1 1 1 1 0  1840.0 1840.0
401  875.499420 5.410E-24 2.059E-02.08750.144 1154.31430.860.000000             V6         GROUND 54  5 1A1      55  6 0A2     466520 1 1 1 1 1 0  1744.0 1744.0
401  875.499420 5.410E-24 2.059E-02.08750.144 1154.31430.860.000000             V6         GROUND 54  5 1A2      55  6 0A1     466520 1 1 1 1 1 0  1744.0 1744.0
401  875.532500 5.350E-23 4.222E-02.10200.398  571.97540.700.000000             V6         GROUND 15  9 1E       16 10 0E      355420 1 1 1 1 1 0   496.0  496.0
401  875.540050 4.900E-23 2.924E-02.09540.404  616.87100.730.000000             V6         GROUND 25  8 1A2      26  9 0A1     466520 1 1 1 1 1 0   816.0  816.0
401  875.540050 4.900E-23 2.924E-02.09540.404  616.87100.730.000000             V6         GROUND 25  8 1A1      26  9 0A2     466520 1 1 1 1 1 0   816.0  816.0
401  875.550960 9.570E-25 3.077E-02.08820.130 1600.75980.860.000000             V6         GROUND 56 10 1E       56 11 0E      355420 1 1 1 1 1 0  1808.0 1808.0
401  875.649620 4.570E-25 3.774E-03.09460.356 1172.92900.760.000000             V6         GROUND 27 13 1E       26 14 0E      355420 1 1 1 1 1 0   880.0  880.0
401  875.651970 2.330E-26 7.229E-03.09000.134 2048.00630.860.000000             V6         GROUND 51 15 1E       50 16 0E      355420 1 1 1 1 1 0  1648.0 1648.0
401  875.680820 1.120E-24 3.087E-02.08870.130 1565.30340.860.000000             V6         GROUND 55 10 1E       55 11 0E      355420 1 1 1 1 1 0  1776.0 1776.0
401  875.783970 1.980E-25 7.081E-04.09790.333  895.59630.690.000000             V6         GROUND 16 12 1E       15 13 0E      355420 1 1 1 1 1 0   528.0  528.0
401  875.808300 1.300E-24 3.081E-02.08870.130 1530.47200.860.000000             V6         GROUND 54 10 1E       54 11 0E      355420 1 1 1 1 1 0  1744.0 1744.0
401  875.811650 1.570E-25 5.940E-03.09000.219 1560.44730.860.000000             V6         GROUND 39 14 1A1      38 15 0A2     355420 1 1 1 1 1 0  1264.0 1264.0
401  875.811650 1.570E-25 5.940E-03.09000.219 1560.44730.860.000000             V6         GROUND 39 14 1A2      38 15 0A1     355420 1 1 1 1 1 0  1264.0 1264.0
401  875.873600 1.660E-23 2.215E-02.08820.210  896.82520.860.000000             V6         GROUND 44  6 1E       45  7 0E      466520 1 1 1 1 1 0  1424.0 1424.0
401  875.933430 1.500E-24 3.068E-02.08870.130 1496.26610.860.000000             V6         GROUND 53 10 1E       53 11 0E      355420 1 1 1 1 1 0  1712.0 1712.0
401  876.056200 1.730E-24 3.063E-02.08860.136 1462.68620.860.000000             V6         GROUND 52 10 1E       52 11 0E      355420 1 1 1 1 1 0  1680.0 1680.0
401  876.120100 3.520E-23 2.469E-02.09070.305  712.06270.860.000000             V6         GROUND 34  7 1E       35  8 0E      466520 1 1 1 1 1 0  1104.0 1104.0
401  876.156100 2.060E-26 7.342E-03.09020.124 2080.27530.860.000000             V6         GROUND 52 15 1E       51 16 0E      355420 1 1 1 1 1 0  1680.0 1680.0
401  876.176610 1.990E-24 3.061E-02.08860.147 1429.73270.860.000000             V6         GROUND 51 10 1E       51 11 0E      355420 1 1 1 1 1 0  1648.0 1648.0
401  876.203440 5.540E-23 4.454E-02.10180.388  561.78130.710.000000             V6         GROUND 14  9 1E       15 10 0E      355420 1 1 1 1 1 0   464.0  464.0
401  876.218490 4.680E-25 4.059E-03.09400.352 1190.09280.770.000000             V6         GROUND 28 13 1E       27 14 0E      355420 1 1 1 1 1 0   912.0  912.0
401  876.232470 5.220E-23 2.996E-02.09610.411  600.31580.720.000000             V6         GROUND 24  8 1A1      25  9 0A2     466520 1 1 1 1 1 0   784.0  784.0
401  876.232470 5.220E-23 2.996E-02.09610.411  600.31580.720.000000             V6         GROUND 24  8 1A2      25  9 0A1     466520 1 1 1 1 1 0   784.0  784.0
401  876.249960 6.320E-24 2.071E-02.08750.144 1119.44330.860.000000             V6         GROUND 53  5 1A1      54  6 0A2     466520 1 1 1 1 1 0  1712.0 1712.0
401  876.249960 6.320E-24 2.071E-02.08750.144 1119.44330.860.000000             V6         GROUND 53  5 1A2      54  6 0A1     466520 1 1 1 1 1 0  1712.0 1712.0
401  876.294660 2.280E-24 3.058E-02.08860.157 1397.40590.860.000000             V6         GROUND 50 10 1E       50 11 0E      355420 1 1 1 1 1 0  1616.0 1616.0
401  876.348920 1.470E-25 6.124E-03.08990.209 1585.18920.860.000000             V6         GROUND 40 14 1A2      39 15 0A1     355420 1 1 1 1 1 0  1296.0 1296.0
401  876.348920 1.470E-25 6.124E-03.08990.209 1585.18920.860.000000             V6         GROUND 40 14 1A1      39 15 0A2     355420 1 1 1 1 1 0  1296.0 1296.0
401  876.380560 2.960E-25 1.050E-03.09920.346  905.78100.690.000000             V6         GROUND 17 12 1E       16 13 0E      355420 1 1 1 1 1 0   560.0  560.0
401  876.410360 2.600E-24 3.050E-02.08860.166 1365.70630.860.000000             V6         GROUND 49 10 1E       49 11 0E      355420 1 1 1 1 1 0  1584.0 1584.0
401  876.523710 2.960E-24 3.048E-02.08860.174 1334.63430.860.000000             V6         GROUND 48 10 1E       48 11 0E      355420 1 1 1 1 1 0  1552.0 1552.0
401  876.604740 1.870E-23 2.225E-02.08840.218  868.23980.860.000000             V6         GROUND 43  6 1E       44  7 0E      466520 1 1 1 1 1 0  1392.0 1392.0
401  876.634710 3.360E-24 3.047E-02.08860.182 1304.19020.860.000000             V6         GROUND 47 10 1E       47 11 0E      355420 1 1 1 1 1 0  1520.0 1520.0
401  876.657440 1.820E-26 7.478E-03.09030.113 2113.16990.860.000000             V6         GROUND 53 15 1E       52 16 0E      355420 1 1 1 1 1 0  1712.0 1712.0
401  876.743370 3.790E-24 3.038E-02.08870.189 1274.37450.860.000000             V6         GROUND 46 10 1E       46 11 0E      355420 1 1 1 1 1 0  1488.0 1488.0
401  876.784810 4.740E-25 4.336E-03.09340.346 1207.89020.790.000000             V6         GROUND 29 13 1E       28 14 0E      355420 1 1 1 1 1 0   944.0  944.0
401  876.831180 3.860E-23 2.506E-02.09110.319  689.79710.850.000000             V6         GROUND 33  7 1E       34  8 0E      466520 1 1 1 1 1 0  1072.0 1072.0
401  876.849690 4.260E-24 3.029E-02.08880.197 1245.18760.860.000000             V6         GROUND 45 10 1E       45 11 0E      355420 1 1 1 1 1 0  1456.0 1456.0
401  876.872200 5.730E-23 4.731E-02.09950.375  552.22380.720.000000             V6         GROUND 13  9 1E       14 10 0E      355420 1 1 1 1 1 0   432.0  432.0
401  876.883530 1.370E-25 6.309E-03.08970.202 1610.56140.860.000000             V6         GROUND 41 14 1A1      40 15 0A2     355420 1 1 1 1 1 0  1328.0 1328.0
401  876.883530 1.370E-25 6.309E-03.08970.202 1610.56140.860.000000             V6         GROUND 41 14 1A2      40 15 0A1     355420 1 1 1 1 1 0  1328.0 1328.0
401  876.922780 5.530E-23 3.067E-02.09690.416  584.39570.710.000000             V6         GROUND 23  8 1A1      24  9 0A2     466520 1 1 1 1 1 0   752.0  752.0
401  876.922780 5.530E-23 3.067E-02.09690.416  584.39570.710.000000             V6         GROUND 23  8 1A2      24  9 0A1     466520 1 1 1 1 1 0   752.0  752.0
401  876.953670 4.780E-24 3.026E-02.08880.205 1216.62970.860.000000             V6         GROUND 44 10 1E       44 11 0E      355420 1 1 1 1 1 0  1424.0 1424.0
401  876.974700 3.980E-25 1.410E-03.10250.355  916.60150.690.000000             V6         GROUND 18 12 1E       17 13 0E      355420 1 1 1 1 1 0   592.0  592.0
401  876.998600 7.360E-24 2.085E-02.08760.144 1085.19850.860.000000             V6         GROUND 52  5 1A1      53  6 0A2     466520 1 1 1 1 1 0  1680.0 1680.0
401  876.998600 7.360E-24 2.085E-02.08760.144 1085.19850.860.000000             V6         GROUND 52  5 1A2      53  6 0A1     466520 1 1 1 1 1 0  1680.0 1680.0
401  877.055300 5.340E-24 3.020E-02.08890.213 1188.70130.860.000000             V6         GROUND 43 10 1E       43 11 0E      355420 1 1 1 1 1 0  1392.0 1392.0
401  877.154600 5.940E-24 3.011E-02.08910.223 1161.40270.860.000000             V6         GROUND 42 10 1E       42 11 0E      355420 1 1 1 1 1 0  1360.0 1360.0
401  877.155990 1.600E-26 7.603E-03.09040.107 2146.68970.860.000000             V6         GROUND 54 15 1E       53 16 0E      355420 1 1 1 1 1 0  1744.0 1744.0
401  877.251580 6.580E-24 3.001E-02.08920.232 1134.73420.860.000000             V6         GROUND 41 10 1E       41 11 0E      355420 1 1 1 1 1 0  1328.0 1328.0
401  877.333910 2.110E-23 2.247E-02.08850.226  840.28450.860.000000             V6         GROUND 42  6 1E       43  7 0E      466520 1 1 1 1 1 0  1360.0 1360.0
401  877.346210 7.260E-24 2.991E-02.08940.230 1108.69620.860.000000             V6         GROUND 40 10 1E       40 11 0E      355420 1 1 1 1 1 0  1296.0 1296.0
401  877.348580 4.750E-25 4.602E-03.09290.339 1226.32110.800.000000             V6         GROUND 30 13 1E       29 14 0E      355420 1 1 1 1 1 0   976.0  976.0
401  877.415470 1.270E-25 6.488E-03.08960.214 1636.56350.860.000000             V6         GROUND 42 14 1A1      41 15 0A2     355420 1 1 1 1 1 0  1360.0 1360.0
401  877.415470 1.270E-25 6.488E-03.08960.214 1636.56350.860.000000             V6         GROUND 42 14 1A2      41 15 0A1     355420 1 1 1 1 1 0  1360.0 1360.0
401  877.438510 7.990E-24 2.983E-02.08960.239 1083.28900.860.000000             V6         GROUND 39 10 1E       39 11 0E      355420 1 1 1 1 1 0  1264.0 1264.0
401  877.528490 8.750E-24 2.972E-02.08980.250 1058.51290.860.000000             V6         GROUND 38 10 1E       38 11 0E      355420 1 1 1 1 1 0  1232.0 1232.0
401  877.538790 5.910E-23 5.054E-02.09580.357  543.30280.720.000000             V6         GROUND 12  9 1E       13 10 0E      355420 1 1 1 1 1 0   400.0  400.0
401  877.540230 4.210E-23 2.540E-02.09150.332  668.16460.830.000000             V6         GROUND 32  7 1E       33  8 0E      466520 1 1 1 1 1 0  1040.0 1040.0
401  877.566400 5.000E-25 1.779E-03.10150.361  928.05770.690.000000             V6         GROUND 19 12 1E       18 13 0E      355420 1 1 1 1 1 0   624.0  624.0
401  877.610990 5.840E-23 3.146E-02.09770.420  569.11080.700.000000             V6         GROUND 22  8 1A1      23  9 0A2     466520 1 1 1 1 1 0   720.0  720.0
401  877.610990 5.840E-23 3.146E-02.09770.420  569.11080.700.000000             V6         GROUND 22  8 1A2      23  9 0A1     466520 1 1 1 1 1 0   720.0  720.0
401  877.616140 9.540E-24 2.959E-02.09010.262 1034.36820.860.000000             V6         GROUND 37 10 1E       37 11 0E      355420 1 1 1 1 1 0  1200.0 1200.0
401  877.651710 1.400E-26 7.721E-03.09050.107 2180.83440.860.000000             V6         GROUND 55 15 1E       54 16 0E      355420 1 1 1 1 1 0  1776.0 1776.0
401  877.701460 1.040E-23 2.957E-02.09030.275 1010.85520.860.000000             V6         GROUND 36 10 1E       36 11 0E      355420 1 1 1 1 1 0  1168.0 1168.0
401  877.745320 8.540E-24 2.098E-02.08760.151 1051.58030.860.000000             V6         GROUND 51  5 1A1      52  6 0A2     466520 1 1 1 1 1 0  1648.0 1648.0
401  877.745320 8.540E-24 2.098E-02.08760.151 1051.58030.860.000000             V6         GROUND 51  5 1A2      52  6 0A1     466520 1 1 1 1 1 0  1648.0 1648.0
401  877.784460 1.120E-23 2.930E-02.09070.288  987.97430.870.000000             V6         GROUND 35 10 1E       35 11 0E      355420 1 1 1 1 1 0  1136.0 1136.0
401  877.865140 1.210E-23 2.924E-02.09100.302  965.72570.860.000000             V6         GROUND 34 10 1E       34 11 0E      355420 1 1 1 1 1 0  1104.0 1104.0
401  877.909780 4.720E-25 4.864E-03.09250.330 1245.38520.820.000000             V6         GROUND 31 13 1E       30 14 0E      355420 1 1 1 1 1 0  1008.0 1008.0
401  877.943490 1.290E-23 2.890E-02.09140.316  944.10970.850.000000             V6         GROUND 33 10 1E       33 11 0E      355420 1 1 1 1 1 0  1072.0 1072.0
401  877.944720 1.170E-25 6.654E-03.08960.204 1663.19520.860.000000             V6         GROUND 43 14 1A1      42 15 0A2     355420 1 1 1 1 1 0  1392.0 1392.0
401  877.944720 1.170E-25 6.654E-03.08960.204 1663.19520.860.000000             V6         GROUND 43 14 1A2      42 15 0A1     355420 1 1 1 1 1 0  1392.0 1392.0
401  878.019530 1.380E-23 2.879E-02.09180.329  923.12650.830.000000             V6         GROUND 32 10 1E       32 11 0E      355420 1 1 1 1 1 0  1040.0 1040.0
401  878.061090 2.370E-23 2.267E-02.08870.235  812.95950.860.000000             V6         GROUND 41  6 1E       42  7 0E      466520 1 1 1 1 1 0  1328.0 1328.0
401  878.093260 1.470E-23 2.866E-02.09230.342  902.77640.820.000000             V6         GROUND 31 10 1E       31 11 0E      355420 1 1 1 1 1 0  1008.0 1008.0
401  878.144610 1.230E-26 7.899E-03.09070.107 2215.60340.860.000000             V6         GROUND 56 15 1E       55 16 0E      355420 1 1 1 1 1 0  1808.0 1808.0
401  878.155630 5.970E-25 2.145E-03.10050.366  940.14940.690.000000             V6         GROUND 20 12 1E       19 13 0E      355420 1 1 1 1 1 0   656.0  656.0
401  878.164660 1.550E-23 2.836E-02.09270.353  883.05970.800.000000             V6         GROUND 30 10 1E       30 11 0E      355420 1 1 1 1 1 0   976.0  976.0
401  878.203170 6.090E-23 5.445E-02.09140.332  535.01870.730.000000             V6         GROUND 11  9 1E       12 10 0E      355420 1 1 1 1 1 0   368.0  368.0
401  878.233750 1.630E-23 2.811E-02.09330.364  863.97660.790.000000             V6         GROUND 29 10 1E       29 11 0E      355420 1 1 1 1 1 0   944.0  944.0
401  878.247230 4.570E-23 2.573E-02.09190.346  647.16550.820.000000             V6         GROUND 31  7 1E       32  8 0E      466520 1 1 1 1 1 0  1008.0 1008.0
401  878.297070 6.150E-23 3.233E-02.09860.423  554.46140.700.000000             V6         GROUND 21  8 1A1      22  9 0A2     466520 1 1 1 1 1 0   688.0  688.0
401  878.297070 6.150E-23 3.233E-02.09860.423  554.46140.700.000000             V6         GROUND 21  8 1A2      22  9 0A1     466520 1 1 1 1 1 0   688.0  688.0
401  878.300520 1.700E-23 2.775E-02.09380.373  845.52730.770.000000             V6         GROUND 28 10 1E       28 11 0E      355420 1 1 1 1 1 0   912.0  912.0
401  878.364980 1.770E-23 2.746E-02.09450.381  827.71220.760.000000             V6         GROUND 27 10 1E       27 11 0E      355420 1 1 1 1 1 0   880.0  880.0
401  878.427130 1.830E-23 2.711E-02.09510.387  810.53130.750.000000             V6         GROUND 26 10 1E       26 11 0E      355420 1 1 1 1 1 0   848.0  848.0
401  878.468410 4.650E-25 5.117E-03.09200.319 1265.08220.830.000000             V6         GROUND 32 13 1E       31 14 0E      355420 1 1 1 1 1 0  1040.0 1040.0
401  878.471280 1.080E-25 6.863E-03.08950.195 1690.45610.860.000000             V6         GROUND 44 14 1A1      43 15 0A2     355420 1 1 1 1 1 0  1424.0 1424.0
401  878.471280 1.080E-25 6.863E-03.08950.195 1690.45610.860.000000             V6         GROUND 44 14 1A2      43 15 0A1     355420 1 1 1 1 1 0  1424.0 1424.0
401  878.486970 1.880E-23 2.671E-02.09580.393  793.98490.730.000000             V6         GROUND 25 10 1E       25 11 0E      355420 1 1 1 1 1 0   816.0  816.0
401  878.490110 9.870E-24 2.110E-02.08760.162 1018.58930.860.000000             V6         GROUND 50  5 1A1      51  6 0A2     466520 1 1 1 1 1 0  1616.0 1616.0
401  878.490110 9.870E-24 2.110E-02.08760.162 1018.58930.860.000000             V6         GROUND 50  5 1A2      51  6 0A1     466520 1 1 1 1 1 0  1616.0 1616.0
401  878.544500 1.920E-23 2.628E-02.09660.396  778.07330.720.000000             V6         GROUND 24 10 1E       24 11 0E      355420 1 1 1 1 1 0   784.0  784.0
401  878.599730 1.950E-23 2.584E-02.09730.399  762.79660.710.000000             V6         GROUND 23 10 1E       23 11 0E      355420 1 1 1 1 1 0   752.0  752.0
401  878.634680 1.060E-26 7.953E-03.09030.107 2250.99640.860.000000             V6         GROUND 57 15 1E       56 16 0E      355420 1 1 1 1 1 0  1840.0 1840.0
401  878.652640 1.960E-23 2.526E-02.09820.400  748.15490.700.000000             V6         GROUND 22 10 1E       22 11 0E      355420 1 1 1 1 1 0   720.0  720.0
401  878.703240 1.950E-23 2.458E-02.09910.401  734.14860.700.000000             V6         GROUND 21 10 1E       21 11 0E      355420 1 1 1 1 1 0   688.0  688.0
401  878.742380 6.880E-25 2.511E-03.09950.369  952.87660.700.000000             V6         GROUND 21 12 1E       20 13 0E      355420 1 1 1 1 1 0   688.0  688.0
401  878.751550 1.920E-23 2.378E-02.10000.400  720.77780.690.000000             V6         GROUND 20 10 1E       20 11 0E      355420 1 1 1 1 1 0   656.0  656.0
401  878.786300 2.660E-23 2.293E-02.08890.245  786.26540.860.000000             V6         GROUND 40  6 1E       41  7 0E      466520 1 1 1 1 1 0  1296.0 1296.0
401  878.797550 1.870E-23 2.289E-02.10100.398  708.04250.690.000000             V6         GROUND 19 10 1E       19 11 0E      355420 1 1 1 1 1 0   624.0  624.0
401  878.831190 3.030E-24 2.006E-02.08690.146 1284.79960.860.000000             V6         GROUND 59  4 1E       60  5 0E      355420 1 1 1 1 1 0  1904.0 1904.0
401  878.841240 1.800E-23 2.190E-02.10210.395  695.94310.690.000000             V6         GROUND 18 10 1E       18 11 0E      355420 1 1 1 1 1 0   592.0  592.0
401  878.865350 6.270E-23 5.924E-02.08710.299  527.37130.730.000000             V6         GROUND 10  9 1E       11 10 0E      355420 1 1 1 1 1 0   336.0  336.0
401  878.882630 1.700E-23 2.068E-02.10320.390  684.47950.690.000000             V6         GROUND 17 10 1E       17 11 0E      355420 1 1 1 1 1 0   560.0  560.0
401  878.921710 1.570E-23 1.922E-02.10120.382  673.65210.690.000000             V6         GROUND 16 10 1E       16 11 0E      355420 1 1 1 1 1 0   528.0  528.0
401  878.952170 4.960E-23 2.617E-02.09240.359  626.79990.800.000000             V6         GROUND 30  7 1E       31  8 0E      466520 1 1 1 1 1 0   976.0  976.0
401  878.958500 1.410E-23 1.749E-02.10060.371  663.46090.700.000000             V6         GROUND 15 10 1E       15 11 0E      355420 1 1 1 1 1 0   496.0  496.0
401  878.981030 6.460E-23 3.332E-02.09950.425  540.44760.690.000000             V6         GROUND 20  8 1A2      21  9 0A1     466520 1 1 1 1 1 0   656.0  656.0
401  878.981030 6.460E-23 3.332E-02.09950.425  540.44760.690.000000             V6         GROUND 20  8 1A1      21  9 0A2     466520 1 1 1 1 1 0   656.0  656.0
401  878.992970 1.210E-23 1.532E-02.09760.356  653.90600.710.000000             V6         GROUND 14 10 1E       14 11 0E      355420 1 1 1 1 1 0   464.0  464.0
401  878.995140 9.820E-26 6.997E-03.08950.187 1718.34600.860.000000             V6         GROUND 45 14 1A1      44 15 0A2     355420 1 1 1 1 1 0  1456.0 1456.0
401  878.995140 9.820E-26 6.997E-03.08950.187 1718.34600.860.000000             V6         GROUND 45 14 1A2      44 15 0A1     355420 1 1 1 1 1 0  1456.0 1456.0
401  879.024450 4.540E-25 5.357E-03.09160.307 1285.41200.850.000000             V6         GROUND 33 13 1E       32 14 0E      355420 1 1 1 1 1 0  1072.0 1072.0
401  879.025160 9.800E-24 1.276E-02.09280.336  644.98760.720.000000             V6         GROUND 13 10 1E       13 11 0E      355420 1 1 1 1 1 0   432.0  432.0
401  879.055040 7.040E-24 9.511E-03.08720.308  636.70570.720.000000             V6         GROUND 12 10 1E       12 11 0E      355420 1 1 1 1 1 0   400.0  400.0
401  879.082610 3.800E-24 5.377E-03.08160.270  629.06050.730.000000             V6         GROUND 11 10 1E       11 11 0E      355420 1 1 1 1 1 0   368.0  368.0
401  879.232970 1.140E-23 2.127E-02.08770.172  986.22570.860.000000             V6         GROUND 49  5 1A2      50  6 0A1     466520 1 1 1 1 1 0  1584.0 1584.0
401  879.232970 1.140E-23 2.127E-02.08770.172  986.22570.860.000000             V6         GROUND 49  5 1A1      50  6 0A2     466520 1 1 1 1 1 0  1584.0 1584.0
401  879.326660 7.700E-25 2.869E-03.09860.372  966.23890.700.000000             V6         GROUND 22 12 1E       21 13 0E      355420 1 1 1 1 1 0   720.0  720.0
401  879.509500 2.960E-23 2.309E-02.08910.250  760.20230.860.000000             V6         GROUND 39  6 1E       40  7 0E      466520 1 1 1 1 1 0  1264.0 1264.0
401  879.516270 8.930E-26 7.160E-03.08950.179 1746.86450.860.000000             V6         GROUND 46 14 1A2      45 15 0A1     355420 1 1 1 1 1 0  1488.0 1488.0
401  879.516270 8.930E-26 7.160E-03.08950.179 1746.86450.860.000000             V6         GROUND 46 14 1A1      45 15 0A2     355420 1 1 1 1 1 0  1488.0 1488.0
401  879.525330 6.470E-23 6.540E-02.08290.256  520.36090.740.000000             V6         GROUND  9  9 1E       10 10 0E      355420 1 1 1 1 1 0   304.0  304.0
401  879.577910 4.400E-25 5.589E-03.09130.294 1306.37430.860.000000             V6         GROUND 34 13 1E       33 14 0E      355420 1 1 1 1 1 0  1104.0 1104.0
401  879.591230 3.600E-24 2.019E-02.08680.146 1246.79860.860.000000             V6         GROUND 58  4 1E       59  5 0E      355420 1 1 1 1 1 0  1872.0 1872.0
401  879.655060 5.350E-23 2.655E-02.09300.371  607.06820.790.000000             V6         GROUND 29  7 1E       30  8 0E      466520 1 1 1 1 1 0   944.0  944.0
401  879.662850 6.760E-23 3.440E-02.10050.425  527.06960.690.000000             V6         GROUND 19  8 1A1      20  9 0A2     466520 1 1 1 1 1 0   624.0  624.0
401  879.662850 6.760E-23 3.440E-02.10050.425  527.06960.690.000000             V6         GROUND 19  8 1A2      20  9 0A1     466520 1 1 1 1 1 0   624.0  624.0
401  879.908450 8.420E-25 3.220E-03.09770.373  980.23630.710.000000             V6         GROUND 23 12 1E       22 13 0E      355420 1 1 1 1 1 0   752.0  752.0
401  879.973880 1.310E-23 2.142E-02.08770.180  954.49000.860.000000             V6         GROUND 48  5 1A1      49  6 0A2     466520 1 1 1 1 1 0  1552.0 1552.0
401  879.973880 1.310E-23 2.142E-02.08770.180  954.49000.860.000000             V6         GROUND 48  5 1A2      49  6 0A1     466520 1 1 1 1 1 0  1552.0 1552.0
401  880.034700 8.080E-26 7.316E-03.08950.171 1776.01120.860.000000             V6         GROUND 47 14 1A1      46 15 0A2     355420 1 1 1 1 1 0  1520.0 1520.0
401  880.034700 8.080E-26 7.316E-03.08950.171 1776.01120.860.000000             V6         GROUND 47 14 1A2      46 15 0A1     355420 1 1 1 1 1 0  1520.0 1520.0
401  880.128750 4.240E-25 5.821E-03.09090.280 1327.96880.870.000000             V6         GROUND 35 13 1E       34 14 0E      355420 1 1 1 1 1 0  1136.0 1136.0
401  880.230710 3.300E-23 2.337E-02.08940.261  734.77060.860.000000             V6         GROUND 38  6 1E       39  7 0E      466520 1 1 1 1 1 0  1232.0 1232.0
401  880.342540 7.060E-23 3.565E-02.10150.425  514.32750.690.000000             V6         GROUND 18  8 1A1      19  9 0A2     466520 1 1 1 1 1 0   592.0  592.0
401  880.342540 7.060E-23 3.565E-02.10150.425  514.32750.690.000000             V6         GROUND 18  8 1A2      19  9 0A1     466520 1 1 1 1 1 0   592.0  592.0
401  880.349380 4.260E-24 2.030E-02.08680.146 1209.42160.860.000000             V6         GROUND 57  4 1E       58  5 0E      355420 1 1 1 1 1 0  1840.0 1840.0
401  880.355880 5.760E-23 2.701E-02.09350.383  587.97050.770.000000             V6         GROUND 28  7 1E       29  8 0E      466520 1 1 1 1 1 0   912.0  912.0
401  880.487740 9.020E-25 3.557E-03.09690.373  994.86860.720.000000             V6         GROUND 24 12 1E       23 13 0E      355420 1 1 1 1 1 0   784.0  784.0
401  880.550380 7.270E-26 7.459E-03.08950.164 1805.78570.860.000000             V6         GROUND 48 14 1A2      47 15 0A1     355420 1 1 1 1 1 0  1552.0 1552.0
401  880.550380 7.270E-26 7.459E-03.08950.164 1805.78570.860.000000             V6         GROUND 48 14 1A1      47 15 0A2     355420 1 1 1 1 1 0  1552.0 1552.0
401  880.607670 8.480E-26 1.828E-04.08250.281  747.99310.720.000000             V6         GROUND 13 11 1A1      12 12 0A2     355420 1 1 1 1 1 0   432.0  432.0
401  880.607670 8.480E-26 1.828E-04.08250.281  747.99310.720.000000             V6         GROUND 13 11 1A2      12 12 0A1     355420 1 1 1 1 1 0   432.0  432.0
401  880.676990 4.050E-25 6.032E-03.09060.266 1350.19530.860.000000             V6         GROUND 36 13 1E       35 14 0E      355420 1 1 1 1 1 0  1168.0 1168.0
401  880.712850 1.500E-23 2.156E-02.08780.189  923.38270.860.000000             V6         GROUND 47  5 1A1      48  6 0A2     466520 1 1 1 1 1 0  1520.0 1520.0
401  880.712850 1.500E-23 2.156E-02.08780.189  923.38270.860.000000             V6         GROUND 47  5 1A2      48  6 0A1     466520 1 1 1 1 1 0  1520.0 1520.0
401  880.949900 3.650E-23 2.357E-02.08970.272  709.97070.860.000000             V6         GROUND 37  6 1E       38  7 0E      466520 1 1 1 1 1 0  1200.0 1200.0
401  881.020080 7.340E-23 3.700E-02.10260.422  502.22160.690.000000             V6         GROUND 17  8 1A2      18  9 0A1     466520 1 1 1 1 1 0   560.0  560.0
401  881.020080 7.340E-23 3.700E-02.10260.422  502.22160.690.000000             V6         GROUND 17  8 1A1      18  9 0A2     466520 1 1 1 1 1 0   560.0  560.0
401  881.054620 6.180E-23 2.750E-02.09410.393  569.50720.760.000000             V6         GROUND 27  7 1E       28  8 0E      466520 1 1 1 1 1 0   880.0  880.0
401  881.063320 6.520E-26 7.607E-03.08960.156 1836.18770.860.000000             V6         GROUND 49 14 1A2      48 15 0A1     355420 1 1 1 1 1 0  1584.0 1584.0
401  881.063320 6.520E-26 7.607E-03.08960.156 1836.18770.860.000000             V6         GROUND 49 14 1A1      48 15 0A2     355420 1 1 1 1 1 0  1584.0 1584.0
401  881.064530 9.510E-25 3.885E-03.09620.373 1010.13550.730.000000             V6         GROUND 25 12 1E       24 13 0E      355420 1 1 1 1 1 0   816.0  816.0
401  881.105630 5.020E-24 2.040E-02.08680.146 1172.66910.860.000000             V6         GROUND 56  4 1E       57  5 0E      355420 1 1 1 1 1 0  1808.0 1808.0
401  881.211800 2.270E-25 4.750E-04.08950.313  756.27240.710.000000             V6         GROUND 14 11 1A2      13 12 0A1     355420 1 1 1 1 1 0   464.0  464.0
401  881.211800 2.270E-25 4.750E-04.08950.313  756.27240.710.000000             V6         GROUND 14 11 1A1      13 12 0A2     355420 1 1 1 1 1 0   464.0  464.0
401  881.222610 3.850E-25 6.244E-03.09040.252 1373.05340.860.000000             V6         GROUND 37 13 1E       36 14 0E      355420 1 1 1 1 1 0  1200.0 1200.0
401  881.449870 1.710E-23 2.169E-02.08790.196  892.90400.860.000000             V6         GROUND 46  5 1A2      47  6 0A1     466520 1 1 1 1 1 0  1488.0 1488.0
401  881.449870 1.710E-23 2.169E-02.08790.196  892.90400.860.000000             V6         GROUND 46  5 1A1      47  6 0A2     466520 1 1 1 1 1 0  1488.0 1488.0
401  881.573500 5.820E-26 7.748E-03.08960.148 1867.21690.860.000000             V6         GROUND 50 14 1A2      49 15 0A1     355420 1 1 1 1 1 0  1616.0 1616.0
401  881.573500 5.820E-26 7.748E-03.08960.148 1867.21690.860.000000             V6         GROUND 50 14 1A1      49 15 0A2     355420 1 1 1 1 1 0  1616.0 1616.0
401  881.638790 9.880E-25 4.202E-03.09550.371 1026.03700.750.000000             V6         GROUND 26 12 1E       25 13 0E      355420 1 1 1 1 1 0   848.0  848.0
401  881.667090 4.040E-23 2.387E-02.09000.284  685.80270.860.000000             V6         GROUND 36  6 1E       37  7 0E      466520 1 1 1 1 1 0  1168.0 1168.0
401  881.695470 7.620E-23 3.859E-02.10370.418  490.75200.690.000000             V6         GROUND 16  8 1A2      17  9 0A1     466520 1 1 1 1 1 0   528.0  528.0
401  881.695470 7.620E-23 3.859E-02.10370.418  490.75200.690.000000             V6         GROUND 16  8 1A1      17  9 0A2     466520 1 1 1 1 1 0   528.0  528.0
401  881.751280 6.610E-23 2.803E-02.09480.403  551.67850.750.000000             V6         GROUND 26  7 1E       27  8 0E      466520 1 1 1 1 1 0   848.0  848.0
401  881.765590 3.640E-25 6.454E-03.09020.239 1396.54300.860.000000             V6         GROUND 38 13 1E       37 14 0E      355420 1 1 1 1 1 0  1232.0 1232.0
401  881.813540 4.060E-25 8.310E-04.09540.336  765.18810.700.000000             V6         GROUND 15 11 1A2      14 12 0A1     355420 1 1 1 1 1 0   496.0  496.0
401  881.813540 4.060E-25 8.310E-04.09540.336  765.18810.700.000000             V6         GROUND 15 11 1A1      14 12 0A2     355420 1 1 1 1 1 0   496.0  496.0
401  881.859980 5.900E-24 2.051E-02.08680.146 1136.54160.860.000000             V6         GROUND 55  4 1E       56  5 0E      355420 1 1 1 1 1 0  1776.0 1776.0
401  881.921050 9.940E-25 3.211E-02.08810.134 1609.48910.860.000000             V6         GROUND 59  9 1E       59 10 0E      355420 1 1 1 1 1 0  1904.0 1904.0
401  882.057810 1.170E-24 3.208E-02.08810.133 1572.14970.860.000000             V6         GROUND 58  9 1E       58 10 0E      355420 1 1 1 1 1 0  1872.0 1872.0
401  882.080920 5.180E-26 7.896E-03.08970.139 1898.87270.860.000000             V6         GROUND 51 14 1A2      50 15 0A1     355420 1 1 1 1 1 0  1648.0 1648.0
401  882.080920 5.180E-26 7.896E-03.08970.139 1898.87270.860.000000             V6         GROUND 51 14 1A1      50 15 0A2     355420 1 1 1 1 1 0  1648.0 1648.0
401  882.184950 1.950E-23 2.190E-02.08800.204  863.05440.860.000000             V6         GROUND 45  5 1A1      46  6 0A2     466520 1 1 1 1 1 0  1456.0 1456.0
401  882.184950 1.950E-23 2.190E-02.08800.204  863.05440.860.000000             V6         GROUND 45  5 1A2      46  6 0A1     466520 1 1 1 1 1 0  1456.0 1456.0
401  882.192210 1.370E-24 3.198E-02.08800.133 1535.43410.860.000000             V6         GROUND 57  9 1E       57 10 0E      355420 1 1 1 1 1 0  1840.0 1840.0
401  882.210540 1.010E-24 4.491E-03.09480.367 1042.57280.760.000000             V6         GROUND 27 12 1E       26 13 0E      355420 1 1 1 1 1 0   880.0  880.0
401  882.305940 3.420E-25 6.653E-03.09000.227 1420.66360.860.000000             V6         GROUND 39 13 1E       38 14 0E      355420 1 1 1 1 1 0  1264.0 1264.0
401  882.324230 1.610E-24 3.210E-02.08790.133 1499.34290.860.000000             V6         GROUND 56  9 1E       56 10 0E      355420 1 1 1 1 1 0  1808.0 1808.0
401  882.368690 7.880E-23 4.036E-02.10280.412  479.91880.700.000000             V6         GROUND 15  8 1A1      16  9 0A2     466520 1 1 1 1 1 0   496.0  496.0
401  882.368690 7.880E-23 4.036E-02.10280.412  479.91880.700.000000             V6         GROUND 15  8 1A2      16  9 0A1     466520 1 1 1 1 1 0   496.0  496.0
401  882.382270 4.440E-23 2.409E-02.09030.296  662.26720.870.000000             V6         GROUND 35  6 1E       36  7 0E      466520 1 1 1 1 1 0  1136.0 1136.0
401  882.412840 6.060E-25 1.222E-03.09930.353  774.74010.690.000000             V6         GROUND 16 11 1A1      15 12 0A2     355420 1 1 1 1 1 0   528.0  528.0
401  882.412840 6.060E-25 1.222E-03.09930.353  774.74010.690.000000             V6         GROUND 16 11 1A2      15 12 0A1     355420 1 1 1 1 1 0   528.0  528.0
401  882.445860 7.040E-23 2.858E-02.09550.411  534.48450.730.000000             V6         GROUND 25  7 1E       26  8 0E      466520 1 1 1 1 1 0   816.0  816.0
401  882.453890 1.880E-24 3.212E-02.08840.133 1463.87650.860.000000             V6         GROUND 55  9 1E       55 10 0E      355420 1 1 1 1 1 0  1776.0 1776.0
401  882.581190 2.180E-24 3.203E-02.08840.133 1429.03540.860.000000             V6         GROUND 54  9 1E       54 10 0E      355420 1 1 1 1 1 0  1744.0 1744.0
401  882.585560 4.590E-26 8.038E-03.08980.130 1931.15490.860.000000             V6         GROUND 52 14 1A2      51 15 0A1     355420 1 1 1 1 1 0  1680.0 1680.0
401  882.585560 4.590E-26 8.038E-03.08980.130 1931.15490.860.000000             V6         GROUND 52 14 1A1      51 15 0A2     355420 1 1 1 1 1 0  1680.0 1680.0
401  882.612430 6.910E-24 2.062E-02.08740.146 1101.03950.860.000000             V6         GROUND 54  4 1E       55  5 0E      466520 1 1 1 1 1 0  1744.0 1744.0
401  882.706120 2.520E-24 3.195E-02.08840.133 1394.81990.860.000000             V6         GROUND 53  9 1E       53 10 0E      355420 1 1 1 1 1 0  1712.0 1712.0
401  882.779760 1.030E-24 4.810E-03.09420.362 1059.74270.770.000000             V6         GROUND 28 12 1E       27 13 0E      355420 1 1 1 1 1 0   912.0  912.0
401  882.828700 2.910E-24 3.194E-02.08840.140 1361.23060.860.000000             V6         GROUND 52  9 1E       52 10 0E      355420 1 1 1 1 1 0  1680.0 1680.0
401  882.843640 3.190E-25 6.834E-03.08980.217 1445.41500.860.000000             V6         GROUND 40 13 1E       39 14 0E      355420 1 1 1 1 1 0  1296.0 1296.0
401  882.918050 2.210E-23 2.205E-02.08810.212  833.83420.860.000000             V6         GROUND 44  5 1A1      45  6 0A2     466520 1 1 1 1 1 0  1424.0 1424.0
401  882.918050 2.210E-23 2.205E-02.08810.212  833.83420.860.000000             V6         GROUND 44  5 1A2      45  6 0A1     466520 1 1 1 1 1 0  1424.0 1424.0
401  882.948930 3.350E-24 3.194E-02.08840.151 1328.26780.860.000000             V6         GROUND 51  9 1E       51 10 0E      355420 1 1 1 1 1 0  1648.0 1648.0
401  883.009700 8.150E-25 1.631E-03.10020.365  784.92820.690.000000             V6         GROUND 17 11 1A1      16 12 0A2     355420 1 1 1 1 1 0   560.0  560.0
401  883.009700 8.150E-25 1.631E-03.10020.365  784.92820.690.000000             V6         GROUND 17 11 1A2      16 12 0A1     355420 1 1 1 1 1 0   560.0  560.0
401  883.039750 8.140E-23 4.247E-02.10280.404  469.72210.710.000000             V6         GROUND 14  8 1A1      15  9 0A2     466520 1 1 1 1 1 0   464.0  464.0
401  883.039750 8.140E-23 4.247E-02.10280.404  469.72210.710.000000             V6         GROUND 14  8 1A2      15  9 0A1     466520 1 1 1 1 1 0   464.0  464.0
401  883.066810 3.840E-24 3.192E-02.08840.161 1295.93190.860.000000             V6         GROUND 50  9 1E       50 10 0E      355420 1 1 1 1 1 0  1616.0 1616.0
401  883.087420 4.040E-26 8.156E-03.08990.118 1964.06290.860.000000             V6         GROUND 53 14 1A1      52 15 0A2     355420 1 1 1 1 1 0  1712.0 1712.0
401  883.087420 4.040E-26 8.156E-03.08990.118 1964.06290.860.000000             V6         GROUND 53 14 1A2      52 15 0A1     355420 1 1 1 1 1 0  1712.0 1712.0
401  883.095410 4.880E-23 2.441E-02.09070.310  639.36420.860.000000             V6         GROUND 34  6 1E       35  7 0E      466520 1 1 1 1 1 0  1104.0 1104.0
401  883.138350 7.470E-23 2.917E-02.09620.418  517.92560.720.000000             V6         GROUND 24  7 1E       25  8 0E      466520 1 1 1 1 1 0   784.0  784.0
401  883.182330 4.380E-24 3.185E-02.08840.170 1264.22340.860.000000             V6         GROUND 49  9 1E       49 10 0E      355420 1 1 1 1 1 0  1584.0 1584.0
401  883.295520 4.990E-24 3.184E-02.08840.178 1233.14270.860.000000             V6         GROUND 48  9 1E       48 10 0E      355420 1 1 1 1 1 0  1552.0 1552.0
401  883.346430 1.030E-24 5.073E-03.09360.356 1077.54650.790.000000             V6         GROUND 29 12 1E       28 13 0E      355420 1 1 1 1 1 0   944.0  944.0
401  883.362970 8.070E-24 2.074E-02.08740.146 1066.16330.860.000000             V6         GROUND 53  4 1E       54  5 0E      466520 1 1 1 1 1 0  1712.0 1712.0
401  883.378680 2.970E-25 7.033E-03.08960.210 1470.79690.860.000000             V6         GROUND 41 13 1E       40 14 0E      355420 1 1 1 1 1 0  1328.0 1328.0
401  883.406350 5.660E-24 3.181E-02.08850.185 1202.69010.860.000000             V6         GROUND 47  9 1E       47 10 0E      355420 1 1 1 1 1 0  1520.0 1520.0
401  883.514840 6.390E-24 3.175E-02.08850.193 1172.86610.860.000000             V6         GROUND 46  9 1E       46 10 0E      355420 1 1 1 1 1 0  1488.0 1488.0
401  883.586470 3.550E-26 8.290E-03.09000.112 1997.59650.860.000000             V6         GROUND 54 14 1A2      53 15 0A1     355420 1 1 1 1 1 0  1744.0 1744.0
401  883.586470 3.550E-26 8.290E-03.09000.112 1997.59650.860.000000             V6         GROUND 54 14 1A1      53 15 0A2     355420 1 1 1 1 1 0  1744.0 1744.0
401  883.604130 1.020E-24 2.037E-03.10290.373  795.75230.690.000000             V6         GROUND 18 11 1A1      17 12 0A2     355420 1 1 1 1 1 0   592.0  592.0
401  883.604130 1.020E-24 2.037E-03.10290.373  795.75230.690.000000             V6         GROUND 18 11 1A2      17 12 0A1     355420 1 1 1 1 1 0   592.0  592.0
401  883.621010 7.190E-24 3.168E-02.08860.201 1143.67100.860.000000             V6         GROUND 45  9 1E       45 10 0E      355420 1 1 1 1 1 0  1456.0 1456.0
401  883.649200 2.490E-23 2.215E-02.08830.220  805.24380.860.000000             V6         GROUND 43  5 1A1      44  6 0A2     466520 1 1 1 1 1 0  1392.0 1392.0
401  883.649200 2.490E-23 2.215E-02.08830.220  805.24380.860.000000             V6         GROUND 43  5 1A2      44  6 0A1     466520 1 1 1 1 1 0  1392.0 1392.0
401  883.708630 8.380E-23 4.490E-02.10120.392  460.16210.720.000000             V6         GROUND 13  8 1A1      14  9 0A2     466520 1 1 1 1 1 0   432.0  432.0
401  883.708630 8.380E-23 4.490E-02.10120.392  460.16210.720.000000             V6         GROUND 13  8 1A2      14  9 0A1     466520 1 1 1 1 1 0   432.0  432.0
401  883.724820 8.070E-24 3.165E-02.08870.209 1115.10510.860.000000             V6         GROUND 44  9 1E       44 10 0E      355420 1 1 1 1 1 0  1424.0 1424.0
401  883.806530 5.330E-23 2.468E-02.09110.323  617.09420.850.000000             V6         GROUND 33  6 1E       34  7 0E      466520 1 1 1 1 1 0  1072.0 1072.0
401  883.826300 9.020E-24 3.160E-02.08880.217 1087.16880.860.000000             V6         GROUND 43  9 1E       43 10 0E      355420 1 1 1 1 1 0  1392.0 1392.0
401  883.828730 7.910E-23 2.984E-02.09700.425  502.00180.710.000000             V6         GROUND 23  7 1E       24  8 0E      466520 1 1 1 1 1 0   752.0  752.0
401  883.910550 1.030E-24 5.374E-03.09310.348 1095.98400.800.000000             V6         GROUND 30 12 1E       29 13 0E      355420 1 1 1 1 1 0   976.0  976.0
401  883.911050 2.740E-25 7.198E-03.08950.219 1496.80900.860.000000             V6         GROUND 42 13 1E       41 14 0E      355420 1 1 1 1 1 0  1360.0 1360.0
401  883.925450 1.000E-23 3.141E-02.08900.226 1059.86260.860.000000             V6         GROUND 42  9 1E       42 10 0E      355420 1 1 1 1 1 0  1360.0 1360.0
401  884.022270 1.110E-23 3.137E-02.08910.236 1033.18660.860.000000             V6         GROUND 41  9 1E       41 10 0E      355420 1 1 1 1 1 0  1328.0 1328.0
401  884.082730 3.110E-26 8.429E-03.09010.112 2031.75510.860.000000             V6         GROUND 55 14 1A2      54 15 0A1     355420 1 1 1 1 1 0  1776.0 1776.0
401  884.082730 3.110E-26 8.429E-03.09010.112 2031.75510.860.000000             V6         GROUND 55 14 1A1      54 15 0A2     355420 1 1 1 1 1 0  1776.0 1776.0
401  884.111590 9.390E-24 2.085E-02.08740.146 1031.91340.860.000000             V6         GROUND 52  4 1E       53  5 0E      466520 1 1 1 1 1 0  1680.0 1680.0
401  884.116770 1.230E-23 3.139E-02.08930.236 1007.14130.860.000000             V6         GROUND 40  9 1E       40 10 0E      355420 1 1 1 1 1 0  1296.0 1296.0
401  884.196110 1.220E-24 2.448E-03.10180.379  807.21230.690.000000             V6         GROUND 19 11 1A2      18 12 0A1     355420 1 1 1 1 1 0   624.0  624.0
401  884.196110 1.220E-24 2.448E-03.10180.379  807.21230.690.000000             V6         GROUND 19 11 1A1      18 12 0A2     355420 1 1 1 1 1 0   624.0  624.0
401  884.208930 1.350E-23 3.123E-02.08950.245  981.72700.860.000000             V6         GROUND 39  9 1E       39 10 0E      355420 1 1 1 1 1 0  1264.0 1264.0
401  884.298770 1.480E-23 3.114E-02.08980.256  956.94390.860.000000             V6         GROUND 38  9 1E       38 10 0E      355420 1 1 1 1 1 0  1232.0 1232.0
401  884.375330 8.610E-23 4.778E-02.09850.375  451.23900.720.000000             V6         GROUND 12  8 1A1      13  9 0A2     466520 1 1 1 1 1 0   400.0  400.0
401  884.375330 8.610E-23 4.778E-02.09850.375  451.23900.720.000000             V6         GROUND 12  8 1A2      13  9 0A1     466520 1 1 1 1 1 0   400.0  400.0
401  884.378360 2.810E-23 2.237E-02.08850.229  777.28360.860.000000             V6         GROUND 42  5 1A2      43  6 0A1     466520 1 1 1 1 1 0  1360.0 1360.0
401  884.378360 2.810E-23 2.237E-02.08850.229  777.28360.860.000000             V6         GROUND 42  5 1A1      43  6 0A2     466520 1 1 1 1 1 0  1360.0 1360.0
401  884.386280 1.620E-23 3.113E-02.09000.268  932.79250.860.000000             V6         GROUND 37  9 1E       37 10 0E      355420 1 1 1 1 1 0  1200.0 1200.0
401  884.440750 2.520E-25 7.371E-03.08940.209 1523.45090.860.000000             V6         GROUND 43 13 1E       42 14 0E      355420 1 1 1 1 1 0  1392.0 1392.0
401  884.471480 1.760E-23 3.100E-02.09030.281  909.27300.860.000000             V6         GROUND 36  9 1E       36 10 0E      355420 1 1 1 1 1 0  1168.0 1168.0
401  884.472110 1.010E-24 5.604E-03.09260.338 1115.05490.820.000000             V6         GROUND 31 12 1E       30 13 0E      355420 1 1 1 1 1 0  1008.0 1008.0
401  884.515610 5.810E-23 2.500E-02.09150.337  595.45730.830.000000             V6         GROUND 32  6 1E       33  7 0E      466520 1 1 1 1 1 0  1040.0 1040.0
401  884.517010 8.340E-23 3.056E-02.09790.429  486.71350.700.000000             V6         GROUND 22  7 1E       23  8 0E      466520 1 1 1 1 1 0   720.0  720.0
401  884.554340 1.910E-23 3.095E-02.09070.294  886.38560.870.000000             V6         GROUND 35  9 1E       35 10 0E      355420 1 1 1 1 1 0  1136.0 1136.0
401  884.576150 2.710E-26 8.553E-03.09020.112 2066.53840.860.000000             V6         GROUND 56 14 1A1      55 15 0A2     355420 1 1 1 1 1 0  1808.0 1808.0
401  884.576150 2.710E-26 8.553E-03.09020.112 2066.53840.860.000000             V6         GROUND 56 14 1A2      55 15 0A1     355420 1 1 1 1 1 0  1808.0 1808.0
401  884.634900 2.050E-23 3.068E-02.09100.308  864.13080.860.000000             V6         GROUND 34  9 1E       34 10 0E      355420 1 1 1 1 1 0  1104.0 1104.0
401  884.713140 2.200E-23 3.053E-02.09140.322  842.50870.850.000000             V6         GROUND 33  9 1E       33 10 0E      355420 1 1 1 1 1 0  1072.0 1072.0
401  884.785630 1.410E-24 2.857E-03.10070.383  819.30810.690.000000             V6         GROUND 20 11 1A2      19 12 0A1     355420 1 1 1 1 1 0   656.0  656.0
401  884.785630 1.410E-24 2.857E-03.10070.383  819.30810.690.000000             V6         GROUND 20 11 1A1      19 12 0A2     355420 1 1 1 1 1 0   656.0  656.0
401  884.789060 2.360E-23 3.049E-02.09180.335  821.51960.830.000000             V6         GROUND 32  9 1E       32 10 0E      355420 1 1 1 1 1 0  1040.0 1040.0
401  884.858290 1.090E-23 2.099E-02.08750.152  998.29030.860.000000             V6         GROUND 51  4 1E       52  5 0E      466520 1 1 1 1 1 0  1648.0 1648.0
401  884.862670 2.510E-23 3.031E-02.09230.348  801.16380.820.000000             V6         GROUND 31  9 1E       31 10 0E      355420 1 1 1 1 1 0  1008.0 1008.0
401  884.933960 2.650E-23 3.004E-02.09280.360  781.44160.800.000000             V6         GROUND 30  9 1E       30 10 0E      355420 1 1 1 1 1 0   976.0  976.0
401  884.967740 2.310E-25 7.550E-03.08940.200 1550.72230.860.000000             V6         GROUND 44 13 1E       43 14 0E      355420 1 1 1 1 1 0  1424.0 1424.0
401  885.002940 2.790E-23 2.980E-02.09340.371  762.35320.790.000000             V6         GROUND 29  9 1E       29 10 0E      355420 1 1 1 1 1 0   944.0  944.0
401  885.031100 9.920E-25 5.879E-03.09210.327 1134.75910.830.000000             V6         GROUND 32 12 1E       31 13 0E      355420 1 1 1 1 1 0  1040.0 1040.0
401  885.039840 8.830E-23 5.123E-02.09520.354  442.95270.730.000000             V6         GROUND 11  8 1A1      12  9 0A2     466520 1 1 1 1 1 0   368.0  368.0
401  885.039840 8.830E-23 5.123E-02.09520.354  442.95270.730.000000             V6         GROUND 11  8 1A2      12  9 0A1     466520 1 1 1 1 1 0   368.0  368.0
401  885.066740 2.350E-26 8.666E-03.08980.112 2101.94590.860.000000             V6         GROUND 57 14 1A2      56 15 0A1     355420 1 1 1 1 1 0  1840.0 1840.0
401  885.066740 2.350E-26 8.666E-03.08980.112 2101.94590.860.000000             V6         GROUND 57 14 1A1      56 15 0A2     355420 1 1 1 1 1 0  1840.0 1840.0
401  885.069620 2.930E-23 2.962E-02.09400.381  743.89870.770.000000             V6         GROUND 28  9 1E       28 10 0E      355420 1 1 1 1 1 0   912.0  912.0
401  885.105550 3.150E-23 2.252E-02.08860.237  749.95390.860.000000             V6         GROUND 41  5 1A1      42  6 0A2     466520 1 1 1 1 1 0  1328.0 1328.0
401  885.105550 3.150E-23 2.252E-02.08860.237  749.95390.860.000000             V6         GROUND 41  5 1A2      42  6 0A1     466520 1 1 1 1 1 0  1328.0 1328.0
401  885.133980 3.050E-23 2.931E-02.09460.389  726.07860.760.000000             V6         GROUND 27  9 1E       27 10 0E      355420 1 1 1 1 1 0   880.0  880.0
401  885.196040 3.170E-23 2.908E-02.09520.396  708.89290.750.000000             V6         GROUND 26  9 1E       26 10 0E      355420 1 1 1 1 1 0   848.0  848.0
401  885.203160 8.760E-23 3.133E-02.09870.433  472.06070.700.000000             V6         GROUND 21  7 1E       22  8 0E      466520 1 1 1 1 1 0   688.0  688.0
401  885.222650 6.310E-23 2.534E-02.09200.350  574.45390.820.000000             V6         GROUND 31  6 1E       32  7 0E      466520 1 1 1 1 1 0  1008.0 1008.0
401  885.255780 3.260E-23 2.868E-02.09600.402  692.34190.730.000000             V6         GROUND 25  9 1E       25 10 0E      355420 1 1 1 1 1 0   816.0  816.0
401  885.313230 3.340E-23 2.831E-02.09670.407  676.42580.720.000000             V6         GROUND 24  9 1E       24 10 0E      355420 1 1 1 1 1 0   784.0  784.0
401  885.368360 3.400E-23 2.790E-02.09750.410  661.14480.710.000000             V6         GROUND 23  9 1E       23 10 0E      355420 1 1 1 1 1 0   752.0  752.0
401  885.372680 1.580E-24 3.252E-03.09980.385  832.03940.700.000000             V6         GROUND 21 11 1A1      20 12 0A2     355420 1 1 1 1 1 0   688.0  688.0
401  885.372680 1.580E-24 3.252E-03.09980.385  832.03940.700.000000             V6         GROUND 21 11 1A2      20 12 0A1     355420 1 1 1 1 1 0   688.0  688.0
401  885.421200 3.430E-23 2.738E-02.09840.412  646.49910.700.000000             V6         GROUND 22  9 1E       22 10 0E      355420 1 1 1 1 1 0   720.0  720.0
401  885.471720 3.440E-23 2.685E-02.09930.413  632.48880.700.000000             V6         GROUND 21  9 1E       21 10 0E      355420 1 1 1 1 1 0   688.0  688.0
401  885.492050 2.110E-25 7.733E-03.08930.192 1578.62290.860.000000             V6         GROUND 45 13 1E       44 14 0E      355420 1 1 1 1 1 0  1456.0 1456.0
401  885.519950 3.420E-23 2.623E-02.10030.413  619.11420.690.000000             V6         GROUND 20  9 1E       20 10 0E      355420 1 1 1 1 1 0   656.0  656.0
401  885.554500 2.030E-26 8.775E-03.09000.113 2137.97720.860.000000             V6         GROUND 58 14 1A2      57 15 0A1     355420 1 1 1 1 1 0  1872.0 1872.0
401  885.554500 2.030E-26 8.775E-03.09000.113 2137.97720.860.000000             V6         GROUND 58 14 1A1      57 15 0A2     355420 1 1 1 1 1 0  1872.0 1872.0
401  885.565870 3.360E-23 2.547E-02.10130.412  606.37540.690.000000             V6         GROUND 19  9 1E       19 10 0E      355420 1 1 1 1 1 0   624.0  624.0
401  885.587510 9.640E-25 6.125E-03.09170.315 1155.09620.850.000000             V6         GROUND 33 12 1E       32 13 0E      355420 1 1 1 1 1 0  1072.0 1072.0
401  885.603060 1.260E-23 2.111E-02.08750.164  965.29440.860.000000             V6         GROUND 50  4 1E       51  5 0E      466520 1 1 1 1 1 0  1616.0 1616.0
401  885.609490 3.260E-23 2.456E-02.10230.409  594.27260.690.000000             V6         GROUND 18  9 1E       18 10 0E      355420 1 1 1 1 1 0   592.0  592.0
401  885.650820 3.130E-23 2.358E-02.10350.405  582.80590.690.000000             V6         GROUND 17  9 1E       17 10 0E      355420 1 1 1 1 1 0   560.0  560.0
401  885.689850 2.950E-23 2.237E-02.10200.398  571.97540.690.000000             V6         GROUND 16  9 1E       16 10 0E      355420 1 1 1 1 1 0   528.0  528.0
401  885.702140 9.060E-23 5.555E-02.09200.326  435.30340.730.000000             V6         GROUND 10  8 1A2      11  9 0A1     466520 1 1 1 1 1 0   336.0  336.0
401  885.702140 9.060E-23 5.555E-02.09200.326  435.30340.730.000000             V6         GROUND 10  8 1A1      11  9 0A2     466520 1 1 1 1 1 0   336.0  336.0
401  885.726570 2.720E-23 2.089E-02.10180.388  561.78130.700.000000             V6         GROUND 15  9 1E       15 10 0E      355420 1 1 1 1 1 0   496.0  496.0
401  885.761000 2.430E-23 1.905E-02.09950.375  552.22380.710.000000             V6         GROUND 14  9 1E       14 10 0E      355420 1 1 1 1 1 0   464.0  464.0
401  885.793130 2.090E-23 1.685E-02.09580.357  543.30280.720.000000             V6         GROUND 13  9 1E       13 10 0E      355420 1 1 1 1 1 0   432.0  432.0
401  885.822960 1.690E-23 1.414E-02.09140.332  535.01870.720.000000             V6         GROUND 12  9 1E       12 10 0E      355420 1 1 1 1 1 0   400.0  400.0
401  885.830760 3.530E-23 2.275E-02.08890.247  723.25510.860.000000             V6         GROUND 40  5 1A1      41  6 0A2     466520 1 1 1 1 1 0  1296.0 1296.0
401  885.830760 3.530E-23 2.275E-02.08890.247  723.25510.860.000000             V6         GROUND 40  5 1A2      41  6 0A1     466520 1 1 1 1 1 0  1296.0 1296.0
401  885.850500 1.210E-23 1.060E-02.08710.299  527.37130.730.000000             V6         GROUND 11  9 1E       11 10 0E      355420 1 1 1 1 1 0   368.0  368.0
401  885.875730 6.550E-24 6.075E-03.08290.256  520.36090.730.000000             V6         GROUND 10  9 1E       10 10 0E      355420 1 1 1 1 1 0   336.0  336.0
401  885.887200 9.180E-23 3.221E-02.09970.435  458.04370.690.000000             V6         GROUND 20  7 1E       21  8 0E      466520 1 1 1 1 1 0   656.0  656.0
401  885.927630 6.830E-23 2.569E-02.09250.363  554.08430.800.000000             V6         GROUND 30  6 1E       31  7 0E      466520 1 1 1 1 1 0   976.0  976.0
401  885.957260 1.730E-24 3.636E-03.09880.387  845.40620.700.000000             V6         GROUND 22 11 1A2      21 12 0A1     355420 1 1 1 1 1 0   720.0  720.0
401  885.957260 1.730E-24 3.636E-03.09880.387  845.40620.700.000000             V6         GROUND 22 11 1A1      21 12 0A2     355420 1 1 1 1 1 0   720.0  720.0
401  886.011710 3.710E-24 2.019E-02.08670.147 1241.21830.860.000000             V6         GROUND 59  3 1E       60  4 0E      355420 1 1 1 1 1 0  1904.0 1904.0
401  886.013640 1.910E-25 7.877E-03.08930.184 1607.15230.860.000000             V6         GROUND 46 13 1E       45 14 0E      355420 1 1 1 1 1 0  1488.0 1488.0
401  886.039400 1.750E-26 8.898E-03.09010.113 2174.63180.860.000000             V6         GROUND 59 14 1A2      58 15 0A1     355420 1 1 1 1 1 0  1904.0 1904.0
401  886.039400 1.750E-26 8.898E-03.09010.113 2174.63180.860.000000             V6         GROUND 59 14 1A1      58 15 0A2     355420 1 1 1 1 1 0  1904.0 1904.0
401  886.141340 9.300E-25 6.362E-03.09130.302 1176.06590.860.000000             V6         GROUND 34 12 1E       33 13 0E      355420 1 1 1 1 1 0  1104.0 1104.0
401  886.345900 1.450E-23 2.121E-02.08760.174  932.92600.860.000000             V6         GROUND 49  4 1E       50  5 0E      466520 1 1 1 1 1 0  1584.0 1584.0
401  886.362240 9.280E-23 6.087E-02.08900.289  428.29120.740.000000             V6         GROUND  9  8 1A2      10  9 0A1     466520 1 1 1 1 1 0   304.0  304.0
401  886.362240 9.280E-23 6.087E-02.08900.289  428.29120.740.000000             V6         GROUND  9  8 1A1      10  9 0A2     466520 1 1 1 1 1 0   304.0  304.0
401  886.532520 1.730E-25 8.057E-03.08930.176 1636.31020.860.000000             V6         GROUND 47 13 1E       46 14 0E      355420 1 1 1 1 1 0  1520.0 1520.0
401  886.539350 1.850E-24 3.990E-03.09800.387  859.40820.710.000000             V6         GROUND 23 11 1A2      22 12 0A1     355420 1 1 1 1 1 0   752.0  752.0
401  886.539350 1.850E-24 3.990E-03.09800.387  859.40820.710.000000             V6         GROUND 23 11 1A1      22 12 0A2     355420 1 1 1 1 1 0   752.0  752.0
401  886.553970 3.930E-23 2.292E-02.08910.254  697.18750.860.000000             V6         GROUND 39  5 1A2      40  6 0A1     466520 1 1 1 1 1 0  1264.0 1264.0
401  886.553970 3.930E-23 2.292E-02.08910.254  697.18750.860.000000             V6         GROUND 39  5 1A1      40  6 0A2     466520 1 1 1 1 1 0  1264.0 1264.0
401  886.569110 9.590E-23 3.320E-02.10070.436  444.66270.690.000000             V6         GROUND 19  7 1E       20  8 0E      466520 1 1 1 1 1 0   624.0  624.0
401  886.630550 7.360E-23 2.605E-02.09300.376  534.34860.790.000000             V6         GROUND 29  6 1E       30  7 0E      466520 1 1 1 1 1 0   944.0  944.0
401  886.692570 8.910E-25 6.587E-03.09100.288 1197.66820.870.000000             V6         GROUND 35 12 1E       34 13 0E      355420 1 1 1 1 1 0  1136.0 1136.0
401  886.700220 1.670E-25 2.211E-04.08160.270  629.06050.720.000000             V6         GROUND 12 10 1E       11 11 0E      355420 1 1 1 1 1 0   400.0  400.0
401  886.771740 4.400E-24 2.028E-02.08670.147 1203.21270.860.000000             V6         GROUND 58  3 1E       59  4 0E      355420 1 1 1 1 1 0  1872.0 1872.0
401  887.020130 9.530E-23 6.783E-02.08560.241  421.91630.730.000000             V6         GROUND  8  8 1A2       9  9 0A1     466520 1 1 1 1 1 0   272.0  272.0
401  887.020130 9.530E-23 6.783E-02.08560.241  421.91630.730.000000             V6         GROUND  8  8 1A1       9  9 0A2     466520 1 1 1 1 1 0   272.0  272.0
401  887.048660 1.550E-25 8.181E-03.08930.169 1666.09620.860.000000             V6         GROUND 48 13 1E       47 14 0E      355420 1 1 1 1 1 0  1552.0 1552.0
401  887.086800 1.670E-23 2.140E-02.08760.182  901.18570.860.000000             V6         GROUND 48  4 1E       49  5 0E      466520 1 1 1 1 1 0  1552.0 1552.0
401  887.118950 1.960E-24 4.359E-03.09710.387  874.04530.720.000000             V6         GROUND 24 11 1A1      23 12 0A2     355420 1 1 1 1 1 0   784.0  784.0
401  887.118950 1.960E-24 4.359E-03.09710.387  874.04530.720.000000             V6         GROUND 24 11 1A2      23 12 0A1     355420 1 1 1 1 1 0   784.0  784.0
401  887.241190 8.490E-25 6.809E-03.09060.274 1219.90260.860.000000             V6         GROUND 36 12 1E       35 13 0E      355420 1 1 1 1 1 0  1168.0 1168.0
401  887.248880 9.980E-23 3.428E-02.10170.436  431.91770.690.000000             V6         GROUND 18  7 1E       19  8 0E      466520 1 1 1 1 1 0   592.0  592.0
401  887.275190 4.370E-23 2.314E-02.08930.264  671.75140.860.000000             V6         GROUND 38  5 1A1      39  6 0A2     466520 1 1 1 1 1 0  1232.0 1232.0
401  887.275190 4.370E-23 2.314E-02.08930.264  671.75140.860.000000             V6         GROUND 38  5 1A2      39  6 0A1     466520 1 1 1 1 1 0  1232.0 1232.0
401  887.307020 4.450E-25 5.668E-04.08720.308  636.70570.720.000000             V6         GROUND 13 10 1E       12 11 0E      355420 1 1 1 1 1 0   432.0  432.0
401  887.331420 7.910E-23 2.645E-02.09360.388  515.24710.770.000000             V6         GROUND 28  6 1E       29  7 0E      466520 1 1 1 1 1 0   912.0  912.0
401  887.529870 5.200E-24 2.037E-02.08670.147 1165.83110.860.000000             V6         GROUND 57  3 1E       58  4 0E      355420 1 1 1 1 1 0  1840.0 1840.0
401  887.562060 1.390E-25 8.343E-03.08930.161 1696.50990.860.000000             V6         GROUND 49 13 1E       48 14 0E      355420 1 1 1 1 1 0  1584.0 1584.0
401  887.696050 2.030E-24 4.677E-03.09640.385  889.31740.730.000000             V6         GROUND 25 11 1A2      24 12 0A1     355420 1 1 1 1 1 0   816.0  816.0
401  887.696050 2.030E-24 4.677E-03.09640.385  889.31740.730.000000             V6         GROUND 25 11 1A1      24 12 0A2     355420 1 1 1 1 1 0   816.0  816.0
401  887.787190 8.040E-25 7.023E-03.09040.260 1242.76890.860.000000             V6         GROUND 37 12 1E       36 13 0E      355420 1 1 1 1 1 0  1200.0 1200.0
401  887.825770 1.910E-23 2.152E-02.08770.191  870.07370.860.000000             V6         GROUND 47  4 1E       48  5 0E      466520 1 1 1 1 1 0  1520.0 1520.0
401  887.911400 7.950E-25 9.828E-04.09280.336  644.98760.710.000000             V6         GROUND 14 10 1E       13 11 0E      355420 1 1 1 1 1 0   464.0  464.0
401  887.926510 1.030E-22 3.531E-02.10280.434  419.80910.690.000000             V6         GROUND 17  7 1E       18  8 0E      466520 1 1 1 1 1 0   560.0  560.0
401  887.994400 4.840E-23 2.336E-02.08960.276  646.94710.860.000000             V6         GROUND 37  5 1A1      38  6 0A2     466520 1 1 1 1 1 0  1200.0 1200.0
401  887.994400 4.840E-23 2.336E-02.08960.276  646.94710.860.000000             V6         GROUND 37  5 1A2      38  6 0A1     466520 1 1 1 1 1 0  1200.0 1200.0
401  888.030210 8.470E-23 2.687E-02.09420.399  496.78010.760.000000             V6         GROUND 27  6 1E       28  7 0E      466520 1 1 1 1 1 0   880.0  880.0
401  888.072710 1.240E-25 8.493E-03.08930.153 1727.55090.860.000000             V6         GROUND 50 13 1E       49 14 0E      355420 1 1 1 1 1 0  1616.0 1616.0
401  888.270630 2.090E-24 5.013E-03.09560.382  905.22420.750.000000             V6         GROUND 26 11 1A1      25 12 0A2     355420 1 1 1 1 1 0   848.0  848.0
401  888.270630 2.090E-24 5.013E-03.09560.382  905.22420.750.000000             V6         GROUND 26 11 1A2      25 12 0A1     355420 1 1 1 1 1 0   848.0  848.0
401  888.286110 6.120E-24 2.044E-02.08670.147 1129.07420.860.000000             V6         GROUND 56  3 1E       57  4 0E      355420 1 1 1 1 1 0  1808.0 1808.0
401  888.330570 7.570E-25 7.228E-03.09010.247 1266.26690.860.000000             V6         GROUND 38 12 1E       37 13 0E      355420 1 1 1 1 1 0  1232.0 1232.0
401  888.513380 1.180E-24 1.427E-03.09760.356  653.90600.700.000000             V6         GROUND 15 10 1E       14 11 0E      355420 1 1 1 1 1 0   496.0  496.0
401  888.562790 2.170E-23 2.157E-02.08780.198  839.59050.860.000000             V6         GROUND 46  4 1E       47  5 0E      466520 1 1 1 1 1 0  1488.0 1488.0
401  888.580600 1.100E-25 8.626E-03.08940.144 1759.21890.860.000000             V6         GROUND 51 13 1E       50 14 0E      355420 1 1 1 1 1 0  1648.0 1648.0
401  888.601990 1.070E-22 3.685E-02.10390.430  408.33680.690.000000             V6         GROUND 16  7 1E       17  8 0E      466520 1 1 1 1 1 0   528.0  528.0
401  888.711600 5.340E-23 2.358E-02.08990.288  622.77500.860.000000             V6         GROUND 36  5 1A1      37  6 0A2     466520 1 1 1 1 1 0  1168.0 1168.0
401  888.711600 5.340E-23 2.358E-02.08990.288  622.77500.860.000000             V6         GROUND 36  5 1A2      37  6 0A1     466520 1 1 1 1 1 0  1168.0 1168.0
401  888.726930 9.040E-23 2.733E-02.09490.409  478.94780.750.000000             V6         GROUND 26  6 1E       27  7 0E      466520 1 1 1 1 1 0   848.0  848.0
401  888.765230 1.590E-24 3.338E-02.08780.137 1517.69600.860.000000             V6         GROUND 59  8 1A1      59  9 0A2     355420 1 1 1 1 1 0  1904.0 1904.0
401  888.765230 1.590E-24 3.338E-02.08780.137 1517.69600.860.000000             V6         GROUND 59  8 1A2      59  9 0A1     355420 1 1 1 1 1 0  1904.0 1904.0
401  888.842710 2.130E-24 5.342E-03.09500.378  921.76550.760.000000             V6         GROUND 27 11 1A1      26 12 0A2     355420 1 1 1 1 1 0   880.0  880.0
401  888.842710 2.130E-24 5.342E-03.09500.378  921.76550.760.000000             V6         GROUND 27 11 1A2      26 12 0A1     355420 1 1 1 1 1 0   880.0  880.0
401  888.871310 7.090E-25 7.428E-03.08990.235 1290.39610.860.000000             V6         GROUND 39 12 1E       38 13 0E      355420 1 1 1 1 1 0  1264.0 1264.0
401  888.901810 1.880E-24 3.349E-02.08770.137 1480.34710.860.000000             V6         GROUND 58  8 1A1      58  9 0A2     355420 1 1 1 1 1 0  1872.0 1872.0
401  888.901810 1.880E-24 3.349E-02.08770.137 1480.34710.860.000000             V6         GROUND 58  8 1A2      58  9 0A1     355420 1 1 1 1 1 0  1872.0 1872.0
401  889.036020 2.200E-24 3.336E-02.08770.137 1443.62220.860.000000             V6         GROUND 57  8 1A1      57  9 0A2     355420 1 1 1 1 1 0  1840.0 1840.0
401  889.036020 2.200E-24 3.336E-02.08770.137 1443.62220.860.000000             V6         GROUND 57  8 1A2      57  9 0A1     355420 1 1 1 1 1 0  1840.0 1840.0
401  889.040450 7.190E-24 2.054E-02.08660.147 1092.94230.860.000000             V6         GROUND 55  3 1E       56  4 0E      355420 1 1 1 1 1 0  1776.0 1776.0
401  889.085720 9.720E-26 8.758E-03.08950.135 1791.51350.860.000000             V6         GROUND 52 13 1E       51 14 0E      355420 1 1 1 1 1 0  1680.0 1680.0
401  889.112940 1.590E-24 1.895E-03.10060.371  663.46090.690.000000             V6         GROUND 16 10 1E       15 11 0E      355420 1 1 1 1 1 0   528.0  528.0
401  889.167860 2.580E-24 3.342E-02.08760.137 1407.52180.860.000000             V6         GROUND 56  8 1A2      56  9 0A1     355420 1 1 1 1 1 0  1808.0 1808.0
401  889.167860 2.580E-24 3.342E-02.08760.137 1407.52180.860.000000             V6         GROUND 56  8 1A1      56  9 0A2     355420 1 1 1 1 1 0  1808.0 1808.0
401  889.275310 1.100E-22 3.832E-02.10350.425  397.50120.700.000000             V6         GROUND 15  7 1E       16  8 0E      466520 1 1 1 1 1 0   496.0  496.0
401  889.297330 3.010E-24 3.341E-02.08820.136 1372.04640.860.000000             V6         GROUND 55  8 1A1      55  9 0A2     466520 1 1 1 1 1 0  1776.0 1776.0
401  889.297330 3.010E-24 3.341E-02.08820.136 1372.04640.860.000000             V6         GROUND 55  8 1A2      55  9 0A1     466520 1 1 1 1 1 0  1776.0 1776.0
401  889.297840 2.470E-23 2.174E-02.08790.206  809.73650.860.000000             V6         GROUND 45  4 1E       46  5 0E      466520 1 1 1 1 1 0  1456.0 1456.0
401  889.409400 6.600E-25 7.616E-03.08970.225 1315.15640.860.000000             V6         GROUND 40 12 1E       39 13 0E      355420 1 1 1 1 1 0  1296.0 1296.0
401  889.412240 2.140E-24 5.637E-03.09430.372  938.94110.770.000000             V6         GROUND 28 11 1A2      27 12 0A1     355420 1 1 1 1 1 0   912.0  912.0
401  889.412240 2.140E-24 5.637E-03.09430.372  938.94110.770.000000             V6         GROUND 28 11 1A1      27 12 0A2     355420 1 1 1 1 1 0   912.0  912.0
401  889.421560 9.620E-23 2.784E-02.09560.418  461.75040.730.000000             V6         GROUND 25  6 1E       26  7 0E      466520 1 1 1 1 1 0   816.0  816.0
401  889.424460 3.490E-24 3.331E-02.08810.136 1337.19640.860.000000             V6         GROUND 54  8 1A2      54  9 0A1     466520 1 1 1 1 1 0  1744.0 1744.0
401  889.424460 3.490E-24 3.331E-02.08810.136 1337.19640.860.000000             V6         GROUND 54  8 1A1      54  9 0A2     466520 1 1 1 1 1 0  1744.0 1744.0
401  889.426790 5.870E-23 2.381E-02.09030.300  599.23530.870.000000             V6         GROUND 35  5 1A2      36  6 0A1     466520 1 1 1 1 1 0  1136.0 1136.0
401  889.426790 5.870E-23 2.381E-02.09030.300  599.23530.870.000000             V6         GROUND 35  5 1A1      36  6 0A2     466520 1 1 1 1 1 0  1136.0 1136.0
401  889.549210 4.050E-24 3.335E-02.08810.136 1302.97220.860.000000             V6         GROUND 53  8 1A1      53  9 0A2     466520 1 1 1 1 1 0  1712.0 1712.0
401  889.549210 4.050E-24 3.335E-02.08810.136 1302.97220.860.000000             V6         GROUND 53  8 1A2      53  9 0A1     466520 1 1 1 1 1 0  1712.0 1712.0
401  889.588050 8.560E-26 8.892E-03.08950.123 1824.43420.860.000000             V6         GROUND 53 13 1E       52 14 0E      355420 1 1 1 1 1 0  1712.0 1712.0
401  889.671630 4.670E-24 3.330E-02.08810.143 1269.37440.860.000000             V6         GROUND 52  8 1A1      52  9 0A2     466520 1 1 1 1 1 0  1680.0 1680.0
401  889.671630 4.670E-24 3.330E-02.08810.143 1269.37440.860.000000             V6         GROUND 52  8 1A2      52  9 0A1     466520 1 1 1 1 1 0  1680.0 1680.0
401  889.710060 2.000E-24 2.364E-03.10120.382  673.65210.690.000000             V6         GROUND 17 10 1E       16 11 0E      355420 1 1 1 1 1 0   560.0  560.0
401  889.791680 5.380E-24 3.332E-02.08810.154 1236.40320.860.000000             V6         GROUND 51  8 1A2      51  9 0A1     466520 1 1 1 1 1 0  1648.0 1648.0
401  889.791680 5.380E-24 3.332E-02.08810.154 1236.40320.860.000000             V6         GROUND 51  8 1A1      51  9 0A2     466520 1 1 1 1 1 0  1648.0 1648.0
401  889.792890 8.420E-24 2.065E-02.08720.147 1057.43590.860.000000             V6         GROUND 54  3 1E       55  4 0E      466520 1 1 1 1 1 0  1744.0 1744.0
401  889.909390 6.160E-24 3.326E-02.08820.164 1204.05910.860.000000             V6         GROUND 50  8 1A1      50  9 0A2     466520 1 1 1 1 1 0  1616.0 1616.0
401  889.909390 6.160E-24 3.326E-02.08820.164 1204.05910.860.000000             V6         GROUND 50  8 1A2      50  9 0A1     466520 1 1 1 1 1 0  1616.0 1616.0
401  889.944850 6.120E-25 7.806E-03.08950.217 1340.54740.860.000000             V6         GROUND 41 12 1E       40 13 0E      355420 1 1 1 1 1 0  1328.0 1328.0
401  889.946460 1.140E-22 4.046E-02.10380.417  387.30220.710.000000             V6         GROUND 14  7 1E       15  8 0E      466520 1 1 1 1 1 0   464.0  464.0
401  889.979240 2.130E-24 5.917E-03.09370.365  956.75080.790.000000             V6         GROUND 29 11 1A2      28 12 0A1     355420 1 1 1 1 1 0   944.0  944.0
401  889.979240 2.130E-24 5.917E-03.09370.365  956.75080.790.000000             V6         GROUND 29 11 1A1      28 12 0A2     355420 1 1 1 1 1 0   944.0  944.0
401  890.024750 7.040E-24 3.324E-02.08820.173 1172.34260.860.000000             V6         GROUND 49  8 1A1      49  9 0A2     466520 1 1 1 1 1 0  1584.0 1584.0
401  890.024750 7.040E-24 3.324E-02.08820.173 1172.34260.860.000000             V6         GROUND 49  8 1A2      49  9 0A1     466520 1 1 1 1 1 0  1584.0 1584.0
401  890.030940 2.800E-23 2.190E-02.08810.214  780.51200.860.000000             V6         GROUND 44  4 1E       45  5 0E      466520 1 1 1 1 1 0  1424.0 1424.0
401  890.087600 7.500E-26 9.012E-03.08960.117 1857.98060.860.000000             V6         GROUND 54 13 1E       53 14 0E      355420 1 1 1 1 1 0  1744.0 1744.0
401  890.114090 1.020E-22 2.839E-02.09630.425  445.18810.720.000000             V6         GROUND 24  6 1E       25  7 0E      466520 1 1 1 1 1 0   784.0  784.0
401  890.137770 8.010E-24 3.320E-02.08820.181 1141.25400.860.000000             V6         GROUND 48  8 1A1      48  9 0A2     466520 1 1 1 1 1 0  1552.0 1552.0
401  890.137770 8.010E-24 3.320E-02.08820.181 1141.25400.860.000000             V6         GROUND 48  8 1A2      48  9 0A1     466520 1 1 1 1 1 0  1552.0 1552.0
401  890.139960 6.430E-23 2.405E-02.09070.314  576.32830.860.000000             V6         GROUND 34  5 1A2      35  6 0A1     466520 1 1 1 1 1 0  1104.0 1104.0
401  890.139960 6.430E-23 2.405E-02.09070.314  576.32830.860.000000             V6         GROUND 34  5 1A1      35  6 0A2     466520 1 1 1 1 1 0  1104.0 1104.0
401  890.248460 9.090E-24 3.318E-02.08830.189 1110.79370.860.000000             V6         GROUND 47  8 1A1      47  9 0A2     466520 1 1 1 1 1 0  1520.0 1520.0
401  890.248460 9.090E-24 3.318E-02.08830.189 1110.79370.860.000000             V6         GROUND 47  8 1A2      47  9 0A1     466520 1 1 1 1 1 0  1520.0 1520.0
401  890.304760 2.390E-24 2.821E-03.10320.390  684.47950.690.000000             V6         GROUND 18 10 1E       17 11 0E      355420 1 1 1 1 1 0   592.0  592.0
401  890.356800 1.030E-23 3.323E-02.08840.196 1080.96200.860.000000             V6         GROUND 46  8 1A1      46  9 0A2     466520 1 1 1 1 1 0  1488.0 1488.0
401  890.356800 1.030E-23 3.323E-02.08840.196 1080.96200.860.000000             V6         GROUND 46  8 1A2      46  9 0A1     466520 1 1 1 1 1 0  1488.0 1488.0
401  890.462810 1.160E-23 3.319E-02.08850.204 1051.75950.860.000000             V6         GROUND 45  8 1A1      45  9 0A2     466520 1 1 1 1 1 0  1456.0 1456.0
401  890.462810 1.160E-23 3.319E-02.08850.204 1051.75950.860.000000             V6         GROUND 45  8 1A2      45  9 0A1     466520 1 1 1 1 1 0  1456.0 1456.0
401  890.477620 5.650E-25 7.995E-03.08940.224 1366.56880.860.000000             V6         GROUND 42 12 1E       41 13 0E      355420 1 1 1 1 1 0  1360.0 1360.0
401  890.543410 9.830E-24 2.076E-02.08730.147 1022.55550.860.000000             V6         GROUND 53  3 1E       54  4 0E      466520 1 1 1 1 1 0  1712.0 1712.0
401  890.543690 2.110E-24 6.209E-03.09320.356  975.19440.800.000000             V6         GROUND 30 11 1A1      29 12 0A2     355420 1 1 1 1 1 0   976.0  976.0
401  890.543690 2.110E-24 6.209E-03.09320.356  975.19440.800.000000             V6         GROUND 30 11 1A2      29 12 0A1     355420 1 1 1 1 1 0   976.0  976.0
401  890.566480 1.300E-23 3.311E-02.08860.212 1023.18630.860.000000             V6         GROUND 44  8 1A2      44  9 0A1     466520 1 1 1 1 1 0  1424.0 1424.0
401  890.566480 1.300E-23 3.311E-02.08860.212 1023.18630.860.000000             V6         GROUND 44  8 1A1      44  9 0A2     466520 1 1 1 1 1 0  1424.0 1424.0
401  890.584340 6.560E-26 9.149E-03.08970.117 1892.15240.860.000000             V6         GROUND 55 13 1E       54 14 0E      355420 1 1 1 1 1 0  1776.0 1776.0
401  890.615450 1.160E-22 4.227E-02.10280.406  377.74000.720.000000             V6         GROUND 13  7 1E       14  8 0E      466520 1 1 1 1 1 0   432.0  432.0
401  890.667810 1.450E-23 3.299E-02.08870.221  995.24300.860.000000             V6         GROUND 43  8 1A1      43  9 0A2     466520 1 1 1 1 1 0  1392.0 1392.0
401  890.667810 1.450E-23 3.299E-02.08870.221  995.24300.860.000000             V6         GROUND 43  8 1A2      43  9 0A1     466520 1 1 1 1 1 0  1392.0 1392.0
401  890.762080 3.160E-23 2.204E-02.08820.222  751.91740.860.000000             V6         GROUND 43  4 1E       44  5 0E      466520 1 1 1 1 1 0  1392.0 1392.0
401  890.766830 1.620E-23 3.304E-02.08890.230  967.92980.860.000000             V6         GROUND 42  8 1A2      42  9 0A1     466520 1 1 1 1 1 0  1360.0 1360.0
401  890.766830 1.620E-23 3.304E-02.08890.230  967.92980.860.000000             V6         GROUND 42  8 1A1      42  9 0A2     466520 1 1 1 1 1 0  1360.0 1360.0
401  890.804540 1.080E-22 2.905E-02.09710.432  429.26110.710.000000             V6         GROUND 23  6 1E       24  7 0E      466520 1 1 1 1 1 0   752.0  752.0
401  890.851100 7.030E-23 2.433E-02.09110.327  554.05440.850.000000             V6         GROUND 33  5 1A2      34  6 0A1     466520 1 1 1 1 1 0  1072.0 1072.0
401  890.851100 7.030E-23 2.433E-02.09110.327  554.05440.850.000000             V6         GROUND 33  5 1A1      34  6 0A2     466520 1 1 1 1 1 0  1072.0 1072.0
401  890.863510 1.790E-23 3.285E-02.08900.239  941.24710.860.000000             V6         GROUND 41  8 1A1      41  9 0A2     466520 1 1 1 1 1 0  1328.0 1328.0
401  890.863510 1.790E-23 3.285E-02.08900.239  941.24710.860.000000             V6         GROUND 41  8 1A2      41  9 0A1     466520 1 1 1 1 1 0  1328.0 1328.0
401  890.897000 2.750E-24 3.260E-03.10210.395  695.94310.690.000000             V6         GROUND 19 10 1E       18 11 0E      355420 1 1 1 1 1 0   624.0  624.0
401  890.957860 1.980E-23 3.281E-02.08920.241  915.19510.860.000000             V6         GROUND 40  8 1A2      40  9 0A1     466520 1 1 1 1 1 0  1296.0 1296.0
401  890.957860 1.980E-23 3.281E-02.08920.241  915.19510.860.000000             V6         GROUND 40  8 1A1      40  9 0A2     466520 1 1 1 1 1 0  1296.0 1296.0
401  891.007720 5.180E-25 8.162E-03.08930.214 1393.22020.860.000000             V6         GROUND 43 12 1E       42 13 0E      355420 1 1 1 1 1 0  1392.0 1392.0
401  891.049890 2.180E-23 3.274E-02.08950.251  889.77440.860.000000             V6         GROUND 39  8 1A2      39  9 0A1     466520 1 1 1 1 1 0  1264.0 1264.0
401  891.049890 2.180E-23 3.274E-02.08950.251  889.77440.860.000000             V6         GROUND 39  8 1A1      39  9 0A2     466520 1 1 1 1 1 0  1264.0 1264.0
401  891.078260 5.710E-26 9.274E-03.08980.117 1926.94900.860.000000             V6         GROUND 56 13 1E       55 14 0E      355420 1 1 1 1 1 0  1808.0 1808.0
401  891.105580 2.070E-24 6.479E-03.09270.346  994.27160.820.000000             V6         GROUND 31 11 1A2      30 12 0A1     355420 1 1 1 1 1 0  1008.0 1008.0
401  891.105580 2.070E-24 6.479E-03.09270.346  994.27160.820.000000             V6         GROUND 31 11 1A1      30 12 0A2     355420 1 1 1 1 1 0  1008.0 1008.0
401  891.139600 2.390E-23 3.265E-02.08970.262  864.98500.860.000000             V6         GROUND 38  8 1A1      38  9 0A2     466520 1 1 1 1 1 0  1232.0 1232.0
401  891.139600 2.390E-23 3.265E-02.08970.262  864.98500.860.000000             V6         GROUND 38  8 1A2      38  9 0A1     466520 1 1 1 1 1 0  1232.0 1232.0
401  891.226990 2.620E-23 3.268E-02.09000.274  840.82750.860.000000             V6         GROUND 37  8 1A2      37  9 0A1     466520 1 1 1 1 1 0  1200.0 1200.0
401  891.226990 2.620E-23 3.268E-02.09000.274  840.82750.860.000000             V6         GROUND 37  8 1A1      37  9 0A2     466520 1 1 1 1 1 0  1200.0 1200.0
401  891.282240 1.190E-22 4.491E-02.10090.392  368.81480.720.000000             V6         GROUND 12  7 1E       13  8 0E      466520 1 1 1 1 1 0   400.0  400.0
401  891.292020 1.140E-23 2.080E-02.08730.147  988.30150.860.000000             V6         GROUND 52  3 1E       53  4 0E      466520 1 1 1 1 1 0  1680.0 1680.0
401  891.312070 2.850E-23 3.258E-02.09030.287  817.30200.860.000000             V6         GROUND 36  8 1A1      36  9 0A2     466520 1 1 1 1 1 0  1168.0 1168.0
401  891.312070 2.850E-23 3.258E-02.09030.287  817.30200.860.000000             V6         GROUND 36  8 1A2      36  9 0A1     466520 1 1 1 1 1 0  1168.0 1168.0
401  891.394820 3.080E-23 3.240E-02.09070.300  794.40880.870.000000             V6         GROUND 35  8 1A1      35  9 0A2     466520 1 1 1 1 1 0  1136.0 1136.0
401  891.394820 3.080E-23 3.240E-02.09070.300  794.40880.870.000000             V6         GROUND 35  8 1A2      35  9 0A1     466520 1 1 1 1 1 0  1136.0 1136.0
401  891.475260 3.330E-23 3.235E-02.09100.314  772.14830.860.000000             V6         GROUND 34  8 1A2      34  9 0A1     466520 1 1 1 1 1 0  1104.0 1104.0
401  891.475260 3.330E-23 3.235E-02.09100.314  772.14830.860.000000             V6         GROUND 34  8 1A1      34  9 0A2     466520 1 1 1 1 1 0  1104.0 1104.0
401  891.486790 3.080E-24 3.688E-03.10100.398  708.04250.690.000000             V6         GROUND 20 10 1E       19 11 0E      355420 1 1 1 1 1 0   656.0  656.0
401  891.491250 3.560E-23 2.221E-02.08840.230  723.95310.860.000000             V6         GROUND 42  4 1E       43  5 0E      466520 1 1 1 1 1 0  1360.0 1360.0
401  891.492870 1.130E-22 2.952E-02.09800.437  413.96970.700.000000             V6         GROUND 22  6 1E       23  7 0E      466520 1 1 1 1 1 0   720.0  720.0
401  891.535140 4.730E-25 8.328E-03.08920.205 1420.50140.860.000000             V6         GROUND 44 12 1E       43 13 0E      355420 1 1 1 1 1 0  1424.0 1424.0
401  891.553380 3.580E-23 3.225E-02.09140.327  750.52070.850.000000             V6         GROUND 33  8 1A1      33  9 0A2     466520 1 1 1 1 1 0  1072.0 1072.0
401  891.553380 3.580E-23 3.225E-02.09140.327  750.52070.850.000000             V6         GROUND 33  8 1A2      33  9 0A1     466520 1 1 1 1 1 0  1072.0 1072.0
401  891.560210 7.650E-23 2.461E-02.09150.341  532.41380.830.000000             V6         GROUND 32  5 1A1      33  6 0A2     466520 1 1 1 1 1 0  1040.0 1040.0
401  891.560210 7.650E-23 2.461E-02.09150.341  532.41380.830.000000             V6         GROUND 32  5 1A2      33  6 0A1     466520 1 1 1 1 1 0  1040.0 1040.0
401  891.569360 4.950E-26 9.394E-03.08940.117 1962.37010.860.000000             V6         GROUND 57 13 1E       56 14 0E      355420 1 1 1 1 1 0  1840.0 1840.0
401  891.629200 3.830E-23 3.212E-02.09190.341  729.52630.830.000000             V6         GROUND 32  8 1A2      32  9 0A1     466520 1 1 1 1 1 0  1040.0 1040.0
401  891.629200 3.830E-23 3.212E-02.09190.341  729.52630.830.000000             V6         GROUND 32  8 1A1      32  9 0A2     466520 1 1 1 1 1 0  1040.0 1040.0
401  891.664920 2.010E-24 6.719E-03.09220.335 1013.98230.830.000000             V6         GROUND 32 11 1A2      31 12 0A1     355420 1 1 1 1 1 0  1040.0 1040.0
401  891.664920 2.010E-24 6.719E-03.09220.335 1013.98230.830.000000             V6         GROUND 32 11 1A1      31 12 0A2     355420 1 1 1 1 1 0  1040.0 1040.0
401  891.702700 4.080E-23 3.198E-02.09240.354  709.16540.820.000000             V6         GROUND 31  8 1A1      31  9 0A2     466520 1 1 1 1 1 0  1008.0 1008.0
401  891.702700 4.080E-23 3.198E-02.09240.354  709.16540.820.000000             V6         GROUND 31  8 1A2      31  9 0A1     466520 1 1 1 1 1 0  1008.0 1008.0
401  891.773890 4.320E-23 3.178E-02.09290.366  689.43820.800.000000             V6         GROUND 30  8 1A1      30  9 0A2     466520 1 1 1 1 1 0   976.0  976.0
401  891.773890 4.320E-23 3.178E-02.09290.366  689.43820.800.000000             V6         GROUND 30  8 1A2      30  9 0A1     466520 1 1 1 1 1 0   976.0  976.0
401  891.842780 4.560E-23 3.161E-02.09350.377  670.34490.790.000000             V6         GROUND 29  8 1A1      29  9 0A2     466520 1 1 1 1 1 0   944.0  944.0
401  891.842780 4.560E-23 3.161E-02.09350.377  670.34490.790.000000             V6         GROUND 29  8 1A2      29  9 0A1     466520 1 1 1 1 1 0   944.0  944.0
401  891.909350 4.790E-23 3.143E-02.09410.387  651.88580.770.000000             V6         GROUND 28  8 1A2      28  9 0A1     466520 1 1 1 1 1 0   912.0  912.0
401  891.909350 4.790E-23 3.143E-02.09410.387  651.88580.770.000000             V6         GROUND 28  8 1A1      28  9 0A2     466520 1 1 1 1 1 0   912.0  912.0
401  891.946870 1.220E-22 4.814E-02.09870.373  360.52660.730.000000             V6         GROUND 11  7 1E       12  8 0E      466520 1 1 1 1 1 0   368.0  368.0
401  891.973620 5.000E-23 3.118E-02.09470.396  634.06110.760.000000             V6         GROUND 27  8 1A1      27  9 0A2     466520 1 1 1 1 1 0   880.0  880.0
401  891.973620 5.000E-23 3.118E-02.09470.396  634.06110.760.000000             V6         GROUND 27  8 1A2      27  9 0A1     466520 1 1 1 1 1 0   880.0  880.0
401  892.035590 5.200E-23 3.096E-02.09540.404  616.87100.750.000000             V6         GROUND 26  8 1A1      26  9 0A2     466520 1 1 1 1 1 0   848.0  848.0
401  892.035590 5.200E-23 3.096E-02.09540.404  616.87100.750.000000             V6         GROUND 26  8 1A2      26  9 0A1     466520 1 1 1 1 1 0   848.0  848.0
401  892.038710 1.320E-23 2.089E-02.08730.154  954.67430.860.000000             V6         GROUND 51  3 1E       52  4 0E      466520 1 1 1 1 1 0  1648.0 1648.0
401  892.057620 4.270E-26 9.501E-03.08950.117 1998.41520.860.000000             V6         GROUND 58 13 1E       57 14 0E      355420 1 1 1 1 1 0  1872.0 1872.0
401  892.059860 4.300E-25 8.490E-03.08910.197 1448.41200.860.000000             V6         GROUND 45 12 1E       44 13 0E      355420 1 1 1 1 1 0  1456.0 1456.0
401  892.074110 3.380E-24 4.111E-03.10000.400  720.77780.700.000000             V6         GROUND 21 10 1E       20 11 0E      355420 1 1 1 1 1 0   688.0  688.0
401  892.095240 5.370E-23 3.066E-02.09610.411  600.31580.730.000000             V6         GROUND 25  8 1A2      25  9 0A1     466520 1 1 1 1 1 0   816.0  816.0
401  892.095240 5.370E-23 3.066E-02.09610.411  600.31580.730.000000             V6         GROUND 25  8 1A1      25  9 0A2     466520 1 1 1 1 1 0   816.0  816.0
401  892.152610 5.520E-23 3.036E-02.09690.416  584.39570.720.000000             V6         GROUND 24  8 1A2      24  9 0A1     466520 1 1 1 1 1 0   784.0  784.0
401  892.152610 5.520E-23 3.036E-02.09690.416  584.39570.720.000000             V6         GROUND 24  8 1A1      24  9 0A2     466520 1 1 1 1 1 0   784.0  784.0
401  892.179100 1.190E-22 3.034E-02.09890.442  399.31400.700.000000             V6         GROUND 21  6 1E       22  7 0E      466520 1 1 1 1 1 0   688.0  688.0
401  892.207660 5.630E-23 2.998E-02.09770.420  569.11080.710.000000             V6         GROUND 23  8 1A2      23  9 0A1     466520 1 1 1 1 1 0   752.0  752.0
401  892.207660 5.630E-23 2.998E-02.09770.420  569.11080.710.000000             V6         GROUND 23  8 1A1      23  9 0A2     466520 1 1 1 1 1 0   752.0  752.0
401  892.218440 3.990E-23 2.236E-02.08860.239  696.61940.860.000000             V6         GROUND 41  4 1E       42  5 0E      466520 1 1 1 1 1 0  1328.0 1328.0
401  892.221670 1.940E-24 6.954E-03.09170.322 1034.32620.850.000000             V6         GROUND 33 11 1A2      32 12 0A1     355420 1 1 1 1 1 0  1072.0 1072.0
401  892.221670 1.940E-24 6.954E-03.09170.322 1034.32620.850.000000             V6         GROUND 33 11 1A1      32 12 0A2     355420 1 1 1 1 1 0  1072.0 1072.0
401  892.260420 5.710E-23 2.958E-02.09860.423  554.46140.700.000000             V6         GROUND 22  8 1A2      22  9 0A1     466520 1 1 1 1 1 0   720.0  720.0
401  892.260420 5.710E-23 2.958E-02.09860.423  554.46140.700.000000             V6         GROUND 22  8 1A1      22  9 0A2     466520 1 1 1 1 1 0   720.0  720.0
401  892.267270 8.290E-23 2.488E-02.09200.354  511.40670.820.000000             V6         GROUND 31  5 1A1      32  6 0A2     466520 1 1 1 1 1 0  1008.0 1008.0
401  892.267270 8.290E-23 2.488E-02.09200.354  511.40670.820.000000             V6         GROUND 31  5 1A2      32  6 0A1     466520 1 1 1 1 1 0  1008.0 1008.0
401  892.310880 5.750E-23 2.912E-02.09950.425  540.44760.700.000000             V6         GROUND 21  8 1A1      21  9 0A2     466520 1 1 1 1 1 0   688.0  688.0
401  892.310880 5.750E-23 2.912E-02.09950.425  540.44760.700.000000             V6         GROUND 21  8 1A2      21  9 0A1     466520 1 1 1 1 1 0   688.0  688.0
401  892.359030 5.750E-23 2.862E-02.10050.425  527.06960.690.000000             V6         GROUND 20  8 1A1      20  9 0A2     466520 1 1 1 1 1 0   656.0  656.0
401  892.359030 5.750E-23 2.862E-02.10050.425  527.06960.690.000000             V6         GROUND 20  8 1A2      20  9 0A1     466520 1 1 1 1 1 0   656.0  656.0
401  892.404890 5.690E-23 2.799E-02.10150.425  514.32750.690.000000             V6         GROUND 19  8 1A1      19  9 0A2     466520 1 1 1 1 1 0   624.0  624.0
401  892.404890 5.690E-23 2.799E-02.10150.425  514.32750.690.000000             V6         GROUND 19  8 1A2      19  9 0A1     466520 1 1 1 1 1 0   624.0  624.0
401  892.448450 5.580E-23 2.728E-02.10260.422  502.22160.690.000000             V6         GROUND 18  8 1A2      18  9 0A1     466520 1 1 1 1 1 0   592.0  592.0
401  892.448450 5.580E-23 2.728E-02.10260.422  502.22160.690.000000             V6         GROUND 18  8 1A1      18  9 0A2     466520 1 1 1 1 1 0   592.0  592.0
401  892.489720 5.400E-23 2.640E-02.10370.418  490.75200.690.000000             V6         GROUND 17  8 1A1      17  9 0A2     466520 1 1 1 1 1 0   560.0  560.0
401  892.489720 5.400E-23 2.640E-02.10370.418  490.75200.690.000000             V6         GROUND 17  8 1A2      17  9 0A1     466520 1 1 1 1 1 0   560.0  560.0
401  892.528680 5.160E-23 2.538E-02.10280.412  479.91880.690.000000             V6         GROUND 16  8 1A1      16  9 0A2     466520 1 1 1 1 1 0   528.0  528.0
401  892.528680 5.160E-23 2.538E-02.10280.412  479.91880.690.000000             V6         GROUND 16  8 1A2      16  9 0A1     466520 1 1 1 1 1 0   528.0  528.0
401  892.543030 3.680E-26 9.631E-03.08960.117 2035.08390.860.000000             V6         GROUND 59 13 1E       58 14 0E      355420 1 1 1 1 1 0  1904.0 1904.0
401  892.565360 4.850E-23 2.417E-02.10280.404  469.72210.700.000000             V6         GROUND 15  8 1A2      15  9 0A1     466520 1 1 1 1 1 0   496.0  496.0
401  892.565360 4.850E-23 2.417E-02.10280.404  469.72210.700.000000             V6         GROUND 15  8 1A1      15  9 0A2     466520 1 1 1 1 1 0   496.0  496.0
401  892.581870 3.900E-25 8.665E-03.08910.189 1476.95170.860.000000             V6         GROUND 46 12 1E       45 13 0E      355420 1 1 1 1 1 0  1488.0 1488.0
401  892.599730 4.460E-23 2.268E-02.10120.392  460.16210.710.000000             V6         GROUND 14  8 1A2      14  9 0A1     466520 1 1 1 1 1 0   464.0  464.0
401  892.599730 4.460E-23 2.268E-02.10120.392  460.16210.710.000000             V6         GROUND 14  8 1A1      14  9 0A2     466520 1 1 1 1 1 0   464.0  464.0
401  892.609280 1.240E-22 5.170E-02.09650.349  352.87560.730.000000             V6         GROUND 10  7 1E       11  8 0E      466520 1 1 1 1 1 0   336.0  336.0
401  892.631820 3.990E-23 2.087E-02.09850.375  451.23900.720.000000             V6         GROUND 13  8 1A1      13  9 0A2     466520 1 1 1 1 1 0   432.0  432.0
401  892.631820 3.990E-23 2.087E-02.09850.375  451.23900.720.000000             V6         GROUND 13  8 1A2      13  9 0A1     466520 1 1 1 1 1 0   432.0  432.0
401  892.658970 3.630E-24 4.507E-03.09910.401  734.14860.700.000000             V6         GROUND 22 10 1E       21 11 0E      355420 1 1 1 1 1 0   720.0  720.0
401  892.661610 3.430E-23 1.862E-02.09520.354  442.95270.720.000000             V6         GROUND 12  8 1A1      12  9 0A2     466520 1 1 1 1 1 0   400.0  400.0
401  892.661610 3.430E-23 1.862E-02.09520.354  442.95270.720.000000             V6         GROUND 12  8 1A2      12  9 0A1     466520 1 1 1 1 1 0   400.0  400.0
401  892.689100 2.760E-23 1.569E-02.09200.326  435.30340.730.000000             V6         GROUND 11  8 1A2      11  9 0A1     466520 1 1 1 1 1 0   368.0  368.0
401  892.689100 2.760E-23 1.569E-02.09200.326  435.30340.730.000000             V6         GROUND 11  8 1A1      11  9 0A2     466520 1 1 1 1 1 0   368.0  368.0
401  892.714300 1.980E-23 1.191E-02.08900.289  428.29120.730.000000             V6         GROUND 10  8 1A1      10  9 0A2     466520 1 1 1 1 1 0   336.0  336.0
401  892.714300 1.980E-23 1.191E-02.08900.289  428.29120.730.000000             V6         GROUND 10  8 1A2      10  9 0A1     466520 1 1 1 1 1 0   336.0  336.0
401  892.737210 1.070E-23 6.899E-03.08560.241  421.91630.740.000000             V6         GROUND  9  8 1A1       9  9 0A2     466520 1 1 1 1 1 0   304.0  304.0
401  892.737210 1.070E-23 6.899E-03.08560.241  421.91630.740.000000             V6         GROUND  9  8 1A2       9  9 0A1     466520 1 1 1 1 1 0   304.0  304.0
401  892.775850 1.870E-24 7.216E-03.09130.309 1055.30290.860.000000             V6         GROUND 34 11 1A2      33 12 0A1     355420 1 1 1 1 1 0  1104.0 1104.0
401  892.775850 1.870E-24 7.216E-03.09130.309 1055.30290.860.000000             V6         GROUND 34 11 1A1      33 12 0A2     355420 1 1 1 1 1 0  1104.0 1104.0
401  892.783470 1.530E-23 2.107E-02.08740.165  921.67440.860.000000             V6         GROUND 50  3 1E       51  4 0E      466520 1 1 1 1 1 0  1616.0 1616.0
401  892.860880 3.140E-25 2.700E-04.08290.256  520.36090.730.000000             V6         GROUND 11  9 1E       10 10 0E      355420 1 1 1 1 1 0   368.0  368.0
401  892.863210 1.240E-22 3.102E-02.09980.444  385.29420.690.000000             V6         GROUND 20  6 1E       21  7 0E      466520 1 1 1 1 1 0   656.0  656.0
401  892.943640 4.460E-23 2.253E-02.08880.249  669.91660.860.000000             V6         GROUND 40  4 1E       41  5 0E      466520 1 1 1 1 1 0  1296.0 1296.0
401  892.972270 8.960E-23 2.519E-02.09250.367  491.03350.800.000000             V6         GROUND 30  5 1A1      31  6 0A2     466520 1 1 1 1 1 0   976.0  976.0
401  892.972270 8.960E-23 2.519E-02.09250.367  491.03350.800.000000             V6         GROUND 30  5 1A2      31  6 0A1     466520 1 1 1 1 1 0   976.0  976.0
401  893.101170 3.510E-25 8.808E-03.08910.181 1506.12000.860.000000             V6         GROUND 47 12 1E       46 13 0E      355420 1 1 1 1 1 0  1520.0 1520.0
401  893.241340 3.830E-24 4.880E-03.09820.400  748.15490.710.000000             V6         GROUND 23 10 1E       22 11 0E      355420 1 1 1 1 1 0   752.0  752.0
401  893.258280 4.320E-24 2.026E-02.08660.148 1207.31230.860.000000             V6         GROUND 59  2 1A1      60  3 0A2     355420 1 1 1 1 1 0  1904.0 1904.0
401  893.258280 4.320E-24 2.026E-02.08660.148 1207.31230.860.000000             V6         GROUND 59  2 1A2      60  3 0A1     355420 1 1 1 1 1 0  1904.0 1904.0
401  893.269500 1.260E-22 5.620E-02.09440.318  345.86190.740.000000             V6         GROUND  9  7 1E       10  8 0E      466520 1 1 1 1 1 0   304.0  304.0
401  893.327430 1.780E-24 7.423E-03.09100.295 1076.91240.870.000000             V6         GROUND 35 11 1A2      34 12 0A1     355420 1 1 1 1 1 0  1136.0 1136.0
401  893.327430 1.780E-24 7.423E-03.09100.295 1076.91240.870.000000             V6         GROUND 35 11 1A1      34 12 0A2     355420 1 1 1 1 1 0  1136.0 1136.0
401  893.470290 8.360E-25 6.851E-04.08710.299  527.37130.720.000000             V6         GROUND 12  9 1E       11 10 0E      355420 1 1 1 1 1 0   400.0  400.0
401  893.526300 1.760E-23 2.116E-02.08750.175  889.30210.860.000000             V6         GROUND 49  3 1E       50  4 0E      466520 1 1 1 1 1 0  1584.0 1584.0
401  893.545180 1.290E-22 3.184E-02.10080.446  371.91050.690.000000             V6         GROUND 19  6 1E       20  7 0E      466520 1 1 1 1 1 0   624.0  624.0
401  893.617740 3.150E-25 8.958E-03.08910.173 1535.91660.860.000000             V6         GROUND 48 12 1E       47 13 0E      355420 1 1 1 1 1 0  1552.0 1552.0
401  893.666850 4.970E-23 2.271E-02.08900.257  643.84510.860.000000             V6         GROUND 39  4 1E       40  5 0E      466520 1 1 1 1 1 0  1264.0 1264.0
401  893.675230 9.650E-23 2.553E-02.09310.380  471.29440.790.000000             V6         GROUND 29  5 1A1      30  6 0A2     466520 1 1 1 1 1 0   944.0  944.0
401  893.675230 9.650E-23 2.553E-02.09310.380  471.29440.790.000000             V6         GROUND 29  5 1A2      30  6 0A1     466520 1 1 1 1 1 0   944.0  944.0
401  893.821230 3.990E-24 5.243E-03.09730.399  762.79660.720.000000             V6         GROUND 24 10 1E       23 11 0E      355420 1 1 1 1 1 0   784.0  784.0
401  893.876400 1.690E-24 7.647E-03.09070.281 1099.15420.860.000000             V6         GROUND 36 11 1A2      35 12 0A1     355420 1 1 1 1 1 0  1168.0 1168.0
401  893.876400 1.690E-24 7.647E-03.09070.281 1099.15420.860.000000             V6         GROUND 36 11 1A1      35 12 0A2     355420 1 1 1 1 1 0  1168.0 1168.0
401  893.927510 1.290E-22 6.244E-02.09210.278  339.48550.730.000000             V6         GROUND  8  7 1E        9  8 0E      466520 1 1 1 1 1 0   272.0  272.0
401  894.018330 5.120E-24 2.033E-02.08660.148 1169.30310.860.000000             V6         GROUND 58  2 1A1      59  3 0A2     355420 1 1 1 1 1 0  1872.0 1872.0
401  894.018330 5.120E-24 2.033E-02.08660.148 1169.30310.860.000000             V6         GROUND 58  2 1A2      59  3 0A1     355420 1 1 1 1 1 0  1872.0 1872.0
401  894.077300 1.490E-24 1.175E-03.09140.332  535.01870.720.000000             V6         GROUND 13  9 1E       12 10 0E      355420 1 1 1 1 1 0   432.0  432.0
401  894.131580 2.820E-25 9.120E-03.08910.166 1566.34120.860.000000             V6         GROUND 49 12 1E       48 13 0E      355420 1 1 1 1 1 0  1584.0 1584.0
401  894.225020 1.340E-22 3.281E-02.10190.446  359.16300.690.000000             V6         GROUND 18  6 1E       19  7 0E      466520 1 1 1 1 1 0   592.0  592.0
401  894.267200 2.020E-23 2.127E-02.08750.184  857.55790.860.000000             V6         GROUND 48  3 1E       49  4 0E      466520 1 1 1 1 1 0  1552.0 1552.0
401  894.376130 1.040E-22 2.599E-02.09370.392  452.18960.770.000000             V6         GROUND 28  5 1A1      29  6 0A2     466520 1 1 1 1 1 0   912.0  912.0
401  894.376130 1.040E-22 2.599E-02.09370.392  452.18960.770.000000             V6         GROUND 28  5 1A2      29  6 0A1     466520 1 1 1 1 1 0   912.0  912.0
401  894.388080 5.520E-23 2.291E-02.08930.268  618.40520.860.000000             V6         GROUND 38  4 1E       39  5 0E      466520 1 1 1 1 1 0  1232.0 1232.0
401  894.398610 4.110E-24 5.596E-03.09660.396  778.07330.730.000000             V6         GROUND 25 10 1E       24 11 0E      355420 1 1 1 1 1 0   816.0  816.0
401  894.422760 1.600E-24 7.884E-03.09040.268 1122.02810.860.000000             V6         GROUND 37 11 1A2      36 12 0A1     355420 1 1 1 1 1 0  1200.0 1200.0
401  894.422760 1.600E-24 7.884E-03.09040.268 1122.02810.860.000000             V6         GROUND 37 11 1A1      36 12 0A2     355420 1 1 1 1 1 0  1200.0 1200.0
401  894.583300 1.320E-22 7.052E-02.08840.228  333.74650.720.000000             V6         GROUND  7  7 1E        8  8 0E      466520 1 1 1 1 1 0   240.0  240.0
401  894.642670 2.510E-25 9.263E-03.08910.158 1597.39340.860.000000             V6         GROUND 50 12 1E       49 13 0E      355420 1 1 1 1 1 0  1616.0 1616.0
401  894.681930 2.210E-24 1.691E-03.09580.357  543.30280.710.000000             V6         GROUND 14  9 1E       13 10 0E      355420 1 1 1 1 1 0   464.0  464.0
401  894.776490 6.050E-24 2.042E-02.08650.148 1131.91800.860.000000             V6         GROUND 57  2 1A1      58  3 0A2     355420 1 1 1 1 1 0  1840.0 1840.0
401  894.776490 6.050E-24 2.042E-02.08650.148 1131.91800.860.000000             V6         GROUND 57  2 1A2      58  3 0A1     355420 1 1 1 1 1 0  1840.0 1840.0
401  894.902730 1.390E-22 3.397E-02.10300.444  347.05190.690.000000             V6         GROUND 17  6 1E       18  7 0E      466520 1 1 1 1 1 0   560.0  560.0
401  894.966500 1.500E-24 8.081E-03.09010.255 1145.53380.860.000000             V6         GROUND 38 11 1A1      37 12 0A2     355420 1 1 1 1 1 0  1232.0 1232.0
401  894.966500 1.500E-24 8.081E-03.09010.255 1145.53380.860.000000             V6         GROUND 38 11 1A2      37 12 0A1     355420 1 1 1 1 1 0  1232.0 1232.0
401  894.973490 4.180E-24 5.924E-03.09580.393  793.98490.750.000000             V6         GROUND 26 10 1E       25 11 0E      355420 1 1 1 1 1 0   848.0  848.0
401  895.006150 2.310E-23 2.139E-02.08760.192  826.44220.860.000000             V6         GROUND 47  3 1E       48  4 0E      466520 1 1 1 1 1 0  1520.0 1520.0
401  895.074960 1.110E-22 2.632E-02.09430.403  433.71940.760.000000             V6         GROUND 27  5 1A1      28  6 0A2     466520 1 1 1 1 1 0   880.0  880.0
401  895.074960 1.110E-22 2.632E-02.09430.403  433.71940.760.000000             V6         GROUND 27  5 1A2      28  6 0A1     466520 1 1 1 1 1 0   880.0  880.0
401  895.107290 6.100E-23 2.307E-02.08960.279  593.59730.860.000000             V6         GROUND 37  4 1E       38  5 0E      466520 1 1 1 1 1 0  1200.0 1200.0
401  895.151010 2.220E-25 9.382E-03.08910.149 1629.07270.860.000000             V6         GROUND 51 12 1E       50 13 0E      355420 1 1 1 1 1 0  1648.0 1648.0
401  895.284130 2.970E-24 2.224E-03.09950.375  552.22380.700.000000             V6         GROUND 15  9 1E       14 10 0E      355420 1 1 1 1 1 0   496.0  496.0
401  895.507600 1.400E-24 8.276E-03.08990.243 1169.67110.860.000000             V6         GROUND 39 11 1A2      38 12 0A1     355420 1 1 1 1 1 0  1264.0 1264.0
401  895.507600 1.400E-24 8.276E-03.08990.243 1169.67110.860.000000             V6         GROUND 39 11 1A1      38 12 0A2     355420 1 1 1 1 1 0  1264.0 1264.0
401  895.532740 7.120E-24 2.048E-02.08650.148 1095.15760.860.000000             V6         GROUND 56  2 1A1      57  3 0A2     355420 1 1 1 1 1 0  1808.0 1808.0
401  895.532740 7.120E-24 2.048E-02.08650.148 1095.15760.860.000000             V6         GROUND 56  2 1A2      57  3 0A1     355420 1 1 1 1 1 0  1808.0 1808.0
401  895.545850 4.220E-24 6.254E-03.09510.387  810.53130.760.000000             V6         GROUND 27 10 1E       26 11 0E      355420 1 1 1 1 1 0   880.0  880.0
401  895.578290 1.430E-22 3.511E-02.10410.441  335.57730.690.000000             V6         GROUND 16  6 1E       17  7 0E      466520 1 1 1 1 1 0   528.0  528.0
401  895.656580 1.960E-25 9.517E-03.08920.139 1661.37890.860.000000             V6         GROUND 52 12 1E       51 13 0E      355420 1 1 1 1 1 0  1680.0 1680.0
401  895.679160 2.430E-24 3.473E-02.08750.139 1435.51450.860.000000             V6         GROUND 59  7 1E       59  8 0E      355420 1 1 1 1 1 0  1904.0 1904.0
401  895.743160 2.640E-23 2.156E-02.08770.200  795.95530.860.000000             V6         GROUND 46  3 1E       47  4 0E      466520 1 1 1 1 1 0  1488.0 1488.0
401  895.771720 1.180E-22 2.666E-02.09500.414  415.88390.750.000000             V6         GROUND 26  5 1A1      27  6 0A2     466520 1 1 1 1 1 0   848.0  848.0
401  895.771720 1.180E-22 2.666E-02.09500.414  415.88390.750.000000             V6         GROUND 26  5 1A2      27  6 0A1     466520 1 1 1 1 1 0   848.0  848.0
401  895.815570 2.860E-24 3.468E-02.08750.139 1398.15710.860.000000             V6         GROUND 58  7 1E       58  8 0E      355420 1 1 1 1 1 0  1872.0 1872.0
401  895.824510 6.730E-23 2.329E-02.08990.291  569.42160.860.000000             V6         GROUND 36  4 1E       37  5 0E      466520 1 1 1 1 1 0  1168.0 1168.0
401  895.883920 3.720E-24 2.744E-03.10180.388  561.78130.690.000000             V6         GROUND 16  9 1E       15 10 0E      355420 1 1 1 1 1 0   528.0  528.0
401  895.949600 3.360E-24 3.469E-02.08740.139 1361.42380.860.000000             V6         GROUND 57  7 1E       57  8 0E      355420 1 1 1 1 1 0  1840.0 1840.0
401  896.046070 1.300E-24 8.464E-03.08960.233 1194.43960.860.000000             V6         GROUND 40 11 1A2      39 12 0A1     355420 1 1 1 1 1 0  1296.0 1296.0
401  896.046070 1.300E-24 8.464E-03.08960.233 1194.43960.860.000000             V6         GROUND 40 11 1A1      39 12 0A2     355420 1 1 1 1 1 0  1296.0 1296.0
401  896.081270 3.940E-24 3.474E-02.08740.139 1325.31520.860.000000             V6         GROUND 56  7 1E       56  8 0E      355420 1 1 1 1 1 0  1808.0 1808.0
401  896.115690 4.210E-24 6.553E-03.09450.381  827.71220.770.000000             V6         GROUND 28 10 1E       27 11 0E      355420 1 1 1 1 1 0   912.0  912.0
401  896.159360 1.730E-25 9.685E-03.08920.128 1694.31140.860.000000             V6         GROUND 53 12 1E       52 13 0E      355420 1 1 1 1 1 0  1712.0 1712.0
401  896.210590 4.600E-24 3.476E-02.08790.139 1289.83170.860.000000             V6         GROUND 55  7 1E       55  8 0E      466520 1 1 1 1 1 0  1776.0 1776.0
401  896.251690 1.470E-22 3.650E-02.10410.436  324.73950.700.000000             V6         GROUND 15  6 1E       16  7 0E      466520 1 1 1 1 1 0   496.0  496.0
401  896.287100 8.360E-24 2.058E-02.08650.148 1059.02240.860.000000             V6         GROUND 55  2 1A1      56  3 0A2     355420 1 1 1 1 1 0  1776.0 1776.0
401  896.287100 8.360E-24 2.058E-02.08650.148 1059.02240.860.000000             V6         GROUND 55  2 1A2      56  3 0A1     355420 1 1 1 1 1 0  1776.0 1776.0
401  896.337540 5.340E-24 3.470E-02.08790.139 1254.97380.860.000000             V6         GROUND 54  7 1E       54  8 0E      466520 1 1 1 1 1 0  1744.0 1744.0
401  896.462140 6.190E-24 3.470E-02.08790.139 1220.74180.860.000000             V6         GROUND 53  7 1E       53  8 0E      466520 1 1 1 1 1 0  1712.0 1712.0
401  896.466390 1.250E-22 2.704E-02.09570.423  398.68350.730.000000             V6         GROUND 25  5 1A1      26  6 0A2     466520 1 1 1 1 1 0   816.0  816.0
401  896.466390 1.250E-22 2.704E-02.09570.423  398.68350.730.000000             V6         GROUND 25  5 1A2      26  6 0A1     466520 1 1 1 1 1 0   816.0  816.0
401  896.478210 2.990E-23 2.162E-02.08790.208  766.09770.860.000000             V6         GROUND 45  3 1E       46  4 0E      466520 1 1 1 1 1 0  1456.0 1456.0
401  896.481290 4.450E-24 3.257E-03.10200.398  571.97540.690.000000             V6         GROUND 17  9 1E       16 10 0E      355420 1 1 1 1 1 0   560.0  560.0
401  896.539710 7.390E-23 2.349E-02.09030.304  545.87840.870.000000             V6         GROUND 35  4 1E       36  5 0E      466520 1 1 1 1 1 0  1136.0 1136.0
401  896.581890 1.200E-24 8.636E-03.08950.224 1219.83900.860.000000             V6         GROUND 41 11 1A2      40 12 0A1     355420 1 1 1 1 1 0  1328.0 1328.0
401  896.581890 1.200E-24 8.636E-03.08950.224 1219.83900.860.000000             V6         GROUND 41 11 1A1      40 12 0A2     355420 1 1 1 1 1 0  1328.0 1328.0
401  896.584400 7.150E-24 3.470E-02.08790.146 1187.13630.860.000000             V6         GROUND 52  7 1E       52  8 0E      466520 1 1 1 1 1 0  1680.0 1680.0
401  896.659360 1.510E-25 9.779E-03.08930.121 1727.86990.860.000000             V6         GROUND 54 12 1E       53 13 0E      355420 1 1 1 1 1 0  1744.0 1744.0
401  896.683000 4.170E-24 6.846E-03.09380.373  845.52730.790.000000             V6         GROUND 29 10 1E       28 11 0E      355420 1 1 1 1 1 0   944.0  944.0
401  896.704300 8.230E-24 3.469E-02.08790.157 1154.15760.860.000000             V6         GROUND 51  7 1E       51  8 0E      466520 1 1 1 1 1 0  1648.0 1648.0
401  896.821850 9.430E-24 3.465E-02.08800.167 1121.80620.860.000000             V6         GROUND 50  7 1E       50  8 0E      466520 1 1 1 1 1 0  1616.0 1616.0
401  896.922930 1.510E-22 3.820E-02.10460.429  314.53840.710.000000             V6         GROUND 14  6 1E       15  7 0E      466520 1 1 1 1 1 0   464.0  464.0
401  896.937070 1.080E-23 3.471E-02.08800.176 1090.08250.860.000000             V6         GROUND 49  7 1E       49  8 0E      466520 1 1 1 1 1 0  1584.0 1584.0
401  897.039550 9.780E-24 2.066E-02.08710.148 1023.51260.860.000000             V6         GROUND 54  2 1A2      55  3 0A1     466520 1 1 1 1 1 0  1744.0 1744.0
401  897.039550 9.780E-24 2.066E-02.08710.148 1023.51260.860.000000             V6         GROUND 54  2 1A1      55  3 0A2     466520 1 1 1 1 1 0  1744.0 1744.0
401  897.049950 1.230E-23 3.469E-02.08810.184 1058.98680.860.000000             V6         GROUND 48  7 1E       48  8 0E      466520 1 1 1 1 1 0  1552.0 1552.0
401  897.076220 5.130E-24 3.748E-03.10350.405  582.80590.690.000000             V6         GROUND 18  9 1E       17 10 0E      355420 1 1 1 1 1 0   592.0  592.0
401  897.115050 1.110E-24 8.863E-03.08930.228 1245.86910.860.000000             V6         GROUND 42 11 1A2      41 12 0A1     355420 1 1 1 1 1 0  1360.0 1360.0
401  897.115050 1.110E-24 8.863E-03.08930.228 1245.86910.860.000000             V6         GROUND 42 11 1A1      41 12 0A2     355420 1 1 1 1 1 0  1360.0 1360.0
401  897.156560 1.320E-25 9.922E-03.08930.121 1762.05390.860.000000             V6         GROUND 55 12 1E       54 13 0E      355420 1 1 1 1 1 0  1776.0 1776.0
401  897.158980 1.320E-22 2.746E-02.09640.431  382.11840.720.000000             V6         GROUND 24  5 1A1      25  6 0A2     466520 1 1 1 1 1 0   784.0  784.0
401  897.158980 1.320E-22 2.746E-02.09640.431  382.11840.720.000000             V6         GROUND 24  5 1A2      25  6 0A1     466520 1 1 1 1 1 0   784.0  784.0
401  897.160480 1.390E-23 3.453E-02.08820.192 1028.51950.860.000000             V6         GROUND 47  7 1E       47  8 0E      466520 1 1 1 1 1 0  1520.0 1520.0
401  897.211310 3.390E-23 2.178E-02.08800.215  736.86960.860.000000             V6         GROUND 44  3 1E       45  4 0E      466520 1 1 1 1 1 0  1424.0 1424.0
401  897.247760 4.100E-24 7.130E-03.09330.364  863.97660.800.000000             V6         GROUND 30 10 1E       29 11 0E      355420 1 1 1 1 1 0   976.0  976.0
401  897.252880 8.090E-23 2.371E-02.09070.317  522.96810.860.000000             V6         GROUND 34  4 1E       35  5 0E      466520 1 1 1 1 1 0  1104.0 1104.0
401  897.268670 1.570E-23 3.447E-02.08820.199  998.68110.860.000000             V6         GROUND 46  7 1E       46  8 0E      466520 1 1 1 1 1 0  1488.0 1488.0
401  897.374550 1.770E-23 3.446E-02.08830.207  969.47190.860.000000             V6         GROUND 45  7 1E       45  8 0E      466520 1 1 1 1 1 0  1456.0 1456.0
401  897.478080 1.990E-23 3.449E-02.08850.215  940.89230.860.000000             V6         GROUND 44  7 1E       44  8 0E      466520 1 1 1 1 1 0  1424.0 1424.0
401  897.579280 2.230E-23 3.452E-02.08860.224  912.94260.860.000000             V6         GROUND 43  7 1E       43  8 0E      466520 1 1 1 1 1 0  1392.0 1392.0
401  897.592000 1.540E-22 4.000E-02.10420.420  304.97440.720.000000             V6         GROUND 13  6 1E       14  7 0E      466520 1 1 1 1 1 0   432.0  432.0
401  897.645530 1.010E-24 8.979E-03.08920.218 1272.52940.860.000000             V6         GROUND 43 11 1A2      42 12 0A1     355420 1 1 1 1 1 0  1392.0 1392.0
401  897.645530 1.010E-24 8.979E-03.08920.218 1272.52940.860.000000             V6         GROUND 43 11 1A1      42 12 0A2     355420 1 1 1 1 1 0  1392.0 1392.0
401  897.650950 1.150E-25 1.007E-02.08940.122 1796.86300.860.000000             V6         GROUND 56 12 1E       55 13 0E      355420 1 1 1 1 1 0  1808.0 1808.0
401  897.668710 5.750E-24 4.220E-03.10230.409  594.27260.690.000000             V6         GROUND 19  9 1E       18 10 0E      355420 1 1 1 1 1 0   624.0  624.0
401  897.678160 2.480E-23 3.442E-02.08880.233  885.62320.860.000000             V6         GROUND 42  7 1E       42  8 0E      466520 1 1 1 1 1 0  1360.0 1360.0
401  897.774720 2.750E-23 3.433E-02.08900.242  858.93440.860.000000             V6         GROUND 41  7 1E       41  8 0E      466520 1 1 1 1 1 0  1328.0 1328.0
401  897.790080 1.140E-23 2.074E-02.08720.148  988.62890.860.000000             V6         GROUND 53  2 1A2      54  3 0A1     466520 1 1 1 1 1 0  1712.0 1712.0
401  897.790080 1.140E-23 2.074E-02.08720.148  988.62890.860.000000             V6         GROUND 53  2 1A1      54  3 0A2     466520 1 1 1 1 1 0  1712.0 1712.0
401  897.809970 4.000E-24 7.399E-03.09270.353  883.05970.820.000000             V6         GROUND 31 10 1E       30 11 0E      355420 1 1 1 1 1 0  1008.0 1008.0
401  897.849470 1.390E-22 2.794E-02.09720.438  366.18860.710.000000             V6         GROUND 23  5 1A1      24  6 0A2     466520 1 1 1 1 1 0   752.0  752.0
401  897.849470 1.390E-22 2.794E-02.09720.438  366.18860.710.000000             V6         GROUND 23  5 1A2      24  6 0A1     466520 1 1 1 1 1 0   752.0  752.0
401  897.868950 3.050E-23 3.439E-02.08920.246  832.87650.860.000000             V6         GROUND 40  7 1E       40  8 0E      466520 1 1 1 1 1 0  1296.0 1296.0
401  897.942440 3.820E-23 2.188E-02.08820.224  708.27160.860.000000             V6         GROUND 43  3 1E       44  4 0E      466520 1 1 1 1 1 0  1392.0 1392.0
401  897.960860 3.360E-23 3.433E-02.08940.256  807.44990.860.000000             V6         GROUND 39  7 1E       39  8 0E      466520 1 1 1 1 1 0  1264.0 1264.0
401  897.964040 8.820E-23 2.392E-02.09110.330  500.69090.850.000000             V6         GROUND 33  4 1E       34  5 0E      466520 1 1 1 1 1 0  1072.0 1072.0
401  898.050450 3.680E-23 3.420E-02.08970.267  782.65500.860.000000             V6         GROUND 38  7 1E       38  8 0E      466520 1 1 1 1 1 0  1232.0 1232.0
401  898.137730 4.030E-23 3.420E-02.09000.279  758.49190.860.000000             V6         GROUND 37  7 1E       37  8 0E      466520 1 1 1 1 1 0  1200.0 1200.0
401  898.142510 9.930E-26 1.016E-02.08900.122 1832.29680.860.000000             V6         GROUND 57 12 1E       56 13 0E      355420 1 1 1 1 1 0  1840.0 1840.0
401  898.173330 9.240E-25 9.180E-03.08910.209 1299.81970.860.000000             V6         GROUND 44 11 1A1      43 12 0A2     355420 1 1 1 1 1 0  1424.0 1424.0
401  898.173330 9.240E-25 9.180E-03.08910.209 1299.81970.860.000000             V6         GROUND 44 11 1A2      43 12 0A1     355420 1 1 1 1 1 0  1424.0 1424.0
401  898.222690 4.390E-23 3.415E-02.09030.292  734.96110.860.000000             V6         GROUND 36  7 1E       36  8 0E      466520 1 1 1 1 1 0  1168.0 1168.0
401  898.258750 6.300E-24 4.670E-03.10130.412  606.37540.690.000000             V6         GROUND 20  9 1E       19 10 0E      355420 1 1 1 1 1 0   656.0  656.0
401  898.258890 1.570E-22 4.223E-02.10310.407  296.04740.720.000000             V6         GROUND 12  6 1E       13  7 0E      466520 1 1 1 1 1 0   400.0  400.0
401  898.305340 4.760E-23 3.406E-02.09070.305  712.06270.870.000000             V6         GROUND 35  7 1E       35  8 0E      466520 1 1 1 1 1 0  1136.0 1136.0
401  898.369610 3.870E-24 7.645E-03.09230.342  902.77640.830.000000             V6         GROUND 32 10 1E       31 11 0E      355420 1 1 1 1 1 0  1040.0 1040.0
401  898.385660 5.140E-23 3.397E-02.09110.319  689.79710.860.000000             V6         GROUND 34  7 1E       34  8 0E      466520 1 1 1 1 1 0  1104.0 1104.0
401  898.463690 5.520E-23 3.383E-02.09150.332  668.16460.850.000000             V6         GROUND 33  7 1E       33  8 0E      466520 1 1 1 1 1 0  1072.0 1072.0
401  898.537850 1.460E-22 2.850E-02.09810.444  350.89450.700.000000             V6         GROUND 22  5 1A1      23  6 0A2     466520 1 1 1 1 1 0   720.0  720.0
401  898.537850 1.460E-22 2.850E-02.09810.444  350.89450.700.000000             V6         GROUND 22  5 1A2      23  6 0A1     466520 1 1 1 1 1 0   720.0  720.0
401  898.538700 1.330E-23 2.091E-02.08720.148  954.37170.860.000000             V6         GROUND 52  2 1A1      53  3 0A2     466520 1 1 1 1 1 0  1680.0 1680.0
401  898.538700 1.330E-23 2.091E-02.08720.148  954.37170.860.000000             V6         GROUND 52  2 1A2      53  3 0A1     466520 1 1 1 1 1 0  1680.0 1680.0
401  898.539400 5.920E-23 3.377E-02.09190.346  647.16550.830.000000             V6         GROUND 32  7 1E       32  8 0E      466520 1 1 1 1 1 0  1040.0 1040.0
401  898.612800 6.310E-23 3.364E-02.09240.359  626.79990.820.000000             V6         GROUND 31  7 1E       31  8 0E      466520 1 1 1 1 1 0  1008.0 1008.0
401  898.631240 8.570E-26 1.028E-02.08910.122 1868.35480.860.000000             V6         GROUND 58 12 1E       57 13 0E      355420 1 1 1 1 1 0  1872.0 1872.0
401  898.671600 4.300E-23 2.204E-02.08830.232  680.30390.860.000000             V6         GROUND 42  3 1E       43  4 0E      466520 1 1 1 1 1 0  1360.0 1360.0
401  898.673160 9.590E-23 2.417E-02.09150.344  479.04710.830.000000             V6         GROUND 32  4 1E       33  5 0E      466520 1 1 1 1 1 0  1040.0 1040.0
401  898.683900 6.700E-23 3.353E-02.09300.371  607.06820.800.000000             V6         GROUND 30  7 1E       30  8 0E      466520 1 1 1 1 1 0   976.0  976.0
401  898.698440 8.380E-25 9.337E-03.08900.201 1327.73950.860.000000             V6         GROUND 45 11 1A2      44 12 0A1     355420 1 1 1 1 1 0  1456.0 1456.0
401  898.698440 8.380E-25 9.337E-03.08900.201 1327.73950.860.000000             V6         GROUND 45 11 1A1      44 12 0A2     355420 1 1 1 1 1 0  1456.0 1456.0
401  898.752690 7.080E-23 3.339E-02.09350.383  587.97050.790.000000             V6         GROUND 29  7 1E       29  8 0E      466520 1 1 1 1 1 0   944.0  944.0
401  898.819180 7.440E-23 3.320E-02.09410.393  569.50720.770.000000             V6         GROUND 28  7 1E       28  8 0E      466520 1 1 1 1 1 0   912.0  912.0
401  898.846330 6.770E-24 5.097E-03.10030.413  619.11420.700.000000             V6         GROUND 21  9 1E       20 10 0E      355420 1 1 1 1 1 0   688.0  688.0
401  898.883350 7.790E-23 3.304E-02.09480.403  551.67850.760.000000             V6         GROUND 27  7 1E       27  8 0E      466520 1 1 1 1 1 0   880.0  880.0
401  898.923590 1.590E-22 4.472E-02.10170.391  287.75750.730.000000             V6         GROUND 11  6 1E       12  7 0E      466520 1 1 1 1 1 0   368.0  368.0
401  898.926680 3.730E-24 7.901E-03.09180.329  923.12650.850.000000             V6         GROUND 33 10 1E       32 11 0E      355420 1 1 1 1 1 0  1072.0 1072.0
401  898.945240 8.110E-23 3.284E-02.09550.411  534.48450.750.000000             V6         GROUND 26  7 1E       26  8 0E      466520 1 1 1 1 1 0   848.0  848.0
401  899.004820 8.400E-23 3.262E-02.09620.418  517.92560.730.000000             V6         GROUND 25  7 1E       25  8 0E      466520 1 1 1 1 1 0   816.0  816.0
401  899.062100 8.650E-23 3.236E-02.09700.425  502.00180.720.000000             V6         GROUND 24  7 1E       24  8 0E      466520 1 1 1 1 1 0   784.0  784.0
401  899.089270 5.690E-25 3.366E-04.08560.241  421.91630.730.000000             V6         GROUND 10  8 1A2       9  9 0A1     466520 1 1 1 1 1 0   336.0  336.0
401  899.089270 5.690E-25 3.366E-04.08560.241  421.91630.730.000000             V6         GROUND 10  8 1A1       9  9 0A2     466520 1 1 1 1 1 0   336.0  336.0
401  899.117090 8.860E-23 3.209E-02.09790.429  486.71350.710.000000             V6         GROUND 23  7 1E       23  8 0E      466520 1 1 1 1 1 0   752.0  752.0
401  899.117120 7.360E-26 1.038E-02.08920.122 1905.03660.860.000000             V6         GROUND 59 12 1E       58 13 0E      355420 1 1 1 1 1 0  1904.0 1904.0
401  899.169770 9.020E-23 3.178E-02.09870.433  472.06070.700.000000             V6         GROUND 22  7 1E       22  8 0E      466520 1 1 1 1 1 0   720.0  720.0
401  899.220150 9.110E-23 3.138E-02.09970.435  458.04370.700.000000             V6         GROUND 21  7 1E       21  8 0E      466520 1 1 1 1 1 0   688.0  688.0
401  899.220850 7.570E-25 9.492E-03.08890.193 1356.28860.860.000000             V6         GROUND 46 11 1A1      45 12 0A2     355420 1 1 1 1 1 0  1488.0 1488.0
401  899.220850 7.570E-25 9.492E-03.08890.193 1356.28860.860.000000             V6         GROUND 46 11 1A2      45 12 0A1     355420 1 1 1 1 1 0  1488.0 1488.0
401  899.224120 1.530E-22 2.915E-02.09900.449  336.23630.700.000000             V6         GROUND 21  5 1A1      22  6 0A2     466520 1 1 1 1 1 0   688.0  688.0
401  899.224120 1.530E-22 2.915E-02.09900.449  336.23630.700.000000             V6         GROUND 21  5 1A2      22  6 0A1     466520 1 1 1 1 1 0   688.0  688.0
401  899.268250 9.150E-23 3.097E-02.10070.436  444.66270.690.000000             V6         GROUND 20  7 1E       20  8 0E      466520 1 1 1 1 1 0   656.0  656.0
401  899.285400 1.540E-23 2.099E-02.08730.155  920.74130.860.000000             V6         GROUND 51  2 1A1      52  3 0A2     466520 1 1 1 1 1 0  1648.0 1648.0
401  899.285400 1.540E-23 2.099E-02.08730.155  920.74130.860.000000             V6         GROUND 51  2 1A2      52  3 0A1     466520 1 1 1 1 1 0  1648.0 1648.0
401  899.314040 9.110E-23 3.048E-02.10170.436  431.91770.690.000000             V6         GROUND 19  7 1E       19  8 0E      466520 1 1 1 1 1 0   624.0  624.0
401  899.357550 8.990E-23 2.989E-02.10280.434  419.80910.690.000000             V6         GROUND 18  7 1E       18  8 0E      466520 1 1 1 1 1 0   592.0  592.0
401  899.380240 1.040E-22 2.446E-02.09200.357  458.03690.820.000000             V6         GROUND 31  4 1E       32  5 0E      466520 1 1 1 1 1 0  1008.0 1008.0
401  899.398750 8.780E-23 2.919E-02.10390.430  408.33680.690.000000             V6         GROUND 17  7 1E       17  8 0E      466520 1 1 1 1 1 0   560.0  560.0
401  899.398790 4.820E-23 2.219E-02.08850.241  652.96680.860.000000             V6         GROUND 41  3 1E       42  4 0E      466520 1 1 1 1 1 0  1328.0 1328.0
401  899.431450 7.160E-24 5.504E-03.09930.413  632.48880.700.000000             V6         GROUND 22  9 1E       21 10 0E      355420 1 1 1 1 1 0   720.0  720.0
401  899.437670 8.490E-23 2.840E-02.10350.425  397.50120.690.000000             V6         GROUND 16  7 1E       16  8 0E      466520 1 1 1 1 1 0   528.0  528.0
401  899.474290 8.090E-23 2.742E-02.10380.417  387.30220.700.000000             V6         GROUND 15  7 1E       15  8 0E      466520 1 1 1 1 1 0   496.0  496.0
401  899.481180 3.570E-24 8.141E-03.09140.316  944.10970.860.000000             V6         GROUND 34 10 1E       33 11 0E      355420 1 1 1 1 1 0  1104.0 1104.0
401  899.508620 7.580E-23 2.622E-02.10280.406  377.74000.710.000000             V6         GROUND 14  7 1E       14  8 0E      466520 1 1 1 1 1 0   464.0  464.0
401  899.540660 6.960E-23 2.476E-02.10090.392  368.81480.720.000000             V6         GROUND 13  7 1E       13  8 0E      466520 1 1 1 1 1 0   432.0  432.0
401  899.570410 6.210E-23 2.292E-02.09870.373  360.52660.720.000000             V6         GROUND 12  7 1E       12  8 0E      466520 1 1 1 1 1 0   400.0  400.0
401  899.586120 1.610E-22 4.785E-02.10040.370  280.10500.730.000000             V6         GROUND 10  6 1E       11  7 0E      466520 1 1 1 1 1 0   336.0  336.0
401  899.597870 5.330E-23 2.060E-02.09650.349  352.87560.730.000000             V6         GROUND 11  7 1E       11  8 0E      466520 1 1 1 1 1 0   368.0  368.0
401  899.623040 4.290E-23 1.755E-02.09440.318  345.86190.730.000000             V6         GROUND 10  7 1E       10  8 0E      466520 1 1 1 1 1 0   336.0  336.0
401  899.645920 3.080E-23 1.350E-02.09210.278  339.48550.740.000000             V6         GROUND  9  7 1E        9  8 0E      466520 1 1 1 1 1 0   304.0  304.0
401  899.666510 1.670E-23 7.959E-03.08840.228  333.74650.730.000000             V6         GROUND  8  7 1E        8  8 0E      466520 1 1 1 1 1 0   272.0  272.0
401  899.701260 1.500E-24 8.367E-04.08900.289  428.29120.730.000000             V6         GROUND 11  8 1A2      10  9 0A1     466520 1 1 1 1 1 0   368.0  368.0
401  899.701260 1.500E-24 8.367E-04.08900.289  428.29120.730.000000             V6         GROUND 11  8 1A1      10  9 0A2     466520 1 1 1 1 1 0   368.0  368.0
401  899.740550 6.820E-25 9.658E-03.08890.185 1385.46670.860.000000             V6         GROUND 47 11 1A1      46 12 0A2     355420 1 1 1 1 1 0  1520.0 1520.0
401  899.740550 6.820E-25 9.658E-03.08890.185 1385.46670.860.000000             V6         GROUND 47 11 1A2      46 12 0A1     355420 1 1 1 1 1 0  1520.0 1520.0
401  899.908280 1.600E-22 2.991E-02.10000.452  322.21400.690.000000             V6         GROUND 20  5 1A1      21  6 0A2     466520 1 1 1 1 1 0   656.0  656.0
401  899.908280 1.600E-22 2.991E-02.10000.452  322.21400.690.000000             V6         GROUND 20  5 1A2      21  6 0A1     466520 1 1 1 1 1 0   656.0  656.0
401  900.014080 7.470E-24 5.893E-03.09840.412  646.49910.710.000000             V6         GROUND 23  9 1E       22 10 0E      355420 1 1 1 1 1 0   752.0  752.0
401  900.030180 1.770E-23 2.099E-02.08730.167  887.73830.860.000000             V6         GROUND 50  2 1A1      51  3 0A2     466520 1 1 1 1 1 0  1616.0 1616.0
401  900.030180 1.770E-23 2.099E-02.08730.167  887.73830.860.000000             V6         GROUND 50  2 1A2      51  3 0A1     466520 1 1 1 1 1 0  1616.0 1616.0
401  900.033080 3.390E-24 8.355E-03.09100.302  965.72570.870.000000             V6         GROUND 35 10 1E       34 11 0E      355420 1 1 1 1 1 0  1136.0 1136.0
401  900.085270 1.120E-22 2.467E-02.09250.370  437.66070.800.000000             V6         GROUND 30  4 1E       31  5 0E      466520 1 1 1 1 1 0   976.0  976.0
401  900.123990 5.380E-23 2.233E-02.08880.251  626.26090.860.000000             V6         GROUND 40  3 1E       41  4 0E      466520 1 1 1 1 1 0  1296.0 1296.0
401  900.246430 1.630E-22 5.182E-02.09920.344  273.08980.740.000000             V6         GROUND  9  6 1E       10  7 0E      466520 1 1 1 1 1 0   304.0  304.0
401  900.257520 6.110E-25 9.806E-03.08880.178 1415.27320.860.000000             V6         GROUND 48 11 1A1      47 12 0A2     355420 1 1 1 1 1 0  1552.0 1552.0
401  900.257520 6.110E-25 9.806E-03.08880.178 1415.27320.860.000000             V6         GROUND 48 11 1A2      47 12 0A1     355420 1 1 1 1 1 0  1552.0 1552.0
401  900.310870 2.670E-24 1.420E-03.09200.326  435.30340.720.000000             V6         GROUND 12  8 1A1      11  9 0A2     466520 1 1 1 1 1 0   400.0  400.0
401  900.310870 2.670E-24 1.420E-03.09200.326  435.30340.720.000000             V6         GROUND 12  8 1A2      11  9 0A1     466520 1 1 1 1 1 0   400.0  400.0
401  900.568930 4.790E-24 2.028E-02.08650.149 1183.08880.860.000000             V6         GROUND 59  1 1E       60  2 0E      355420 1 1 1 1 1 0  1904.0 1904.0
401  900.582390 3.210E-24 8.584E-03.09070.288  987.97430.860.000000             V6         GROUND 36 10 1E       35 11 0E      355420 1 1 1 1 1 0  1168.0 1168.0
401  900.590320 1.660E-22 3.061E-02.10100.454  308.82800.690.000000             V6         GROUND 19  5 1A1      20  6 0A2     466520 1 1 1 1 1 0   624.0  624.0
401  900.590320 1.660E-22 3.061E-02.10100.454  308.82800.690.000000             V6         GROUND 19  5 1A2      20  6 0A1     466520 1 1 1 1 1 0   624.0  624.0
401  900.594230 7.700E-24 6.264E-03.09750.410  661.14480.720.000000             V6         GROUND 24  9 1E       23 10 0E      355420 1 1 1 1 1 0   784.0  784.0
401  900.771770 5.450E-25 9.948E-03.08880.170 1445.70790.860.000000             V6         GROUND 49 11 1A2      48 12 0A1     355420 1 1 1 1 1 0  1584.0 1584.0
401  900.771770 5.450E-25 9.948E-03.08880.170 1445.70790.860.000000             V6         GROUND 49 11 1A1      48 12 0A2     355420 1 1 1 1 1 0  1584.0 1584.0
401  900.773010 2.040E-23 2.112E-02.08740.176  855.36300.860.000000             V6         GROUND 49  2 1A1      50  3 0A2     466520 1 1 1 1 1 0  1584.0 1584.0
401  900.773010 2.040E-23 2.112E-02.08740.176  855.36300.860.000000             V6         GROUND 49  2 1A2      50  3 0A1     466520 1 1 1 1 1 0  1584.0 1584.0
401  900.788250 1.200E-22 2.487E-02.09310.383  417.91870.790.000000             V6         GROUND 29  4 1E       30  5 0E      466520 1 1 1 1 1 0   944.0  944.0
401  900.847210 5.990E-23 2.249E-02.08900.260  600.18620.860.000000             V6         GROUND 39  3 1E       40  4 0E      466520 1 1 1 1 1 0  1264.0 1264.0
401  900.904540 1.650E-22 5.692E-02.09780.311  266.71210.730.000000             V6         GROUND  8  6 1E        9  7 0E      466520 1 1 1 1 1 0   272.0  272.0
401  900.918100 3.960E-24 2.026E-03.09520.354  442.95270.720.000000             V6         GROUND 13  8 1A2      12  9 0A1     466520 1 1 1 1 1 0   432.0  432.0
401  900.918100 3.960E-24 2.026E-03.09520.354  442.95270.720.000000             V6         GROUND 13  8 1A1      12  9 0A2     466520 1 1 1 1 1 0   432.0  432.0
401  901.129080 3.020E-24 8.796E-03.09030.275 1010.85520.860.000000             V6         GROUND 37 10 1E       36 11 0E      355420 1 1 1 1 1 0  1200.0 1200.0
401  901.171880 7.850E-24 6.617E-03.09670.407  676.42580.730.000000             V6         GROUND 25  9 1E       24 10 0E      355420 1 1 1 1 1 0   816.0  816.0
401  901.270220 1.720E-22 3.147E-02.10200.454  296.07830.690.000000             V6         GROUND 18  5 1A2      19  6 0A1     466520 1 1 1 1 1 0   592.0  592.0
401  901.270220 1.720E-22 3.147E-02.10200.454  296.07830.690.000000             V6         GROUND 18  5 1A1      19  6 0A2     466520 1 1 1 1 1 0   592.0  592.0
401  901.283260 4.840E-25 1.008E-02.08880.162 1476.77040.860.000000             V6         GROUND 50 11 1A1      49 12 0A2     355420 1 1 1 1 1 0  1616.0 1616.0
401  901.283260 4.840E-25 1.008E-02.08880.162 1476.77040.860.000000             V6         GROUND 50 11 1A2      49 12 0A1     355420 1 1 1 1 1 0  1616.0 1616.0
401  901.329090 5.680E-24 2.037E-02.08650.149 1145.07700.860.000000             V6         GROUND 58  1 1E       59  2 0E      355420 1 1 1 1 1 0  1872.0 1872.0
401  901.489180 1.290E-22 2.526E-02.09370.396  398.81100.770.000000             V6         GROUND 28  4 1E       29  5 0E      466520 1 1 1 1 1 0   912.0  912.0
401  901.513910 2.340E-23 2.123E-02.08750.185  823.61580.860.000000             V6         GROUND 48  2 1A2      49  3 0A1     466520 1 1 1 1 1 0  1552.0 1552.0
401  901.513910 2.340E-23 2.123E-02.08750.185  823.61580.860.000000             V6         GROUND 48  2 1A1      49  3 0A2     466520 1 1 1 1 1 0  1552.0 1552.0
401  901.522920 5.300E-24 2.632E-03.09850.375  451.23900.710.000000             V6         GROUND 14  8 1A2      13  9 0A1     466520 1 1 1 1 1 0   464.0  464.0
401  901.522920 5.300E-24 2.632E-03.09850.375  451.23900.710.000000             V6         GROUND 14  8 1A1      13  9 0A2     466520 1 1 1 1 1 0   464.0  464.0
401  901.560430 1.670E-22 6.359E-02.09540.270  260.97200.720.000000             V6         GROUND  7  6 1E        8  7 0E      466520 1 1 1 1 1 0   240.0  240.0
401  901.568420 6.640E-23 2.264E-02.08930.270  574.74330.860.000000             V6         GROUND 38  3 1E       39  4 0E      466520 1 1 1 1 1 0  1232.0 1232.0
401  901.673160 2.830E-24 9.011E-03.09010.262 1034.36820.860.000000             V6         GROUND 38 10 1E       37 11 0E      355420 1 1 1 1 1 0  1232.0 1232.0
401  901.747030 7.920E-24 6.950E-03.09600.402  692.34190.750.000000             V6         GROUND 26  9 1E       25 10 0E      355420 1 1 1 1 1 0   848.0  848.0
401  901.792020 4.290E-25 1.023E-02.08880.153 1508.46030.860.000000             V6         GROUND 51 11 1A2      50 12 0A1     355420 1 1 1 1 1 0  1648.0 1648.0
401  901.792020 4.290E-25 1.023E-02.08880.153 1508.46030.860.000000             V6         GROUND 51 11 1A1      50 12 0A2     355420 1 1 1 1 1 0  1648.0 1648.0
401  901.947990 1.770E-22 3.233E-02.10310.453  283.96500.690.000000             V6         GROUND 17  5 1A2      18  6 0A1     466520 1 1 1 1 1 0   560.0  560.0
401  901.947990 1.770E-22 3.233E-02.10310.453  283.96500.690.000000             V6         GROUND 17  5 1A1      18  6 0A2     466520 1 1 1 1 1 0   560.0  560.0
401  902.087340 6.710E-24 2.045E-02.08650.149 1107.68940.860.000000             V6         GROUND 57  1 1E       58  2 0E      355420 1 1 1 1 1 0  1840.0 1840.0
401  902.125340 6.630E-24 3.220E-03.10120.392  460.16210.700.000000             V6         GROUND 15  8 1A2      14  9 0A1     466520 1 1 1 1 1 0   496.0  496.0
401  902.125340 6.630E-24 3.220E-03.10120.392  460.16210.700.000000             V6         GROUND 15  8 1A1      14  9 0A2     466520 1 1 1 1 1 0   496.0  496.0
401  902.188030 1.380E-22 2.563E-02.09430.407  380.33810.760.000000             V6         GROUND 27  4 1E       28  5 0E      466520 1 1 1 1 1 0   880.0  880.0
401  902.214100 1.700E-22 7.296E-02.09020.220  255.86940.710.000000             V6         GROUND  6  6 1E        7  7 0E      466520 1 1 1 1 1 0   208.0  208.0
401  902.214610 2.630E-24 9.189E-03.08980.250 1058.51290.860.000000             V6         GROUND 39 10 1E       38 11 0E      355420 1 1 1 1 1 0  1264.0 1264.0
401  902.252870 2.670E-23 2.129E-02.08760.193  792.49710.860.000000             V6         GROUND 47  2 1A1      48  3 0A2     466520 1 1 1 1 1 0  1520.0 1520.0
401  902.252870 2.670E-23 2.129E-02.08760.193  792.49710.860.000000             V6         GROUND 47  2 1A2      48  3 0A1     466520 1 1 1 1 1 0  1520.0 1520.0
401  902.287640 7.340E-23 2.281E-02.08960.282  549.93230.860.000000             V6         GROUND 37  3 1E       38  4 0E      466520 1 1 1 1 1 0  1200.0 1200.0
401  902.298000 3.780E-25 1.036E-02.08890.143 1540.77720.860.000000             V6         GROUND 52 11 1A1      51 12 0A2     355420 1 1 1 1 1 0  1680.0 1680.0
401  902.298000 3.780E-25 1.036E-02.08890.143 1540.77720.860.000000             V6         GROUND 52 11 1A2      51 12 0A1     355420 1 1 1 1 1 0  1680.0 1680.0
401  902.319670 7.930E-24 7.276E-03.09520.396  708.89290.760.000000             V6         GROUND 27  9 1E       26 10 0E      355420 1 1 1 1 1 0   880.0  880.0
401  902.623610 1.820E-22 3.339E-02.10430.451  272.48850.690.000000             V6         GROUND 16  5 1A1      17  6 0A2     466520 1 1 1 1 1 0   528.0  528.0
401  902.623610 1.820E-22 3.339E-02.10430.451  272.48850.690.000000             V6         GROUND 16  5 1A2      17  6 0A1     466520 1 1 1 1 1 0   528.0  528.0
401  902.662170 3.540E-24 3.610E-02.08720.142 1362.96150.860.000000             V6         GROUND 59  6 1E       59  7 0E      355420 1 1 1 1 1 0  1904.0 1904.0
401  902.725350 7.920E-24 3.791E-03.10280.404  469.72210.690.000000             V6         GROUND 16  8 1A2      15  9 0A1     466520 1 1 1 1 1 0   528.0  528.0
401  902.725350 7.920E-24 3.791E-03.10280.404  469.72210.690.000000             V6         GROUND 16  8 1A1      15  9 0A2     466520 1 1 1 1 1 0   528.0  528.0
401  902.753420 2.440E-24 9.390E-03.08960.239 1083.28900.860.000000             V6         GROUND 40 10 1E       39 11 0E      355420 1 1 1 1 1 0  1296.0 1296.0
401  902.798430 4.170E-24 3.608E-02.08720.142 1325.59650.860.000000             V6         GROUND 58  6 1E       58  7 0E      355420 1 1 1 1 1 0  1872.0 1872.0
401  902.801210 3.320E-25 1.049E-02.08890.132 1573.72060.860.000000             V6         GROUND 53 11 1A2      52 12 0A1     355420 1 1 1 1 1 0  1712.0 1712.0
401  902.801210 3.320E-25 1.049E-02.08890.132 1573.72060.860.000000             V6         GROUND 53 11 1A1      52 12 0A2     355420 1 1 1 1 1 0  1712.0 1712.0
401  902.843700 7.900E-24 2.053E-02.08650.149 1070.92650.860.000000             V6         GROUND 56  1 1E       57  2 0E      355420 1 1 1 1 1 0  1808.0 1808.0
401  902.884810 1.460E-22 2.585E-02.09500.418  362.50000.750.000000             V6         GROUND 26  4 1E       27  5 0E      466520 1 1 1 1 1 0   848.0  848.0
401  902.889780 7.860E-24 7.575E-03.09460.389  726.07860.770.000000             V6         GROUND 28  9 1E       27 10 0E      355420 1 1 1 1 1 0   912.0  912.0
401  902.932300 4.900E-24 3.609E-02.08720.142 1288.85590.860.000000             V6         GROUND 57  6 1E       57  7 0E      355420 1 1 1 1 1 0  1840.0 1840.0
401  902.989880 3.050E-23 2.146E-02.08770.201  762.00740.860.000000             V6         GROUND 46  2 1A2      47  3 0A1     466520 1 1 1 1 1 0  1488.0 1488.0
401  902.989880 3.050E-23 2.146E-02.08770.201  762.00740.860.000000             V6         GROUND 46  2 1A1      47  3 0A2     466520 1 1 1 1 1 0  1488.0 1488.0
401  903.004860 8.080E-23 2.297E-02.08990.294  525.75370.860.000000             V6         GROUND 36  3 1E       37  4 0E      466520 1 1 1 1 1 0  1168.0 1168.0
401  903.063830 5.740E-24 3.611E-02.08710.142 1252.74000.860.000000             V6         GROUND 56  6 1E       56  7 0E      355420 1 1 1 1 1 0  1808.0 1808.0
401  903.192990 6.700E-24 3.612E-02.08770.142 1217.24940.860.000000             V6         GROUND 55  6 1E       55  7 0E      466520 1 1 1 1 1 0  1776.0 1776.0
401  903.289590 2.250E-24 9.572E-03.08940.230 1108.69620.860.000000             V6         GROUND 41 10 1E       40 11 0E      355420 1 1 1 1 1 0  1328.0 1328.0
401  903.297090 1.860E-22 3.451E-02.10460.446  261.64880.700.000000             V6         GROUND 15  5 1A2      16  6 0A1     466520 1 1 1 1 1 0   496.0  496.0
401  903.297090 1.860E-22 3.451E-02.10460.446  261.64880.700.000000             V6         GROUND 15  5 1A1      16  6 0A2     466520 1 1 1 1 1 0   496.0  496.0
401  903.301620 2.900E-25 1.060E-02.08900.126 1607.29030.860.000000             V6         GROUND 54 11 1A2      53 12 0A1     355420 1 1 1 1 1 0  1744.0 1744.0
401  903.301620 2.900E-25 1.060E-02.08900.126 1607.29030.860.000000             V6         GROUND 54 11 1A1      53 12 0A2     355420 1 1 1 1 1 0  1744.0 1744.0
401  903.319790 7.790E-24 3.611E-02.08770.142 1182.38450.860.000000             V6         GROUND 54  6 1E       54  7 0E      466520 1 1 1 1 1 0  1744.0 1744.0
401  903.322930 9.130E-24 4.335E-03.10280.412  479.91880.690.000000             V6         GROUND 17  8 1A1      16  9 0A2     466520 1 1 1 1 1 0   560.0  560.0
401  903.322930 9.130E-24 4.335E-03.10280.412  479.91880.690.000000             V6         GROUND 17  8 1A2      16  9 0A1     466520 1 1 1 1 1 0   560.0  560.0
401  903.444250 9.030E-24 3.611E-02.08770.142 1148.14560.860.000000             V6         GROUND 53  6 1E       53  7 0E      466520 1 1 1 1 1 0  1712.0 1712.0
401  903.457360 7.740E-24 7.868E-03.09400.381  743.89870.790.000000             V6         GROUND 29  9 1E       28 10 0E      355420 1 1 1 1 1 0   944.0  944.0
401  903.566360 1.040E-23 3.600E-02.08770.148 1114.53330.860.000000             V6         GROUND 52  6 1E       52  7 0E      466520 1 1 1 1 1 0  1680.0 1680.0
401  903.579520 1.550E-22 2.627E-02.09580.428  345.29710.730.000000             V6         GROUND 25  4 1E       26  5 0E      466520 1 1 1 1 1 0   816.0  816.0
401  903.598150 9.270E-24 2.060E-02.08650.149 1034.78880.860.000000             V6         GROUND 55  1 1E       56  2 0E      355420 1 1 1 1 1 0  1776.0 1776.0
401  903.686120 1.200E-23 3.608E-02.08780.160 1081.54800.860.000000             V6         GROUND 51  6 1E       51  7 0E      466520 1 1 1 1 1 0  1648.0 1648.0
401  903.720060 8.860E-23 2.313E-02.09030.306  502.20770.870.000000             V6         GROUND 35  3 1E       36  4 0E      466520 1 1 1 1 1 0  1136.0 1136.0
401  903.724940 3.460E-23 2.155E-02.08780.209  732.14690.860.000000             V6         GROUND 45  2 1A1      46  3 0A2     466520 1 1 1 1 1 0  1456.0 1456.0
401  903.724940 3.460E-23 2.155E-02.08780.209  732.14690.860.000000             V6         GROUND 45  2 1A2      46  3 0A1     466520 1 1 1 1 1 0  1456.0 1456.0
401  903.799260 2.530E-25 1.074E-02.08900.126 1641.48570.860.000000             V6         GROUND 55 11 1A2      54 12 0A1     355420 1 1 1 1 1 0  1776.0 1776.0
401  903.799260 2.530E-25 1.074E-02.08900.126 1641.48570.860.000000             V6         GROUND 55 11 1A1      54 12 0A2     355420 1 1 1 1 1 0  1776.0 1776.0
401  903.803540 1.380E-23 3.617E-02.08780.170 1049.19010.860.000000             V6         GROUND 50  6 1E       50  7 0E      466520 1 1 1 1 1 0  1616.0 1616.0
401  903.823090 2.060E-24 9.723E-03.08920.232 1134.73420.860.000000             V6         GROUND 42 10 1E       41 11 0E      355420 1 1 1 1 1 0  1360.0 1360.0
401  903.918090 1.020E-23 4.835E-03.10370.418  490.75200.690.000000             V6         GROUND 18  8 1A1      17  9 0A2     466520 1 1 1 1 1 0   592.0  592.0
401  903.918090 1.020E-23 4.835E-03.10370.418  490.75200.690.000000             V6         GROUND 18  8 1A2      17  9 0A1     466520 1 1 1 1 1 0   592.0  592.0
401  903.918620 1.570E-23 3.599E-02.08790.178 1017.46000.860.000000             V6         GROUND 49  6 1E       49  7 0E      466520 1 1 1 1 1 0  1584.0 1584.0
401  903.968390 1.900E-22 3.591E-02.10530.440  251.44590.710.000000             V6         GROUND 14  5 1A1      15  6 0A2     466520 1 1 1 1 1 0   464.0  464.0
401  903.968390 1.900E-22 3.591E-02.10530.440  251.44590.710.000000             V6         GROUND 14  5 1A2      15  6 0A1     466520 1 1 1 1 1 0   464.0  464.0
401  904.022400 7.560E-24 8.140E-03.09340.371  762.35320.800.000000             V6         GROUND 30  9 1E       29 10 0E      355420 1 1 1 1 1 0   976.0  976.0
401  904.031360 1.790E-23 3.601E-02.08790.186  986.35800.860.000000             V6         GROUND 48  6 1E       48  7 0E      466520 1 1 1 1 1 0  1552.0 1552.0
401  904.141760 2.030E-23 3.596E-02.08800.194  955.88460.860.000000             V6         GROUND 47  6 1E       47  7 0E      466520 1 1 1 1 1 0  1520.0 1520.0
401  904.249830 2.300E-23 3.601E-02.08810.202  926.04020.860.000000             V6         GROUND 46  6 1E       46  7 0E      466520 1 1 1 1 1 0  1488.0 1488.0
401  904.272130 1.640E-22 2.673E-02.09650.436  328.72950.720.000000             V6         GROUND 24  4 1E       25  5 0E      466520 1 1 1 1 1 0   784.0  784.0
401  904.294070 2.200E-25 1.087E-02.08910.126 1676.30640.860.000000             V6         GROUND 56 11 1A2      55 12 0A1     355420 1 1 1 1 1 0  1808.0 1808.0
401  904.294070 2.200E-25 1.087E-02.08910.126 1676.30640.860.000000             V6         GROUND 56 11 1A1      55 12 0A2     355420 1 1 1 1 1 0  1808.0 1808.0
401  904.350670 1.080E-23 2.060E-02.08710.149  999.27670.860.000000             V6         GROUND 54  1 1E       55  2 0E      466520 1 1 1 1 1 0  1744.0 1744.0
401  904.353920 1.890E-24 9.933E-03.08910.223 1161.40270.860.000000             V6         GROUND 43 10 1E       42 11 0E      355420 1 1 1 1 1 0  1392.0 1392.0
401  904.355570 2.590E-23 3.597E-02.08820.210  896.82520.860.000000             V6         GROUND 45  6 1E       45  7 0E      466520 1 1 1 1 1 0  1456.0 1456.0
401  904.433240 9.690E-23 2.332E-02.09070.319  479.29460.860.000000             V6         GROUND 34  3 1E       35  4 0E      466520 1 1 1 1 1 0  1104.0 1104.0
401  904.458030 3.910E-23 2.164E-02.08800.217  702.91610.860.000000             V6         GROUND 44  2 1A1      45  3 0A2     466520 1 1 1 1 1 0  1424.0 1424.0
401  904.458030 3.910E-23 2.164E-02.08800.217  702.91610.860.000000             V6         GROUND 44  2 1A2      45  3 0A1     466520 1 1 1 1 1 0  1424.0 1424.0
401  904.458970 2.910E-23 3.597E-02.08840.218  868.23980.860.000000             V6         GROUND 44  6 1E       44  7 0E      466520 1 1 1 1 1 0  1424.0 1424.0
401  904.510800 1.120E-23 5.332E-03.10260.422  502.22160.690.000000             V6         GROUND 19  8 1A1      18  9 0A2     466520 1 1 1 1 1 0   624.0  624.0
401  904.510800 1.120E-23 5.332E-03.10260.422  502.22160.690.000000             V6         GROUND 19  8 1A2      18  9 0A1     466520 1 1 1 1 1 0   624.0  624.0
401  904.560070 3.260E-23 3.599E-02.08850.226  840.28450.860.000000             V6         GROUND 43  6 1E       43  7 0E      466520 1 1 1 1 1 0  1392.0 1392.0
401  904.584900 7.340E-24 8.407E-03.09280.360  781.44160.820.000000             V6         GROUND 31  9 1E       30 10 0E      355420 1 1 1 1 1 0  1008.0 1008.0
401  904.637530 1.930E-22 3.745E-02.10540.431  241.88020.720.000000             V6         GROUND 13  5 1A2      14  6 0A1     466520 1 1 1 1 1 0   432.0  432.0
401  904.637530 1.930E-22 3.745E-02.10540.431  241.88020.720.000000             V6         GROUND 13  5 1A1      14  6 0A2     466520 1 1 1 1 1 0   432.0  432.0
401  904.658820 3.630E-23 3.592E-02.08870.235  812.95950.860.000000             V6         GROUND 42  6 1E       42  7 0E      466520 1 1 1 1 1 0  1360.0 1360.0
401  904.755260 4.030E-23 3.588E-02.08890.245  786.26540.860.000000             V6         GROUND 41  6 1E       41  7 0E      466520 1 1 1 1 1 0  1328.0 1328.0
401  904.786080 1.900E-25 1.097E-02.08860.126 1711.75200.860.000000             V6         GROUND 57 11 1A1      56 12 0A2     355420 1 1 1 1 1 0  1840.0 1840.0
401  904.786080 1.900E-25 1.097E-02.08860.126 1711.75200.860.000000             V6         GROUND 57 11 1A2      56 12 0A1     355420 1 1 1 1 1 0  1840.0 1840.0
401  904.849380 4.460E-23 3.585E-02.08910.250  760.20230.860.000000             V6         GROUND 40  6 1E       40  7 0E      466520 1 1 1 1 1 0  1296.0 1296.0
401  904.882090 1.720E-24 1.010E-02.08890.213 1188.70130.860.000000             V6         GROUND 44 10 1E       43 11 0E      355420 1 1 1 1 1 0  1424.0 1424.0
401  904.941180 4.920E-23 3.584E-02.08940.261  734.77060.860.000000             V6         GROUND 39  6 1E       39  7 0E      466520 1 1 1 1 1 0  1264.0 1264.0
401  904.962650 1.720E-22 2.709E-02.09730.444  312.79740.710.000000             V6         GROUND 23  4 1E       24  5 0E      466520 1 1 1 1 1 0   752.0  752.0
401  905.030660 5.400E-23 3.579E-02.08970.272  709.97070.860.000000             V6         GROUND 38  6 1E       38  7 0E      466520 1 1 1 1 1 0  1232.0 1232.0
401  905.101070 1.210E-23 5.819E-03.10150.425  514.32750.690.000000             V6         GROUND 20  8 1A1      19  9 0A2     466520 1 1 1 1 1 0   656.0  656.0
401  905.101070 1.210E-23 5.819E-03.10150.425  514.32750.690.000000             V6         GROUND 20  8 1A2      19  9 0A1     466520 1 1 1 1 1 0   656.0  656.0
401  905.101290 1.260E-23 2.070E-02.08710.149  964.39060.860.000000             V6         GROUND 53  1 1E       54  2 0E      466520 1 1 1 1 1 0  1712.0 1712.0
401  905.117820 5.910E-23 3.576E-02.09000.284  685.80270.860.000000             V6         GROUND 37  6 1E       37  7 0E      466520 1 1 1 1 1 0  1200.0 1200.0
401  905.144400 1.060E-22 2.361E-02.09110.333  457.01470.850.000000             V6         GROUND 33  3 1E       34  4 0E      466520 1 1 1 1 1 0  1072.0 1072.0
401  905.144840 7.080E-24 8.661E-03.09230.348  801.16380.830.000000             V6         GROUND 32  9 1E       31 10 0E      355420 1 1 1 1 1 0  1040.0 1040.0
401  905.189160 4.410E-23 2.176E-02.08810.225  674.31540.860.000000             V6         GROUND 43  2 1A1      44  3 0A2     466520 1 1 1 1 1 0  1392.0 1392.0
401  905.189160 4.410E-23 2.176E-02.08810.225  674.31540.860.000000             V6         GROUND 43  2 1A2      44  3 0A1     466520 1 1 1 1 1 0  1392.0 1392.0
401  905.202680 6.440E-23 3.571E-02.09030.296  662.26720.860.000000             V6         GROUND 36  6 1E       36  7 0E      466520 1 1 1 1 1 0  1168.0 1168.0
401  905.275240 1.640E-25 1.111E-02.08870.126 1747.82200.860.000000             V6         GROUND 58 11 1A2      57 12 0A1     355420 1 1 1 1 1 0  1872.0 1872.0
401  905.275240 1.640E-25 1.111E-02.08870.126 1747.82200.860.000000             V6         GROUND 58 11 1A1      57 12 0A2     355420 1 1 1 1 1 0  1872.0 1872.0
401  905.285220 6.980E-23 3.561E-02.09070.310  639.36420.870.000000             V6         GROUND 35  6 1E       35  7 0E      466520 1 1 1 1 1 0  1136.0 1136.0
401  905.304500 1.950E-22 3.919E-02.10500.420  232.95160.720.000000             V6         GROUND 12  5 1A1      13  6 0A2     466520 1 1 1 1 1 0   400.0  400.0
401  905.304500 1.950E-22 3.919E-02.10500.420  232.95160.720.000000             V6         GROUND 12  5 1A2      13  6 0A1     466520 1 1 1 1 1 0   400.0  400.0
401  905.365460 7.550E-23 3.558E-02.09110.323  617.09420.860.000000             V6         GROUND 34  6 1E       34  7 0E      466520 1 1 1 1 1 0  1104.0 1104.0
401  905.384920 9.880E-25 4.265E-04.08840.228  333.74650.740.000000             V6         GROUND  9  7 1E        8  8 0E      466520 1 1 1 1 1 0   304.0  304.0
401  905.407560 1.560E-24 1.028E-02.08880.205 1216.62970.860.000000             V6         GROUND 45 10 1E       44 11 0E      355420 1 1 1 1 1 0  1456.0 1456.0
401  905.443380 8.120E-23 3.548E-02.09150.337  595.45730.850.000000             V6         GROUND 33  6 1E       33  7 0E      466520 1 1 1 1 1 0  1072.0 1072.0
401  905.519000 8.710E-23 3.542E-02.09200.350  574.45390.830.000000             V6         GROUND 32  6 1E       32  7 0E      466520 1 1 1 1 1 0  1040.0 1040.0
401  905.592310 9.300E-23 3.535E-02.09250.363  554.08430.820.000000             V6         GROUND 31  6 1E       31  7 0E      466520 1 1 1 1 1 0  1008.0 1008.0
401  905.651070 1.800E-22 2.753E-02.09820.450  297.50100.700.000000             V6         GROUND 22  4 1E       23  5 0E      466520 1 1 1 1 1 0   720.0  720.0
401  905.663320 9.880E-23 3.524E-02.09300.376  534.34860.800.000000             V6         GROUND 30  6 1E       30  7 0E      466520 1 1 1 1 1 0   976.0  976.0
401  905.688880 1.280E-23 6.253E-03.10050.425  527.06960.700.000000             V6         GROUND 21  8 1A1      20  9 0A2     466520 1 1 1 1 1 0   688.0  688.0
401  905.688880 1.280E-23 6.253E-03.10050.425  527.06960.700.000000             V6         GROUND 21  8 1A2      20  9 0A1     466520 1 1 1 1 1 0   688.0  688.0
401  905.702210 6.790E-24 8.907E-03.09180.335  821.51960.850.000000             V6         GROUND 33  9 1E       32 10 0E      355420 1 1 1 1 1 0  1072.0 1072.0
401  905.732020 1.050E-22 3.530E-02.09360.388  515.24710.790.000000             V6         GROUND 29  6 1E       29  7 0E      466520 1 1 1 1 1 0   944.0  944.0
401  905.761580 1.410E-25 1.123E-02.08880.126 1784.51600.860.000000             V6         GROUND 59 11 1A1      58 12 0A2     355420 1 1 1 1 1 0  1904.0 1904.0
401  905.761580 1.410E-25 1.123E-02.08880.126 1784.51600.860.000000             V6         GROUND 59 11 1A2      58 12 0A1     355420 1 1 1 1 1 0  1904.0 1904.0
401  905.798430 1.100E-22 3.499E-02.09420.399  496.78010.770.000000             V6         GROUND 28  6 1E       28  7 0E      466520 1 1 1 1 1 0   912.0  912.0
401  905.849990 1.470E-23 2.087E-02.08710.149  930.13110.860.000000             V6         GROUND 52  1 1E       53  2 0E      466520 1 1 1 1 1 0  1680.0 1680.0
401  905.853530 1.150E-22 2.381E-02.09160.346  435.36830.830.000000             V6         GROUND 32  3 1E       33  4 0E      466520 1 1 1 1 1 0  1040.0 1040.0
401  905.862530 1.150E-22 3.477E-02.09490.409  478.94780.760.000000             V6         GROUND 27  6 1E       27  7 0E      466520 1 1 1 1 1 0   880.0  880.0
401  905.918330 4.950E-23 2.185E-02.08830.233  646.34510.860.000000             V6         GROUND 42  2 1A1      43  3 0A2     466520 1 1 1 1 1 0  1360.0 1360.0
401  905.918330 4.950E-23 2.185E-02.08830.233  646.34510.860.000000             V6         GROUND 42  2 1A2      43  3 0A1     466520 1 1 1 1 1 0  1360.0 1360.0
401  905.924340 1.200E-22 3.464E-02.09560.418  461.75040.750.000000             V6         GROUND 26  6 1E       26  7 0E      466520 1 1 1 1 1 0   848.0  848.0
401  905.930340 1.400E-24 1.038E-02.08880.197 1245.18760.860.000000             V6         GROUND 46 10 1E       45 11 0E      355420 1 1 1 1 1 0  1488.0 1488.0
401  905.969280 1.970E-22 4.139E-02.10430.406  224.66040.730.000000             V6         GROUND 11  5 1A2      12  6 0A1     466520 1 1 1 1 1 0   368.0  368.0
401  905.969280 1.970E-22 4.139E-02.10430.406  224.66040.730.000000             V6         GROUND 11  5 1A1      12  6 0A2     466520 1 1 1 1 1 0   368.0  368.0
401  905.983840 1.250E-22 3.460E-02.09630.425  445.18810.730.000000             V6         GROUND 25  6 1E       25  7 0E      466520 1 1 1 1 1 0   816.0  816.0
401  905.999460 2.600E-24 1.046E-03.09210.278  339.48550.730.000000             V6         GROUND 10  7 1E        9  8 0E      466520 1 1 1 1 1 0   336.0  336.0
401  906.041050 1.290E-22 3.440E-02.09710.432  429.26110.720.000000             V6         GROUND 24  6 1E       24  7 0E      466520 1 1 1 1 1 0   784.0  784.0
401  906.095960 1.320E-22 3.407E-02.09800.437  413.96970.710.000000             V6         GROUND 23  6 1E       23  7 0E      466520 1 1 1 1 1 0   752.0  752.0
401  906.148580 1.350E-22 3.390E-02.09890.442  399.31400.700.000000             V6         GROUND 22  6 1E       22  7 0E      466520 1 1 1 1 1 0   720.0  720.0
401  906.198910 1.370E-22 3.363E-02.09980.444  385.29420.700.000000             V6         GROUND 21  6 1E       21  7 0E      466520 1 1 1 1 1 0   688.0  688.0
401  906.246940 1.380E-22 3.330E-02.10080.446  371.91050.690.000000             V6         GROUND 20  6 1E       20  7 0E      466520 1 1 1 1 1 0   656.0  656.0
401  906.256990 6.480E-24 9.151E-03.09140.322  842.50870.860.000000             V6         GROUND 34  9 1E       33 10 0E      355420 1 1 1 1 1 0  1104.0 1104.0
401  906.274230 1.330E-23 6.634E-03.09950.425  540.44760.700.000000             V6         GROUND 22  8 1A1      21  9 0A2     466520 1 1 1 1 1 0   720.0  720.0
401  906.274230 1.330E-23 6.634E-03.09950.425  540.44760.700.000000             V6         GROUND 22  8 1A2      21  9 0A1     466520 1 1 1 1 1 0   720.0  720.0
401  906.292670 1.380E-22 3.290E-02.10190.446  359.16300.690.000000             V6         GROUND 19  6 1E       19  7 0E      466520 1 1 1 1 1 0   624.0  624.0
401  906.336120 1.370E-22 3.247E-02.10300.444  347.05190.690.000000             V6         GROUND 18  6 1E       18  7 0E      466520 1 1 1 1 1 0   592.0  592.0
401  906.337390 1.880E-22 2.806E-02.09910.455  282.84060.700.000000             V6         GROUND 21  4 1E       22  5 0E      466520 1 1 1 1 1 0   688.0  688.0
401  906.377280 1.350E-22 3.199E-02.10410.441  335.57730.690.000000             V6         GROUND 17  6 1E       17  7 0E      466520 1 1 1 1 1 0   560.0  560.0
401  906.416140 1.310E-22 3.124E-02.10410.436  324.73950.690.000000             V6         GROUND 16  6 1E       16  7 0E      466520 1 1 1 1 1 0   528.0  528.0
401  906.450400 1.260E-24 1.055E-02.08870.189 1274.37450.860.000000             V6         GROUND 47 10 1E       46 11 0E      355420 1 1 1 1 1 0  1520.0 1520.0
401  906.452720 1.260E-22 3.044E-02.10460.429  314.53840.700.000000             V6         GROUND 15  6 1E       15  7 0E      466520 1 1 1 1 1 0   496.0  496.0
401  906.487010 1.200E-22 2.958E-02.10420.420  304.97440.710.000000             V6         GROUND 14  6 1E       14  7 0E      466520 1 1 1 1 1 0   464.0  464.0
401  906.519010 1.120E-22 2.840E-02.10310.407  296.04740.720.000000             V6         GROUND 13  6 1E       13  7 0E      466520 1 1 1 1 1 0   432.0  432.0
401  906.548710 1.030E-22 2.709E-02.10170.391  287.75750.720.000000             V6         GROUND 12  6 1E       12  7 0E      466520 1 1 1 1 1 0   400.0  400.0
401  906.560620 1.240E-22 2.395E-02.09200.360  414.35560.820.000000             V6         GROUND 31  3 1E       32  4 0E      466520 1 1 1 1 1 0  1008.0 1008.0
401  906.576140 9.160E-23 2.523E-02.10040.370  280.10500.730.000000             V6         GROUND 11  6 1E       11  7 0E      466520 1 1 1 1 1 0   368.0  368.0
401  906.596750 1.700E-23 2.092E-02.08720.156  896.49850.860.000000             V6         GROUND 51  1 1E       52  2 0E      466520 1 1 1 1 1 0  1648.0 1648.0
401  906.601280 7.850E-23 2.289E-02.09920.344  273.08980.730.000000             V6         GROUND 10  6 1E       10  7 0E      466520 1 1 1 1 1 0   336.0  336.0
401  906.611630 4.580E-24 1.737E-03.09440.318  345.86190.730.000000             V6         GROUND 11  7 1E       10  8 0E      466520 1 1 1 1 1 0   368.0  368.0
401  906.624130 6.320E-23 1.975E-02.09780.311  266.71210.740.000000             V6         GROUND  9  6 1E        9  7 0E      466520 1 1 1 1 1 0   304.0  304.0
401  906.631880 1.990E-22 4.419E-02.10380.388  217.00650.730.000000             V6         GROUND 10  5 1A1      11  6 0A2     466520 1 1 1 1 1 0   336.0  336.0
401  906.631880 1.990E-22 4.419E-02.10380.388  217.00650.730.000000             V6         GROUND 10  5 1A2      11  6 0A1     466520 1 1 1 1 1 0   336.0  336.0
401  906.644690 4.540E-23 1.542E-02.09540.270  260.97200.730.000000             V6         GROUND  8  6 1E        8  7 0E      466520 1 1 1 1 1 0   272.0  272.0
401  906.645510 5.540E-23 2.196E-02.08850.242  619.00550.860.000000             V6         GROUND 41  2 1A1      42  3 0A2     466520 1 1 1 1 1 0  1328.0 1328.0
401  906.645510 5.540E-23 2.196E-02.08850.242  619.00550.860.000000             V6         GROUND 41  2 1A2      42  3 0A1     466520 1 1 1 1 1 0  1328.0 1328.0
401  906.662970 2.470E-23 9.276E-03.09020.220  255.86940.720.000000             V6         GROUND  7  6 1E        7  7 0E      466520 1 1 1 1 1 0   240.0  240.0
401  906.809200 6.140E-24 9.372E-03.09100.308  864.13080.870.000000             V6         GROUND 35  9 1E       34 10 0E      355420 1 1 1 1 1 0  1136.0 1136.0
401  906.857090 1.380E-23 7.063E-03.09860.423  554.46140.710.000000             V6         GROUND 23  8 1A2      22  9 0A1     466520 1 1 1 1 1 0   752.0  752.0
401  906.857090 1.380E-23 7.063E-03.09860.423  554.46140.710.000000             V6         GROUND 23  8 1A1      22  9 0A2     466520 1 1 1 1 1 0   752.0  752.0
401  906.967750 1.130E-24 1.072E-02.08860.182 1304.19020.860.000000             V6         GROUND 48 10 1E       47 11 0E      355420 1 1 1 1 1 0  1552.0 1552.0
401  907.021590 1.950E-22 2.855E-02.10010.459  268.81630.690.000000             V6         GROUND 20  4 1E       21  5 0E      466520 1 1 1 1 1 0   656.0  656.0
401  907.221410 6.770E-24 2.447E-03.09650.349  352.87560.720.000000             V6         GROUND 12  7 1E       11  8 0E      466520 1 1 1 1 1 0   400.0  400.0
401  907.265670 1.330E-22 2.406E-02.09260.373  393.97690.800.000000             V6         GROUND 30  3 1E       31  4 0E      466520 1 1 1 1 1 0   976.0  976.0
401  907.292290 2.000E-22 4.751E-02.10330.366  209.99010.740.000000             V6         GROUND  9  5 1A2      10  6 0A1     466520 1 1 1 1 1 0   304.0  304.0
401  907.292290 2.000E-22 4.751E-02.10330.366  209.99010.740.000000             V6         GROUND  9  5 1A1      10  6 0A2     466520 1 1 1 1 1 0   304.0  304.0
401  907.341580 1.960E-23 2.099E-02.08730.167  863.49320.860.000000             V6         GROUND 50  1 1E       51  2 0E      466520 1 1 1 1 1 0  1616.0 1616.0
401  907.358810 5.790E-24 9.588E-03.09070.294  886.38560.860.000000             V6         GROUND 36  9 1E       35 10 0E      355420 1 1 1 1 1 0  1168.0 1168.0
401  907.370710 6.180E-23 2.208E-02.08870.252  592.29700.860.000000             V6         GROUND 40  2 1A1      41  3 0A2     466520 1 1 1 1 1 0  1296.0 1296.0
401  907.370710 6.180E-23 2.208E-02.08870.252  592.29700.860.000000             V6         GROUND 40  2 1A2      41  3 0A1     466520 1 1 1 1 1 0  1296.0 1296.0
401  907.437490 1.400E-23 7.390E-03.09770.420  569.11080.720.000000             V6         GROUND 24  8 1A1      23  9 0A2     466520 1 1 1 1 1 0   784.0  784.0
401  907.437490 1.400E-23 7.390E-03.09770.420  569.11080.720.000000             V6         GROUND 24  8 1A2      23  9 0A1     466520 1 1 1 1 1 0   784.0  784.0
401  907.482370 1.000E-24 1.079E-02.08860.174 1334.63430.860.000000             V6         GROUND 49 10 1E       48 11 0E      355420 1 1 1 1 1 0  1584.0 1584.0
401  907.703670 2.020E-22 2.918E-02.10110.461  255.42820.690.000000             V6         GROUND 19  4 1E       20  5 0E      466520 1 1 1 1 1 0   624.0  624.0
401  907.828830 9.030E-24 3.141E-03.09870.373  360.52660.720.000000             V6         GROUND 13  7 1E       12  8 0E      466520 1 1 1 1 1 0   432.0  432.0
401  907.905820 5.430E-24 9.794E-03.09030.281  909.27300.860.000000             V6         GROUND 37  9 1E       36 10 0E      355420 1 1 1 1 1 0  1200.0 1200.0
401  907.937920 5.080E-24 2.037E-02.08640.150 1168.55260.860.000000             V6         GROUND 59  0 1E       60  1 0E      355420 1 1 1 1 1 0  1904.0 1904.0
401  907.950480 2.000E-22 5.155E-02.10280.340  203.61130.730.000000             V6         GROUND  8  5 1A2       9  6 0A1     466520 1 1 1 1 1 0   272.0  272.0
401  907.950480 2.000E-22 5.155E-02.10280.340  203.61130.730.000000             V6         GROUND  8  5 1A1       9  6 0A2     466520 1 1 1 1 1 0   272.0  272.0
401  907.968660 1.430E-22 2.434E-02.09310.386  374.23240.790.000000             V6         GROUND 29  3 1E       30  4 0E      466520 1 1 1 1 1 0   944.0  944.0
401  907.994260 8.920E-25 1.099E-02.08860.166 1365.70630.860.000000             V6         GROUND 50 10 1E       49 11 0E      355420 1 1 1 1 1 0  1616.0 1616.0
401  908.015380 1.420E-23 7.766E-03.09690.416  584.39570.730.000000             V6         GROUND 25  8 1A1      24  9 0A2     466520 1 1 1 1 1 0   816.0  816.0
401  908.015380 1.420E-23 7.766E-03.09690.416  584.39570.730.000000             V6         GROUND 25  8 1A2      24  9 0A1     466520 1 1 1 1 1 0   816.0  816.0
401  908.084470 2.250E-23 2.103E-02.08730.177  831.11570.860.000000             V6         GROUND 49  1 1E       50  2 0E      466520 1 1 1 1 1 0  1584.0 1584.0
401  908.093930 6.870E-23 2.221E-02.08900.261  566.21990.860.000000             V6         GROUND 39  2 1A2      40  3 0A1     466520 1 1 1 1 1 0  1264.0 1264.0
401  908.093930 6.870E-23 2.221E-02.08900.261  566.21990.860.000000             V6         GROUND 39  2 1A1      40  3 0A2     466520 1 1 1 1 1 0  1264.0 1264.0
401  908.383630 2.090E-22 2.995E-02.10220.462  242.67670.690.000000             V6         GROUND 18  4 1E       19  5 0E      466520 1 1 1 1 1 0   592.0  592.0
401  908.433830 1.130E-23 3.815E-03.10090.392  368.81480.710.000000             V6         GROUND 14  7 1E       13  8 0E      466520 1 1 1 1 1 0   464.0  464.0
401  908.450200 5.070E-24 9.997E-03.09000.268  932.79250.860.000000             V6         GROUND 38  9 1E       37 10 0E      355420 1 1 1 1 1 0  1232.0 1232.0
401  908.503390 7.880E-25 1.111E-02.08860.157 1397.40590.860.000000             V6         GROUND 51 10 1E       50 11 0E      355420 1 1 1 1 1 0  1648.0 1648.0
401  908.590780 1.420E-23 8.085E-03.09610.411  600.31580.750.000000             V6         GROUND 26  8 1A1      25  9 0A2     466520 1 1 1 1 1 0   848.0  848.0
401  908.590780 1.420E-23 8.085E-03.09610.411  600.31580.750.000000             V6         GROUND 26  8 1A2      25  9 0A1     466520 1 1 1 1 1 0   848.0  848.0
401  908.606460 2.010E-22 5.718E-02.10140.307  197.87010.720.000000             V6         GROUND  7  5 1A2       8  6 0A1     466520 1 1 1 1 1 0   240.0  240.0
401  908.606460 2.010E-22 5.718E-02.10140.307  197.87010.720.000000             V6         GROUND  7  5 1A1       8  6 0A2     466520 1 1 1 1 1 0   240.0  240.0
401  908.669600 1.530E-22 2.460E-02.09370.399  355.12250.770.000000             V6         GROUND 28  3 1E       29  4 0E      466520 1 1 1 1 1 0   912.0  912.0
401  908.698570 6.010E-24 2.040E-02.08640.150 1130.53930.860.000000             V6         GROUND 58  0 1E       59  1 0E      355420 1 1 1 1 1 0  1872.0 1872.0
401  908.815150 7.610E-23 2.234E-02.08930.272  540.77450.860.000000             V6         GROUND 38  2 1A2      39  3 0A1     466520 1 1 1 1 1 0  1232.0 1232.0
401  908.815150 7.610E-23 2.234E-02.08930.272  540.77450.860.000000             V6         GROUND 38  2 1A1      39  3 0A2     466520 1 1 1 1 1 0  1232.0 1232.0
401  908.825430 2.580E-23 2.113E-02.08740.186  799.36640.860.000000             V6         GROUND 48  1 1E       49  2 0E      466520 1 1 1 1 1 0  1552.0 1552.0
401  908.991970 4.710E-24 1.019E-02.08980.256  956.94390.860.000000             V6         GROUND 39  9 1E       38 10 0E      355420 1 1 1 1 1 0  1264.0 1264.0
401  909.009760 6.940E-25 1.125E-02.08860.147 1429.73270.860.000000             V6         GROUND 52 10 1E       51 11 0E      355420 1 1 1 1 1 0  1680.0 1680.0
401  909.036450 1.350E-23 4.458E-03.10280.406  377.74000.700.000000             V6         GROUND 15  7 1E       14  8 0E      466520 1 1 1 1 1 0   496.0  496.0
401  909.061440 2.140E-22 3.061E-02.10330.461  230.56170.690.000000             V6         GROUND 17  4 1E       18  5 0E      466520 1 1 1 1 1 0   560.0  560.0
401  909.163670 1.410E-23 8.394E-03.09540.404  616.87100.760.000000             V6         GROUND 27  8 1A1      26  9 0A2     466520 1 1 1 1 1 0   880.0  880.0
401  909.163670 1.410E-23 8.394E-03.09540.404  616.87100.760.000000             V6         GROUND 27  8 1A2      26  9 0A1     466520 1 1 1 1 1 0   880.0  880.0
401  909.260230 2.020E-22 6.477E-02.09810.268  192.76670.710.000000             V6         GROUND  6  5 1A1       7  6 0A2     466520 1 1 1 1 1 0   208.0  208.0
401  909.260230 2.020E-22 6.477E-02.09810.268  192.76670.710.000000             V6         GROUND  6  5 1A2       7  6 0A1     466520 1 1 1 1 1 0   208.0  208.0
401  909.368460 1.630E-22 2.487E-02.09440.410  336.64730.760.000000             V6         GROUND 27  3 1E       28  4 0E      466520 1 1 1 1 1 0   880.0  880.0
401  909.457300 7.100E-24 2.048E-02.08640.150 1093.15020.860.000000             V6         GROUND 57  0 1E       58  1 0E      355420 1 1 1 1 1 0  1840.0 1840.0
401  909.513360 6.090E-25 1.138E-02.08860.136 1462.68620.860.000000             V6         GROUND 53 10 1E       52 11 0E      355420 1 1 1 1 1 0  1712.0 1712.0
401  909.531100 4.350E-24 1.037E-02.08950.245  981.72700.860.000000             V6         GROUND 40  9 1E       39 10 0E      355420 1 1 1 1 1 0  1296.0 1296.0
401  909.534380 8.400E-23 2.247E-02.08960.284  515.96130.860.000000             V6         GROUND 37  2 1A1      38  3 0A2     466520 1 1 1 1 1 0  1200.0 1200.0
401  909.534380 8.400E-23 2.247E-02.08960.284  515.96130.860.000000             V6         GROUND 37  2 1A2      38  3 0A1     466520 1 1 1 1 1 0  1200.0 1200.0
401  909.564440 2.950E-23 2.124E-02.08750.194  768.24560.860.000000             V6         GROUND 47  1 1E       48  2 0E      466520 1 1 1 1 1 0  1520.0 1520.0
401  909.636650 1.550E-23 5.044E-03.10380.417  387.30220.690.000000             V6         GROUND 16  7 1E       15  8 0E      466520 1 1 1 1 1 0   528.0  528.0
401  909.713510 4.920E-24 3.752E-02.08700.144 1300.05190.860.000000             V6         GROUND 59  5 1A1      59  6 0A2     355420 1 1 1 1 1 0  1904.0 1904.0
401  909.713510 4.920E-24 3.752E-02.08700.144 1300.05190.860.000000             V6         GROUND 59  5 1A2      59  6 0A1     355420 1 1 1 1 1 0  1904.0 1904.0
401  909.734030 1.390E-23 8.691E-03.09470.396  634.06110.770.000000             V6         GROUND 28  8 1A1      27  9 0A2     466520 1 1 1 1 1 0   912.0  912.0
401  909.734030 1.390E-23 8.691E-03.09470.396  634.06110.770.000000             V6         GROUND 28  8 1A2      27  9 0A1     466520 1 1 1 1 1 0   912.0  912.0
401  909.737110 2.190E-22 3.147E-02.10440.459  219.08340.690.000000             V6         GROUND 16  4 1E       17  5 0E      466520 1 1 1 1 1 0   528.0  528.0
401  909.849610 5.800E-24 3.752E-02.08700.144 1262.68040.860.000000             V6         GROUND 58  5 1A1      58  6 0A2     355420 1 1 1 1 1 0  1872.0 1872.0
401  909.849610 5.800E-24 3.752E-02.08700.144 1262.68040.860.000000             V6         GROUND 58  5 1A2      58  6 0A1     355420 1 1 1 1 1 0  1872.0 1872.0
401  909.911760 2.040E-22 7.575E-02.09090.220  188.30110.680.000000             V6         GROUND  5  5 1A2       6  6 0A1     466520 1 1 1 1 1 0   176.0  176.0
401  909.911760 2.040E-22 7.575E-02.09090.220  188.30110.680.000000             V6         GROUND  5  5 1A1       6  6 0A2     466520 1 1 1 1 1 0   176.0  176.0
401  909.983360 6.810E-24 3.750E-02.08700.144 1225.93330.860.000000             V6         GROUND 57  5 1A2      57  6 0A1     355420 1 1 1 1 1 0  1840.0 1840.0
401  909.983360 6.810E-24 3.750E-02.08700.144 1225.93330.860.000000             V6         GROUND 57  5 1A1      57  6 0A2     355420 1 1 1 1 1 0  1840.0 1840.0
401  910.014170 5.320E-25 1.150E-02.08870.130 1496.26610.860.000000             V6         GROUND 54 10 1E       53 11 0E      355420 1 1 1 1 1 0  1744.0 1744.0
401  910.065260 1.730E-22 2.515E-02.09510.421  318.80710.750.000000             V6         GROUND 26  3 1E       27  4 0E      466520 1 1 1 1 1 0   848.0  848.0
401  910.067580 4.010E-24 1.057E-02.08930.236 1007.14130.860.000000             V6         GROUND 41  9 1E       40 10 0E      355420 1 1 1 1 1 0  1328.0 1328.0
401  910.114740 7.980E-24 3.753E-02.08690.144 1189.81120.860.000000             V6         GROUND 56  5 1A2      56  6 0A1     355420 1 1 1 1 1 0  1808.0 1808.0
401  910.114740 7.980E-24 3.753E-02.08690.144 1189.81120.860.000000             V6         GROUND 56  5 1A1      56  6 0A2     355420 1 1 1 1 1 0  1808.0 1808.0
401  910.214100 8.350E-24 2.054E-02.08640.150 1056.38580.860.000000             V6         GROUND 56  0 1E       57  1 0E      355420 1 1 1 1 1 0  1808.0 1808.0
401  910.234430 1.740E-23 5.617E-03.10350.425  397.50120.690.000000             V6         GROUND 17  7 1E       16  8 0E      466520 1 1 1 1 1 0   560.0  560.0
401  910.243780 9.310E-24 3.752E-02.08750.144 1154.31430.860.000000             V6         GROUND 55  5 1A2      55  6 0A1     466520 1 1 1 1 1 0  1776.0 1776.0
401  910.243780 9.310E-24 3.752E-02.08750.144 1154.31430.860.000000             V6         GROUND 55  5 1A1      55  6 0A2     466520 1 1 1 1 1 0  1776.0 1776.0
401  910.251590 9.240E-23 2.262E-02.08990.296  491.78040.860.000000             V6         GROUND 36  2 1A2      37  3 0A1     466520 1 1 1 1 1 0  1168.0 1168.0
401  910.251590 9.240E-23 2.262E-02.08990.296  491.78040.860.000000             V6         GROUND 36  2 1A1      37  3 0A2     466520 1 1 1 1 1 0  1168.0 1168.0
401  910.301490 3.350E-23 2.128E-02.08760.202  737.75380.860.000000             V6         GROUND 46  1 1E       47  2 0E      466520 1 1 1 1 1 0  1488.0 1488.0
401  910.301880 1.360E-23 8.970E-03.09410.387  651.88580.790.000000             V6         GROUND 29  8 1A1      28  9 0A2     466520 1 1 1 1 1 0   944.0  944.0
401  910.301880 1.360E-23 8.970E-03.09410.387  651.88580.790.000000             V6         GROUND 29  8 1A2      28  9 0A1     466520 1 1 1 1 1 0   944.0  944.0
401  910.370450 1.080E-23 3.743E-02.08750.144 1119.44330.860.000000             V6         GROUND 54  5 1A1      54  6 0A2     466520 1 1 1 1 1 0  1744.0 1744.0
401  910.370450 1.080E-23 3.743E-02.08750.144 1119.44330.860.000000             V6         GROUND 54  5 1A2      54  6 0A1     466520 1 1 1 1 1 0  1744.0 1744.0
401  910.410630 2.230E-22 3.241E-02.10500.454  208.24210.700.000000             V6         GROUND 15  4 1E       16  5 0E      466520 1 1 1 1 1 0   496.0  496.0
401  910.494770 1.260E-23 3.767E-02.08760.144 1085.19850.860.000000             V6         GROUND 53  5 1A2      53  6 0A1     466520 1 1 1 1 1 0  1712.0 1712.0
401  910.494770 1.260E-23 3.767E-02.08760.144 1085.19850.860.000000             V6         GROUND 53  5 1A1      53  6 0A2     466520 1 1 1 1 1 0  1712.0 1712.0
401  910.512200 4.630E-25 1.162E-02.08870.130 1530.47200.860.000000             V6         GROUND 55 10 1E       54 11 0E      355420 1 1 1 1 1 0  1776.0 1776.0
401  910.601410 3.670E-24 1.073E-02.08910.236 1033.18660.860.000000             V6         GROUND 42  9 1E       41 10 0E      355420 1 1 1 1 1 0  1360.0 1360.0
401  910.616750 1.450E-23 3.753E-02.08760.151 1051.58030.860.000000             V6         GROUND 52  5 1A2      52  6 0A1     466520 1 1 1 1 1 0  1680.0 1680.0
401  910.616750 1.450E-23 3.753E-02.08760.151 1051.58030.860.000000             V6         GROUND 52  5 1A1      52  6 0A2     466520 1 1 1 1 1 0  1680.0 1680.0
401  910.736390 1.670E-23 3.754E-02.08760.162 1018.58930.860.000000             V6         GROUND 51  5 1A2      51  6 0A1     466520 1 1 1 1 1 0  1648.0 1648.0
401  910.736390 1.670E-23 3.754E-02.08760.162 1018.58930.860.000000             V6         GROUND 51  5 1A1      51  6 0A2     466520 1 1 1 1 1 0  1648.0 1648.0
401  910.759990 1.830E-22 2.547E-02.09580.431  301.60210.730.000000             V6         GROUND 25  3 1E       26  4 0E      466520 1 1 1 1 1 0   816.0  816.0
401  910.829790 1.900E-23 6.124E-03.10390.430  408.33680.690.000000             V6         GROUND 18  7 1E       17  8 0E      466520 1 1 1 1 1 0   592.0  592.0
401  910.853690 1.910E-23 3.742E-02.08770.172  986.22570.860.000000             V6         GROUND 50  5 1A2      50  6 0A1     466520 1 1 1 1 1 0  1616.0 1616.0
401  910.853690 1.910E-23 3.742E-02.08770.172  986.22570.860.000000             V6         GROUND 50  5 1A1      50  6 0A2     466520 1 1 1 1 1 0  1616.0 1616.0
401  910.867180 1.330E-23 9.292E-03.09350.377  670.34490.800.000000             V6         GROUND 30  8 1A1      29  9 0A2     466520 1 1 1 1 1 0   976.0  976.0
401  910.867180 1.330E-23 9.292E-03.09350.377  670.34490.800.000000             V6         GROUND 30  8 1A2      29  9 0A1     466520 1 1 1 1 1 0   976.0  976.0
401  910.966800 1.010E-22 2.270E-02.09030.308  468.23210.870.000000             V6         GROUND 35  2 1A1      36  3 0A2     466520 1 1 1 1 1 0  1136.0 1136.0
401  910.966800 1.010E-22 2.270E-02.09030.308  468.23210.870.000000             V6         GROUND 35  2 1A2      36  3 0A1     466520 1 1 1 1 1 0  1136.0 1136.0
401  910.968640 2.190E-23 3.753E-02.08770.180  954.49000.860.000000             V6         GROUND 49  5 1A2      49  6 0A1     466520 1 1 1 1 1 0  1584.0 1584.0
401  910.968640 2.190E-23 3.753E-02.08770.180  954.49000.860.000000             V6         GROUND 49  5 1A1      49  6 0A2     466520 1 1 1 1 1 0  1584.0 1584.0
401  910.968960 9.790E-24 2.060E-02.08640.150 1020.24660.860.000000             V6         GROUND 55  0 1E       56  1 0E      355420 1 1 1 1 1 0  1776.0 1776.0
401  911.007420 4.020E-25 1.175E-02.08870.130 1565.30340.860.000000             V6         GROUND 56 10 1E       55 11 0E      355420 1 1 1 1 1 0  1808.0 1808.0
401  911.036590 3.800E-23 2.137E-02.08780.210  707.89140.860.000000             V6         GROUND 45  1 1E       46  2 0E      466520 1 1 1 1 1 0  1456.0 1456.0
401  911.081250 2.490E-23 3.744E-02.08780.189  923.38270.860.000000             V6         GROUND 48  5 1A1      48  6 0A2     466520 1 1 1 1 1 0  1552.0 1552.0
401  911.081250 2.490E-23 3.744E-02.08780.189  923.38270.860.000000             V6         GROUND 48  5 1A2      48  6 0A1     466520 1 1 1 1 1 0  1552.0 1552.0
401  911.082010 2.270E-22 3.360E-02.10590.449  198.03780.710.000000             V6         GROUND 14  4 1E       15  5 0E      466520 1 1 1 1 1 0   464.0  464.0
401  911.132570 3.350E-24 1.091E-02.08900.226 1059.86260.860.000000             V6         GROUND 43  9 1E       42 10 0E      355420 1 1 1 1 1 0  1392.0 1392.0
401  911.191540 2.830E-23 3.748E-02.08790.196  892.90400.860.000000             V6         GROUND 47  5 1A2      47  6 0A1     466520 1 1 1 1 1 0  1520.0 1520.0
401  911.191540 2.830E-23 3.748E-02.08790.196  892.90400.860.000000             V6         GROUND 47  5 1A1      47  6 0A2     466520 1 1 1 1 1 0  1520.0 1520.0
401  911.299490 3.200E-23 3.745E-02.08800.204  863.05440.860.000000             V6         GROUND 46  5 1A1      46  6 0A2     466520 1 1 1 1 1 0  1488.0 1488.0
401  911.299490 3.200E-23 3.745E-02.08800.204  863.05440.860.000000             V6         GROUND 46  5 1A2      46  6 0A1     466520 1 1 1 1 1 0  1488.0 1488.0
401  911.405120 3.610E-23 3.747E-02.08810.212  833.83420.860.000000             V6         GROUND 45  5 1A2      45  6 0A1     466520 1 1 1 1 1 0  1456.0 1456.0
401  911.405120 3.610E-23 3.747E-02.08810.212  833.83420.860.000000             V6         GROUND 45  5 1A1      45  6 0A2     466520 1 1 1 1 1 0  1456.0 1456.0
401  911.422710 2.050E-23 6.636E-03.10280.434  419.80910.690.000000             V6         GROUND 19  7 1E       18  8 0E      466520 1 1 1 1 1 0   624.0  624.0
401  911.429940 1.280E-23 9.512E-03.09290.366  689.43820.820.000000             V6         GROUND 31  8 1A1      30  9 0A2     466520 1 1 1 1 1 0  1008.0 1008.0
401  911.429940 1.280E-23 9.512E-03.09290.366  689.43820.820.000000             V6         GROUND 31  8 1A2      30  9 0A1     466520 1 1 1 1 1 0  1008.0 1008.0
401  911.452620 1.930E-22 2.583E-02.09660.440  285.03250.720.000000             V6         GROUND 24  3 1E       25  4 0E      466520 1 1 1 1 1 0   784.0  784.0
401  911.499830 3.470E-25 1.186E-02.08820.130 1600.75980.860.000000             V6         GROUND 57 10 1E       56 11 0E      355420 1 1 1 1 1 0  1840.0 1840.0
401  911.508420 4.060E-23 3.751E-02.08830.220  805.24380.860.000000             V6         GROUND 44  5 1A2      44  6 0A1     466520 1 1 1 1 1 0  1424.0 1424.0
401  911.508420 4.060E-23 3.751E-02.08830.220  805.24380.860.000000             V6         GROUND 44  5 1A1      44  6 0A2     466520 1 1 1 1 1 0  1424.0 1424.0
401  911.609390 4.540E-23 3.746E-02.08850.229  777.28360.860.000000             V6         GROUND 43  5 1A1      43  6 0A2     466520 1 1 1 1 1 0  1392.0 1392.0
401  911.609390 4.540E-23 3.746E-02.08850.229  777.28360.860.000000             V6         GROUND 43  5 1A2      43  6 0A1     466520 1 1 1 1 1 0  1392.0 1392.0
401  911.661070 3.040E-24 1.106E-02.08880.217 1087.16880.860.000000             V6         GROUND 44  9 1E       43 10 0E      355420 1 1 1 1 1 0  1424.0 1424.0
401  911.679980 1.110E-22 2.300E-02.09070.322  445.31690.860.000000             V6         GROUND 34  2 1A1      35  3 0A2     466520 1 1 1 1 1 0  1104.0 1104.0
401  911.679980 1.110E-22 2.300E-02.09070.322  445.31690.860.000000             V6         GROUND 34  2 1A2      35  3 0A1     466520 1 1 1 1 1 0  1104.0 1104.0
401  911.708040 5.060E-23 3.742E-02.08860.237  749.95390.860.000000             V6         GROUND 42  5 1A2      42  6 0A1     466520 1 1 1 1 1 0  1360.0 1360.0
401  911.708040 5.060E-23 3.742E-02.08860.237  749.95390.860.000000             V6         GROUND 42  5 1A1      42  6 0A2     466520 1 1 1 1 1 0  1360.0 1360.0
401  911.721890 1.140E-23 2.058E-02.08700.150  984.73310.860.000000             V6         GROUND 54  0 1E       55  1 0E      466520 1 1 1 1 1 0  1744.0 1744.0
401  911.747230 1.650E-24 5.527E-04.09020.220  255.86940.730.000000             V6         GROUND  8  6 1E        7  7 0E      466520 1 1 1 1 1 0   272.0  272.0
401  911.751200 2.290E-22 3.481E-02.10640.441  188.47060.720.000000             V6         GROUND 13  4 1E       14  5 0E      466520 1 1 1 1 1 0   432.0  432.0
401  911.769720 4.300E-23 2.148E-02.08790.217  678.65860.860.000000             V6         GROUND 44  1 1E       45  2 0E      466520 1 1 1 1 1 0  1424.0 1424.0
401  911.804380 5.620E-23 3.740E-02.08890.247  723.25510.860.000000             V6         GROUND 41  5 1A2      41  6 0A1     466520 1 1 1 1 1 0  1328.0 1328.0
401  911.804380 5.620E-23 3.740E-02.08890.247  723.25510.860.000000             V6         GROUND 41  5 1A1      41  6 0A2     466520 1 1 1 1 1 0  1328.0 1328.0
401  911.898390 6.220E-23 3.737E-02.08910.254  697.18750.860.000000             V6         GROUND 40  5 1A1      40  6 0A2     466520 1 1 1 1 1 0  1296.0 1296.0
401  911.898390 6.220E-23 3.737E-02.08910.254  697.18750.860.000000             V6         GROUND 40  5 1A2      40  6 0A1     466520 1 1 1 1 1 0  1296.0 1296.0
401  911.989410 2.990E-25 1.198E-02.08830.130 1636.84090.860.000000             V6         GROUND 58 10 1E       57 11 0E      355420 1 1 1 1 1 0  1872.0 1872.0
401  911.990080 6.860E-23 3.735E-02.08930.264  671.75140.860.000000             V6         GROUND 39  5 1A1      39  6 0A2     466520 1 1 1 1 1 0  1264.0 1264.0
401  911.990080 6.860E-23 3.735E-02.08930.264  671.75140.860.000000             V6         GROUND 39  5 1A2      39  6 0A1     466520 1 1 1 1 1 0  1264.0 1264.0
401  911.990140 1.230E-23 9.763E-03.09240.354  709.16540.830.000000             V6         GROUND 32  8 1A2      31  9 0A1     466520 1 1 1 1 1 0  1040.0 1040.0
401  911.990140 1.230E-23 9.763E-03.09240.354  709.16540.830.000000             V6         GROUND 32  8 1A1      31  9 0A2     466520 1 1 1 1 1 0  1040.0 1040.0
401  912.013180 2.170E-23 7.096E-03.10170.436  431.91770.690.000000             V6         GROUND 20  7 1E       19  8 0E      466520 1 1 1 1 1 0   656.0  656.0
401  912.079470 7.540E-23 3.734E-02.08960.276  646.94710.860.000000             V6         GROUND 38  5 1A1      38  6 0A2     466520 1 1 1 1 1 0  1232.0 1232.0
401  912.079470 7.540E-23 3.734E-02.08960.276  646.94710.860.000000             V6         GROUND 38  5 1A2      38  6 0A1     466520 1 1 1 1 1 0  1232.0 1232.0
401  912.143170 2.020E-22 2.612E-02.09740.448  269.09850.710.000000             V6         GROUND 23  3 1E       24  4 0E      466520 1 1 1 1 1 0   752.0  752.0
401  912.166530 8.250E-23 3.731E-02.08990.288  622.77500.860.000000             V6         GROUND 37  5 1A1      37  6 0A2     466520 1 1 1 1 1 0  1200.0 1200.0
401  912.166530 8.250E-23 3.731E-02.08990.288  622.77500.860.000000             V6         GROUND 37  5 1A2      37  6 0A1     466520 1 1 1 1 1 0  1200.0 1200.0
401  912.186880 2.750E-24 1.122E-02.08870.209 1115.10510.860.000000             V6         GROUND 45  9 1E       44 10 0E      355420 1 1 1 1 1 0  1456.0 1456.0
401  912.251290 9.000E-23 3.730E-02.09030.300  599.23530.860.000000             V6         GROUND 36  5 1A2      36  6 0A1     466520 1 1 1 1 1 0  1168.0 1168.0
401  912.251290 9.000E-23 3.730E-02.09030.300  599.23530.860.000000             V6         GROUND 36  5 1A1      36  6 0A2     466520 1 1 1 1 1 0  1168.0 1168.0
401  912.333740 9.770E-23 3.725E-02.09070.314  576.32830.870.000000             V6         GROUND 35  5 1A2      35  6 0A1     466520 1 1 1 1 1 0  1136.0 1136.0
401  912.333740 9.770E-23 3.725E-02.09070.314  576.32830.870.000000             V6         GROUND 35  5 1A1      35  6 0A2     466520 1 1 1 1 1 0  1136.0 1136.0
401  912.364280 4.300E-24 1.323E-03.09540.270  260.97200.740.000000             V6         GROUND  9  6 1E        8  7 0E      466520 1 1 1 1 1 0   304.0  304.0
401  912.391140 1.200E-22 2.302E-02.09110.335  423.03490.850.000000             V6         GROUND 33  2 1A2      34  3 0A1     466520 1 1 1 1 1 0  1072.0 1072.0
401  912.391140 1.200E-22 2.302E-02.09110.335  423.03490.850.000000             V6         GROUND 33  2 1A1      34  3 0A2     466520 1 1 1 1 1 0  1072.0 1072.0
401  912.413880 1.060E-22 3.732E-02.09110.327  554.05440.860.000000             V6         GROUND 34  5 1A2      34  6 0A1     466520 1 1 1 1 1 0  1104.0 1104.0
401  912.413880 1.060E-22 3.732E-02.09110.327  554.05440.860.000000             V6         GROUND 34  5 1A1      34  6 0A2     466520 1 1 1 1 1 0  1104.0 1104.0
401  912.418240 2.310E-22 3.636E-02.10650.431  179.54070.720.000000             V6         GROUND 12  4 1E       13  5 0E      466520 1 1 1 1 1 0   400.0  400.0
401  912.472870 1.330E-23 2.068E-02.08710.150  949.84560.860.000000             V6         GROUND 53  0 1E       54  1 0E      466520 1 1 1 1 1 0  1712.0 1712.0
401  912.476150 2.570E-25 1.211E-02.08840.130 1673.54620.860.000000             V6         GROUND 59 10 1E       58 11 0E      355420 1 1 1 1 1 0  1904.0 1904.0
401  912.491730 1.140E-22 3.722E-02.09150.341  532.41380.850.000000             V6         GROUND 33  5 1A1      33  6 0A2     466520 1 1 1 1 1 0  1072.0 1072.0
401  912.491730 1.140E-22 3.722E-02.09150.341  532.41380.850.000000             V6         GROUND 33  5 1A2      33  6 0A1     466520 1 1 1 1 1 0  1072.0 1072.0
401  912.500880 4.840E-23 2.156E-02.08810.226  650.05600.860.000000             V6         GROUND 43  1 1E       44  2 0E      466520 1 1 1 1 1 0  1392.0 1392.0
401  912.547780 1.180E-23 1.004E-02.09190.341  729.52630.850.000000             V6         GROUND 33  8 1A1      32  9 0A2     466520 1 1 1 1 1 0  1072.0 1072.0
401  912.547780 1.180E-23 1.004E-02.09190.341  729.52630.850.000000             V6         GROUND 33  8 1A2      32  9 0A1     466520 1 1 1 1 1 0  1072.0 1072.0
401  912.567260 1.220E-22 3.708E-02.09200.354  511.40670.830.000000             V6         GROUND 32  5 1A2      32  6 0A1     466520 1 1 1 1 1 0  1040.0 1040.0
401  912.567260 1.220E-22 3.708E-02.09200.354  511.40670.830.000000             V6         GROUND 32  5 1A1      32  6 0A2     466520 1 1 1 1 1 0  1040.0 1040.0
401  912.601200 2.270E-23 7.540E-03.10070.436  444.66270.700.000000             V6         GROUND 21  7 1E       20  8 0E      466520 1 1 1 1 1 0   688.0  688.0
401  912.640480 1.300E-22 3.692E-02.09250.367  491.03350.820.000000             V6         GROUND 31  5 1A1      31  6 0A2     466520 1 1 1 1 1 0  1008.0 1008.0
401  912.640480 1.300E-22 3.692E-02.09250.367  491.03350.820.000000             V6         GROUND 31  5 1A2      31  6 0A1     466520 1 1 1 1 1 0  1008.0 1008.0
401  912.709990 2.480E-24 1.139E-02.08860.201 1143.67100.860.000000             V6         GROUND 46  9 1E       45 10 0E      355420 1 1 1 1 1 0  1488.0 1488.0
401  912.711400 1.390E-22 3.705E-02.09310.380  471.29440.800.000000             V6         GROUND 30  5 1A2      30  6 0A1     466520 1 1 1 1 1 0   976.0  976.0
401  912.711400 1.390E-22 3.705E-02.09310.380  471.29440.800.000000             V6         GROUND 30  5 1A1      30  6 0A2     466520 1 1 1 1 1 0   976.0  976.0
401  912.780030 1.470E-22 3.692E-02.09370.392  452.18960.790.000000             V6         GROUND 29  5 1A1      29  6 0A2     466520 1 1 1 1 1 0   944.0  944.0
401  912.780030 1.470E-22 3.692E-02.09370.392  452.18960.790.000000             V6         GROUND 29  5 1A2      29  6 0A1     466520 1 1 1 1 1 0   944.0  944.0
401  912.831620 2.110E-22 2.650E-02.09830.455  253.80030.700.000000             V6         GROUND 22  3 1E       23  4 0E      466520 1 1 1 1 1 0   720.0  720.0
401  912.846360 1.550E-22 3.684E-02.09430.403  433.71940.770.000000             V6         GROUND 28  5 1A2      28  6 0A1     466520 1 1 1 1 1 0   912.0  912.0
401  912.846360 1.550E-22 3.684E-02.09430.403  433.71940.770.000000             V6         GROUND 28  5 1A1      28  6 0A2     466520 1 1 1 1 1 0   912.0  912.0
401  912.910390 1.620E-22 3.660E-02.09500.414  415.88390.760.000000             V6         GROUND 27  5 1A1      27  6 0A2     466520 1 1 1 1 1 0   880.0  880.0
401  912.910390 1.620E-22 3.660E-02.09500.414  415.88390.760.000000             V6         GROUND 27  5 1A2      27  6 0A1     466520 1 1 1 1 1 0   880.0  880.0
401  912.972120 1.700E-22 3.666E-02.09570.423  398.68350.750.000000             V6         GROUND 26  5 1A1      26  6 0A2     466520 1 1 1 1 1 0   848.0  848.0
401  912.972120 1.700E-22 3.666E-02.09570.423  398.68350.750.000000             V6         GROUND 26  5 1A2      26  6 0A1     466520 1 1 1 1 1 0   848.0  848.0
401  912.978980 7.540E-24 2.161E-03.09780.311  266.71210.730.000000             V6         GROUND 10  6 1E        9  7 0E      466520 1 1 1 1 1 0   336.0  336.0
401  913.031570 1.760E-22 3.640E-02.09640.431  382.11840.730.000000             V6         GROUND 25  5 1A2      25  6 0A1     466520 1 1 1 1 1 0   816.0  816.0
401  913.031570 1.760E-22 3.640E-02.09640.431  382.11840.730.000000             V6         GROUND 25  5 1A1      25  6 0A2     466520 1 1 1 1 1 0   816.0  816.0
401  913.083080 2.320E-22 3.818E-02.10660.418  171.24820.730.000000             V6         GROUND 11  4 1E       12  5 0E      466520 1 1 1 1 1 0   368.0  368.0
401  913.088710 1.820E-22 3.626E-02.09720.438  366.18860.720.000000             V6         GROUND 24  5 1A1      24  6 0A2     466520 1 1 1 1 1 0   784.0  784.0
401  913.088710 1.820E-22 3.626E-02.09720.438  366.18860.720.000000             V6         GROUND 24  5 1A2      24  6 0A1     466520 1 1 1 1 1 0   784.0  784.0
401  913.100270 1.300E-22 2.317E-02.09160.348  401.38640.830.000000             V6         GROUND 32  2 1A1      33  3 0A2     466520 1 1 1 1 1 0  1040.0 1040.0
401  913.100270 1.300E-22 2.317E-02.09160.348  401.38640.830.000000             V6         GROUND 32  2 1A2      33  3 0A1     466520 1 1 1 1 1 0  1040.0 1040.0
401  913.102840 1.120E-23 1.026E-02.09140.327  750.52070.860.000000             V6         GROUND 34  8 1A1      33  9 0A2     466520 1 1 1 1 1 0  1104.0 1104.0
401  913.102840 1.120E-23 1.026E-02.09140.327  750.52070.860.000000             V6         GROUND 34  8 1A2      33  9 0A1     466520 1 1 1 1 1 0  1104.0 1104.0
401  913.143560 1.880E-22 3.626E-02.09810.444  350.89450.710.000000             V6         GROUND 23  5 1A1      23  6 0A2     466520 1 1 1 1 1 0   752.0  752.0
401  913.143560 1.880E-22 3.626E-02.09810.444  350.89450.710.000000             V6         GROUND 23  5 1A2      23  6 0A1     466520 1 1 1 1 1 0   752.0  752.0
401  913.186760 2.340E-23 7.936E-03.09970.435  458.04370.700.000000             V6         GROUND 22  7 1E       21  8 0E      466520 1 1 1 1 1 0   720.0  720.0
401  913.196110 1.920E-22 3.602E-02.09900.449  336.23630.700.000000             V6         GROUND 22  5 1A2      22  6 0A1     466520 1 1 1 1 1 0   720.0  720.0
401  913.196110 1.920E-22 3.602E-02.09900.449  336.23630.700.000000             V6         GROUND 22  5 1A1      22  6 0A2     466520 1 1 1 1 1 0   720.0  720.0
401  913.221910 1.550E-23 2.083E-02.08710.150  915.58470.860.000000             V6         GROUND 52  0 1E       53  1 0E      466520 1 1 1 1 1 0  1680.0 1680.0
401  913.230080 5.430E-23 2.164E-02.08830.234  622.08370.860.000000             V6         GROUND 42  1 1E       43  2 0E      466520 1 1 1 1 1 0  1360.0 1360.0
401  913.230400 2.220E-24 1.151E-02.08850.193 1172.86610.860.000000             V6         GROUND 47  9 1E       46 10 0E      355420 1 1 1 1 1 0  1520.0 1520.0
401  913.246370 1.950E-22 3.577E-02.10000.452  322.21400.700.000000             V6         GROUND 21  5 1A1      21  6 0A2     466520 1 1 1 1 1 0   688.0  688.0
401  913.246370 1.950E-22 3.577E-02.10000.452  322.21400.700.000000             V6         GROUND 21  5 1A2      21  6 0A1     466520 1 1 1 1 1 0   688.0  688.0
401  913.294350 1.970E-22 3.551E-02.10100.454  308.82800.690.000000             V6         GROUND 20  5 1A2      20  6 0A1     466520 1 1 1 1 1 0   656.0  656.0
401  913.294350 1.970E-22 3.551E-02.10100.454  308.82800.690.000000             V6         GROUND 20  5 1A1      20  6 0A2     466520 1 1 1 1 1 0   656.0  656.0
401  913.340030 1.980E-22 3.527E-02.10200.454  296.07830.690.000000             V6         GROUND 19  5 1A1      19  6 0A2     466520 1 1 1 1 1 0   624.0  624.0
401  913.340030 1.980E-22 3.527E-02.10200.454  296.07830.690.000000             V6         GROUND 19  5 1A2      19  6 0A1     466520 1 1 1 1 1 0   624.0  624.0
401  913.383430 1.970E-22 3.488E-02.10310.453  283.96500.690.000000             V6         GROUND 18  5 1A1      18  6 0A2     466520 1 1 1 1 1 0   592.0  592.0
401  913.383430 1.970E-22 3.488E-02.10310.453  283.96500.690.000000             V6         GROUND 18  5 1A2      18  6 0A1     466520 1 1 1 1 1 0   592.0  592.0
401  913.424530 1.950E-22 3.452E-02.10430.451  272.48850.690.000000             V6         GROUND 17  5 1A2      17  6 0A1     466520 1 1 1 1 1 0   560.0  560.0
401  913.424530 1.950E-22 3.452E-02.10430.451  272.48850.690.000000             V6         GROUND 17  5 1A1      17  6 0A2     466520 1 1 1 1 1 0   560.0  560.0
401  913.463360 1.910E-22 3.402E-02.10460.446  261.64880.690.000000             V6         GROUND 16  5 1A2      16  6 0A1     466520 1 1 1 1 1 0   528.0  528.0
401  913.463360 1.910E-22 3.402E-02.10460.446  261.64880.690.000000             V6         GROUND 16  5 1A1      16  6 0A2     466520 1 1 1 1 1 0   528.0  528.0
401  913.499890 1.860E-22 3.357E-02.10530.440  251.44590.700.000000             V6         GROUND 15  5 1A2      15  6 0A1     466520 1 1 1 1 1 0   496.0  496.0
401  913.499890 1.860E-22 3.357E-02.10530.440  251.44590.700.000000             V6         GROUND 15  5 1A1      15  6 0A2     466520 1 1 1 1 1 0   496.0  496.0
401  913.517970 2.190E-22 2.684E-02.09920.460  239.13810.700.000000             V6         GROUND 21  3 1E       22  4 0E      466520 1 1 1 1 1 0   688.0  688.0
401  913.534140 1.780E-22 3.278E-02.10540.431  241.88020.710.000000             V6         GROUND 14  5 1A1      14  6 0A2     466520 1 1 1 1 1 0   464.0  464.0
401  913.534140 1.780E-22 3.278E-02.10540.431  241.88020.710.000000             V6         GROUND 14  5 1A2      14  6 0A1     466520 1 1 1 1 1 0   464.0  464.0
401  913.566090 1.690E-22 3.201E-02.10500.420  232.95160.720.000000             V6         GROUND 13  5 1A2      13  6 0A1     466520 1 1 1 1 1 0   432.0  432.0
401  913.566090 1.690E-22 3.201E-02.10500.420  232.95160.720.000000             V6         GROUND 13  5 1A1      13  6 0A2     466520 1 1 1 1 1 0   432.0  432.0
401  913.591300 1.110E-23 3.000E-03.09920.344  273.08980.730.000000             V6         GROUND 11  6 1E       10  7 0E      466520 1 1 1 1 1 0   368.0  368.0
401  913.595770 1.570E-22 3.085E-02.10430.406  224.66040.720.000000             V6         GROUND 12  5 1A2      12  6 0A1     466520 1 1 1 1 1 0   400.0  400.0
401  913.595770 1.570E-22 3.085E-02.10430.406  224.66040.720.000000             V6         GROUND 12  5 1A1      12  6 0A2     466520 1 1 1 1 1 0   400.0  400.0
401  913.623160 1.440E-22 2.963E-02.10380.388  217.00650.730.000000             V6         GROUND 11  5 1A2      11  6 0A1     466520 1 1 1 1 1 0   368.0  368.0
401  913.623160 1.440E-22 2.963E-02.10380.388  217.00650.730.000000             V6         GROUND 11  5 1A1      11  6 0A2     466520 1 1 1 1 1 0   368.0  368.0
401  913.648270 1.280E-22 2.788E-02.10330.366  209.99010.730.000000             V6         GROUND 10  5 1A2      10  6 0A1     466520 1 1 1 1 1 0   336.0  336.0
401  913.648270 1.280E-22 2.788E-02.10330.366  209.99010.730.000000             V6         GROUND 10  5 1A1      10  6 0A2     466520 1 1 1 1 1 0   336.0  336.0
401  913.655330 1.060E-23 1.050E-02.09100.314  772.14830.870.000000             V6         GROUND 35  8 1A1      34  9 0A2     466520 1 1 1 1 1 0  1136.0 1136.0
401  913.655330 1.060E-23 1.050E-02.09100.314  772.14830.870.000000             V6         GROUND 35  8 1A2      34  9 0A1     466520 1 1 1 1 1 0  1136.0 1136.0
401  913.671100 1.090E-22 2.544E-02.10280.340  203.61130.740.000000             V6         GROUND  9  5 1A2       9  6 0A1     466520 1 1 1 1 1 0   304.0  304.0
401  913.671100 1.090E-22 2.544E-02.10280.340  203.61130.740.000000             V6         GROUND  9  5 1A1       9  6 0A2     466520 1 1 1 1 1 0   304.0  304.0
401  913.691630 8.810E-23 2.235E-02.10140.307  197.87010.730.000000             V6         GROUND  8  5 1A2       8  6 0A1     466520 1 1 1 1 1 0   272.0  272.0
401  913.691630 8.810E-23 2.235E-02.10140.307  197.87010.730.000000             V6         GROUND  8  5 1A1       8  6 0A2     466520 1 1 1 1 1 0   272.0  272.0
401  913.709890 6.340E-23 1.779E-02.09810.268  192.76670.720.000000             V6         GROUND  7  5 1A2       7  6 0A1     466520 1 1 1 1 1 0   240.0  240.0
401  913.709890 6.340E-23 1.779E-02.09810.268  192.76670.720.000000             V6         GROUND  7  5 1A1       7  6 0A2     466520 1 1 1 1 1 0   240.0  240.0
401  913.725860 3.460E-23 1.096E-02.09090.220  188.30110.710.000000             V6         GROUND  6  5 1A2       6  6 0A1     466520 1 1 1 1 1 0   208.0  208.0
401  913.725860 3.460E-23 1.096E-02.09090.220  188.30110.710.000000             V6         GROUND  6  5 1A1       6  6 0A2     466520 1 1 1 1 1 0   208.0  208.0
401  913.745750 2.320E-22 4.034E-02.10660.403  163.59320.730.000000             V6         GROUND 10  4 1E       11  5 0E      466520 1 1 1 1 1 0   336.0  336.0
401  913.748090 1.980E-24 1.164E-02.08850.185 1202.69010.860.000000             V6         GROUND 48  9 1E       47 10 0E      355420 1 1 1 1 1 0  1552.0 1552.0
401  913.769850 2.390E-23 8.318E-03.09870.433  472.06070.710.000000             V6         GROUND 23  7 1E       22  8 0E      466520 1 1 1 1 1 0   752.0  752.0
401  913.807360 1.410E-22 2.345E-02.09210.362  380.37170.820.000000             V6         GROUND 31  2 1A2      32  3 0A1     466520 1 1 1 1 1 0  1008.0 1008.0
401  913.807360 1.410E-22 2.345E-02.09210.362  380.37170.820.000000             V6         GROUND 31  2 1A1      32  3 0A2     466520 1 1 1 1 1 0  1008.0 1008.0
401  913.957280 6.080E-23 2.176E-02.08850.243  594.74230.860.000000             V6         GROUND 41  1 1E       42  2 0E      466520 1 1 1 1 1 0  1328.0 1328.0
401  913.969000 1.790E-23 2.085E-02.08720.157  881.95070.860.000000             V6         GROUND 51  0 1E       52  1 0E      466520 1 1 1 1 1 0  1648.0 1648.0
401  914.201260 1.470E-23 3.787E-03.10040.370  280.10500.720.000000             V6         GROUND 12  6 1E       11  7 0E      466520 1 1 1 1 1 0   400.0  400.0
401  914.202190 2.270E-22 2.729E-02.10020.464  225.11210.690.000000             V6         GROUND 20  3 1E       21  4 0E      466520 1 1 1 1 1 0   656.0  656.0
401  914.205210 9.940E-24 1.068E-02.09070.300  794.40880.860.000000             V6         GROUND 36  8 1A2      35  9 0A1     466520 1 1 1 1 1 0  1168.0 1168.0
401  914.205210 9.940E-24 1.068E-02.09070.300  794.40880.860.000000             V6         GROUND 36  8 1A1      35  9 0A2     466520 1 1 1 1 1 0  1168.0 1168.0
401  914.263060 1.770E-24 1.183E-02.08840.178 1233.14270.860.000000             V6         GROUND 49  9 1E       48 10 0E      355420 1 1 1 1 1 0  1584.0 1584.0
401  914.350460 2.420E-23 8.686E-03.09790.429  486.71350.720.000000             V6         GROUND 24  7 1E       23  8 0E      466520 1 1 1 1 1 0   784.0  784.0
401  914.406220 2.310E-22 4.297E-02.10680.385  156.57580.740.000000             V6         GROUND  9  4 1E       10  5 0E      466520 1 1 1 1 1 0   304.0  304.0
401  914.512420 1.510E-22 2.352E-02.09260.375  359.99110.800.000000             V6         GROUND 30  2 1A2      31  3 0A1     466520 1 1 1 1 1 0   976.0  976.0
401  914.512420 1.510E-22 2.352E-02.09260.375  359.99110.800.000000             V6         GROUND 30  2 1A1      31  3 0A2     466520 1 1 1 1 1 0   976.0  976.0
401  914.682520 6.770E-23 2.184E-02.08870.253  568.03200.860.000000             V6         GROUND 40  1 1E       41  2 0E      466520 1 1 1 1 1 0  1296.0 1296.0
401  914.714140 2.060E-23 2.088E-02.08720.168  848.94410.860.000000             V6         GROUND 50  0 1E       51  1 0E      466520 1 1 1 1 1 0  1616.0 1616.0
401  914.752500 9.300E-24 1.089E-02.09030.287  817.30200.860.000000             V6         GROUND 37  8 1A2      36  9 0A1     466520 1 1 1 1 1 0  1200.0 1200.0
401  914.752500 9.300E-24 1.089E-02.09030.287  817.30200.860.000000             V6         GROUND 37  8 1A1      36  9 0A2     466520 1 1 1 1 1 0  1200.0 1200.0
401  914.775290 1.570E-24 1.198E-02.08840.170 1264.22340.860.000000             V6         GROUND 50  9 1E       49 10 0E      355420 1 1 1 1 1 0  1616.0 1616.0
401  914.808830 1.840E-23 4.561E-03.10170.391  287.75750.720.000000             V6         GROUND 13  6 1E       12  7 0E      466520 1 1 1 1 1 0   432.0  432.0
401  914.875880 1.010E-23 4.014E-02.08640.150 1163.70690.860.000000             V6         GROUND 59  1 1A2      60  0 0A1     355420 1 1 1 1 1 0  1904.0 1904.0
401  914.884310 2.350E-22 2.787E-02.10120.467  211.72240.690.000000             V6         GROUND 19  3 1E       20  4 0E      466520 1 1 1 1 1 0   624.0  624.0
401  914.928570 2.430E-23 9.037E-03.09700.425  502.00180.730.000000             V6         GROUND 25  7 1E       24  8 0E      466520 1 1 1 1 1 0   816.0  816.0
401  915.064480 2.290E-22 4.622E-02.10700.364  150.19610.730.000000             V6         GROUND  8  4 1E        9  5 0E      466520 1 1 1 1 1 0   272.0  272.0
401  915.215410 1.620E-22 2.374E-02.09320.388  340.24480.790.000000             V6         GROUND 29  2 1A1      30  3 0A2     466520 1 1 1 1 1 0   944.0  944.0
401  915.215410 1.620E-22 2.374E-02.09320.388  340.24480.790.000000             V6         GROUND 29  2 1A2      30  3 0A1     466520 1 1 1 1 1 0   944.0  944.0
401  915.284780 1.380E-24 1.206E-02.08840.161 1295.93190.860.000000             V6         GROUND 51  9 1E       50 10 0E      355420 1 1 1 1 1 0  1648.0 1648.0
401  915.297170 8.660E-24 1.108E-02.09000.274  840.82750.860.000000             V6         GROUND 38  8 1A1      37  9 0A2     466520 1 1 1 1 1 0  1232.0 1232.0
401  915.297170 8.660E-24 1.108E-02.09000.274  840.82750.860.000000             V6         GROUND 38  8 1A2      37  9 0A1     466520 1 1 1 1 1 0  1232.0 1232.0
401  915.405750 7.520E-23 2.195E-02.08900.263  541.95310.860.000000             V6         GROUND 39  1 1E       40  2 0E      466520 1 1 1 1 1 0  1264.0 1264.0
401  915.414020 2.180E-23 5.245E-03.10310.407  296.04740.710.000000             V6         GROUND 14  6 1E       13  7 0E      466520 1 1 1 1 1 0   464.0  464.0
401  915.457330 2.370E-23 2.097E-02.08730.178  816.56530.860.000000             V6         GROUND 49  0 1E       50  1 0E      466520 1 1 1 1 1 0  1584.0 1584.0
401  915.504200 2.420E-23 9.369E-03.09620.418  517.92560.750.000000             V6         GROUND 26  7 1E       25  8 0E      466520 1 1 1 1 1 0   848.0  848.0
401  915.564290 2.410E-22 2.836E-02.10230.468  198.96930.690.000000             V6         GROUND 18  3 1E       19  4 0E      466520 1 1 1 1 1 0   592.0  592.0
401  915.652400 1.200E-23 4.039E-02.08640.150 1125.69300.860.000000             V6         GROUND 58  1 1A1      59  0 0A2     355420 1 1 1 1 1 0  1872.0 1872.0
401  915.720540 2.280E-22 5.079E-02.10660.338  144.45410.720.000000             V6         GROUND  7  4 1E        8  5 0E      466520 1 1 1 1 1 0   240.0  240.0
401  915.791500 1.220E-24 1.225E-02.08840.151 1328.26780.860.000000             V6         GROUND 52  9 1E       51 10 0E      355420 1 1 1 1 1 0  1680.0 1680.0
401  915.839220 8.020E-24 1.126E-02.08970.262  864.98500.860.000000             V6         GROUND 39  8 1A1      38  9 0A2     466520 1 1 1 1 1 0  1264.0 1264.0
401  915.839220 8.020E-24 1.126E-02.08970.262  864.98500.860.000000             V6         GROUND 39  8 1A2      38  9 0A1     466520 1 1 1 1 1 0  1264.0 1264.0
401  915.916350 1.730E-22 2.395E-02.09380.401  321.13310.770.000000             V6         GROUND 28  2 1A1      29  3 0A2     466520 1 1 1 1 1 0   912.0  912.0
401  915.916350 1.730E-22 2.395E-02.09380.401  321.13310.770.000000             V6         GROUND 28  2 1A2      29  3 0A1     466520 1 1 1 1 1 0   912.0  912.0
401  916.016800 2.510E-23 5.907E-03.10420.420  304.97440.700.000000             V6         GROUND 15  6 1E       14  7 0E      466520 1 1 1 1 1 0   496.0  496.0
401  916.077310 2.390E-23 9.675E-03.09550.411  534.48450.760.000000             V6         GROUND 27  7 1E       26  8 0E      466520 1 1 1 1 1 0   880.0  880.0
401  916.126990 8.320E-23 2.205E-02.08930.274  516.50610.860.000000             V6         GROUND 38  1 1E       39  2 0E      466520 1 1 1 1 1 0  1232.0 1232.0
401  916.198550 2.710E-23 2.101E-02.08740.186  784.81470.860.000000             V6         GROUND 48  0 1E       49  1 0E      466520 1 1 1 1 1 0  1552.0 1552.0
401  916.242150 2.470E-22 2.901E-02.10340.467  186.85280.690.000000             V6         GROUND 17  3 1E       18  4 0E      466520 1 1 1 1 1 0   560.0  560.0
401  916.295460 1.060E-24 1.227E-02.08840.140 1361.23060.860.000000             V6         GROUND 53  9 1E       52 10 0E      355420 1 1 1 1 1 0  1712.0 1712.0
401  916.374380 2.260E-22 5.675E-02.10480.308  139.34990.710.000000             V6         GROUND  6  4 1E        7  5 0E      466520 1 1 1 1 1 0   208.0  208.0
401  916.378640 7.400E-24 1.145E-02.08950.251  889.77440.860.000000             V6         GROUND 40  8 1A1      39  9 0A2     466520 1 1 1 1 1 0  1296.0 1296.0
401  916.378640 7.400E-24 1.145E-02.08950.251  889.77440.860.000000             V6         GROUND 40  8 1A2      39  9 0A1     466520 1 1 1 1 1 0  1296.0 1296.0
401  916.426790 1.420E-23 4.061E-02.08640.150 1088.30340.860.000000             V6         GROUND 57  1 1A2      58  0 0A1     355420 1 1 1 1 1 0  1840.0 1840.0
401  916.615240 1.840E-22 2.416E-02.09440.413  302.65620.760.000000             V6         GROUND 27  2 1A1      28  3 0A2     466520 1 1 1 1 1 0   880.0  880.0
401  916.615240 1.840E-22 2.416E-02.09440.413  302.65620.760.000000             V6         GROUND 27  2 1A2      28  3 0A1     466520 1 1 1 1 1 0   880.0  880.0
401  916.617170 2.810E-23 6.516E-03.10460.429  314.53840.690.000000             V6         GROUND 16  6 1E       15  7 0E      466520 1 1 1 1 1 0   528.0  528.0
401  916.647910 2.340E-23 9.949E-03.09480.403  551.67850.770.000000             V6         GROUND 28  7 1E       27  8 0E      466520 1 1 1 1 1 0   912.0  912.0
401  916.796650 9.290E-25 1.245E-02.08840.133 1394.81990.860.000000             V6         GROUND 54  9 1E       53 10 0E      355420 1 1 1 1 1 0  1744.0 1744.0
401  916.832250 6.510E-24 3.891E-02.08680.146 1246.79860.860.000000             V6         GROUND 59  4 1E       59  5 0E      355420 1 1 1 1 1 0  1904.0 1904.0
401  916.846230 9.170E-23 2.215E-02.08960.285  491.69110.860.000000             V6         GROUND 37  1 1E       38  2 0E      466520 1 1 1 1 1 0  1200.0 1200.0
401  916.915430 6.800E-24 1.163E-02.08920.241  915.19510.860.000000             V6         GROUND 41  8 1A1      40  9 0A2     466520 1 1 1 1 1 0  1328.0 1328.0
401  916.915430 6.800E-24 1.163E-02.08920.241  915.19510.860.000000             V6         GROUND 41  8 1A2      40  9 0A1     466520 1 1 1 1 1 0  1328.0 1328.0
401  916.917850 2.510E-22 2.961E-02.10460.465  175.37320.690.000000             V6         GROUND 16  3 1E       17  4 0E      466520 1 1 1 1 1 0   528.0  528.0
401  916.937810 3.100E-23 2.112E-02.08750.195  753.69270.860.000000             V6         GROUND 47  0 1E       48  1 0E      466520 1 1 1 1 1 0  1520.0 1520.0
401  916.968240 7.680E-24 3.894E-02.08680.146 1209.42160.860.000000             V6         GROUND 58  4 1E       58  5 0E      355420 1 1 1 1 1 0  1872.0 1872.0
401  917.026000 2.250E-22 6.542E-02.10040.272  134.88360.680.000000             V6         GROUND  5  4 1E        6  5 0E      466520 1 1 1 1 1 0   176.0  176.0
401  917.101870 9.020E-24 3.893E-02.08680.146 1172.66910.860.000000             V6         GROUND 57  4 1E       57  5 0E      355420 1 1 1 1 1 0  1840.0 1840.0
401  917.199030 1.660E-23 4.047E-02.08640.150 1051.53860.860.000000             V6         GROUND 56  1 1A1      57  0 0A2     355420 1 1 1 1 1 0  1808.0 1808.0
401  917.215130 3.080E-23 7.086E-03.10410.436  324.73950.690.000000             V6         GROUND 17  6 1E       16  7 0E      466520 1 1 1 1 1 0   560.0  560.0
401  917.215990 2.280E-23 1.023E-02.09410.393  569.50720.790.000000             V6         GROUND 29  7 1E       28  8 0E      466520 1 1 1 1 1 0   944.0  944.0
401  917.233140 1.060E-23 3.907E-02.08680.146 1136.54160.860.000000             V6         GROUND 56  4 1E       56  5 0E      355420 1 1 1 1 1 0  1808.0 1808.0
401  917.295040 8.080E-25 1.257E-02.08840.133 1429.03540.860.000000             V6         GROUND 55  9 1E       54 10 0E      355420 1 1 1 1 1 0  1776.0 1776.0
401  917.312040 1.950E-22 2.440E-02.09510.424  284.81430.750.000000             V6         GROUND 26  2 1A2      27  3 0A1     466520 1 1 1 1 1 0   848.0  848.0
401  917.312040 1.950E-22 2.440E-02.09510.424  284.81430.750.000000             V6         GROUND 26  2 1A1      27  3 0A2     466520 1 1 1 1 1 0   848.0  848.0
401  917.362060 1.230E-23 3.885E-02.08740.146 1101.03950.860.000000             V6         GROUND 55  4 1E       55  5 0E      466520 1 1 1 1 1 0  1776.0 1776.0
401  917.449560 6.210E-24 1.178E-02.08900.239  941.24710.860.000000             V6         GROUND 42  8 1A2      41  9 0A1     466520 1 1 1 1 1 0  1360.0 1360.0
401  917.449560 6.210E-24 1.178E-02.08900.239  941.24710.860.000000             V6         GROUND 42  8 1A1      41  9 0A2     466520 1 1 1 1 1 0  1360.0 1360.0
401  917.488620 1.430E-23 3.883E-02.08740.146 1066.16330.860.000000             V6         GROUND 54  4 1E       54  5 0E      466520 1 1 1 1 1 0  1744.0 1744.0
401  917.563460 1.010E-22 2.232E-02.08990.297  467.50860.860.000000             V6         GROUND 36  1 1E       37  2 0E      466520 1 1 1 1 1 0  1168.0 1168.0
401  917.591420 2.550E-22 3.042E-02.10540.461  164.53050.700.000000             V6         GROUND 15  3 1E       16  4 0E      466520 1 1 1 1 1 0   496.0  496.0
401  917.612840 1.660E-23 3.889E-02.08740.146 1031.91340.860.000000             V6         GROUND 53  4 1E       53  5 0E      466520 1 1 1 1 1 0  1712.0 1712.0
401  917.675100 3.520E-23 2.116E-02.08760.203  723.19970.860.000000             V6         GROUND 46  0 1E       47  1 0E      466520 1 1 1 1 1 0  1488.0 1488.0
401  917.675380 2.250E-22 7.860E-02.09140.230  131.05520.640.000000             V6         GROUND  4  4 1E        5  5 0E      466520 1 1 1 1 1 0   144.0  144.0
401  917.734710 1.920E-23 3.894E-02.08750.152  998.29030.860.000000             V6         GROUND 52  4 1E       52  5 0E      466520 1 1 1 1 1 0  1680.0 1680.0
401  917.781530 2.210E-23 1.050E-02.09350.383  587.97050.800.000000             V6         GROUND 30  7 1E       29  8 0E      466520 1 1 1 1 1 0   976.0  976.0
401  917.790630 7.000E-25 1.268E-02.08840.133 1463.87650.860.000000             V6         GROUND 56  9 1E       55 10 0E      355420 1 1 1 1 1 0  1808.0 1808.0
401  917.810670 3.310E-23 7.602E-03.10410.441  335.57730.690.000000             V6         GROUND 18  6 1E       17  7 0E      466520 1 1 1 1 1 0   592.0  592.0
401  917.854230 2.210E-23 3.893E-02.08750.164  965.29440.860.000000             V6         GROUND 51  4 1E       51  5 0E      466520 1 1 1 1 1 0  1648.0 1648.0
401  917.969110 1.950E-23 4.067E-02.08640.150 1015.39890.860.000000             V6         GROUND 55  1 1A2      56  0 0A1     355420 1 1 1 1 1 0  1776.0 1776.0
401  917.971420 2.540E-23 3.899E-02.08760.174  932.92600.860.000000             V6         GROUND 50  4 1E       50  5 0E      466520 1 1 1 1 1 0  1616.0 1616.0
401  917.981020 5.660E-24 1.196E-02.08890.230  967.92980.860.000000             V6         GROUND 43  8 1A2      42  9 0A1     466520 1 1 1 1 1 0  1392.0 1392.0
401  917.981020 5.660E-24 1.196E-02.08890.230  967.92980.860.000000             V6         GROUND 43  8 1A1      42  9 0A2     466520 1 1 1 1 1 0  1392.0 1392.0
401  918.006770 2.050E-22 2.456E-02.09590.434  267.60770.730.000000             V6         GROUND 25  2 1A2      26  3 0A1     466520 1 1 1 1 1 0   816.0  816.0
401  918.006770 2.050E-22 2.456E-02.09590.434  267.60770.730.000000             V6         GROUND 25  2 1A1      26  3 0A2     466520 1 1 1 1 1 0   816.0  816.0
401  918.086260 2.900E-23 3.893E-02.08760.182  901.18570.860.000000             V6         GROUND 49  4 1E       49  5 0E      466520 1 1 1 1 1 0  1584.0 1584.0
401  918.175520 2.670E-24 7.399E-04.09090.220  188.30110.720.000000             V6         GROUND  7  5 1A2       6  6 0A1     466520 1 1 1 1 1 0   240.0  240.0
401  918.175520 2.670E-24 7.399E-04.09090.220  188.30110.720.000000             V6         GROUND  7  5 1A1       6  6 0A2     466520 1 1 1 1 1 0   240.0  240.0
401  918.198780 3.310E-23 3.900E-02.08770.191  870.07370.860.000000             V6         GROUND 48  4 1E       48  5 0E      466520 1 1 1 1 1 0  1552.0 1552.0
401  918.262820 2.570E-22 3.124E-02.10640.456  154.32500.710.000000             V6         GROUND 14  3 1E       15  4 0E      466520 1 1 1 1 1 0   464.0  464.0
401  918.278680 1.100E-22 2.232E-02.09030.310  443.95880.870.000000             V6         GROUND 35  1 1E       36  2 0E      466520 1 1 1 1 1 0  1136.0 1136.0
401  918.283420 6.050E-25 1.281E-02.08790.133 1499.34290.860.000000             V6         GROUND 57  9 1E       56 10 0E      355420 1 1 1 1 1 0  1840.0 1840.0
401  918.308960 3.760E-23 3.901E-02.08780.198  839.59050.860.000000             V6         GROUND 47  4 1E       47  5 0E      466520 1 1 1 1 1 0  1520.0 1520.0
401  918.344530 2.130E-23 1.076E-02.09300.371  607.06820.820.000000             V6         GROUND 31  7 1E       30  8 0E      466520 1 1 1 1 1 0  1008.0 1008.0
401  918.403770 3.510E-23 8.097E-03.10300.444  347.05190.690.000000             V6         GROUND 19  6 1E       18  7 0E      466520 1 1 1 1 1 0   624.0  624.0
401  918.410410 3.990E-23 2.123E-02.08770.210  693.33600.860.000000             V6         GROUND 45  0 1E       46  1 0E      466520 1 1 1 1 1 0  1456.0 1456.0
401  918.416810 4.250E-23 3.897E-02.08790.206  809.73650.860.000000             V6         GROUND 46  4 1E       46  5 0E      466520 1 1 1 1 1 0  1488.0 1488.0
401  918.509820 5.130E-24 1.211E-02.08870.221  995.24300.860.000000             V6         GROUND 44  8 1A2      43  9 0A1     466520 1 1 1 1 1 0  1424.0 1424.0
401  918.509820 5.130E-24 1.211E-02.08870.221  995.24300.860.000000             V6         GROUND 44  8 1A1      43  9 0A2     466520 1 1 1 1 1 0  1424.0 1424.0
401  918.522330 4.790E-23 3.895E-02.08810.214  780.51200.860.000000             V6         GROUND 45  4 1E       45  5 0E      466520 1 1 1 1 1 0  1456.0 1456.0
401  918.625530 5.390E-23 3.901E-02.08820.222  751.91740.860.000000             V6         GROUND 44  4 1E       44  5 0E      466520 1 1 1 1 1 0  1424.0 1424.0
401  918.699430 2.160E-22 2.489E-02.09660.444  251.03650.720.000000             V6         GROUND 24  2 1A2      25  3 0A1     466520 1 1 1 1 1 0   784.0  784.0
401  918.699430 2.160E-22 2.489E-02.09660.444  251.03650.720.000000             V6         GROUND 24  2 1A1      25  3 0A2     466520 1 1 1 1 1 0   784.0  784.0
401  918.726410 6.030E-23 3.898E-02.08840.230  723.95310.860.000000             V6         GROUND 43  4 1E       43  5 0E      466520 1 1 1 1 1 0  1392.0 1392.0
401  918.737030 2.280E-23 4.081E-02.08700.150  979.88490.860.000000             V6         GROUND 54  1 1A1      55  0 0A2     466520 1 1 1 1 1 0  1744.0 1744.0
401  918.773370 5.200E-25 1.291E-02.08800.133 1535.43410.860.000000             V6         GROUND 58  9 1E       57 10 0E      355420 1 1 1 1 1 0  1872.0 1872.0
401  918.795060 6.870E-24 1.719E-03.09810.268  192.76670.730.000000             V6         GROUND  8  5 1A2       7  6 0A1     466520 1 1 1 1 1 0   272.0  272.0
401  918.795060 6.870E-24 1.719E-03.09810.268  192.76670.730.000000             V6         GROUND  8  5 1A1       7  6 0A2     466520 1 1 1 1 1 0   272.0  272.0
401  918.824970 6.720E-23 3.894E-02.08860.239  696.61940.860.000000             V6         GROUND 42  4 1E       42  5 0E      466520 1 1 1 1 1 0  1360.0 1360.0
401  918.904970 2.040E-23 1.101E-02.09240.359  626.79990.830.000000             V6         GROUND 32  7 1E       31  8 0E      466520 1 1 1 1 1 0  1040.0 1040.0
401  918.921200 7.470E-23 3.894E-02.08880.249  669.91660.860.000000             V6         GROUND 41  4 1E       41  5 0E      466520 1 1 1 1 1 0  1328.0 1328.0
401  918.932080 2.580E-22 3.220E-02.10720.449  144.75670.720.000000             V6         GROUND 13  3 1E       14  4 0E      466520 1 1 1 1 1 0   432.0  432.0
401  918.991880 1.200E-22 2.245E-02.09070.323  421.04200.860.000000             V6         GROUND 34  1 1E       35  2 0E      466520 1 1 1 1 1 0  1104.0 1104.0
401  918.994430 3.670E-23 8.552E-03.10190.446  359.16300.690.000000             V6         GROUND 20  6 1E       19  7 0E      466520 1 1 1 1 1 0   656.0  656.0
401  919.015120 8.270E-23 3.892E-02.08900.257  643.84510.860.000000             V6         GROUND 40  4 1E       40  5 0E      466520 1 1 1 1 1 0  1296.0 1296.0
401  919.035940 4.630E-24 1.226E-02.08860.212 1023.18630.860.000000             V6         GROUND 45  8 1A2      44  9 0A1     466520 1 1 1 1 1 0  1456.0 1456.0
401  919.035940 4.630E-24 1.226E-02.08860.212 1023.18630.860.000000             V6         GROUND 45  8 1A1      44  9 0A2     466520 1 1 1 1 1 0  1456.0 1456.0
401  919.106720 9.130E-23 3.894E-02.08930.268  618.40520.860.000000             V6         GROUND 39  4 1E       39  5 0E      466520 1 1 1 1 1 0  1264.0 1264.0
401  919.143750 4.500E-23 2.128E-02.08790.218  664.10210.860.000000             V6         GROUND 44  0 1E       45  1 0E      466520 1 1 1 1 1 0  1424.0 1424.0
401  919.196020 1.000E-22 3.880E-02.08960.279  593.59730.860.000000             V6         GROUND 38  4 1E       38  5 0E      466520 1 1 1 1 1 0  1232.0 1232.0
401  919.260490 4.460E-25 1.303E-02.08810.133 1572.14970.860.000000             V6         GROUND 59  9 1E       58 10 0E      355420 1 1 1 1 1 0  1904.0 1904.0
401  919.283000 1.100E-22 3.896E-02.08990.291  569.42160.860.000000             V6         GROUND 37  4 1E       37  5 0E      466520 1 1 1 1 1 0  1200.0 1200.0
401  919.367670 1.200E-22 3.895E-02.09030.304  545.87840.860.000000             V6         GROUND 36  4 1E       36  5 0E      466520 1 1 1 1 1 0  1168.0 1168.0
401  919.389990 2.260E-22 2.516E-02.09750.452  235.10100.710.000000             V6         GROUND 23  2 1A1      24  3 0A2     466520 1 1 1 1 1 0   752.0  752.0
401  919.389990 2.260E-22 2.516E-02.09750.452  235.10100.710.000000             V6         GROUND 23  2 1A2      24  3 0A1     466520 1 1 1 1 1 0   752.0  752.0
401  919.412250 1.190E-23 2.735E-03.10140.307  197.87010.740.000000             V6         GROUND  9  5 1A2       8  6 0A1     466520 1 1 1 1 1 0   304.0  304.0
401  919.412250 1.190E-23 2.735E-03.10140.307  197.87010.740.000000             V6         GROUND  9  5 1A1       8  6 0A2     466520 1 1 1 1 1 0   304.0  304.0
401  919.450040 1.300E-22 3.882E-02.09070.317  522.96810.870.000000             V6         GROUND 35  4 1E       35  5 0E      466520 1 1 1 1 1 0  1136.0 1136.0
401  919.462860 1.940E-23 1.123E-02.09190.346  647.16550.850.000000             V6         GROUND 33  7 1E       32  8 0E      466520 1 1 1 1 1 0  1072.0 1072.0
401  919.502780 2.650E-23 4.085E-02.08700.150  944.99700.860.000000             V6         GROUND 53  1 1A2      54  0 0A1     466520 1 1 1 1 1 0  1712.0 1712.0
401  919.530100 1.410E-22 3.889E-02.09110.330  500.69090.860.000000             V6         GROUND 34  4 1E       34  5 0E      466520 1 1 1 1 1 0  1104.0 1104.0
401  919.559360 4.170E-24 1.243E-02.08850.204 1051.75950.860.000000             V6         GROUND 46  8 1A2      45  9 0A1     466520 1 1 1 1 1 0  1488.0 1488.0
401  919.559360 4.170E-24 1.243E-02.08850.204 1051.75950.860.000000             V6         GROUND 46  8 1A1      45  9 0A2     466520 1 1 1 1 1 0  1488.0 1488.0
401  919.582640 3.800E-23 8.994E-03.10080.446  371.91050.700.000000             V6         GROUND 21  6 1E       20  7 0E      466520 1 1 1 1 1 0   688.0  688.0
401  919.599150 2.590E-22 3.347E-02.10780.440  135.82570.720.000000             V6         GROUND 12  3 1E       13  4 0E      466520 1 1 1 1 1 0   400.0  400.0
401  919.607860 1.520E-22 3.887E-02.09150.344  479.04710.850.000000             V6         GROUND 33  4 1E       33  5 0E      466520 1 1 1 1 1 0  1072.0 1072.0
401  919.683310 1.630E-22 3.880E-02.09200.357  458.03690.830.000000             V6         GROUND 32  4 1E       32  5 0E      466520 1 1 1 1 1 0  1040.0 1040.0
401  919.703050 1.300E-22 2.251E-02.09110.336  398.75850.850.000000             V6         GROUND 33  1 1E       34  2 0E      466520 1 1 1 1 1 0  1072.0 1072.0
401  919.756460 1.740E-22 3.871E-02.09250.370  437.66070.820.000000             V6         GROUND 31  4 1E       31  5 0E      466520 1 1 1 1 1 0  1008.0 1008.0
401  919.827320 1.850E-22 3.862E-02.09310.383  417.91870.800.000000             V6         GROUND 30  4 1E       30  5 0E      466520 1 1 1 1 1 0   976.0  976.0
401  919.875100 5.070E-23 2.137E-02.08810.226  635.49830.860.000000             V6         GROUND 43  0 1E       44  1 0E      466520 1 1 1 1 1 0  1392.0 1392.0
401  919.895870 1.960E-22 3.856E-02.09370.396  398.81100.790.000000             V6         GROUND 29  4 1E       29  5 0E      466520 1 1 1 1 1 0   944.0  944.0
401  919.962130 2.070E-22 3.854E-02.09430.407  380.33810.770.000000             V6         GROUND 28  4 1E       28  5 0E      466520 1 1 1 1 1 0   912.0  912.0
401  920.018170 1.840E-23 1.147E-02.09150.332  668.16460.860.000000             V6         GROUND 34  7 1E       33  8 0E      466520 1 1 1 1 1 0  1104.0 1104.0
401  920.026090 2.180E-22 3.857E-02.09500.418  362.50000.760.000000             V6         GROUND 27  4 1E       27  5 0E      466520 1 1 1 1 1 0   880.0  880.0
401  920.027080 1.740E-23 3.725E-03.10280.340  203.61130.730.000000             V6         GROUND 10  5 1A2       9  6 0A1     466520 1 1 1 1 1 0   336.0  336.0
401  920.027080 1.740E-23 3.725E-03.10280.340  203.61130.730.000000             V6         GROUND 10  5 1A1       9  6 0A2     466520 1 1 1 1 1 0   336.0  336.0
401  920.078450 2.350E-22 2.540E-02.09830.459  219.80130.700.000000             V6         GROUND 22  2 1A2      23  3 0A1     466520 1 1 1 1 1 0   720.0  720.0
401  920.078450 2.350E-22 2.540E-02.09830.459  219.80130.700.000000             V6         GROUND 22  2 1A1      23  3 0A2     466520 1 1 1 1 1 0   720.0  720.0
401  920.080080 3.730E-24 1.256E-02.08840.196 1080.96200.860.000000             V6         GROUND 47  8 1A1      46  9 0A2     466520 1 1 1 1 1 0  1520.0 1520.0
401  920.080080 3.730E-24 1.256E-02.08840.196 1080.96200.860.000000             V6         GROUND 47  8 1A2      46  9 0A1     466520 1 1 1 1 1 0  1520.0 1520.0
401  920.087760 2.280E-22 3.851E-02.09580.428  345.29710.750.000000             V6         GROUND 26  4 1E       26  5 0E      466520 1 1 1 1 1 0   848.0  848.0
401  920.147130 2.370E-22 3.839E-02.09650.436  328.72950.730.000000             V6         GROUND 25  4 1E       25  5 0E      466520 1 1 1 1 1 0   816.0  816.0
401  920.168390 3.880E-23 9.377E-03.09980.444  385.29420.700.000000             V6         GROUND 22  6 1E       21  7 0E      466520 1 1 1 1 1 0   720.0  720.0
401  920.204210 2.450E-22 3.823E-02.09730.444  312.79740.720.000000             V6         GROUND 24  4 1E       24  5 0E      466520 1 1 1 1 1 0   784.0  784.0
401  920.259000 2.530E-22 3.821E-02.09820.450  297.50100.710.000000             V6         GROUND 23  4 1E       23  5 0E      466520 1 1 1 1 1 0   752.0  752.0
401  920.264040 2.580E-22 3.486E-02.10840.429  127.53220.730.000000             V6         GROUND 11  3 1E       12  4 0E      466520 1 1 1 1 1 0   368.0  368.0
401  920.266370 3.070E-23 4.090E-02.08710.150  910.73560.860.000000             V6         GROUND 52  1 1A1      53  0 0A2     466520 1 1 1 1 1 0  1680.0 1680.0
401  920.311500 2.590E-22 3.805E-02.09910.455  282.84060.700.000000             V6         GROUND 22  4 1E       22  5 0E      466520 1 1 1 1 1 0   720.0  720.0
401  920.361710 2.640E-22 3.792E-02.10010.459  268.81630.700.000000             V6         GROUND 21  4 1E       21  5 0E      466520 1 1 1 1 1 0   688.0  688.0
401  920.409630 2.670E-22 3.769E-02.10110.461  255.42820.690.000000             V6         GROUND 20  4 1E       20  5 0E      466520 1 1 1 1 1 0   656.0  656.0
401  920.412180 1.410E-22 2.268E-02.09160.350  377.10860.830.000000             V6         GROUND 32  1 1E       33  2 0E      466520 1 1 1 1 1 0  1040.0 1040.0
401  920.455270 2.690E-22 3.753E-02.10220.462  242.67670.690.000000             V6         GROUND 19  4 1E       19  5 0E      466520 1 1 1 1 1 0   624.0  624.0
401  920.498620 2.690E-22 3.730E-02.10330.461  230.56170.690.000000             V6         GROUND 18  4 1E       18  5 0E      466520 1 1 1 1 1 0   592.0  592.0
401  920.539680 2.670E-22 3.701E-02.10440.459  219.08340.690.000000             V6         GROUND 17  4 1E       17  5 0E      466520 1 1 1 1 1 0   560.0  560.0
401  920.570900 1.730E-23 1.165E-02.09110.319  689.79710.870.000000             V6         GROUND 35  7 1E       34  8 0E      466520 1 1 1 1 1 0  1136.0 1136.0
401  920.578450 2.630E-22 3.669E-02.10500.454  208.24210.690.000000             V6         GROUND 16  4 1E       16  5 0E      466520 1 1 1 1 1 0   528.0  528.0
401  920.598090 3.330E-24 1.271E-02.08830.189 1110.79370.860.000000             V6         GROUND 48  8 1A1      47  9 0A2     466520 1 1 1 1 1 0  1552.0 1552.0
401  920.598090 3.330E-24 1.271E-02.08830.189 1110.79370.860.000000             V6         GROUND 48  8 1A2      47  9 0A1     466520 1 1 1 1 1 0  1552.0 1552.0
401  920.604460 5.680E-23 2.142E-02.08830.235  607.52490.860.000000             V6         GROUND 42  0 1E       43  1 0E      466520 1 1 1 1 1 0  1360.0 1360.0
401  920.614950 2.570E-22 3.632E-02.10590.449  198.03780.700.000000             V6         GROUND 15  4 1E       15  5 0E      466520 1 1 1 1 1 0   496.0  496.0
401  920.639550 2.300E-23 4.643E-03.10330.366  209.99010.730.000000             V6         GROUND 11  5 1A2      10  6 0A1     466520 1 1 1 1 1 0   368.0  368.0
401  920.639550 2.300E-23 4.643E-03.10330.366  209.99010.730.000000             V6         GROUND 11  5 1A1      10  6 0A2     466520 1 1 1 1 1 0   368.0  368.0
401  920.649160 2.490E-22 3.591E-02.10640.441  188.47060.710.000000             V6         GROUND 14  4 1E       14  5 0E      466520 1 1 1 1 1 0   464.0  464.0
401  920.681090 2.380E-22 3.530E-02.10650.431  179.54070.720.000000             V6         GROUND 13  4 1E       13  5 0E      466520 1 1 1 1 1 0   432.0  432.0
401  920.710730 2.250E-22 3.462E-02.10660.418  171.24820.720.000000             V6         GROUND 12  4 1E       12  5 0E      466520 1 1 1 1 1 0   400.0  400.0
401  920.738090 2.090E-22 3.368E-02.10660.403  163.59320.730.000000             V6         GROUND 11  4 1E       11  5 0E      466520 1 1 1 1 1 0   368.0  368.0
401  920.751670 3.930E-23 9.747E-03.09890.442  399.31400.710.000000             V6         GROUND 23  6 1E       22  7 0E      466520 1 1 1 1 1 0   752.0  752.0
401  920.763170 1.900E-22 3.241E-02.10680.385  156.57580.730.000000             V6         GROUND 10  4 1E       10  5 0E      466520 1 1 1 1 1 0   336.0  336.0
401  920.764810 2.440E-22 2.574E-02.09930.464  205.13780.700.000000             V6         GROUND 21  2 1A1      22  3 0A2     466520 1 1 1 1 1 0   688.0  688.0
401  920.764810 2.440E-22 2.574E-02.09930.464  205.13780.700.000000             V6         GROUND 21  2 1A2      22  3 0A1     466520 1 1 1 1 1 0   688.0  688.0
401  920.785970 1.690E-22 3.089E-02.10700.364  150.19610.740.000000             V6         GROUND  9  4 1E        9  5 0E      466520 1 1 1 1 1 0   304.0  304.0
401  920.806480 1.440E-22 2.861E-02.10660.338  144.45410.730.000000             V6         GROUND  8  4 1E        8  5 0E      466520 1 1 1 1 1 0   272.0  272.0
401  920.824720 1.160E-22 2.548E-02.10480.308  139.34990.720.000000             V6         GROUND  7  4 1E        7  5 0E      466520 1 1 1 1 1 0   240.0  240.0
401  920.840680 8.380E-23 2.079E-02.10040.272  134.88360.710.000000             V6         GROUND  6  4 1E        6  5 0E      466520 1 1 1 1 1 0   208.0  208.0
401  920.854350 4.590E-23 1.321E-02.09140.230  131.05520.680.000000             V6         GROUND  5  4 1E        5  5 0E      466520 1 1 1 1 1 0   176.0  176.0
401  920.926760 2.550E-22 3.641E-02.10900.416  119.87630.730.000000             V6         GROUND 10  3 1E       11  4 0E      466520 1 1 1 1 1 0   336.0  336.0
401  921.027770 3.550E-23 4.100E-02.08710.157  877.10110.860.000000             V6         GROUND 51  1 1A2      52  0 0A1     466520 1 1 1 1 1 0  1648.0 1648.0
401  921.113370 2.960E-24 1.285E-02.08820.181 1141.25400.860.000000             V6         GROUND 49  8 1A1      48  9 0A2     466520 1 1 1 1 1 0  1584.0 1584.0
401  921.113370 2.960E-24 1.285E-02.08820.181 1141.25400.860.000000             V6         GROUND 49  8 1A2      48  9 0A1     466520 1 1 1 1 1 0  1584.0 1584.0
401  921.119290 1.520E-22 2.281E-02.09210.363  356.09250.820.000000             V6         GROUND 31  1 1E       32  2 0E      466520 1 1 1 1 1 0  1008.0 1008.0
401  921.121050 1.620E-23 1.184E-02.09070.305  712.06270.860.000000             V6         GROUND 36  7 1E       35  8 0E      466520 1 1 1 1 1 0  1168.0 1168.0
401  921.249650 2.860E-23 5.503E-03.10380.388  217.00650.720.000000             V6         GROUND 12  5 1A1      11  6 0A2     466520 1 1 1 1 1 0   400.0  400.0
401  921.249650 2.860E-23 5.503E-03.10380.388  217.00650.720.000000             V6         GROUND 12  5 1A2      11  6 0A1     466520 1 1 1 1 1 0   400.0  400.0
401  921.331830 6.350E-23 2.151E-02.08850.244  580.18240.860.000000             V6         GROUND 41  0 1E       42  1 0E      466520 1 1 1 1 1 0  1328.0 1328.0
401  921.332470 3.950E-23 1.010E-02.09800.437  413.96970.720.000000             V6         GROUND 24  6 1E       23  7 0E      466520 1 1 1 1 1 0   784.0  784.0
401  921.449060 2.520E-22 2.608E-02.10020.469  191.11040.690.000000             V6         GROUND 20  2 1A1      21  3 0A2     466520 1 1 1 1 1 0   656.0  656.0
401  921.449060 2.520E-22 2.608E-02.10020.469  191.11040.690.000000             V6         GROUND 20  2 1A2      21  3 0A1     466520 1 1 1 1 1 0   656.0  656.0
401  921.587280 2.520E-22 3.848E-02.10970.401  112.85800.740.000000             V6         GROUND  9  3 1E       10  4 0E      466520 1 1 1 1 1 0   304.0  304.0
401  921.625930 2.620E-24 1.298E-02.08820.173 1172.34260.860.000000             V6         GROUND 50  8 1A1      49  9 0A2     466520 1 1 1 1 1 0  1616.0 1616.0
401  921.625930 2.620E-24 1.298E-02.08820.173 1172.34260.860.000000             V6         GROUND 50  8 1A2      49  9 0A1     466520 1 1 1 1 1 0  1616.0 1616.0
401  921.668580 1.520E-23 1.210E-02.09030.292  734.96110.860.000000             V6         GROUND 37  7 1E       36  8 0E      466520 1 1 1 1 1 0  1200.0 1200.0
401  921.786980 4.090E-23 4.110E-02.08720.168  844.09410.860.000000             V6         GROUND 50  1 1A1      51  0 0A2     466520 1 1 1 1 1 0  1616.0 1616.0
401  921.824340 1.630E-22 2.292E-02.09260.377  335.71050.800.000000             V6         GROUND 30  1 1E       31  2 0E      466520 1 1 1 1 1 0   976.0  976.0
401  921.857360 3.390E-23 6.277E-03.10430.406  224.66040.720.000000             V6         GROUND 13  5 1A1      12  6 0A2     466520 1 1 1 1 1 0   432.0  432.0
401  921.857360 3.390E-23 6.277E-03.10430.406  224.66040.720.000000             V6         GROUND 13  5 1A2      12  6 0A1     466520 1 1 1 1 1 0   432.0  432.0
401  921.910800 3.940E-23 1.044E-02.09710.432  429.26110.730.000000             V6         GROUND 25  6 1E       24  7 0E      466520 1 1 1 1 1 0   816.0  816.0
401  922.057210 7.060E-23 2.155E-02.08870.253  553.47100.860.000000             V6         GROUND 40  0 1E       41  1 0E      466520 1 1 1 1 1 0  1296.0 1296.0
401  922.131200 2.590E-22 2.644E-02.10130.471  177.71950.690.000000             V6         GROUND 19  2 1A2      20  3 0A1     466520 1 1 1 1 1 0   624.0  624.0
401  922.131200 2.590E-22 2.644E-02.10130.471  177.71950.690.000000             V6         GROUND 19  2 1A1      20  3 0A2     466520 1 1 1 1 1 0   624.0  624.0
401  922.135740 2.310E-24 1.310E-02.08820.164 1204.05910.860.000000             V6         GROUND 51  8 1A2      50  9 0A1     466520 1 1 1 1 1 0  1648.0 1648.0
401  922.135740 2.310E-24 1.310E-02.08820.164 1204.05910.860.000000             V6         GROUND 51  8 1A1      50  9 0A2     466520 1 1 1 1 1 0  1648.0 1648.0
401  922.213520 1.410E-23 1.227E-02.09000.279  758.49190.860.000000             V6         GROUND 38  7 1E       37  8 0E      466520 1 1 1 1 1 0  1232.0 1232.0
401  922.245610 2.480E-22 4.109E-02.11040.383  106.47750.730.000000             V6         GROUND  8  3 1E        9  4 0E      466520 1 1 1 1 1 0   272.0  272.0
401  922.462700 3.890E-23 6.991E-03.10500.420  232.95160.710.000000             V6         GROUND 14  5 1A2      13  6 0A1     466520 1 1 1 1 1 0   464.0  464.0
401  922.462700 3.890E-23 6.991E-03.10500.420  232.95160.710.000000             V6         GROUND 14  5 1A1      13  6 0A2     466520 1 1 1 1 1 0   464.0  464.0
401  922.486620 3.900E-23 1.076E-02.09630.425  445.18810.750.000000             V6         GROUND 26  6 1E       25  7 0E      466520 1 1 1 1 1 0   848.0  848.0
401  922.527350 1.750E-22 2.314E-02.09320.390  315.96290.790.000000             V6         GROUND 29  1 1E       30  2 0E      466520 1 1 1 1 1 0   944.0  944.0
401  922.544010 4.700E-23 4.123E-02.08730.178  811.71490.860.000000             V6         GROUND 49  1 1A2      50  0 0A1     466520 1 1 1 1 1 0  1584.0 1584.0
401  922.642800 2.030E-24 1.323E-02.08810.154 1236.40320.860.000000             V6         GROUND 52  8 1A1      51  9 0A2     466520 1 1 1 1 1 0  1680.0 1680.0
401  922.642800 2.030E-24 1.323E-02.08810.154 1236.40320.860.000000             V6         GROUND 52  8 1A2      51  9 0A1     466520 1 1 1 1 1 0  1680.0 1680.0
401  922.755830 1.300E-23 1.242E-02.08970.267  782.65500.860.000000             V6         GROUND 39  7 1E       38  8 0E      466520 1 1 1 1 1 0  1264.0 1264.0
401  922.780580 7.830E-23 2.162E-02.08900.264  527.39110.860.000000             V6         GROUND 39  0 1E       40  1 0E      466520 1 1 1 1 1 0  1264.0 1264.0
401  922.811190 2.650E-22 2.684E-02.10230.472  164.96520.690.000000             V6         GROUND 18  2 1A2      19  3 0A1     466520 1 1 1 1 1 0   592.0  592.0
401  922.811190 2.650E-22 2.684E-02.10230.472  164.96520.690.000000             V6         GROUND 18  2 1A1      19  3 0A2     466520 1 1 1 1 1 0   592.0  592.0
401  922.901720 2.430E-22 4.444E-02.11080.363  100.73480.720.000000             V6         GROUND  7  3 1E        8  4 0E      466520 1 1 1 1 1 0   240.0  240.0
401  922.918490 4.880E-24 2.020E-02.08640.150 1168.55260.860.000000             V6         GROUND 59  2 1E       60  1 0E      355420 1 1 1 1 1 0  1904.0 1904.0
401  923.059940 3.830E-23 1.105E-02.09560.418  461.75040.760.000000             V6         GROUND 27  6 1E       26  7 0E      466520 1 1 1 1 1 0   880.0  880.0
401  923.065640 4.350E-23 7.647E-03.10540.431  241.88020.700.000000             V6         GROUND 15  5 1A2      14  6 0A1     466520 1 1 1 1 1 0   496.0  496.0
401  923.065640 4.350E-23 7.647E-03.10540.431  241.88020.700.000000             V6         GROUND 15  5 1A1      14  6 0A2     466520 1 1 1 1 1 0   496.0  496.0
401  923.147090 1.780E-24 1.338E-02.08810.143 1269.37440.860.000000             V6         GROUND 53  8 1A2      52  9 0A1     466520 1 1 1 1 1 0  1712.0 1712.0
401  923.147090 1.780E-24 1.338E-02.08810.143 1269.37440.860.000000             V6         GROUND 53  8 1A1      52  9 0A2     466520 1 1 1 1 1 0  1712.0 1712.0
401  923.228300 1.860E-22 2.324E-02.09380.402  296.84990.770.000000             V6         GROUND 28  1 1E       29  2 0E      466520 1 1 1 1 1 0   912.0  912.0
401  923.295520 1.200E-23 1.262E-02.08940.256  807.44990.860.000000             V6         GROUND 40  7 1E       39  8 0E      466520 1 1 1 1 1 0  1296.0 1296.0
401  923.298830 5.380E-23 4.135E-02.08740.187  779.96380.860.000000             V6         GROUND 48  1 1A1      49  0 0A2     466520 1 1 1 1 1 0  1552.0 1552.0
401  923.489070 2.700E-22 2.730E-02.10350.472  152.84760.690.000000             V6         GROUND 17  2 1A2      18  3 0A1     466520 1 1 1 1 1 0   560.0  560.0
401  923.489070 2.700E-22 2.730E-02.10350.472  152.84760.690.000000             V6         GROUND 17  2 1A1      18  3 0A2     466520 1 1 1 1 1 0   560.0  560.0
401  923.501940 8.660E-23 2.172E-02.08930.275  501.94300.860.000000             V6         GROUND 38  0 1E       39  1 0E      466520 1 1 1 1 1 0  1232.0 1232.0
401  923.555630 2.370E-22 4.885E-02.11030.341   95.63000.710.000000             V6         GROUND  6  3 1E        7  4 0E      466520 1 1 1 1 1 0   208.0  208.0
401  923.630750 3.740E-23 1.133E-02.09490.409  478.94780.770.000000             V6         GROUND 28  6 1E       27  7 0E      466520 1 1 1 1 1 0   912.0  912.0
401  923.648610 1.550E-24 1.348E-02.08810.136 1302.97220.860.000000             V6         GROUND 54  8 1A2      53  9 0A1     466520 1 1 1 1 1 0  1744.0 1744.0
401  923.648610 1.550E-24 1.348E-02.08810.136 1302.97220.860.000000             V6         GROUND 54  8 1A1      53  9 0A2     466520 1 1 1 1 1 0  1744.0 1744.0
401  923.666160 4.760E-23 8.245E-03.10530.440  251.44590.690.000000             V6         GROUND 16  5 1A1      15  6 0A2     466520 1 1 1 1 1 0   528.0  528.0
401  923.666160 4.760E-23 8.245E-03.10530.440  251.44590.690.000000             V6         GROUND 16  5 1A2      15  6 0A1     466520 1 1 1 1 1 0   528.0  528.0
401  923.676580 5.770E-24 2.022E-02.08640.150 1130.53930.860.000000             V6         GROUND 58  2 1E       59  1 0E      355420 1 1 1 1 1 0  1872.0 1872.0
401  923.832560 1.100E-23 1.279E-02.08920.246  832.87650.860.000000             V6         GROUND 41  7 1E       40  8 0E      466520 1 1 1 1 1 0  1328.0 1328.0
401  923.927190 1.970E-22 2.335E-02.09450.414  278.37170.760.000000             V6         GROUND 27  1 1E       28  2 0E      466520 1 1 1 1 1 0   880.0  880.0
401  924.017370 8.220E-24 4.036E-02.08670.147 1203.21270.860.000000             V6         GROUND 59  3 1E       59  4 0E      355420 1 1 1 1 1 0  1904.0 1904.0
401  924.051440 6.130E-23 4.142E-02.08750.195  748.84140.860.000000             V6         GROUND 47  1 1A2      48  0 0A1     466520 1 1 1 1 1 0  1520.0 1520.0
401  924.147340 1.340E-24 1.353E-02.08810.136 1337.19640.860.000000             V6         GROUND 55  8 1A1      54  9 0A2     466520 1 1 1 1 1 0  1776.0 1776.0
401  924.147340 1.340E-24 1.353E-02.08810.136 1337.19640.860.000000             V6         GROUND 55  8 1A2      54  9 0A1     466520 1 1 1 1 1 0  1776.0 1776.0
401  924.153270 9.700E-24 4.040E-02.08670.147 1165.83110.860.000000             V6         GROUND 58  3 1E       58  4 0E      355420 1 1 1 1 1 0  1872.0 1872.0
401  924.164810 2.730E-22 2.772E-02.10470.470  141.36690.690.000000             V6         GROUND 16  2 1A1      17  3 0A2     466520 1 1 1 1 1 0   528.0  528.0
401  924.164810 2.730E-22 2.772E-02.10470.470  141.36690.690.000000             V6         GROUND 16  2 1A2      17  3 0A1     466520 1 1 1 1 1 0   528.0  528.0
401  924.199030 3.630E-23 1.160E-02.09420.399  496.78010.790.000000             V6         GROUND 29  6 1E       28  7 0E      466520 1 1 1 1 1 0   944.0  944.0
401  924.207300 2.320E-22 5.538E-02.10810.315   91.16320.680.000000             V6         GROUND  5  3 1E        6  4 0E      466520 1 1 1 1 1 0   176.0  176.0
401  924.221300 9.530E-23 2.178E-02.08960.286  477.12710.860.000000             V6         GROUND 37  0 1E       38  1 0E      466520 1 1 1 1 1 0  1200.0 1200.0
401  924.264280 5.120E-23 8.798E-03.10460.446  261.64880.690.000000             V6         GROUND 17  5 1A2      16  6 0A1     466520 1 1 1 1 1 0   560.0  560.0
401  924.264280 5.120E-23 8.798E-03.10460.446  261.64880.690.000000             V6         GROUND 17  5 1A1      16  6 0A2     466520 1 1 1 1 1 0   560.0  560.0
401  924.286810 1.140E-23 4.042E-02.08670.147 1129.07420.860.000000             V6         GROUND 57  3 1E       57  4 0E      355420 1 1 1 1 1 0  1840.0 1840.0
401  924.366970 1.000E-23 1.290E-02.08900.242  858.93440.860.000000             V6         GROUND 42  7 1E       41  8 0E      466520 1 1 1 1 1 0  1360.0 1360.0
401  924.417990 1.330E-23 4.027E-02.08660.147 1092.94230.860.000000             V6         GROUND 56  3 1E       56  4 0E      355420 1 1 1 1 1 0  1808.0 1808.0
401  924.432860 6.810E-24 2.028E-02.08640.150 1093.15020.860.000000             V6         GROUND 57  2 1E       58  1 0E      355420 1 1 1 1 1 0  1840.0 1840.0
401  924.546830 1.560E-23 4.047E-02.08720.147 1057.43590.860.000000             V6         GROUND 55  3 1E       55  4 0E      466520 1 1 1 1 1 0  1776.0 1776.0
401  924.624000 2.080E-22 2.349E-02.09520.426  260.52860.750.000000             V6         GROUND 26  1 1E       27  2 0E      466520 1 1 1 1 1 0   848.0  848.0
401  924.643270 1.160E-24 1.364E-02.08820.136 1372.04640.860.000000             V6         GROUND 56  8 1A2      55  9 0A1     466520 1 1 1 1 1 0  1808.0 1808.0
401  924.643270 1.160E-24 1.364E-02.08820.136 1372.04640.860.000000             V6         GROUND 56  8 1A1      55  9 0A2     466520 1 1 1 1 1 0  1808.0 1808.0
401  924.669030 4.200E-24 1.031E-03.09140.230  131.05520.710.000000             V6         GROUND  6  4 1E        5  5 0E      466520 1 1 1 1 1 0   208.0  208.0
401  924.673300 1.810E-23 4.037E-02.08730.147 1022.55550.860.000000             V6         GROUND 54  3 1E       54  4 0E      466520 1 1 1 1 1 0  1744.0 1744.0
401  924.764790 3.500E-23 1.185E-02.09360.388  515.24710.800.000000             V6         GROUND 30  6 1E       29  7 0E      466520 1 1 1 1 1 0   976.0  976.0
401  924.797420 2.100E-23 4.041E-02.08730.147  988.30150.860.000000             V6         GROUND 53  3 1E       53  4 0E      466520 1 1 1 1 1 0  1712.0 1712.0
401  924.801840 6.960E-23 4.149E-02.08760.203  718.34790.860.000000             V6         GROUND 46  1 1A1      47  0 0A2     466520 1 1 1 1 1 0  1488.0 1488.0
401  924.838400 2.760E-22 2.834E-02.10570.467  130.52320.700.000000             V6         GROUND 15  2 1A2      16  3 0A1     466520 1 1 1 1 1 0   496.0  496.0
401  924.838400 2.760E-22 2.834E-02.10570.467  130.52320.700.000000             V6         GROUND 15  2 1A1      16  3 0A2     466520 1 1 1 1 1 0   496.0  496.0
401  924.856750 2.270E-22 6.509E-02.10310.286   87.33430.640.000000             V6         GROUND  4  3 1E        5  4 0E      466520 1 1 1 1 1 0   144.0  144.0
401  924.859970 5.430E-23 9.316E-03.10430.451  272.48850.690.000000             V6         GROUND 18  5 1A2      17  6 0A1     466520 1 1 1 1 1 0   592.0  592.0
401  924.859970 5.430E-23 9.316E-03.10430.451  272.48850.690.000000             V6         GROUND 18  5 1A1      17  6 0A2     466520 1 1 1 1 1 0   592.0  592.0
401  924.898700 9.110E-24 1.309E-02.08880.233  885.62320.860.000000             V6         GROUND 43  7 1E       42  8 0E      466520 1 1 1 1 1 0  1392.0 1392.0
401  924.919210 2.430E-23 4.047E-02.08730.154  954.67430.860.000000             V6         GROUND 52  3 1E       52  4 0E      466520 1 1 1 1 1 0  1680.0 1680.0
401  924.938630 1.050E-22 2.195E-02.08990.298  452.94360.860.000000             V6         GROUND 36  0 1E       37  1 0E      466520 1 1 1 1 1 0  1168.0 1168.0
401  925.038650 2.800E-23 4.051E-02.08740.165  921.67440.860.000000             V6         GROUND 51  3 1E       51  4 0E      466520 1 1 1 1 1 0  1648.0 1648.0
401  925.136400 1.000E-24 1.375E-02.08760.137 1407.52180.860.000000             V6         GROUND 57  8 1A1      56  9 0A2     355420 1 1 1 1 1 0  1840.0 1840.0
401  925.136400 1.000E-24 1.375E-02.08760.137 1407.52180.860.000000             V6         GROUND 57  8 1A2      56  9 0A1     355420 1 1 1 1 1 0  1840.0 1840.0
401  925.155740 3.210E-23 4.047E-02.08750.175  889.30210.860.000000             V6         GROUND 50  3 1E       50  4 0E      466520 1 1 1 1 1 0  1616.0 1616.0
401  925.187340 8.000E-24 2.031E-02.08640.150 1056.38580.860.000000             V6         GROUND 56  2 1E       57  1 0E      355420 1 1 1 1 1 0  1808.0 1808.0
401  925.270510 3.670E-23 4.047E-02.08750.184  857.55790.860.000000             V6         GROUND 49  3 1E       49  4 0E      466520 1 1 1 1 1 0  1584.0 1584.0
401  925.291020 1.060E-23 2.300E-03.10040.272  134.88360.720.000000             V6         GROUND  7  4 1E        6  5 0E      466520 1 1 1 1 1 0   240.0  240.0
401  925.318740 2.190E-22 2.368E-02.09590.436  243.32080.730.000000             V6         GROUND 25  1 1E       26  2 0E      466520 1 1 1 1 1 0   816.0  816.0
401  925.328000 3.360E-23 1.210E-02.09300.376  534.34860.820.000000             V6         GROUND 31  6 1E       30  7 0E      466520 1 1 1 1 1 0  1008.0 1008.0
401  925.382930 4.180E-23 4.045E-02.08760.192  826.44220.860.000000             V6         GROUND 48  3 1E       48  4 0E      466520 1 1 1 1 1 0  1552.0 1552.0
401  925.427780 8.250E-24 1.325E-02.08860.224  912.94260.860.000000             V6         GROUND 44  7 1E       43  8 0E      466520 1 1 1 1 1 0  1424.0 1424.0
401  925.453240 5.680E-23 9.788E-03.10310.453  283.96500.690.000000             V6         GROUND 19  5 1A1      18  6 0A2     466520 1 1 1 1 1 0   624.0  624.0
401  925.453240 5.680E-23 9.788E-03.10310.453  283.96500.690.000000             V6         GROUND 19  5 1A2      18  6 0A1     466520 1 1 1 1 1 0   624.0  624.0
401  925.493030 4.750E-23 4.048E-02.08770.200  795.95530.860.000000             V6         GROUND 47  3 1E       47  4 0E      466520 1 1 1 1 1 0  1520.0 1520.0
401  925.503970 2.240E-22 8.143E-02.09350.253   84.14360.590.000000             V6         GROUND  3  3 1E        4  4 0E      466520 1 1 1 1 1 0   112.0  112.0
401  925.509840 2.770E-22 2.898E-02.10680.461  120.31670.710.000000             V6         GROUND 14  2 1A1      15  3 0A2     466520 1 1 1 1 1 0   464.0  464.0
401  925.509840 2.770E-22 2.898E-02.10680.461  120.31670.710.000000             V6         GROUND 14  2 1A2      15  3 0A1     466520 1 1 1 1 1 0   464.0  464.0
401  925.550030 7.880E-23 4.158E-02.08770.210  688.48390.860.000000             V6         GROUND 45  1 1A2      46  0 0A1     466520 1 1 1 1 1 0  1456.0 1456.0
401  925.600800 5.380E-23 4.051E-02.08790.208  766.09770.860.000000             V6         GROUND 46  3 1E       46  4 0E      466520 1 1 1 1 1 0  1488.0 1488.0
401  925.626700 8.630E-25 1.391E-02.08770.137 1443.62220.860.000000             V6         GROUND 58  8 1A2      57  9 0A1     355420 1 1 1 1 1 0  1872.0 1872.0
401  925.626700 8.630E-25 1.391E-02.08770.137 1443.62220.860.000000             V6         GROUND 58  8 1A1      57  9 0A2     355420 1 1 1 1 1 0  1872.0 1872.0
401  925.653940 1.140E-22 2.189E-02.09030.311  429.39280.870.000000             V6         GROUND 35  0 1E       36  1 0E      466520 1 1 1 1 1 0  1136.0 1136.0
401  925.706240 6.060E-23 4.047E-02.08800.215  736.86960.860.000000             V6         GROUND 45  3 1E       45  4 0E      466520 1 1 1 1 1 0  1456.0 1456.0
401  925.809350 6.810E-23 4.047E-02.08820.224  708.27160.860.000000             V6         GROUND 44  3 1E       44  4 0E      466520 1 1 1 1 1 0  1424.0 1424.0
401  925.888660 3.200E-23 1.231E-02.09250.363  554.08430.830.000000             V6         GROUND 32  6 1E       31  7 0E      466520 1 1 1 1 1 0  1040.0 1040.0
401  925.910150 7.630E-23 4.050E-02.08830.232  680.30390.860.000000             V6         GROUND 43  3 1E       43  4 0E      466520 1 1 1 1 1 0  1392.0 1392.0
401  925.910660 1.820E-23 3.566E-03.10480.308  139.34990.730.000000             V6         GROUND  8  4 1E        7  5 0E      466520 1 1 1 1 1 0   272.0  272.0
401  925.939980 9.370E-24 2.035E-02.08640.150 1020.24660.860.000000             V6         GROUND 55  2 1E       56  1 0E      355420 1 1 1 1 1 0  1776.0 1776.0
401  925.954180 7.430E-24 1.338E-02.08850.215  940.89230.860.000000             V6         GROUND 45  7 1E       44  8 0E      466520 1 1 1 1 1 0  1456.0 1456.0
401  926.008630 8.510E-23 4.049E-02.08850.241  652.96680.860.000000             V6         GROUND 42  3 1E       42  4 0E      466520 1 1 1 1 1 0  1360.0 1360.0
401  926.011390 2.300E-22 2.391E-02.09670.446  226.74850.720.000000             V6         GROUND 24  1 1E       25  2 0E      466520 1 1 1 1 1 0   784.0  784.0
401  926.044060 5.870E-23 1.022E-02.10200.454  296.07830.690.000000             V6         GROUND 20  5 1A1      19  6 0A2     466520 1 1 1 1 1 0   656.0  656.0
401  926.044060 5.870E-23 1.022E-02.10200.454  296.07830.690.000000             V6         GROUND 20  5 1A2      19  6 0A1     466520 1 1 1 1 1 0   656.0  656.0
401  926.104780 9.460E-23 4.049E-02.08880.251  626.26090.860.000000             V6         GROUND 41  3 1E       41  4 0E      466520 1 1 1 1 1 0  1328.0 1328.0
401  926.114170 7.390E-25 1.402E-02.08770.137 1480.34710.860.000000             V6         GROUND 59  8 1A1      58  9 0A2     355420 1 1 1 1 1 0  1904.0 1904.0
401  926.114170 7.390E-25 1.402E-02.08770.137 1480.34710.860.000000             V6         GROUND 59  8 1A2      58  9 0A1     355420 1 1 1 1 1 0  1904.0 1904.0
401  926.179110 2.760E-22 2.964E-02.10790.455  110.74750.720.000000             V6         GROUND 13  2 1A2      14  3 0A1     466520 1 1 1 1 1 0   432.0  432.0
401  926.179110 2.760E-22 2.964E-02.10790.455  110.74750.720.000000             V6         GROUND 13  2 1A1      14  3 0A2     466520 1 1 1 1 1 0   432.0  432.0
401  926.198630 1.050E-22 4.058E-02.08900.260  600.18620.860.000000             V6         GROUND 40  3 1E       40  4 0E      466520 1 1 1 1 1 0  1296.0 1296.0
401  926.290150 1.160E-22 4.063E-02.08930.270  574.74330.860.000000             V6         GROUND 39  3 1E       39  4 0E      466520 1 1 1 1 1 0  1264.0 1264.0
401  926.296000 8.890E-23 4.168E-02.08790.218  659.24960.860.000000             V6         GROUND 44  1 1A1      45  0 0A2     466520 1 1 1 1 1 0  1424.0 1424.0
401  926.367220 1.240E-22 2.195E-02.09070.324  406.47510.860.000000             V6         GROUND 34  0 1E       35  1 0E      466520 1 1 1 1 1 0  1104.0 1104.0
401  926.379360 1.270E-22 4.046E-02.08960.282  549.93230.860.000000             V6         GROUND 38  3 1E       38  4 0E      466520 1 1 1 1 1 0  1232.0 1232.0
401  926.446770 3.040E-23 1.254E-02.09200.350  574.45390.850.000000             V6         GROUND 33  6 1E       32  7 0E      466520 1 1 1 1 1 0  1072.0 1072.0
401  926.466270 1.390E-22 4.043E-02.08990.294  525.75370.860.000000             V6         GROUND 37  3 1E       37  4 0E      466520 1 1 1 1 1 0  1200.0 1200.0
401  926.477880 6.680E-24 1.354E-02.08830.207  969.47190.860.000000             V6         GROUND 46  7 1E       45  8 0E      466520 1 1 1 1 1 0  1488.0 1488.0
401  926.527970 2.630E-23 4.732E-03.10660.338  144.45410.740.000000             V6         GROUND  9  4 1E        8  5 0E      466520 1 1 1 1 1 0   304.0  304.0
401  926.550870 1.520E-22 4.052E-02.09030.306  502.20770.860.000000             V6         GROUND 36  3 1E       36  4 0E      466520 1 1 1 1 1 0  1168.0 1168.0
401  926.632440 6.010E-23 1.063E-02.10100.454  308.82800.700.000000             V6         GROUND 21  5 1A2      20  6 0A1     466520 1 1 1 1 1 0   688.0  688.0
401  926.632440 6.010E-23 1.063E-02.10100.454  308.82800.700.000000             V6         GROUND 21  5 1A1      20  6 0A2     466520 1 1 1 1 1 0   688.0  688.0
401  926.633160 1.650E-22 4.046E-02.09070.319  479.29460.870.000000             V6         GROUND 35  3 1E       35  4 0E      466520 1 1 1 1 1 0  1136.0 1136.0
401  926.690800 1.090E-23 2.032E-02.08700.150  984.73310.860.000000             V6         GROUND 54  2 1E       55  1 0E      466520 1 1 1 1 1 0  1744.0 1744.0
401  926.701960 2.400E-22 2.411E-02.09750.454  210.81200.710.000000             V6         GROUND 23  1 1E       24  2 0E      466520 1 1 1 1 1 0   752.0  752.0
401  926.713150 1.790E-22 4.054E-02.09110.333  457.01470.860.000000             V6         GROUND 34  3 1E       34  4 0E      466520 1 1 1 1 1 0  1104.0 1104.0
401  926.790840 1.930E-22 4.052E-02.09160.346  435.36830.850.000000             V6         GROUND 33  3 1E       33  4 0E      466520 1 1 1 1 1 0  1072.0 1072.0
401  926.846220 2.740E-22 3.048E-02.10880.446  101.81570.720.000000             V6         GROUND 12  2 1A1      13  3 0A2     466520 1 1 1 1 1 0   400.0  400.0
401  926.846220 2.740E-22 3.048E-02.10880.446  101.81570.720.000000             V6         GROUND 12  2 1A2      13  3 0A1     466520 1 1 1 1 1 0   400.0  400.0
401  926.866220 2.070E-22 4.046E-02.09200.360  414.35560.830.000000             V6         GROUND 32  3 1E       32  4 0E      466520 1 1 1 1 1 0  1040.0 1040.0
401  926.939310 2.210E-22 4.037E-02.09260.373  393.97690.820.000000             V6         GROUND 31  3 1E       31  4 0E      466520 1 1 1 1 1 0  1008.0 1008.0
401  926.998890 5.970E-24 1.367E-02.08820.199  998.68110.860.000000             V6         GROUND 47  7 1E       46  8 0E      466520 1 1 1 1 1 0  1520.0 1520.0
401  927.002310 2.870E-23 1.275E-02.09150.337  595.45730.860.000000             V6         GROUND 34  6 1E       33  7 0E      466520 1 1 1 1 1 0  1104.0 1104.0
401  927.010100 2.360E-22 4.045E-02.09310.386  374.23240.800.000000             V6         GROUND 30  3 1E       30  4 0E      466520 1 1 1 1 1 0   976.0  976.0
401  927.039720 1.000E-22 4.180E-02.08810.226  630.64530.860.000000             V6         GROUND 43  1 1A2      44  0 0A1     466520 1 1 1 1 1 0  1392.0 1392.0
401  927.078470 1.350E-22 2.212E-02.09110.337  384.19070.850.000000             V6         GROUND 33  0 1E       34  1 0E      466520 1 1 1 1 1 0  1072.0 1072.0
401  927.078590 2.500E-22 4.038E-02.09370.399  355.12250.790.000000             V6         GROUND 29  3 1E       29  4 0E      466520 1 1 1 1 1 0   944.0  944.0
401  927.142920 3.450E-23 5.783E-03.10700.364  150.19610.730.000000             V6         GROUND 10  4 1E        9  5 0E      466520 1 1 1 1 1 0   336.0  336.0
401  927.144780 2.640E-22 4.035E-02.09440.410  336.64730.770.000000             V6         GROUND 28  3 1E       28  4 0E      466520 1 1 1 1 1 0   912.0  912.0
401  927.208680 2.770E-22 4.024E-02.09510.421  318.80710.760.000000             V6         GROUND 27  3 1E       27  4 0E      466520 1 1 1 1 1 0   880.0  880.0
401  927.218360 6.090E-23 1.099E-02.10000.452  322.21400.700.000000             V6         GROUND 22  5 1A1      21  6 0A2     466520 1 1 1 1 1 0   720.0  720.0
401  927.218360 6.090E-23 1.099E-02.10000.452  322.21400.700.000000             V6         GROUND 22  5 1A2      21  6 0A1     466520 1 1 1 1 1 0   720.0  720.0
401  927.270290 2.900E-22 4.022E-02.09580.431  301.60210.750.000000             V6         GROUND 26  3 1E       26  4 0E      466520 1 1 1 1 1 0   848.0  848.0
401  927.329600 3.020E-22 4.016E-02.09660.440  285.03250.730.000000             V6         GROUND 25  3 1E       25  4 0E      466520 1 1 1 1 1 0   816.0  816.0
401  927.386630 3.130E-22 4.010E-02.09740.448  269.09850.720.000000             V6         GROUND 24  3 1E       24  4 0E      466520 1 1 1 1 1 0   784.0  784.0
401  927.390440 2.490E-22 2.429E-02.09840.461  195.51130.700.000000             V6         GROUND 22  1 1E       23  2 0E      466520 1 1 1 1 1 0   720.0  720.0
401  927.439770 1.270E-23 2.038E-02.08710.150  949.84560.860.000000             V6         GROUND 53  2 1E       54  1 0E      466520 1 1 1 1 1 0  1712.0 1712.0
401  927.441370 3.230E-22 4.005E-02.09830.455  253.80030.710.000000             V6         GROUND 23  3 1E       23  4 0E      466520 1 1 1 1 1 0   752.0  752.0
401  927.493820 3.320E-22 4.005E-02.09920.460  239.13810.700.000000             V6         GROUND 22  3 1E       22  4 0E      466520 1 1 1 1 1 0   720.0  720.0
401  927.511150 2.710E-22 3.151E-02.10980.437   93.52140.730.000000             V6         GROUND 11  2 1A2      12  3 0A1     466520 1 1 1 1 1 0   368.0  368.0
401  927.511150 2.710E-22 3.151E-02.10980.437   93.52140.730.000000             V6         GROUND 11  2 1A1      12  3 0A2     466520 1 1 1 1 1 0   368.0  368.0
401  927.517190 5.320E-24 1.381E-02.08820.192 1028.51950.860.000000             V6         GROUND 48  7 1E       47  8 0E      466520 1 1 1 1 1 0  1552.0 1552.0
401  927.543980 3.380E-22 3.986E-02.10020.464  225.11210.700.000000             V6         GROUND 21  3 1E       21  4 0E      466520 1 1 1 1 1 0   688.0  688.0
401  927.555270 2.700E-23 1.296E-02.09110.323  617.09420.870.000000             V6         GROUND 35  6 1E       34  7 0E      466520 1 1 1 1 1 0  1136.0 1136.0
401  927.591850 3.440E-22 3.987E-02.10120.467  211.72240.690.000000             V6         GROUND 20  3 1E       20  4 0E      466520 1 1 1 1 1 0   656.0  656.0
401  927.637450 3.470E-22 3.974E-02.10230.468  198.96930.690.000000             V6         GROUND 19  3 1E       19  4 0E      466520 1 1 1 1 1 0   624.0  624.0
401  927.680750 3.480E-22 3.961E-02.10340.467  186.85280.690.000000             V6         GROUND 18  3 1E       18  4 0E      466520 1 1 1 1 1 0   592.0  592.0
401  927.721770 3.460E-22 3.938E-02.10460.465  175.37320.690.000000             V6         GROUND 17  3 1E       17  4 0E      466520 1 1 1 1 1 0   560.0  560.0
401  927.755510 4.260E-23 6.734E-03.10680.385  156.57580.730.000000             V6         GROUND 11  4 1E       10  5 0E      466520 1 1 1 1 1 0   368.0  368.0
401  927.760510 3.420E-22 3.916E-02.10540.461  164.53050.690.000000             V6         GROUND 16  3 1E       16  4 0E      466520 1 1 1 1 1 0   528.0  528.0
401  927.781210 1.120E-22 4.189E-02.08830.235  602.67160.860.000000             V6         GROUND 42  1 1A1      43  0 0A2     466520 1 1 1 1 1 0  1360.0 1360.0
401  927.787670 1.460E-22 2.222E-02.09160.351  362.53990.830.000000             V6         GROUND 32  0 1E       33  1 0E      466520 1 1 1 1 1 0  1040.0 1040.0
401  927.796960 3.360E-22 3.898E-02.10640.456  154.32500.700.000000             V6         GROUND 15  3 1E       15  4 0E      466520 1 1 1 1 1 0   496.0  496.0
401  927.801820 6.130E-23 1.136E-02.09900.449  336.23630.710.000000             V6         GROUND 23  5 1A2      22  6 0A1     466520 1 1 1 1 1 0   752.0  752.0
401  927.801820 6.130E-23 1.136E-02.09900.449  336.23630.710.000000             V6         GROUND 23  5 1A1      22  6 0A2     466520 1 1 1 1 1 0   752.0  752.0
401  927.831140 3.270E-22 3.871E-02.10720.449  144.75670.710.000000             V6         GROUND 14  3 1E       14  4 0E      466520 1 1 1 1 1 0   464.0  464.0
401  927.863040 3.150E-22 3.835E-02.10780.440  135.82570.720.000000             V6         GROUND 13  3 1E       13  4 0E      466520 1 1 1 1 1 0   432.0  432.0
401  927.892640 3.000E-22 3.789E-02.10840.429  127.53220.720.000000             V6         GROUND 12  3 1E       12  4 0E      466520 1 1 1 1 1 0   400.0  400.0
401  927.919970 2.820E-22 3.731E-02.10900.416  119.87630.730.000000             V6         GROUND 11  3 1E       11  4 0E      466520 1 1 1 1 1 0   368.0  368.0
401  927.945030 2.610E-22 3.655E-02.10970.401  112.85800.730.000000             V6         GROUND 10  3 1E       10  4 0E      466520 1 1 1 1 1 0   336.0  336.0
401  927.967810 2.370E-22 3.556E-02.11040.383  106.47750.740.000000             V6         GROUND  9  3 1E        9  4 0E      466520 1 1 1 1 1 0   304.0  304.0
401  927.988300 2.100E-22 3.425E-02.11080.363  100.73480.730.000000             V6         GROUND  8  3 1E        8  4 0E      466520 1 1 1 1 1 0   272.0  272.0
401  928.006520 1.790E-22 3.228E-02.11030.341   95.63000.720.000000             V6         GROUND  7  3 1E        7  4 0E      466520 1 1 1 1 1 0   240.0  240.0
401  928.022460 1.440E-22 2.932E-02.10810.315   91.16320.710.000000             V6         GROUND  6  3 1E        6  4 0E      466520 1 1 1 1 1 0   208.0  208.0
401  928.032770 4.720E-24 1.394E-02.08810.184 1058.98680.860.000000             V6         GROUND 49  7 1E       48  8 0E      466520 1 1 1 1 1 0  1584.0 1584.0
401  928.036120 1.040E-22 2.456E-02.10310.286   87.33430.680.000000             V6         GROUND  5  3 1E        5  4 0E      466520 1 1 1 1 1 0   176.0  176.0
401  928.047510 5.780E-23 1.643E-02.09350.253   84.14360.640.000000             V6         GROUND  4  3 1E        4  4 0E      466520 1 1 1 1 1 0   144.0  144.0
401  928.076800 2.570E-22 2.447E-02.09930.467  180.84670.700.000000             V6         GROUND 21  1 1E       22  2 0E      466520 1 1 1 1 1 0   688.0  688.0
401  928.105630 2.520E-23 1.313E-02.09070.310  639.36420.860.000000             V6         GROUND 36  6 1E       35  7 0E      466520 1 1 1 1 1 0  1168.0 1168.0
401  928.173900 2.660E-22 3.269E-02.11080.425   85.86470.730.000000             V6         GROUND 10  2 1A2      11  3 0A1     466520 1 1 1 1 1 0   336.0  336.0
401  928.173900 2.660E-22 3.269E-02.11080.425   85.86470.730.000000             V6         GROUND 10  2 1A1      11  3 0A2     466520 1 1 1 1 1 0   336.0  336.0
401  928.186910 1.470E-23 2.039E-02.08710.150  915.58470.860.000000             V6         GROUND 52  2 1E       53  1 0E      466520 1 1 1 1 1 0  1680.0 1680.0
401  928.365740 5.030E-23 7.578E-03.10660.403  163.59320.720.000000             V6         GROUND 12  4 1E       11  5 0E      466520 1 1 1 1 1 0   400.0  400.0
401  928.382800 6.120E-23 1.169E-02.09810.444  350.89450.720.000000             V6         GROUND 24  5 1A1      23  6 0A2     466520 1 1 1 1 1 0   784.0  784.0
401  928.382800 6.120E-23 1.169E-02.09810.444  350.89450.720.000000             V6         GROUND 24  5 1A2      23  6 0A1     466520 1 1 1 1 1 0   784.0  784.0
401  928.494840 1.570E-22 2.230E-02.09210.364  341.52290.820.000000             V6         GROUND 31  0 1E       32  1 0E      466520 1 1 1 1 1 0  1008.0 1008.0
401  928.520460 1.250E-22 4.198E-02.08850.244  575.32870.860.000000             V6         GROUND 41  1 1A2      42  0 0A1     466520 1 1 1 1 1 0  1328.0 1328.0
401  928.545610 4.170E-24 1.405E-02.08800.176 1090.08250.860.000000             V6         GROUND 50  7 1E       49  8 0E      466520 1 1 1 1 1 0  1616.0 1616.0
401  928.653410 2.350E-23 1.333E-02.09030.296  662.26720.860.000000             V6         GROUND 37  6 1E       36  7 0E      466520 1 1 1 1 1 0  1200.0 1200.0
401  928.761060 2.650E-22 2.475E-02.10030.471  166.81850.690.000000             V6         GROUND 20  1 1E       21  2 0E      466520 1 1 1 1 1 0   656.0  656.0
401  928.834460 2.600E-22 3.417E-02.11190.413   78.84580.740.000000             V6         GROUND  9  2 1A2      10  3 0A1     466520 1 1 1 1 1 0   304.0  304.0
401  928.834460 2.600E-22 3.417E-02.11190.413   78.84580.740.000000             V6         GROUND  9  2 1A1      10  3 0A2     466520 1 1 1 1 1 0   304.0  304.0
401  928.932190 1.700E-23 2.044E-02.08720.157  881.95070.860.000000             V6         GROUND 51  2 1E       52  1 0E      466520 1 1 1 1 1 0  1648.0 1648.0
401  928.961300 6.060E-23 1.200E-02.09720.438  366.18860.730.000000             V6         GROUND 25  5 1A1      24  6 0A2     466520 1 1 1 1 1 0   816.0  816.0
401  928.961300 6.060E-23 1.200E-02.09720.438  366.18860.730.000000             V6         GROUND 25  5 1A2      24  6 0A1     466520 1 1 1 1 1 0   816.0  816.0
401  928.973580 5.760E-23 8.351E-03.10660.418  171.24820.720.000000             V6         GROUND 13  4 1E       12  5 0E      466520 1 1 1 1 1 0   432.0  432.0
401  929.055720 3.680E-24 1.420E-02.08800.167 1121.80620.860.000000             V6         GROUND 51  7 1E       50  8 0E      466520 1 1 1 1 1 0  1648.0 1648.0
401  929.198580 2.180E-23 1.352E-02.09000.284  685.80270.860.000000             V6         GROUND 38  6 1E       37  7 0E      466520 1 1 1 1 1 0  1232.0 1232.0
401  929.199950 1.680E-22 2.235E-02.09260.378  321.14010.800.000000             V6         GROUND 30  0 1E       31  1 0E      466520 1 1 1 1 1 0   976.0  976.0
401  929.257450 1.390E-22 4.208E-02.08870.254  548.61700.860.000000             V6         GROUND 40  1 1A1      41  0 0A2     466520 1 1 1 1 1 0  1296.0 1296.0
401  929.443200 2.710E-22 2.497E-02.10130.474  153.42670.690.000000             V6         GROUND 19  1 1E       20  2 0E      466520 1 1 1 1 1 0   624.0  624.0
401  929.492830 2.520E-22 3.594E-02.11300.399   72.46470.730.000000             V6         GROUND  8  2 1A2       9  3 0A1     466520 1 1 1 1 1 0   272.0  272.0
401  929.492830 2.520E-22 3.594E-02.11300.399   72.46470.730.000000             V6         GROUND  8  2 1A1       9  3 0A2     466520 1 1 1 1 1 0   272.0  272.0
401  929.537300 5.970E-23 1.230E-02.09640.431  382.11840.750.000000             V6         GROUND 26  5 1A2      25  6 0A1     466520 1 1 1 1 1 0   848.0  848.0
401  929.537300 5.970E-23 1.230E-02.09640.431  382.11840.750.000000             V6         GROUND 26  5 1A1      25  6 0A2     466520 1 1 1 1 1 0   848.0  848.0
401  929.563080 3.230E-24 1.433E-02.08790.157 1154.15760.860.000000             V6         GROUND 52  7 1E       51  8 0E      466520 1 1 1 1 1 0  1680.0 1680.0
401  929.579050 6.430E-23 9.048E-03.10650.431  179.54070.710.000000             V6         GROUND 14  4 1E       13  5 0E      466520 1 1 1 1 1 0   464.0  464.0
401  929.675620 1.960E-23 2.050E-02.08720.168  848.94410.860.000000             V6         GROUND 50  2 1E       51  1 0E      466520 1 1 1 1 1 0  1616.0 1616.0
401  929.741130 2.010E-23 1.368E-02.08970.272  709.97070.860.000000             V6         GROUND 39  6 1E       38  7 0E      466520 1 1 1 1 1 0  1264.0 1264.0
401  929.903000 1.790E-22 2.240E-02.09320.391  301.39170.790.000000             V6         GROUND 29  0 1E       30  1 0E      466520 1 1 1 1 1 0   944.0  944.0
401  929.992190 1.540E-22 4.217E-02.08900.264  522.53670.860.000000             V6         GROUND 39  1 1A2      40  0 0A1     466520 1 1 1 1 1 0  1264.0 1264.0
401  930.067670 2.820E-24 1.442E-02.08790.146 1187.13630.860.000000             V6         GROUND 53  7 1E       52  8 0E      466520 1 1 1 1 1 0  1712.0 1712.0
401  930.110790 5.840E-23 1.259E-02.09570.423  398.68350.760.000000             V6         GROUND 27  5 1A1      26  6 0A2     466520 1 1 1 1 1 0   880.0  880.0
401  930.110790 5.840E-23 1.259E-02.09570.423  398.68350.760.000000             V6         GROUND 27  5 1A2      26  6 0A1     466520 1 1 1 1 1 0   880.0  880.0
401  930.123220 2.760E-22 2.523E-02.10240.476  140.67150.690.000000             V6         GROUND 18  1 1E       19  2 0E      466520 1 1 1 1 1 0   592.0  592.0
401  930.148980 2.430E-22 3.825E-02.11400.383   66.72150.720.000000             V6         GROUND  7  2 1A2       8  3 0A1     466520 1 1 1 1 1 0   240.0  240.0
401  930.148980 2.430E-22 3.825E-02.11400.383   66.72150.720.000000             V6         GROUND  7  2 1A1       8  3 0A2     466520 1 1 1 1 1 0   240.0  240.0
401  930.182100 7.030E-23 9.676E-03.10640.441  188.47060.700.000000             V6         GROUND 15  4 1E       14  5 0E      466520 1 1 1 1 1 0   496.0  496.0
401  930.281060 1.850E-23 1.387E-02.08940.261  734.77060.860.000000             V6         GROUND 40  6 1E       39  7 0E      466520 1 1 1 1 1 0  1296.0 1296.0
401  930.417180 2.250E-23 2.055E-02.08730.178  816.56530.860.000000             V6         GROUND 49  2 1E       50  1 0E      466520 1 1 1 1 1 0  1584.0 1584.0
401  930.472830 4.480E-24 2.022E-02.08650.149 1183.08880.860.000000             V6         GROUND 59  3 1E       60  2 0E      355420 1 1 1 1 1 0  1904.0 1904.0
401  930.569490 2.460E-24 1.456E-02.08790.139 1220.74180.860.000000             V6         GROUND 54  7 1E       53  8 0E      466520 1 1 1 1 1 0  1744.0 1744.0
401  930.603990 1.900E-22 2.246E-02.09380.403  282.27790.770.000000             V6         GROUND 28  0 1E       29  1 0E      466520 1 1 1 1 1 0   912.0  912.0
401  930.681790 5.670E-23 1.283E-02.09500.414  415.88390.770.000000             V6         GROUND 28  5 1A1      27  6 0A2     466520 1 1 1 1 1 0   912.0  912.0
401  930.681790 5.670E-23 1.283E-02.09500.414  415.88390.770.000000             V6         GROUND 28  5 1A2      27  6 0A1     466520 1 1 1 1 1 0   912.0  912.0
401  930.724650 1.700E-22 4.227E-02.08920.275  497.08830.860.000000             V6         GROUND 38  1 1A1      39  0 0A2     466520 1 1 1 1 1 0  1232.0 1232.0
401  930.782770 7.550E-23 1.024E-02.10590.449  198.03780.690.000000             V6         GROUND 16  4 1E       15  5 0E      466520 1 1 1 1 1 0   528.0  528.0
401  930.801100 2.800E-22 2.554E-02.10350.475  128.55300.690.000000             V6         GROUND 17  1 1E       18  2 0E      466520 1 1 1 1 1 0   560.0  560.0
401  930.802930 2.330E-22 4.133E-02.11460.367   61.61620.710.000000             V6         GROUND  6  2 1A2       7  3 0A1     466520 1 1 1 1 1 0   208.0  208.0
401  930.802930 2.330E-22 4.133E-02.11460.367   61.61620.710.000000             V6         GROUND  6  2 1A1       7  3 0A2     466520 1 1 1 1 1 0   208.0  208.0
401  930.818340 1.690E-23 1.401E-02.08910.250  760.20230.860.000000             V6         GROUND 41  6 1E       40  7 0E      466520 1 1 1 1 1 0  1328.0 1328.0
401  931.068520 2.130E-24 1.463E-02.08790.139 1254.97380.860.000000             V6         GROUND 55  7 1E       54  8 0E      466520 1 1 1 1 1 0  1776.0 1776.0
401  931.156860 2.570E-23 2.056E-02.08740.186  784.81470.860.000000             V6         GROUND 48  2 1E       49  1 0E      466520 1 1 1 1 1 0  1552.0 1552.0
401  931.226880 6.440E-24 1.508E-03.09350.253   84.14360.680.000000             V6         GROUND  5  3 1E        4  4 0E      466520 1 1 1 1 1 0   176.0  176.0
401  931.231380 5.300E-24 2.026E-02.08650.149 1145.07700.860.000000             V6         GROUND 58  3 1E       59  2 0E      355420 1 1 1 1 1 0  1872.0 1872.0
401  931.250260 5.480E-23 1.308E-02.09430.403  433.71940.790.000000             V6         GROUND 29  5 1A1      28  6 0A2     466520 1 1 1 1 1 0   944.0  944.0
401  931.250260 5.480E-23 1.308E-02.09430.403  433.71940.790.000000             V6         GROUND 29  5 1A2      28  6 0A1     466520 1 1 1 1 1 0   944.0  944.0
401  931.267520 9.900E-24 4.185E-02.08660.148 1169.30310.860.000000             V6         GROUND 59  2 1A2      59  3 0A1     355420 1 1 1 1 1 0  1904.0 1904.0
401  931.267520 9.900E-24 4.185E-02.08660.148 1169.30310.860.000000             V6         GROUND 59  2 1A1      59  3 0A2     355420 1 1 1 1 1 0  1904.0 1904.0
401  931.302920 2.010E-22 2.254E-02.09450.416  263.79900.760.000000             V6         GROUND 27  0 1E       28  1 0E      466520 1 1 1 1 1 0   880.0  880.0
401  931.352990 1.540E-23 1.417E-02.08890.245  786.26540.860.000000             V6         GROUND 42  6 1E       41  7 0E      466520 1 1 1 1 1 0  1360.0 1360.0
401  931.381020 8.000E-23 1.076E-02.10500.454  208.24210.690.000000             V6         GROUND 17  4 1E       16  5 0E      466520 1 1 1 1 1 0   560.0  560.0
401  931.403390 1.170E-23 4.196E-02.08650.148 1131.91800.860.000000             V6         GROUND 58  2 1A1      58  3 0A2     355420 1 1 1 1 1 0  1872.0 1872.0
401  931.403390 1.170E-23 4.196E-02.08650.148 1131.91800.860.000000             V6         GROUND 58  2 1A2      58  3 0A1     355420 1 1 1 1 1 0  1872.0 1872.0
401  931.454650 2.230E-22 4.581E-02.11420.349   57.14890.680.000000             V6         GROUND  5  2 1A2       6  3 0A1     466520 1 1 1 1 1 0   176.0  176.0
401  931.454650 2.230E-22 4.581E-02.11420.349   57.14890.680.000000             V6         GROUND  5  2 1A1       6  3 0A2     466520 1 1 1 1 1 0   176.0  176.0
401  931.454840 1.870E-22 4.238E-02.08960.286  472.27200.860.000000             V6         GROUND 37  1 1A2      38  0 0A1     466520 1 1 1 1 1 0  1200.0 1200.0
401  931.476850 2.820E-22 2.584E-02.10470.474  117.07160.690.000000             V6         GROUND 16  1 1E       17  2 0E      466520 1 1 1 1 1 0   528.0  528.0
401  931.536890 1.370E-23 4.182E-02.08650.148 1095.15760.860.000000             V6         GROUND 57  2 1A2      57  3 0A1     355420 1 1 1 1 1 0  1840.0 1840.0
401  931.536890 1.370E-23 4.182E-02.08650.148 1095.15760.860.000000             V6         GROUND 57  2 1A1      57  3 0A2     355420 1 1 1 1 1 0  1840.0 1840.0
401  931.564770 1.840E-24 1.473E-02.08790.139 1289.83170.860.000000             V6         GROUND 56  7 1E       55  8 0E      466520 1 1 1 1 1 0  1808.0 1808.0
401  931.668030 1.610E-23 4.197E-02.08650.148 1059.02240.860.000000             V6         GROUND 56  2 1A2      56  3 0A1     355420 1 1 1 1 1 0  1808.0 1808.0
401  931.668030 1.610E-23 4.197E-02.08650.148 1059.02240.860.000000             V6         GROUND 56  2 1A1      56  3 0A2     355420 1 1 1 1 1 0  1808.0 1808.0
401  931.796820 1.880E-23 4.199E-02.08710.148 1023.51260.860.000000             V6         GROUND 55  2 1A2      55  3 0A1     466520 1 1 1 1 1 0  1776.0 1776.0
401  931.796820 1.880E-23 4.199E-02.08710.148 1023.51260.860.000000             V6         GROUND 55  2 1A1      55  3 0A2     466520 1 1 1 1 1 0  1776.0 1776.0
401  931.816200 5.270E-23 1.333E-02.09370.392  452.18960.800.000000             V6         GROUND 30  5 1A2      29  6 0A1     466520 1 1 1 1 1 0   976.0  976.0
401  931.816200 5.270E-23 1.333E-02.09370.392  452.18960.800.000000             V6         GROUND 30  5 1A1      29  6 0A2     466520 1 1 1 1 1 0   976.0  976.0
401  931.851280 1.590E-23 3.203E-03.10310.286   87.33430.710.000000             V6         GROUND  6  3 1E        5  4 0E      466520 1 1 1 1 1 0   208.0  208.0
401  931.884980 1.400E-23 1.434E-02.08870.235  812.95950.860.000000             V6         GROUND 43  6 1E       42  7 0E      466520 1 1 1 1 1 0  1392.0 1392.0
401  931.894670 2.930E-23 2.061E-02.08750.195  753.69270.860.000000             V6         GROUND 47  2 1E       48  1 0E      466520 1 1 1 1 1 0  1520.0 1520.0
401  931.923240 2.180E-23 4.187E-02.08720.148  988.62890.860.000000             V6         GROUND 54  2 1A1      54  3 0A2     466520 1 1 1 1 1 0  1744.0 1744.0
401  931.923240 2.180E-23 4.187E-02.08720.148  988.62890.860.000000             V6         GROUND 54  2 1A2      54  3 0A1     466520 1 1 1 1 1 0  1744.0 1744.0
401  931.976860 8.360E-23 1.123E-02.10440.459  219.08340.690.000000             V6         GROUND 18  4 1E       17  5 0E      466520 1 1 1 1 1 0   592.0  592.0
401  931.988100 6.240E-24 2.026E-02.08650.149 1107.68940.860.000000             V6         GROUND 57  3 1E       58  2 0E      355420 1 1 1 1 1 0  1840.0 1840.0
401  931.999760 2.120E-22 2.266E-02.09520.427  245.95520.750.000000             V6         GROUND 26  0 1E       27  1 0E      466520 1 1 1 1 1 0   848.0  848.0
401  932.047320 2.530E-23 4.191E-02.08720.148  954.37170.860.000000             V6         GROUND 53  2 1A1      53  3 0A2     466520 1 1 1 1 1 0  1712.0 1712.0
401  932.047320 2.530E-23 4.191E-02.08720.148  954.37170.860.000000             V6         GROUND 53  2 1A2      53  3 0A1     466520 1 1 1 1 1 0  1712.0 1712.0
401  932.058200 1.590E-24 1.487E-02.08740.139 1325.31520.860.000000             V6         GROUND 57  7 1E       56  8 0E      355420 1 1 1 1 1 0  1840.0 1840.0
401  932.104150 2.120E-22 5.232E-02.11220.329   53.31970.640.000000             V6         GROUND  4  2 1A2       5  3 0A1     466520 1 1 1 1 1 0   144.0  144.0
401  932.104150 2.120E-22 5.232E-02.11220.329   53.31970.640.000000             V6         GROUND  4  2 1A1       5  3 0A2     466520 1 1 1 1 1 0   144.0  144.0
401  932.150450 2.830E-22 2.623E-02.10590.470  106.22720.700.000000             V6         GROUND 15  1 1E       16  2 0E      466520 1 1 1 1 1 0   496.0  496.0
401  932.169060 2.930E-23 4.202E-02.08730.155  920.74130.860.000000             V6         GROUND 52  2 1A2      52  3 0A1     466520 1 1 1 1 1 0  1680.0 1680.0
401  932.169060 2.930E-23 4.202E-02.08730.155  920.74130.860.000000             V6         GROUND 52  2 1A1      52  3 0A2     466520 1 1 1 1 1 0  1680.0 1680.0
401  932.182750 2.040E-22 4.230E-02.08990.298  448.08820.860.000000             V6         GROUND 36  1 1A1      37  0 0A2     466520 1 1 1 1 1 0  1168.0 1168.0
401  932.288450 3.370E-23 4.197E-02.08730.167  887.73830.860.000000             V6         GROUND 51  2 1A1      51  3 0A2     466520 1 1 1 1 1 0  1648.0 1648.0
401  932.288450 3.370E-23 4.197E-02.08730.167  887.73830.860.000000             V6         GROUND 51  2 1A2      51  3 0A1     466520 1 1 1 1 1 0  1648.0 1648.0
401  932.379610 5.040E-23 1.356E-02.09310.380  471.29440.820.000000             V6         GROUND 31  5 1A2      30  6 0A1     466520 1 1 1 1 1 0  1008.0 1008.0
401  932.379610 5.040E-23 1.356E-02.09310.380  471.29440.820.000000             V6         GROUND 31  5 1A1      30  6 0A2     466520 1 1 1 1 1 0  1008.0 1008.0
401  932.405500 3.870E-23 4.201E-02.08740.176  855.36300.860.000000             V6         GROUND 50  2 1A1      50  3 0A2     466520 1 1 1 1 1 0  1616.0 1616.0
401  932.405500 3.870E-23 4.201E-02.08740.176  855.36300.860.000000             V6         GROUND 50  2 1A2      50  3 0A1     466520 1 1 1 1 1 0  1616.0 1616.0
401  932.414300 1.260E-23 1.442E-02.08850.226  840.28450.860.000000             V6         GROUND 44  6 1E       43  7 0E      466520 1 1 1 1 1 0  1424.0 1424.0
401  932.473350 2.670E-23 4.756E-03.10810.315   91.16320.720.000000             V6         GROUND  7  3 1E        6  4 0E      466520 1 1 1 1 1 0   240.0  240.0
401  932.520200 4.420E-23 4.196E-02.08750.185  823.61580.860.000000             V6         GROUND 49  2 1A1      49  3 0A2     466520 1 1 1 1 1 0  1584.0 1584.0
401  932.520200 4.420E-23 4.196E-02.08750.185  823.61580.860.000000             V6         GROUND 49  2 1A2      49  3 0A1     466520 1 1 1 1 1 0  1584.0 1584.0
401  932.548820 1.360E-24 1.492E-02.08740.139 1361.42380.860.000000             V6         GROUND 58  7 1E       57  8 0E      355420 1 1 1 1 1 0  1872.0 1872.0
401  932.570260 8.650E-23 1.167E-02.10330.461  230.56170.690.000000             V6         GROUND 19  4 1E       18  5 0E      466520 1 1 1 1 1 0   624.0  624.0
401  932.630580 3.320E-23 2.060E-02.08760.203  723.19970.860.000000             V6         GROUND 46  2 1E       47  1 0E      466520 1 1 1 1 1 0  1488.0 1488.0
401  932.632580 5.040E-23 4.199E-02.08760.193  792.49710.860.000000             V6         GROUND 48  2 1A2      48  3 0A1     466520 1 1 1 1 1 0  1552.0 1552.0
401  932.632580 5.040E-23 4.199E-02.08760.193  792.49710.860.000000             V6         GROUND 48  2 1A1      48  3 0A2     466520 1 1 1 1 1 0  1552.0 1552.0
401  932.694530 2.230E-22 2.281E-02.09590.438  228.74670.730.000000             V6         GROUND 25  0 1E       26  1 0E      466520 1 1 1 1 1 0   816.0  816.0
401  932.742620 5.730E-23 4.203E-02.08770.201  762.00740.860.000000             V6         GROUND 47  2 1A2      47  3 0A1     466520 1 1 1 1 1 0  1520.0 1520.0
401  932.742620 5.730E-23 4.203E-02.08770.201  762.00740.860.000000             V6         GROUND 47  2 1A1      47  3 0A2     466520 1 1 1 1 1 0  1520.0 1520.0
401  932.742990 7.330E-24 2.029E-02.08650.149 1070.92650.860.000000             V6         GROUND 56  3 1E       57  2 0E      355420 1 1 1 1 1 0  1808.0 1808.0
401  932.751420 2.020E-22 6.319E-02.10770.309   50.12870.590.000000             V6         GROUND  3  2 1A1       4  3 0A2     466520 1 1 1 1 1 0   112.0  112.0
401  932.751420 2.020E-22 6.319E-02.10770.309   50.12870.590.000000             V6         GROUND  3  2 1A2       4  3 0A1     466520 1 1 1 1 1 0   112.0  112.0
401  932.821900 2.820E-22 2.662E-02.10710.465   96.02000.710.000000             V6         GROUND 14  1 1E       15  2 0E      466520 1 1 1 1 1 0   464.0  464.0
401  932.850330 6.480E-23 4.201E-02.08780.209  732.14690.860.000000             V6         GROUND 46  2 1A1      46  3 0A2     466520 1 1 1 1 1 0  1488.0 1488.0
401  932.850330 6.480E-23 4.201E-02.08780.209  732.14690.860.000000             V6         GROUND 46  2 1A2      46  3 0A1     466520 1 1 1 1 1 0  1488.0 1488.0
401  932.908370 2.230E-22 4.246E-02.09030.311  424.53710.870.000000             V6         GROUND 35  1 1A2      36  0 0A1     466520 1 1 1 1 1 0  1136.0 1136.0
401  932.940470 4.790E-23 1.376E-02.09250.367  491.03350.830.000000             V6         GROUND 32  5 1A2      31  6 0A1     466520 1 1 1 1 1 0  1040.0 1040.0
401  932.940470 4.790E-23 1.376E-02.09250.367  491.03350.830.000000             V6         GROUND 32  5 1A1      31  6 0A2     466520 1 1 1 1 1 0  1040.0 1040.0
401  932.940940 1.140E-23 1.464E-02.08840.218  868.23980.860.000000             V6         GROUND 45  6 1E       44  7 0E      466520 1 1 1 1 1 0  1456.0 1456.0
401  932.955710 7.310E-23 4.202E-02.08800.217  702.91610.860.000000             V6         GROUND 45  2 1A2      45  3 0A1     466520 1 1 1 1 1 0  1456.0 1456.0
401  932.955710 7.310E-23 4.202E-02.08800.217  702.91610.860.000000             V6         GROUND 45  2 1A1      45  3 0A2     466520 1 1 1 1 1 0  1456.0 1456.0
401  933.036610 1.170E-24 1.510E-02.08750.139 1398.15710.860.000000             V6         GROUND 59  7 1E       58  8 0E      355420 1 1 1 1 1 0  1904.0 1904.0
401  933.058770 8.220E-23 4.206E-02.08810.225  674.31540.860.000000             V6         GROUND 44  2 1A1      44  3 0A2     466520 1 1 1 1 1 0  1424.0 1424.0
401  933.058770 8.220E-23 4.206E-02.08810.225  674.31540.860.000000             V6         GROUND 44  2 1A2      44  3 0A1     466520 1 1 1 1 1 0  1424.0 1424.0
401  933.093100 3.810E-23 6.127E-03.11030.341   95.63000.730.000000             V6         GROUND  8  3 1E        7  4 0E      466520 1 1 1 1 1 0   272.0  272.0
401  933.159510 9.200E-23 4.204E-02.08830.233  646.34510.860.000000             V6         GROUND 43  2 1A1      43  3 0A2     466520 1 1 1 1 1 0  1392.0 1392.0
401  933.159510 9.200E-23 4.204E-02.08830.233  646.34510.860.000000             V6         GROUND 43  2 1A2      43  3 0A1     466520 1 1 1 1 1 0  1392.0 1392.0
401  933.161230 8.860E-23 1.208E-02.10220.462  242.67670.690.000000             V6         GROUND 20  4 1E       19  5 0E      466520 1 1 1 1 1 0   656.0  656.0
401  933.257920 1.030E-22 4.219E-02.08850.242  619.00550.860.000000             V6         GROUND 42  2 1A1      42  3 0A2     466520 1 1 1 1 1 0  1360.0 1360.0
401  933.257920 1.030E-22 4.219E-02.08850.242  619.00550.860.000000             V6         GROUND 42  2 1A2      42  3 0A1     466520 1 1 1 1 1 0  1360.0 1360.0
401  933.354020 1.140E-22 4.201E-02.08870.252  592.29700.860.000000             V6         GROUND 41  2 1A2      41  3 0A1     466520 1 1 1 1 1 0  1328.0 1328.0
401  933.354020 1.140E-22 4.201E-02.08870.252  592.29700.860.000000             V6         GROUND 41  2 1A1      41  3 0A2     466520 1 1 1 1 1 0  1328.0 1328.0
401  933.364600 3.760E-23 2.065E-02.08770.210  693.33600.860.000000             V6         GROUND 45  2 1E       46  1 0E      466520 1 1 1 1 1 0  1456.0 1456.0
401  933.387210 2.330E-22 2.292E-02.09670.447  212.17380.720.000000             V6         GROUND 24  0 1E       25  1 0E      466520 1 1 1 1 1 0   784.0  784.0
401  933.396430 1.950E-22 8.447E-02.09950.287   47.57580.520.000000             V6         GROUND  2  2 1A1       3  3 0A2     466520 1 1 1 1 1 0    80.0   80.0
401  933.396430 1.950E-22 8.447E-02.09950.287   47.57580.520.000000             V6         GROUND  2  2 1A2       3  3 0A1     466520 1 1 1 1 1 0    80.0   80.0
401  933.447800 1.260E-22 4.192E-02.08900.261  566.21990.860.000000             V6         GROUND 40  2 1A1      40  3 0A2     466520 1 1 1 1 1 0  1296.0 1296.0
401  933.447800 1.260E-22 4.192E-02.08900.261  566.21990.860.000000             V6         GROUND 40  2 1A2      40  3 0A1     466520 1 1 1 1 1 0  1296.0 1296.0
401  933.464910 1.020E-23 1.474E-02.08820.210  896.82520.860.000000             V6         GROUND 46  6 1E       45  7 0E      466520 1 1 1 1 1 0  1488.0 1488.0
401  933.491200 2.800E-22 2.714E-02.10830.459   86.45010.720.000000             V6         GROUND 13  1 1E       14  2 0E      466520 1 1 1 1 1 0   432.0  432.0
401  933.496020 8.570E-24 2.029E-02.08650.149 1034.78880.860.000000             V6         GROUND 55  3 1E       56  2 0E      355420 1 1 1 1 1 0  1776.0 1776.0
401  933.498780 4.530E-23 1.396E-02.09200.354  511.40670.850.000000             V6         GROUND 33  5 1A1      32  6 0A2     466520 1 1 1 1 1 0  1072.0 1072.0
401  933.498780 4.530E-23 1.396E-02.09200.354  511.40670.850.000000             V6         GROUND 33  5 1A2      32  6 0A1     466520 1 1 1 1 1 0  1072.0 1072.0
401  933.539270 1.400E-22 4.221E-02.08930.272  540.77450.860.000000             V6         GROUND 39  2 1A1      39  3 0A2     466520 1 1 1 1 1 0  1264.0 1264.0
401  933.539270 1.400E-22 4.221E-02.08930.272  540.77450.860.000000             V6         GROUND 39  2 1A2      39  3 0A1     466520 1 1 1 1 1 0  1264.0 1264.0
401  933.628430 1.530E-22 4.195E-02.08960.284  515.96130.860.000000             V6         GROUND 38  2 1A2      38  3 0A1     466520 1 1 1 1 1 0  1232.0 1232.0
401  933.628430 1.530E-22 4.195E-02.08960.284  515.96130.860.000000             V6         GROUND 38  2 1A1      38  3 0A2     466520 1 1 1 1 1 0  1232.0 1232.0
401  933.631700 2.420E-22 4.248E-02.09070.324  401.61910.860.000000             V6         GROUND 34  1 1A1      35  0 0A2     466520 1 1 1 1 1 0  1104.0 1104.0
401  933.710500 4.970E-23 7.340E-03.11080.363  100.73480.740.000000             V6         GROUND  9  3 1E        8  4 0E      466520 1 1 1 1 1 0   304.0  304.0
401  933.715280 1.680E-22 4.206E-02.08990.296  491.78040.860.000000             V6         GROUND 37  2 1A1      37  3 0A2     466520 1 1 1 1 1 0  1200.0 1200.0
401  933.715280 1.680E-22 4.206E-02.08990.296  491.78040.860.000000             V6         GROUND 37  2 1A2      37  3 0A1     466520 1 1 1 1 1 0  1200.0 1200.0
401  933.749750 9.000E-23 1.246E-02.10110.461  255.42820.700.000000             V6         GROUND 21  4 1E       20  5 0E      466520 1 1 1 1 1 0   688.0  688.0
401  933.799820 1.830E-22 4.199E-02.09030.308  468.23210.860.000000             V6         GROUND 36  2 1A1      36  3 0A2     466520 1 1 1 1 1 0  1168.0 1168.0
401  933.799820 1.830E-22 4.199E-02.09030.308  468.23210.860.000000             V6         GROUND 36  2 1A2      36  3 0A1     466520 1 1 1 1 1 0  1168.0 1168.0
401  933.882060 1.990E-22 4.200E-02.09070.322  445.31690.870.000000             V6         GROUND 35  2 1A2      35  3 0A1     466520 1 1 1 1 1 0  1136.0 1136.0
401  933.882060 1.990E-22 4.200E-02.09070.322  445.31690.870.000000             V6         GROUND 35  2 1A1      35  3 0A2     466520 1 1 1 1 1 0  1136.0 1136.0
401  933.961980 2.160E-22 4.210E-02.09110.335  423.03490.860.000000             V6         GROUND 34  2 1A2      34  3 0A1     466520 1 1 1 1 1 0  1104.0 1104.0
401  933.961980 2.160E-22 4.210E-02.09110.335  423.03490.860.000000             V6         GROUND 34  2 1A1      34  3 0A2     466520 1 1 1 1 1 0  1104.0 1104.0
401  933.986170 9.110E-24 1.487E-02.08810.202  926.04020.860.000000             V6         GROUND 47  6 1E       46  7 0E      466520 1 1 1 1 1 0  1520.0 1520.0
401  934.039610 2.330E-22 4.211E-02.09160.348  401.38640.850.000000             V6         GROUND 33  2 1A2      33  3 0A1     466520 1 1 1 1 1 0  1072.0 1072.0
401  934.039610 2.330E-22 4.211E-02.09160.348  401.38640.850.000000             V6         GROUND 33  2 1A1      33  3 0A2     466520 1 1 1 1 1 0  1072.0 1072.0
401  934.054510 4.270E-23 1.417E-02.09150.341  532.41380.860.000000             V6         GROUND 34  5 1A2      33  6 0A1     466520 1 1 1 1 1 0  1104.0 1104.0
401  934.054510 4.270E-23 1.417E-02.09150.341  532.41380.860.000000             V6         GROUND 34  5 1A1      33  6 0A2     466520 1 1 1 1 1 0  1104.0 1104.0
401  934.077800 2.420E-22 2.300E-02.09750.456  196.23650.710.000000             V6         GROUND 23  0 1E       24  1 0E      466520 1 1 1 1 1 0   752.0  752.0
401  934.096720 4.230E-23 2.064E-02.08790.218  664.10210.860.000000             V6         GROUND 44  2 1E       45  1 0E      466520 1 1 1 1 1 0  1424.0 1424.0
401  934.114940 2.500E-22 4.206E-02.09210.362  380.37170.830.000000             V6         GROUND 32  2 1A1      32  3 0A2     466520 1 1 1 1 1 0  1040.0 1040.0
401  934.114940 2.500E-22 4.206E-02.09210.362  380.37170.830.000000             V6         GROUND 32  2 1A2      32  3 0A1     466520 1 1 1 1 1 0  1040.0 1040.0
401  934.158330 2.750E-22 2.760E-02.10960.451   77.51770.720.000000             V6         GROUND 12  1 1E       13  2 0E      466520 1 1 1 1 1 0   400.0  400.0
401  934.187970 2.680E-22 4.213E-02.09260.375  359.99110.820.000000             V6         GROUND 31  2 1A1      31  3 0A2     466520 1 1 1 1 1 0  1008.0 1008.0
401  934.187970 2.680E-22 4.213E-02.09260.375  359.99110.820.000000             V6         GROUND 31  2 1A2      31  3 0A1     466520 1 1 1 1 1 0  1008.0 1008.0
401  934.247190 1.000E-23 2.032E-02.08710.149  999.27670.860.000000             V6         GROUND 54  3 1E       55  2 0E      466520 1 1 1 1 1 0  1744.0 1744.0
401  934.258700 2.850E-22 4.205E-02.09320.388  340.24480.800.000000             V6         GROUND 30  2 1A2      30  3 0A1     466520 1 1 1 1 1 0   976.0  976.0
401  934.258700 2.850E-22 4.205E-02.09320.388  340.24480.800.000000             V6         GROUND 30  2 1A1      30  3 0A2     466520 1 1 1 1 1 0   976.0  976.0
401  934.325560 6.090E-23 8.379E-03.11040.383  106.47750.730.000000             V6         GROUND 10  3 1E        9  4 0E      466520 1 1 1 1 1 0   336.0  336.0
401  934.327140 3.020E-22 4.198E-02.09380.401  321.13310.790.000000             V6         GROUND 29  2 1A2      29  3 0A1     466520 1 1 1 1 1 0   944.0  944.0
401  934.327140 3.020E-22 4.198E-02.09380.401  321.13310.790.000000             V6         GROUND 29  2 1A1      29  3 0A2     466520 1 1 1 1 1 0   944.0  944.0
401  934.335820 9.060E-23 1.281E-02.10010.459  268.81630.700.000000             V6         GROUND 22  4 1E       21  5 0E      466520 1 1 1 1 1 0   720.0  720.0
401  934.352730 2.620E-22 4.256E-02.09110.337  379.33440.850.000000             V6         GROUND 33  1 1A2      34  0 0A1     466520 1 1 1 1 1 0  1072.0 1072.0
401  934.393280 3.200E-22 4.210E-02.09440.413  302.65620.770.000000             V6         GROUND 28  2 1A2      28  3 0A1     466520 1 1 1 1 1 0   912.0  912.0
401  934.393280 3.200E-22 4.210E-02.09440.413  302.65620.770.000000             V6         GROUND 28  2 1A1      28  3 0A2     466520 1 1 1 1 1 0   912.0  912.0
401  934.457130 3.360E-22 4.201E-02.09510.424  284.81430.760.000000             V6         GROUND 27  2 1A2      27  3 0A1     466520 1 1 1 1 1 0   880.0  880.0
401  934.457130 3.360E-22 4.201E-02.09510.424  284.81430.760.000000             V6         GROUND 27  2 1A1      27  3 0A2     466520 1 1 1 1 1 0   880.0  880.0
401  934.504730 8.100E-24 1.499E-02.08800.194  955.88460.860.000000             V6         GROUND 48  6 1E       47  7 0E      466520 1 1 1 1 1 0  1552.0 1552.0
401  934.518680 3.520E-22 4.201E-02.09590.434  267.60770.750.000000             V6         GROUND 26  2 1A2      26  3 0A1     466520 1 1 1 1 1 0   848.0  848.0
401  934.518680 3.520E-22 4.201E-02.09590.434  267.60770.750.000000             V6         GROUND 26  2 1A1      26  3 0A2     466520 1 1 1 1 1 0   848.0  848.0
401  934.577950 3.670E-22 4.200E-02.09660.444  251.03650.730.000000             V6         GROUND 25  2 1A1      25  3 0A2     466520 1 1 1 1 1 0   816.0  816.0
401  934.577950 3.670E-22 4.200E-02.09660.444  251.03650.730.000000             V6         GROUND 25  2 1A2      25  3 0A1     466520 1 1 1 1 1 0   816.0  816.0
401  934.607660 4.000E-23 1.434E-02.09110.327  554.05440.870.000000             V6         GROUND 35  5 1A1      34  6 0A2     466520 1 1 1 1 1 0  1136.0 1136.0
401  934.607660 4.000E-23 1.434E-02.09110.327  554.05440.870.000000             V6         GROUND 35  5 1A2      34  6 0A1     466520 1 1 1 1 1 0  1136.0 1136.0
401  934.634940 3.810E-22 4.201E-02.09750.452  235.10100.720.000000             V6         GROUND 24  2 1A2      24  3 0A1     466520 1 1 1 1 1 0   784.0  784.0
401  934.634940 3.810E-22 4.201E-02.09750.452  235.10100.720.000000             V6         GROUND 24  2 1A1      24  3 0A2     466520 1 1 1 1 1 0   784.0  784.0
401  934.689620 3.930E-22 4.194E-02.09830.459  219.80130.710.000000             V6         GROUND 23  2 1A2      23  3 0A1     466520 1 1 1 1 1 0   752.0  752.0
401  934.689620 3.930E-22 4.194E-02.09830.459  219.80130.710.000000             V6         GROUND 23  2 1A1      23  3 0A2     466520 1 1 1 1 1 0   752.0  752.0
401  934.742030 4.040E-22 4.194E-02.09930.464  205.13780.700.000000             V6         GROUND 22  2 1A1      22  3 0A2     466520 1 1 1 1 1 0   720.0  720.0
401  934.742030 4.040E-22 4.194E-02.09930.464  205.13780.700.000000             V6         GROUND 22  2 1A2      22  3 0A1     466520 1 1 1 1 1 0   720.0  720.0
401  934.766290 2.500E-22 2.307E-02.09840.463  180.93530.700.000000             V6         GROUND 22  0 1E       23  1 0E      466520 1 1 1 1 1 0   720.0  720.0
401  934.792150 4.120E-22 4.181E-02.10020.469  191.11040.700.000000             V6         GROUND 21  2 1A1      21  3 0A2     466520 1 1 1 1 1 0   688.0  688.0
401  934.792150 4.120E-22 4.181E-02.10020.469  191.11040.700.000000             V6         GROUND 21  2 1A2      21  3 0A1     466520 1 1 1 1 1 0   688.0  688.0
401  934.823280 2.690E-22 2.822E-02.11080.442   69.22290.730.000000             V6         GROUND 11  1 1E       12  2 0E      466520 1 1 1 1 1 0   368.0  368.0
401  934.826920 4.750E-23 2.066E-02.08810.226  635.49830.860.000000             V6         GROUND 43  2 1E       44  1 0E      466520 1 1 1 1 1 0  1392.0 1392.0
401  934.839980 4.190E-22 4.179E-02.10130.471  177.71950.690.000000             V6         GROUND 20  2 1A2      20  3 0A1     466520 1 1 1 1 1 0   656.0  656.0
401  934.839980 4.190E-22 4.179E-02.10130.471  177.71950.690.000000             V6         GROUND 20  2 1A1      20  3 0A2     466520 1 1 1 1 1 0   656.0  656.0
401  934.885530 4.240E-22 4.179E-02.10230.472  164.96520.690.000000             V6         GROUND 19  2 1A1      19  3 0A2     466520 1 1 1 1 1 0   624.0  624.0
401  934.885530 4.240E-22 4.179E-02.10230.472  164.96520.690.000000             V6         GROUND 19  2 1A2      19  3 0A1     466520 1 1 1 1 1 0   624.0  624.0
401  934.919430 9.050E-23 1.313E-02.09910.455  282.84060.710.000000             V6         GROUND 23  4 1E       22  5 0E      466520 1 1 1 1 1 0   752.0  752.0
401  934.928790 4.250E-22 4.163E-02.10350.472  152.84760.690.000000             V6         GROUND 18  2 1A2      18  3 0A1     466520 1 1 1 1 1 0   592.0  592.0
401  934.928790 4.250E-22 4.163E-02.10350.472  152.84760.690.000000             V6         GROUND 18  2 1A1      18  3 0A2     466520 1 1 1 1 1 0   592.0  592.0
401  934.938240 7.160E-23 9.290E-03.10970.401  112.85800.730.000000             V6         GROUND 11  3 1E       10  4 0E      466520 1 1 1 1 1 0   368.0  368.0
401  934.969780 4.250E-22 4.163E-02.10470.470  141.36690.690.000000             V6         GROUND 17  2 1A2      17  3 0A1     466520 1 1 1 1 1 0   560.0  560.0
401  934.969780 4.250E-22 4.163E-02.10470.470  141.36690.690.000000             V6         GROUND 17  2 1A1      17  3 0A2     466520 1 1 1 1 1 0   560.0  560.0
401  934.996520 1.160E-23 2.030E-02.08710.149  964.39060.860.000000             V6         GROUND 53  3 1E       54  2 0E      466520 1 1 1 1 1 0  1712.0 1712.0
401  935.008480 4.210E-22 4.149E-02.10570.467  130.52320.690.000000             V6         GROUND 16  2 1A1      16  3 0A2     466520 1 1 1 1 1 0   528.0  528.0
401  935.008480 4.210E-22 4.149E-02.10570.467  130.52320.690.000000             V6         GROUND 16  2 1A2      16  3 0A1     466520 1 1 1 1 1 0   528.0  528.0
401  935.020570 7.180E-24 1.511E-02.08790.186  986.35800.860.000000             V6         GROUND 49  6 1E       48  7 0E      466520 1 1 1 1 1 0  1584.0 1584.0
401  935.044910 4.140E-22 4.133E-02.10680.461  120.31670.700.000000             V6         GROUND 15  2 1A2      15  3 0A1     466520 1 1 1 1 1 0   496.0  496.0
401  935.044910 4.140E-22 4.133E-02.10680.461  120.31670.700.000000             V6         GROUND 15  2 1A1      15  3 0A2     466520 1 1 1 1 1 0   496.0  496.0
401  935.071450 2.830E-22 4.272E-02.09160.351  357.68330.830.000000             V6         GROUND 32  1 1A1      33  0 0A2     466520 1 1 1 1 1 0  1040.0 1040.0
401  935.079050 4.050E-22 4.126E-02.10790.455  110.74750.710.000000             V6         GROUND 14  2 1A2      14  3 0A1     466520 1 1 1 1 1 0   464.0  464.0
401  935.079050 4.050E-22 4.126E-02.10790.455  110.74750.710.000000             V6         GROUND 14  2 1A1      14  3 0A2     466520 1 1 1 1 1 0   464.0  464.0
401  935.110910 3.920E-22 4.108E-02.10880.446  101.81570.720.000000             V6         GROUND 13  2 1A2      13  3 0A1     466520 1 1 1 1 1 0   432.0  432.0
401  935.110910 3.920E-22 4.108E-02.10880.446  101.81570.720.000000             V6         GROUND 13  2 1A1      13  3 0A2     466520 1 1 1 1 1 0   432.0  432.0
401  935.140490 3.760E-22 4.087E-02.10980.437   93.52140.720.000000             V6         GROUND 12  2 1A1      12  3 0A2     466520 1 1 1 1 1 0   400.0  400.0
401  935.140490 3.760E-22 4.087E-02.10980.437   93.52140.720.000000             V6         GROUND 12  2 1A2      12  3 0A1     466520 1 1 1 1 1 0   400.0  400.0
401  935.158240 3.740E-23 1.455E-02.09070.314  576.32830.860.000000             V6         GROUND 36  5 1A1      35  6 0A2     466520 1 1 1 1 1 0  1168.0 1168.0
401  935.158240 3.740E-23 1.455E-02.09070.314  576.32830.860.000000             V6         GROUND 36  5 1A2      35  6 0A1     466520 1 1 1 1 1 0  1168.0 1168.0
401  935.167800 3.560E-22 4.053E-02.11080.425   85.86470.730.000000             V6         GROUND 11  2 1A1      11  3 0A2     466520 1 1 1 1 1 0   368.0  368.0
401  935.167800 3.560E-22 4.053E-02.11080.425   85.86470.730.000000             V6         GROUND 11  2 1A2      11  3 0A1     466520 1 1 1 1 1 0   368.0  368.0
401  935.192830 3.330E-22 4.013E-02.11190.413   78.84580.730.000000             V6         GROUND 10  2 1A2      10  3 0A1     466520 1 1 1 1 1 0   336.0  336.0
401  935.192830 3.330E-22 4.013E-02.11190.413   78.84580.730.000000             V6         GROUND 10  2 1A1      10  3 0A2     466520 1 1 1 1 1 0   336.0  336.0
401  935.215590 3.070E-22 3.965E-02.11300.399   72.46470.740.000000             V6         GROUND  9  2 1A2       9  3 0A1     466520 1 1 1 1 1 0   304.0  304.0
401  935.215590 3.070E-22 3.965E-02.11300.399   72.46470.740.000000             V6         GROUND  9  2 1A1       9  3 0A2     466520 1 1 1 1 1 0   304.0  304.0
401  935.236060 2.770E-22 3.888E-02.11400.383   66.72150.730.000000             V6         GROUND  8  2 1A2       8  3 0A1     466520 1 1 1 1 1 0   272.0  272.0
401  935.236060 2.770E-22 3.888E-02.11400.383   66.72150.730.000000             V6         GROUND  8  2 1A1       8  3 0A2     466520 1 1 1 1 1 0   272.0  272.0
401  935.254260 2.440E-22 3.786E-02.11460.367   61.61620.720.000000             V6         GROUND  7  2 1A1       7  3 0A2     466520 1 1 1 1 1 0   240.0  240.0
401  935.254260 2.440E-22 3.786E-02.11460.367   61.61620.720.000000             V6         GROUND  7  2 1A2       7  3 0A1     466520 1 1 1 1 1 0   240.0  240.0
401  935.270180 2.080E-22 3.645E-02.11420.349   57.14890.710.000000             V6         GROUND  6  2 1A1       6  3 0A2     466520 1 1 1 1 1 0   208.0  208.0
401  935.270180 2.080E-22 3.645E-02.11420.349   57.14890.710.000000             V6         GROUND  6  2 1A2       6  3 0A1     466520 1 1 1 1 1 0   208.0  208.0
401  935.283830 1.670E-22 3.394E-02.11220.329   53.31970.680.000000             V6         GROUND  5  2 1A1       5  3 0A2     466520 1 1 1 1 1 0   176.0  176.0
401  935.283830 1.670E-22 3.394E-02.11220.329   53.31970.680.000000             V6         GROUND  5  2 1A2       5  3 0A1     466520 1 1 1 1 1 0   176.0  176.0
401  935.295210 1.220E-22 2.984E-02.10770.309   50.12870.640.000000             V6         GROUND  4  2 1A2       4  3 0A1     466520 1 1 1 1 1 0   144.0  144.0
401  935.295210 1.220E-22 2.984E-02.10770.309   50.12870.640.000000             V6         GROUND  4  2 1A1       4  3 0A2     466520 1 1 1 1 1 0   144.0  144.0
401  935.304310 6.840E-23 2.125E-02.09950.287   47.57580.590.000000             V6         GROUND  3  2 1A2       3  3 0A1     466520 1 1 1 1 1 0   112.0  112.0
401  935.304310 6.840E-23 2.125E-02.09950.287   47.57580.590.000000             V6         GROUND  3  2 1A1       3  3 0A2     466520 1 1 1 1 1 0   112.0  112.0
401  935.452660 2.580E-22 2.324E-02.09930.469  166.27010.700.000000             V6         GROUND 21  0 1E       22  1 0E      466520 1 1 1 1 1 0   688.0  688.0
401  935.486050 2.620E-22 2.905E-02.11210.432   61.56570.730.000000             V6         GROUND 10  1 1E       11  2 0E      466520 1 1 1 1 1 0   336.0  336.0
401  935.500560 8.980E-23 1.343E-02.09820.450  297.50100.720.000000             V6         GROUND 24  4 1E       23  5 0E      466520 1 1 1 1 1 0   784.0  784.0
401  935.533680 6.340E-24 1.523E-02.08790.178 1017.46000.860.000000             V6         GROUND 50  6 1E       49  7 0E      466520 1 1 1 1 1 0  1616.0 1616.0
401  935.548570 8.160E-23 1.009E-02.10900.416  119.87630.720.000000             V6         GROUND 12  3 1E       11  4 0E      466520 1 1 1 1 1 0   400.0  400.0
401  935.555200 5.310E-23 2.067E-02.08830.235  607.52490.860.000000             V6         GROUND 42  2 1E       43  1 0E      466520 1 1 1 1 1 0  1360.0 1360.0
401  935.706220 3.470E-23 1.471E-02.09030.300  599.23530.860.000000             V6         GROUND 37  5 1A2      36  6 0A1     466520 1 1 1 1 1 0  1200.0 1200.0
401  935.706220 3.470E-23 1.471E-02.09030.300  599.23530.860.000000             V6         GROUND 37  5 1A1      36  6 0A2     466520 1 1 1 1 1 0  1200.0 1200.0
401  935.743980 1.350E-23 2.042E-02.08710.149  930.13110.860.000000             V6         GROUND 52  3 1E       53  2 0E      466520 1 1 1 1 1 0  1680.0 1680.0
401  935.787850 3.040E-22 4.281E-02.09210.364  336.66610.820.000000             V6         GROUND 31  1 1A2      32  0 0A1     466520 1 1 1 1 1 0  1008.0 1008.0
401  936.044050 5.580E-24 1.535E-02.08780.170 1049.19010.860.000000             V6         GROUND 51  6 1E       50  7 0E      466520 1 1 1 1 1 0  1648.0 1648.0
401  936.079210 8.850E-23 1.372E-02.09730.444  312.79740.730.000000             V6         GROUND 25  4 1E       24  5 0E      466520 1 1 1 1 1 0   816.0  816.0
401  936.136940 2.640E-22 2.333E-02.10030.473  152.24130.690.000000             V6         GROUND 20  0 1E       21  1 0E      466520 1 1 1 1 1 0   656.0  656.0
401  936.146640 2.520E-22 2.989E-02.11350.421   54.54630.740.000000             V6         GROUND  9  1 1E       10  2 0E      466520 1 1 1 1 1 0   304.0  304.0
401  936.156530 9.080E-23 1.081E-02.10840.429  127.53220.720.000000             V6         GROUND 13  3 1E       12  4 0E      466520 1 1 1 1 1 0   432.0  432.0
401  936.251600 3.210E-23 1.487E-02.08990.288  622.77500.860.000000             V6         GROUND 38  5 1A2      37  6 0A1     466520 1 1 1 1 1 0  1232.0 1232.0
401  936.251600 3.210E-23 1.487E-02.08990.288  622.77500.860.000000             V6         GROUND 38  5 1A1      37  6 0A2     466520 1 1 1 1 1 0  1232.0 1232.0
401  936.281560 5.920E-23 2.069E-02.08850.244  580.18240.860.000000             V6         GROUND 41  2 1E       42  1 0E      466520 1 1 1 1 1 0  1328.0 1328.0
401  936.489560 1.550E-23 2.032E-02.08720.156  896.49850.860.000000             V6         GROUND 51  3 1E       52  2 0E      466520 1 1 1 1 1 0  1648.0 1648.0
401  936.501920 3.250E-22 4.288E-02.09260.378  316.28300.800.000000             V6         GROUND 30  1 1A1      31  0 0A2     466520 1 1 1 1 1 0   976.0  976.0
401  936.551670 4.890E-24 1.546E-02.08780.160 1081.54800.860.000000             V6         GROUND 52  6 1E       51  7 0E      466520 1 1 1 1 1 0  1680.0 1680.0
401  936.655370 8.670E-23 1.399E-02.09650.436  328.72950.750.000000             V6         GROUND 26  4 1E       25  5 0E      466520 1 1 1 1 1 0   848.0  848.0
401  936.762100 9.900E-23 1.143E-02.10780.440  135.82570.710.000000             V6         GROUND 14  3 1E       13  4 0E      466520 1 1 1 1 1 0   464.0  464.0
401  936.794360 2.960E-23 1.505E-02.08960.276  646.94710.860.000000             V6         GROUND 39  5 1A1      38  6 0A2     466520 1 1 1 1 1 0  1264.0 1264.0
401  936.794360 2.960E-23 1.505E-02.08960.276  646.94710.860.000000             V6         GROUND 39  5 1A2      38  6 0A1     466520 1 1 1 1 1 0  1264.0 1264.0
401  936.805020 2.410E-22 3.101E-02.11500.410   48.16480.730.000000             V6         GROUND  8  1 1E        9  2 0E      466520 1 1 1 1 1 0   272.0  272.0
401  936.819090 2.690E-22 2.345E-02.10140.476  138.84890.690.000000             V6         GROUND 19  0 1E       20  1 0E      466520 1 1 1 1 1 0   624.0  624.0
401  937.005990 6.580E-23 2.073E-02.08870.253  553.47100.860.000000             V6         GROUND 40  2 1E       41  1 0E      466520 1 1 1 1 1 0  1296.0 1296.0
401  937.056540 4.270E-24 1.557E-02.08770.148 1114.53330.860.000000             V6         GROUND 53  6 1E       52  7 0E      466520 1 1 1 1 1 0  1712.0 1712.0
401  937.213670 3.460E-22 4.294E-02.09320.391  296.53430.790.000000             V6         GROUND 29  1 1A2      30  0 0A1     466520 1 1 1 1 1 0   944.0  944.0
401  937.229040 8.440E-23 1.424E-02.09580.428  345.29710.760.000000             V6         GROUND 27  4 1E       26  5 0E      466520 1 1 1 1 1 0   880.0  880.0
401  937.233250 1.790E-23 2.042E-02.08730.167  863.49320.860.000000             V6         GROUND 50  3 1E       51  2 0E      466520 1 1 1 1 1 0  1616.0 1616.0
401  937.334500 2.710E-23 1.518E-02.08930.264  671.75140.860.000000             V6         GROUND 40  5 1A2      39  6 0A1     466520 1 1 1 1 1 0  1296.0 1296.0
401  937.334500 2.710E-23 1.518E-02.08930.264  671.75140.860.000000             V6         GROUND 40  5 1A1      39  6 0A2     466520 1 1 1 1 1 0  1296.0 1296.0
401  937.365280 1.060E-22 1.198E-02.10720.449  144.75670.700.000000             V6         GROUND 15  3 1E       14  4 0E      466520 1 1 1 1 1 0   496.0  496.0
401  937.461210 2.280E-22 3.238E-02.11640.398   42.42110.720.000000             V6         GROUND  7  1 1E        8  2 0E      466520 1 1 1 1 1 0   240.0  240.0
401  937.499110 2.730E-22 2.361E-02.10240.478  126.09320.690.000000             V6         GROUND 18  0 1E       19  1 0E      466520 1 1 1 1 1 0   592.0  592.0
401  937.558620 3.720E-24 1.570E-02.08770.142 1148.14560.860.000000             V6         GROUND 54  6 1E       53  7 0E      466520 1 1 1 1 1 0  1744.0 1744.0
401  937.728470 7.280E-23 2.075E-02.08900.264  527.39110.860.000000             V6         GROUND 39  2 1E       40  1 0E      466520 1 1 1 1 1 0  1264.0 1264.0
401  937.800190 8.180E-23 1.450E-02.09500.418  362.50000.770.000000             V6         GROUND 28  4 1E       27  5 0E      466520 1 1 1 1 1 0   912.0  912.0
401  937.848100 9.790E-24 2.378E-03.09950.287   47.57580.640.000000             V6         GROUND  4  2 1A1       3  3 0A2     466520 1 1 1 1 1 0   144.0  144.0
401  937.848100 9.790E-24 2.378E-03.09950.287   47.57580.640.000000             V6         GROUND  4  2 1A2       3  3 0A1     466520 1 1 1 1 1 0   144.0  144.0
401  937.872010 2.480E-23 1.536E-02.08910.254  697.18750.860.000000             V6         GROUND 41  5 1A2      40  6 0A1     466520 1 1 1 1 1 0  1328.0 1328.0
401  937.872010 2.480E-23 1.536E-02.08910.254  697.18750.860.000000             V6         GROUND 41  5 1A1      40  6 0A2     466520 1 1 1 1 1 0  1328.0 1328.0
401  937.923080 3.670E-22 4.302E-02.09380.404  277.42030.770.000000             V6         GROUND 28  1 1A1      29  0 0A2     466520 1 1 1 1 1 0   912.0  912.0
401  937.966050 1.120E-22 1.247E-02.10640.456  154.32500.690.000000             V6         GROUND 16  3 1E       15  4 0E      466520 1 1 1 1 1 0   528.0  528.0
401  937.975070 2.050E-23 2.041E-02.08730.177  831.11570.860.000000             V6         GROUND 49  3 1E       50  2 0E      466520 1 1 1 1 1 0  1584.0 1584.0
401  938.057940 3.230E-24 1.582E-02.08770.142 1182.38450.860.000000             V6         GROUND 55  6 1E       54  7 0E      466520 1 1 1 1 1 0  1776.0 1776.0
401  938.092110 3.920E-24 2.022E-02.08660.148 1207.31230.860.000000             V6         GROUND 59  4 1A2      60  3 0A1     355420 1 1 1 1 1 0  1904.0 1904.0
401  938.092110 3.920E-24 2.022E-02.08660.148 1207.31230.860.000000             V6         GROUND 59  4 1A1      60  3 0A2     355420 1 1 1 1 1 0  1904.0 1904.0
401  938.115180 2.140E-22 3.425E-02.11760.385   37.31550.710.000000             V6         GROUND  6  1 1E        7  2 0E      466520 1 1 1 1 1 0   208.0  208.0
401  938.177020 2.760E-22 2.382E-02.10360.477  113.97430.690.000000             V6         GROUND 17  0 1E       18  1 0E      466520 1 1 1 1 1 0   560.0  560.0
401  938.368820 7.870E-23 1.471E-02.09430.407  380.33810.790.000000             V6         GROUND 29  4 1E       28  5 0E      466520 1 1 1 1 1 0   944.0  944.0
401  938.406870 2.250E-23 1.546E-02.08890.247  723.25510.860.000000             V6         GROUND 42  5 1A1      41  6 0A2     466520 1 1 1 1 1 0  1360.0 1360.0
401  938.406870 2.250E-23 1.546E-02.08890.247  723.25510.860.000000             V6         GROUND 42  5 1A2      41  6 0A1     466520 1 1 1 1 1 0  1360.0 1360.0
401  938.449000 8.020E-23 2.075E-02.08930.275  501.94300.860.000000             V6         GROUND 38  2 1E       39  1 0E      466520 1 1 1 1 1 0  1232.0 1232.0
401  938.474890 2.320E-23 4.674E-03.10770.309   50.12870.680.000000             V6         GROUND  5  2 1A2       4  3 0A1     466520 1 1 1 1 1 0   176.0  176.0
401  938.474890 2.320E-23 4.674E-03.10770.309   50.12870.680.000000             V6         GROUND  5  2 1A1       4  3 0A2     466520 1 1 1 1 1 0   176.0  176.0
401  938.554460 2.790E-24 1.592E-02.08770.142 1217.24940.860.000000             V6         GROUND 56  6 1E       55  7 0E      466520 1 1 1 1 1 0  1808.0 1808.0
401  938.564430 1.180E-22 1.303E-02.10540.461  164.53050.690.000000             V6         GROUND 17  3 1E       16  4 0E      466520 1 1 1 1 1 0   560.0  560.0
401  938.580730 1.140E-23 4.350E-02.08650.149 1145.07700.860.000000             V6         GROUND 59  1 1E       59  2 0E      355420 1 1 1 1 1 0  1904.0 1904.0
401  938.630140 3.870E-22 4.304E-02.09450.416  258.94110.760.000000             V6         GROUND 27  1 1A2      28  0 0A1     466520 1 1 1 1 1 0   880.0  880.0
401  938.714990 2.340E-23 2.041E-02.08740.186  799.36640.860.000000             V6         GROUND 48  3 1E       49  2 0E      466520 1 1 1 1 1 0  1552.0 1552.0
401  938.716660 1.340E-23 4.337E-02.08650.149 1107.68940.860.000000             V6         GROUND 58  1 1E       58  2 0E      355420 1 1 1 1 1 0  1872.0 1872.0
401  938.766940 1.990E-22 3.688E-02.11850.373   32.84800.680.000000             V6         GROUND  5  1 1E        6  2 0E      466520 1 1 1 1 1 0   176.0  176.0
401  938.850220 1.580E-23 4.353E-02.08650.149 1070.92650.860.000000             V6         GROUND 57  1 1E       57  2 0E      355420 1 1 1 1 1 0  1840.0 1840.0
401  938.850740 4.630E-24 2.023E-02.08660.148 1169.30310.860.000000             V6         GROUND 58  4 1A2      59  3 0A1     355420 1 1 1 1 1 0  1872.0 1872.0
401  938.850740 4.630E-24 2.023E-02.08660.148 1169.30310.860.000000             V6         GROUND 58  4 1A1      59  3 0A2     355420 1 1 1 1 1 0  1872.0 1872.0
401  938.852770 2.760E-22 2.393E-02.10480.476  102.49240.690.000000             V6         GROUND 16  0 1E       17  1 0E      466520 1 1 1 1 1 0   528.0  528.0
401  938.934940 7.540E-23 1.493E-02.09370.396  398.81100.800.000000             V6         GROUND 30  4 1E       29  5 0E      466520 1 1 1 1 1 0   976.0  976.0
401  938.939070 2.040E-23 1.561E-02.08860.237  749.95390.860.000000             V6         GROUND 43  5 1A1      42  6 0A2     466520 1 1 1 1 1 0  1392.0 1392.0
401  938.939070 2.040E-23 1.561E-02.08860.237  749.95390.860.000000             V6         GROUND 43  5 1A2      42  6 0A1     466520 1 1 1 1 1 0  1392.0 1392.0
401  938.981420 1.850E-23 4.353E-02.08650.149 1034.78880.860.000000             V6         GROUND 56  1 1E       56  2 0E      355420 1 1 1 1 1 0  1808.0 1808.0
401  939.048170 2.400E-24 1.601E-02.08710.142 1252.74000.860.000000             V6         GROUND 57  6 1E       56  7 0E      355420 1 1 1 1 1 0  1840.0 1840.0
401  939.099360 3.820E-23 6.623E-03.11220.329   53.31970.710.000000             V6         GROUND  6  2 1A2       5  3 0A1     466520 1 1 1 1 1 0   208.0  208.0
401  939.099360 3.820E-23 6.623E-03.11220.329   53.31970.710.000000             V6         GROUND  6  2 1A1       5  3 0A2     466520 1 1 1 1 1 0   208.0  208.0
401  939.110250 2.150E-23 4.334E-02.08710.149  999.27670.860.000000             V6         GROUND 55  1 1E       55  2 0E      466520 1 1 1 1 1 0  1776.0 1776.0
401  939.160370 1.220E-22 1.345E-02.10460.465  175.37320.690.000000             V6         GROUND 18  3 1E       17  4 0E      466520 1 1 1 1 1 0   592.0  592.0
401  939.167580 8.800E-23 2.075E-02.08960.286  477.12710.860.000000             V6         GROUND 37  2 1E       38  1 0E      466520 1 1 1 1 1 0  1200.0 1200.0
401  939.236720 2.510E-23 4.350E-02.08710.149  964.39060.860.000000             V6         GROUND 54  1 1E       54  2 0E      466520 1 1 1 1 1 0  1744.0 1744.0
401  939.334860 4.070E-22 4.313E-02.09520.427  241.09710.750.000000             V6         GROUND 26  1 1A1      27  0 0A2     466520 1 1 1 1 1 0   848.0  848.0
401  939.360840 2.910E-23 4.351E-02.08710.149  930.13110.860.000000             V6         GROUND 53  1 1E       53  2 0E      466520 1 1 1 1 1 0  1712.0 1712.0
401  939.416470 1.820E-22 4.052E-02.11870.360   29.01850.640.000000             V6         GROUND  4  1 1E        5  2 0E      466520 1 1 1 1 1 0   144.0  144.0
401  939.453020 2.660E-23 2.040E-02.08750.194  768.24560.860.000000             V6         GROUND 47  3 1E       48  2 0E      466520 1 1 1 1 1 0  1520.0 1520.0
401  939.468610 1.840E-23 1.574E-02.08850.229  777.28360.860.000000             V6         GROUND 44  5 1A2      43  6 0A1     466520 1 1 1 1 1 0  1424.0 1424.0
401  939.468610 1.840E-23 1.574E-02.08850.229  777.28360.860.000000             V6         GROUND 44  5 1A1      43  6 0A2     466520 1 1 1 1 1 0  1424.0 1424.0
401  939.482610 3.360E-23 4.348E-02.08720.156  896.49850.860.000000             V6         GROUND 52  1 1E       52  2 0E      466520 1 1 1 1 1 0  1680.0 1680.0
401  939.498510 7.190E-23 1.515E-02.09310.383  417.91870.820.000000             V6         GROUND 31  4 1E       30  5 0E      466520 1 1 1 1 1 0  1008.0 1008.0
401  939.526380 2.750E-22 2.411E-02.10600.472   91.64750.700.000000             V6         GROUND 15  0 1E       16  1 0E      466520 1 1 1 1 1 0   496.0  496.0
401  939.539070 2.060E-24 1.611E-02.08720.142 1288.85590.860.000000             V6         GROUND 58  6 1E       57  7 0E      355420 1 1 1 1 1 0  1872.0 1872.0
401  939.602010 3.870E-23 4.350E-02.08730.167  863.49320.860.000000             V6         GROUND 51  1 1E       51  2 0E      466520 1 1 1 1 1 0  1648.0 1648.0
401  939.607520 5.450E-24 2.023E-02.08650.148 1131.91800.860.000000             V6         GROUND 57  4 1A2      58  3 0A1     355420 1 1 1 1 1 0  1840.0 1840.0
401  939.607520 5.450E-24 2.023E-02.08650.148 1131.91800.860.000000             V6         GROUND 57  4 1A1      58  3 0A2     355420 1 1 1 1 1 0  1840.0 1840.0
401  939.719080 4.440E-23 4.350E-02.08730.177  831.11570.860.000000             V6         GROUND 50  1 1E       50  2 0E      466520 1 1 1 1 1 0  1616.0 1616.0
401  939.721510 5.350E-23 8.200E-03.11420.349   57.14890.720.000000             V6         GROUND  7  2 1A1       6  3 0A2     466520 1 1 1 1 1 0   240.0  240.0
401  939.721510 5.350E-23 8.200E-03.11420.349   57.14890.720.000000             V6         GROUND  7  2 1A2       6  3 0A1     466520 1 1 1 1 1 0   240.0  240.0
401  939.753910 1.250E-22 1.384E-02.10340.467  186.85280.690.000000             V6         GROUND 19  3 1E       18  4 0E      466520 1 1 1 1 1 0   624.0  624.0
401  939.833800 5.080E-23 4.352E-02.08740.186  799.36640.860.000000             V6         GROUND 49  1 1E       49  2 0E      466520 1 1 1 1 1 0  1584.0 1584.0
401  939.884180 9.630E-23 2.077E-02.08990.298  452.94360.860.000000             V6         GROUND 36  2 1E       37  1 0E      466520 1 1 1 1 1 0  1168.0 1168.0
401  939.946200 5.790E-23 4.353E-02.08750.194  768.24560.860.000000             V6         GROUND 48  1 1E       48  2 0E      466520 1 1 1 1 1 0  1552.0 1552.0
401  939.995490 1.660E-23 1.593E-02.08830.220  805.24380.860.000000             V6         GROUND 45  5 1A1      44  6 0A2     466520 1 1 1 1 1 0  1456.0 1456.0
401  939.995490 1.660E-23 1.593E-02.08830.220  805.24380.860.000000             V6         GROUND 45  5 1A2      44  6 0A1     466520 1 1 1 1 1 0  1456.0 1456.0
401  940.027140 1.760E-24 1.620E-02.08720.142 1325.59650.860.000000             V6         GROUND 59  6 1E       58  7 0E      355420 1 1 1 1 1 0  1904.0 1904.0
401  940.037200 4.260E-22 4.322E-02.09590.438  223.88840.730.000000             V6         GROUND 25  1 1A2      26  0 0A1     466520 1 1 1 1 1 0   816.0  816.0
401  940.056240 6.580E-23 4.356E-02.08760.202  737.75380.860.000000             V6         GROUND 47  1 1E       47  2 0E      466520 1 1 1 1 1 0  1520.0 1520.0
401  940.059530 6.820E-23 1.535E-02.09250.370  437.66070.830.000000             V6         GROUND 32  4 1E       31  5 0E      466520 1 1 1 1 1 0  1040.0 1040.0
401  940.063760 1.650E-22 4.657E-02.11780.349   25.82730.590.000000             V6         GROUND  3  1 1E        4  2 0E      466520 1 1 1 1 1 0   112.0  112.0
401  940.163950 7.450E-23 4.358E-02.08780.210  707.89140.860.000000             V6         GROUND 46  1 1E       46  2 0E      466520 1 1 1 1 1 0  1488.0 1488.0
401  940.189140 3.020E-23 2.043E-02.08760.202  737.75380.860.000000             V6         GROUND 46  3 1E       47  2 0E      466520 1 1 1 1 1 0  1488.0 1488.0
401  940.197840 2.720E-22 2.429E-02.10730.468   81.43990.710.000000             V6         GROUND 14  0 1E       15  1 0E      466520 1 1 1 1 1 0   464.0  464.0
401  940.269330 8.400E-23 4.358E-02.08790.217  678.65860.860.000000             V6         GROUND 45  1 1E       45  2 0E      466520 1 1 1 1 1 0  1456.0 1456.0
401  940.341340 6.880E-23 9.521E-03.11460.367   61.61620.730.000000             V6         GROUND  8  2 1A1       7  3 0A2     466520 1 1 1 1 1 0   272.0  272.0
401  940.341340 6.880E-23 9.521E-03.11460.367   61.61620.730.000000             V6         GROUND  8  2 1A2       7  3 0A1     466520 1 1 1 1 1 0   272.0  272.0
401  940.344990 1.270E-22 1.421E-02.10230.468  198.96930.690.000000             V6         GROUND 20  3 1E       19  4 0E      466520 1 1 1 1 1 0   656.0  656.0
401  940.362450 6.400E-24 2.025E-02.08650.148 1095.15760.860.000000             V6         GROUND 56  4 1A1      57  3 0A2     355420 1 1 1 1 1 0  1808.0 1808.0
401  940.362450 6.400E-24 2.025E-02.08650.148 1095.15760.860.000000             V6         GROUND 56  4 1A2      57  3 0A1     355420 1 1 1 1 1 0  1808.0 1808.0
401  940.372380 9.440E-23 4.358E-02.08810.226  650.05600.860.000000             V6         GROUND 44  1 1E       44  2 0E      466520 1 1 1 1 1 0  1424.0 1424.0
401  940.473110 1.060E-22 4.371E-02.08830.234  622.08370.860.000000             V6         GROUND 43  1 1E       43  2 0E      466520 1 1 1 1 1 0  1392.0 1392.0
401  940.519660 1.480E-23 1.598E-02.08810.212  833.83420.860.000000             V6         GROUND 46  5 1A1      45  6 0A2     466520 1 1 1 1 1 0  1488.0 1488.0
401  940.519660 1.480E-23 1.598E-02.08810.212  833.83420.860.000000             V6         GROUND 46  5 1A2      45  6 0A1     466520 1 1 1 1 1 0  1488.0 1488.0
401  940.571510 1.180E-22 4.361E-02.08850.243  594.74230.860.000000             V6         GROUND 42  1 1E       42  2 0E      466520 1 1 1 1 1 0  1360.0 1360.0
401  940.598820 1.050E-22 2.080E-02.09030.311  429.39280.870.000000             V6         GROUND 35  2 1E       36  1 0E      466520 1 1 1 1 1 0  1136.0 1136.0
401  940.618010 6.430E-23 1.552E-02.09200.357  458.03690.850.000000             V6         GROUND 33  4 1E       32  5 0E      466520 1 1 1 1 1 0  1072.0 1072.0
401  940.667590 1.310E-22 4.356E-02.08870.253  568.03200.860.000000             V6         GROUND 41  1 1E       41  2 0E      466520 1 1 1 1 1 0  1328.0 1328.0
401  940.708830 1.490E-22 5.823E-02.11530.339   23.27420.520.000000             V6         GROUND  2  1 1E        3  2 0E      466520 1 1 1 1 1 0    80.0   80.0
401  940.737190 4.430E-22 4.322E-02.09670.448  207.31520.720.000000             V6         GROUND 24  1 1A1      25  0 0A2     466520 1 1 1 1 1 0   784.0  784.0
401  940.761360 1.450E-22 4.353E-02.08900.263  541.95310.860.000000             V6         GROUND 40  1 1E       40  2 0E      466520 1 1 1 1 1 0  1296.0 1296.0
401  940.852800 1.600E-22 4.353E-02.08930.274  516.50610.860.000000             V6         GROUND 39  1 1E       39  2 0E      466520 1 1 1 1 1 0  1264.0 1264.0
401  940.867130 2.680E-22 2.457E-02.10860.462   71.86970.720.000000             V6         GROUND 13  0 1E       14  1 0E      466520 1 1 1 1 1 0   432.0  432.0
401  940.923340 3.410E-23 2.042E-02.08780.210  707.89140.860.000000             V6         GROUND 45  3 1E       46  2 0E      466520 1 1 1 1 1 0  1456.0 1456.0
401  940.933640 1.280E-22 1.454E-02.10120.467  211.72240.700.000000             V6         GROUND 21  3 1E       20  4 0E      466520 1 1 1 1 1 0   688.0  688.0
401  940.941940 1.760E-22 4.355E-02.08960.285  491.69110.860.000000             V6         GROUND 38  1 1E       38  2 0E      466520 1 1 1 1 1 0  1232.0 1232.0
401  940.958820 8.360E-23 1.062E-02.11400.383   66.72150.740.000000             V6         GROUND  9  2 1A2       8  3 0A1     466520 1 1 1 1 1 0   304.0  304.0
401  940.958820 8.360E-23 1.062E-02.11400.383   66.72150.740.000000             V6         GROUND  9  2 1A1       8  3 0A2     466520 1 1 1 1 1 0   304.0  304.0
401  941.028760 1.930E-22 4.360E-02.08990.297  467.50860.860.000000             V6         GROUND 37  1 1E       37  2 0E      466520 1 1 1 1 1 0  1200.0 1200.0
401  941.041160 1.320E-23 1.610E-02.08800.204  863.05440.860.000000             V6         GROUND 47  5 1A2      46  6 0A1     466520 1 1 1 1 1 0  1520.0 1520.0
401  941.041160 1.320E-23 1.610E-02.08800.204  863.05440.860.000000             V6         GROUND 47  5 1A1      46  6 0A2     466520 1 1 1 1 1 0  1520.0 1520.0
401  941.113270 2.110E-22 4.368E-02.09030.310  443.95880.860.000000             V6         GROUND 36  1 1E       36  2 0E      466520 1 1 1 1 1 0  1168.0 1168.0
401  941.115530 7.480E-24 2.025E-02.08650.148 1059.02240.860.000000             V6         GROUND 55  4 1A2      56  3 0A1     355420 1 1 1 1 1 0  1776.0 1776.0
401  941.115530 7.480E-24 2.025E-02.08650.148 1059.02240.860.000000             V6         GROUND 55  4 1A1      56  3 0A2     355420 1 1 1 1 1 0  1776.0 1776.0
401  941.173920 6.040E-23 1.569E-02.09150.344  479.04710.860.000000             V6         GROUND 34  4 1E       33  5 0E      466520 1 1 1 1 1 0  1104.0 1104.0
401  941.195480 2.290E-22 4.361E-02.09070.323  421.04200.870.000000             V6         GROUND 35  1 1E       35  2 0E      466520 1 1 1 1 1 0  1136.0 1136.0
401  941.275380 2.480E-22 4.362E-02.09110.336  398.75850.860.000000             V6         GROUND 34  1 1E       34  2 0E      466520 1 1 1 1 1 0  1104.0 1104.0
401  941.311480 1.140E-22 2.082E-02.09070.324  406.47510.860.000000             V6         GROUND 34  2 1E       35  1 0E      466520 1 1 1 1 1 0  1104.0 1104.0
401  941.351630 1.350E-22 8.723E-02.11060.328   21.35940.500.000000             V6         GROUND  1  1 1E        2  2 0E      466520 1 1 1 1 1 0    48.0   48.0
401  941.352970 2.680E-22 4.370E-02.09160.350  377.10860.850.000000             V6         GROUND 33  1 1E       33  2 0E      466520 1 1 1 1 1 0  1072.0 1072.0
401  941.428270 2.880E-22 4.372E-02.09210.363  356.09250.830.000000             V6         GROUND 32  1 1E       32  2 0E      466520 1 1 1 1 1 0  1040.0 1040.0
401  941.434790 4.600E-22 4.336E-02.09750.456  191.37770.710.000000             V6         GROUND 23  1 1A2      24  0 0A1     466520 1 1 1 1 1 0   752.0  752.0
401  941.501260 3.080E-22 4.369E-02.09260.377  335.71050.820.000000             V6         GROUND 31  1 1E       31  2 0E      466520 1 1 1 1 1 0  1008.0 1008.0
401  941.519830 1.280E-22 1.485E-02.10020.464  225.11210.700.000000             V6         GROUND 22  3 1E       21  4 0E      466520 1 1 1 1 1 0   720.0  720.0
401  941.534270 2.610E-22 2.478E-02.11000.454   62.93690.720.000000             V6         GROUND 12  0 1E       13  1 0E      466520 1 1 1 1 1 0   400.0  400.0
401  941.559940 1.180E-23 1.631E-02.08790.196  892.90400.860.000000             V6         GROUND 48  5 1A2      47  6 0A1     466520 1 1 1 1 1 0  1552.0 1552.0
401  941.559940 1.180E-23 1.631E-02.08790.196  892.90400.860.000000             V6         GROUND 48  5 1A1      47  6 0A2     466520 1 1 1 1 1 0  1552.0 1552.0
401  941.571960 3.280E-22 4.366E-02.09320.390  315.96290.800.000000             V6         GROUND 30  1 1E       30  2 0E      466520 1 1 1 1 1 0   976.0  976.0
401  941.573960 9.760E-23 1.156E-02.11300.399   72.46470.730.000000             V6         GROUND 10  2 1A2       9  3 0A1     466520 1 1 1 1 1 0   336.0  336.0
401  941.573960 9.760E-23 1.156E-02.11300.399   72.46470.730.000000             V6         GROUND 10  2 1A1       9  3 0A2     466520 1 1 1 1 1 0   336.0  336.0
401  941.640360 3.490E-22 4.378E-02.09380.402  296.84990.790.000000             V6         GROUND 29  1 1E       29  2 0E      466520 1 1 1 1 1 0   944.0  944.0
401  941.655620 3.840E-23 2.043E-02.08790.217  678.65860.860.000000             V6         GROUND 44  3 1E       45  2 0E      466520 1 1 1 1 1 0  1424.0 1424.0
401  941.706470 3.680E-22 4.368E-02.09450.414  278.37170.770.000000             V6         GROUND 28  1 1E       28  2 0E      466520 1 1 1 1 1 0   912.0  912.0
401  941.727260 5.650E-23 1.587E-02.09110.330  500.69090.870.000000             V6         GROUND 35  4 1E       34  5 0E      466520 1 1 1 1 1 0  1136.0 1136.0
401  941.770280 3.880E-22 4.377E-02.09520.426  260.52860.760.000000             V6         GROUND 27  1 1E       27  2 0E      466520 1 1 1 1 1 0   880.0  880.0
401  941.831800 4.060E-22 4.372E-02.09590.436  243.32080.750.000000             V6         GROUND 26  1 1E       26  2 0E      466520 1 1 1 1 1 0   848.0  848.0
401  941.866750 8.720E-24 2.026E-02.08710.148 1023.51260.860.000000             V6         GROUND 54  4 1A1      55  3 0A2     466520 1 1 1 1 1 0  1744.0 1744.0
401  941.866750 8.720E-24 2.026E-02.08710.148 1023.51260.860.000000             V6         GROUND 54  4 1A2      55  3 0A1     466520 1 1 1 1 1 0  1744.0 1744.0
401  941.891030 4.230E-22 4.368E-02.09670.446  226.74850.730.000000             V6         GROUND 25  1 1E       25  2 0E      466520 1 1 1 1 1 0   816.0  816.0
401  941.947970 4.390E-22 4.367E-02.09750.454  210.81200.720.000000             V6         GROUND 24  1 1E       24  2 0E      466520 1 1 1 1 1 0   784.0  784.0
401  942.002630 4.540E-22 4.372E-02.09840.461  195.51130.710.000000             V6         GROUND 23  1 1E       23  2 0E      466520 1 1 1 1 1 0   752.0  752.0
401  942.022140 1.230E-22 2.079E-02.09110.337  384.19070.850.000000             V6         GROUND 33  2 1E       34  1 0E      466520 1 1 1 1 1 0  1072.0 1072.0
401  942.055000 4.670E-22 4.374E-02.09930.467  180.84670.700.000000             V6         GROUND 22  1 1E       22  2 0E      466520 1 1 1 1 1 0   720.0  720.0
401  942.076010 1.040E-23 1.636E-02.08780.189  923.38270.860.000000             V6         GROUND 49  5 1A1      48  6 0A2     466520 1 1 1 1 1 0  1584.0 1584.0
401  942.076010 1.040E-23 1.636E-02.08780.189  923.38270.860.000000             V6         GROUND 49  5 1A2      48  6 0A1     466520 1 1 1 1 1 0  1584.0 1584.0
401  942.103570 1.270E-22 1.512E-02.09920.460  239.13810.710.000000             V6         GROUND 23  3 1E       22  4 0E      466520 1 1 1 1 1 0   752.0  752.0
401  942.105080 4.770E-22 4.368E-02.10030.471  166.81850.700.000000             V6         GROUND 21  1 1E       21  2 0E      466520 1 1 1 1 1 0   688.0  688.0
401  942.130020 4.740E-22 4.338E-02.09840.464  176.07620.700.000000             V6         GROUND 22  1 1A1      23  0 0A2     466520 1 1 1 1 1 0   720.0  720.0
401  942.152880 4.850E-22 4.365E-02.10130.474  153.42670.690.000000             V6         GROUND 20  1 1E       20  2 0E      466520 1 1 1 1 1 0   656.0  656.0
401  942.186730 1.110E-22 1.239E-02.11190.413   78.84580.730.000000             V6         GROUND 11  2 1A1      10  3 0A2     466520 1 1 1 1 1 0   368.0  368.0
401  942.186730 1.110E-22 1.239E-02.11190.413   78.84580.730.000000             V6         GROUND 11  2 1A2      10  3 0A1     466520 1 1 1 1 1 0   368.0  368.0
401  942.198390 4.910E-22 4.366E-02.10240.476  140.67150.690.000000             V6         GROUND 19  1 1E       19  2 0E      466520 1 1 1 1 1 0   624.0  624.0
401  942.199230 2.530E-22 2.511E-02.11140.446   54.64170.730.000000             V6         GROUND 11  0 1E       12  1 0E      466520 1 1 1 1 1 0   368.0  368.0
401  942.241630 4.940E-22 4.366E-02.10350.475  128.55300.690.000000             V6         GROUND 18  1 1E       18  2 0E      466520 1 1 1 1 1 0   592.0  592.0
401  942.278000 5.260E-23 1.603E-02.09070.317  522.96810.860.000000             V6         GROUND 36  4 1E       35  5 0E      466520 1 1 1 1 1 0  1168.0 1168.0
401  942.282580 4.940E-22 4.365E-02.10470.474  117.07160.690.000000             V6         GROUND 17  1 1E       17  2 0E      466520 1 1 1 1 1 0   560.0  560.0
401  942.321250 4.900E-22 4.357E-02.10590.470  106.22720.690.000000             V6         GROUND 16  1 1E       16  2 0E      466520 1 1 1 1 1 0   528.0  528.0
401  942.357640 4.830E-22 4.351E-02.10710.465   96.02000.700.000000             V6         GROUND 15  1 1E       15  2 0E      466520 1 1 1 1 1 0   496.0  496.0
401  942.385980 4.300E-23 2.039E-02.08810.226  650.05600.860.000000             V6         GROUND 43  3 1E       44  2 0E      466520 1 1 1 1 1 0  1392.0 1392.0
401  942.391760 4.730E-22 4.348E-02.10830.459   86.45010.710.000000             V6         GROUND 14  1 1E       14  2 0E      466520 1 1 1 1 1 0   464.0  464.0
401  942.423600 4.600E-22 4.349E-02.10960.451   77.51770.720.000000             V6         GROUND 13  1 1E       13  2 0E      466520 1 1 1 1 1 0   432.0  432.0
401  942.453160 4.420E-22 4.335E-02.11080.442   69.22290.720.000000             V6         GROUND 12  1 1E       12  2 0E      466520 1 1 1 1 1 0   400.0  400.0
401  942.480450 4.210E-22 4.324E-02.11210.432   61.56570.730.000000             V6         GROUND 11  1 1E       11  2 0E      466520 1 1 1 1 1 0   368.0  368.0
401  942.505450 3.970E-22 4.317E-02.11350.421   54.54630.730.000000             V6         GROUND 10  1 1E       10  2 0E      466520 1 1 1 1 1 0   336.0  336.0
401  942.528190 3.690E-22 4.299E-02.11500.410   48.16480.740.000000             V6         GROUND  9  1 1E        9  2 0E      466520 1 1 1 1 1 0   304.0  304.0
401  942.548640 3.370E-22 4.268E-02.11640.398   42.42110.730.000000             V6         GROUND  8  1 1E        8  2 0E      466520 1 1 1 1 1 0   272.0  272.0
401  942.566830 3.030E-22 4.242E-02.11760.385   37.31550.720.000000             V6         GROUND  7  1 1E        7  2 0E      466520 1 1 1 1 1 0   240.0  240.0
401  942.582740 2.650E-22 4.189E-02.11850.373   32.84800.710.000000             V6         GROUND  6  1 1E        6  2 0E      466520 1 1 1 1 1 0   208.0  208.0
401  942.589360 9.190E-24 1.650E-02.08770.180  954.49000.860.000000             V6         GROUND 50  5 1A1      49  6 0A2     466520 1 1 1 1 1 0  1616.0 1616.0
401  942.589360 9.190E-24 1.650E-02.08770.180  954.49000.860.000000             V6         GROUND 50  5 1A2      49  6 0A1     466520 1 1 1 1 1 0  1616.0 1616.0
401  942.596370 2.240E-22 4.108E-02.11870.360   29.01850.680.000000             V6         GROUND  5  1 1E        5  2 0E      466520 1 1 1 1 1 0   176.0  176.0
401  942.607740 1.790E-22 3.950E-02.11780.349   25.82730.640.000000             V6         GROUND  4  1 1E        4  2 0E      466520 1 1 1 1 1 0   144.0  144.0
401  942.616090 1.010E-23 2.020E-02.08720.148  988.62890.860.000000             V6         GROUND 53  4 1A1      54  3 0A2     466520 1 1 1 1 1 0  1712.0 1712.0
401  942.616090 1.010E-23 2.020E-02.08720.148  988.62890.860.000000             V6         GROUND 53  4 1A2      54  3 0A1     466520 1 1 1 1 1 0  1712.0 1712.0
401  942.616830 1.310E-22 3.671E-02.11530.339   23.27420.590.000000             V6         GROUND  3  1 1E        3  2 0E      466520 1 1 1 1 1 0   112.0  112.0
401  942.623650 7.540E-23 2.931E-02.11060.328   21.35940.520.000000             V6         GROUND  2  1 1E        2  2 0E      466520 1 1 1 1 1 0    80.0   80.0
401  942.684830 1.250E-22 1.535E-02.09830.455  253.80030.720.000000             V6         GROUND 24  3 1E       23  4 0E      466520 1 1 1 1 1 0   784.0  784.0
401  942.730810 1.320E-22 2.073E-02.09160.351  362.53990.830.000000             V6         GROUND 32  2 1E       33  1 0E      466520 1 1 1 1 1 0  1040.0 1040.0
401  942.797140 1.230E-22 1.309E-02.11080.425   85.86470.720.000000             V6         GROUND 12  2 1A1      11  3 0A2     466520 1 1 1 1 1 0   400.0  400.0
401  942.797140 1.230E-22 1.309E-02.11080.425   85.86470.720.000000             V6         GROUND 12  2 1A2      11  3 0A1     466520 1 1 1 1 1 0   400.0  400.0
401  942.822850 4.860E-22 4.341E-02.09940.469  161.41090.700.000000             V6         GROUND 21  1 1A2      22  0 0A1     466520 1 1 1 1 1 0   688.0  688.0
401  942.826160 4.880E-23 1.620E-02.09030.304  545.87840.860.000000             V6         GROUND 37  4 1E       36  5 0E      466520 1 1 1 1 1 0  1200.0 1200.0
401  942.862010 2.420E-22 2.538E-02.11290.436   46.98430.730.000000             V6         GROUND 10  0 1E       11  1 0E      466520 1 1 1 1 1 0   336.0  336.0
401  943.099970 8.080E-24 1.661E-02.08770.172  986.22570.860.000000             V6         GROUND 51  5 1A1      50  6 0A2     466520 1 1 1 1 1 0  1648.0 1648.0
401  943.099970 8.080E-24 1.661E-02.08770.172  986.22570.860.000000             V6         GROUND 51  5 1A2      50  6 0A1     466520 1 1 1 1 1 0  1648.0 1648.0
401  943.114410 4.810E-23 2.041E-02.08830.234  622.08370.860.000000             V6         GROUND 42  3 1E       43  2 0E      466520 1 1 1 1 1 0  1360.0 1360.0
401  943.263610 1.230E-22 1.565E-02.09740.448  269.09850.730.000000             V6         GROUND 25  3 1E       24  4 0E      466520 1 1 1 1 1 0   816.0  816.0
401  943.363560 1.170E-23 2.022E-02.08720.148  954.37170.860.000000             V6         GROUND 52  4 1A1      53  3 0A2     466520 1 1 1 1 1 0  1680.0 1680.0
401  943.363560 1.170E-23 2.022E-02.08720.148  954.37170.860.000000             V6         GROUND 52  4 1A2      53  3 0A1     466520 1 1 1 1 1 0  1680.0 1680.0
401  943.371730 4.510E-23 1.637E-02.08990.291  569.42160.860.000000             V6         GROUND 38  4 1E       37  5 0E      466520 1 1 1 1 1 0  1232.0 1232.0
401  943.405180 1.330E-22 1.362E-02.10980.437   93.52140.720.000000             V6         GROUND 13  2 1A2      12  3 0A1     466520 1 1 1 1 1 0   432.0  432.0
401  943.405180 1.330E-22 1.362E-02.10980.437   93.52140.720.000000             V6         GROUND 13  2 1A1      12  3 0A2     466520 1 1 1 1 1 0   432.0  432.0
401  943.437480 1.420E-22 2.080E-02.09210.364  341.52290.820.000000             V6         GROUND 31  2 1E       32  1 0E      466520 1 1 1 1 1 0  1008.0 1008.0
401  943.513280 4.960E-22 4.347E-02.10030.474  147.38190.690.000000             V6         GROUND 20  1 1A1      21  0 0A2     466520 1 1 1 1 1 0   656.0  656.0
401  943.522610 2.300E-22 2.580E-02.11450.426   39.96460.740.000000             V6         GROUND  9  0 1E       10  1 0E      466520 1 1 1 1 1 0   304.0  304.0
401  943.607820 7.070E-24 1.671E-02.08760.162 1018.58930.860.000000             V6         GROUND 52  5 1A1      51  6 0A2     466520 1 1 1 1 1 0  1680.0 1680.0
401  943.607820 7.070E-24 1.671E-02.08760.162 1018.58930.860.000000             V6         GROUND 52  5 1A2      51  6 0A1     466520 1 1 1 1 1 0  1680.0 1680.0
401  943.839900 1.200E-22 1.589E-02.09660.440  285.03250.750.000000             V6         GROUND 26  3 1E       25  4 0E      466520 1 1 1 1 1 0   848.0  848.0
401  943.840880 5.350E-23 2.039E-02.08850.243  594.74230.860.000000             V6         GROUND 41  3 1E       42  2 0E      466520 1 1 1 1 1 0  1328.0 1328.0
401  943.914660 4.140E-23 1.649E-02.08960.279  593.59730.860.000000             V6         GROUND 39  4 1E       38  5 0E      466520 1 1 1 1 1 0  1264.0 1264.0
401  944.010850 1.430E-22 1.421E-02.10880.446  101.81570.710.000000             V6         GROUND 14  2 1A1      13  3 0A2     466520 1 1 1 1 1 0   464.0  464.0
401  944.010850 1.430E-22 1.421E-02.10880.446  101.81570.710.000000             V6         GROUND 14  2 1A2      13  3 0A1     466520 1 1 1 1 1 0   464.0  464.0
401  944.109160 1.350E-23 2.023E-02.08730.155  920.74130.860.000000             V6         GROUND 51  4 1A1      52  3 0A2     466520 1 1 1 1 1 0  1648.0 1648.0
401  944.109160 1.350E-23 2.023E-02.08730.155  920.74130.860.000000             V6         GROUND 51  4 1A2      52  3 0A1     466520 1 1 1 1 1 0  1648.0 1648.0
401  944.112920 6.170E-24 1.681E-02.08760.151 1051.58030.860.000000             V6         GROUND 53  5 1A1      52  6 0A2     466520 1 1 1 1 1 0  1712.0 1712.0
401  944.112920 6.170E-24 1.681E-02.08760.151 1051.58030.860.000000             V6         GROUND 53  5 1A2      52  6 0A1     466520 1 1 1 1 1 0  1712.0 1712.0
401  944.142130 1.510E-22 2.072E-02.09260.378  321.14010.800.000000             V6         GROUND 30  2 1E       31  1 0E      466520 1 1 1 1 1 0   976.0  976.0
401  944.181010 2.160E-22 2.629E-02.11610.416   33.58280.730.000000             V6         GROUND  8  0 1E        9  1 0E      466520 1 1 1 1 1 0   272.0  272.0
401  944.201320 5.030E-22 4.348E-02.10140.477  133.98930.690.000000             V6         GROUND 19  1 1A2      20  0 0A1     466520 1 1 1 1 1 0   624.0  624.0
401  944.413710 1.160E-22 1.607E-02.09580.431  301.60210.760.000000             V6         GROUND 27  3 1E       26  4 0E      466520 1 1 1 1 1 0   880.0  880.0
401  944.454990 3.790E-23 1.663E-02.08930.268  618.40520.860.000000             V6         GROUND 40  4 1E       39  5 0E      466520 1 1 1 1 1 0  1296.0 1296.0
401  944.531650 1.510E-23 4.209E-03.11060.328   21.35940.590.000000             V6         GROUND  3  1 1E        2  2 0E      466520 1 1 1 1 1 0   112.0  112.0
401  944.565420 5.930E-23 2.037E-02.08870.253  568.03200.860.000000             V6         GROUND 40  3 1E       41  2 0E      466520 1 1 1 1 1 0  1296.0 1296.0
401  944.614120 1.510E-22 1.468E-02.10790.455  110.74750.700.000000             V6         GROUND 15  2 1A2      14  3 0A1     466520 1 1 1 1 1 0   496.0  496.0
401  944.614120 1.510E-22 1.468E-02.10790.455  110.74750.700.000000             V6         GROUND 15  2 1A1      14  3 0A2     466520 1 1 1 1 1 0   496.0  496.0
401  944.615260 5.370E-24 1.693E-02.08760.144 1085.19850.860.000000             V6         GROUND 54  5 1A1      53  6 0A2     466520 1 1 1 1 1 0  1744.0 1744.0
401  944.615260 5.370E-24 1.693E-02.08760.144 1085.19850.860.000000             V6         GROUND 54  5 1A2      53  6 0A1     466520 1 1 1 1 1 0  1744.0 1744.0
401  944.837200 2.000E-22 2.687E-02.11780.406   27.83890.720.000000             V6         GROUND  7  0 1E        8  1 0E      466520 1 1 1 1 1 0   240.0  240.0
401  944.844760 1.610E-22 2.078E-02.09320.391  301.39170.790.000000             V6         GROUND 29  2 1E       30  1 0E      466520 1 1 1 1 1 0   944.0  944.0
401  944.852880 1.550E-23 2.021E-02.08730.167  887.73830.860.000000             V6         GROUND 50  4 1A1      51  3 0A2     466520 1 1 1 1 1 0  1616.0 1616.0
401  944.852880 1.550E-23 2.021E-02.08730.167  887.73830.860.000000             V6         GROUND 50  4 1A2      51  3 0A1     466520 1 1 1 1 1 0  1616.0 1616.0
401  944.886930 5.080E-22 4.357E-02.10240.478  121.23340.690.000000             V6         GROUND 18  1 1A1      19  0 0A2     466520 1 1 1 1 1 0   592.0  592.0
401  944.985000 1.120E-22 1.629E-02.09510.421  318.80710.770.000000             V6         GROUND 28  3 1E       27  4 0E      466520 1 1 1 1 1 0   912.0  912.0
401  944.992680 3.460E-23 1.678E-02.08900.257  643.84510.860.000000             V6         GROUND 41  4 1E       40  5 0E      466520 1 1 1 1 1 0  1328.0 1328.0
401  945.114810 4.650E-24 1.702E-02.08750.144 1119.44330.860.000000             V6         GROUND 55  5 1A2      54  6 0A1     466520 1 1 1 1 1 0  1776.0 1776.0
401  945.114810 4.650E-24 1.702E-02.08750.144 1119.44330.860.000000             V6         GROUND 55  5 1A1      54  6 0A2     466520 1 1 1 1 1 0  1776.0 1776.0
401  945.160810 3.370E-23 7.384E-03.11530.339   23.27420.640.000000             V6         GROUND  4  1 1E        3  2 0E      466520 1 1 1 1 1 0   144.0  144.0
401  945.214990 1.580E-22 1.513E-02.10680.461  120.31670.690.000000             V6         GROUND 16  2 1A1      15  3 0A2     466520 1 1 1 1 1 0   528.0  528.0
401  945.214990 1.580E-22 1.513E-02.10680.461  120.31670.690.000000             V6         GROUND 16  2 1A2      15  3 0A1     466520 1 1 1 1 1 0   528.0  528.0
401  945.288000 6.560E-23 2.038E-02.08900.263  541.95310.860.000000             V6         GROUND 39  3 1E       40  2 0E      466520 1 1 1 1 1 0  1264.0 1264.0
401  945.491180 1.820E-22 2.756E-02.11940.396   22.73310.710.000000             V6         GROUND  6  0 1E        7  1 0E      466520 1 1 1 1 1 0   208.0  208.0
401  945.527730 3.140E-23 1.690E-02.08880.249  669.91660.860.000000             V6         GROUND 42  4 1E       41  5 0E      466520 1 1 1 1 1 0  1360.0 1360.0
401  945.545360 1.700E-22 2.073E-02.09380.403  282.27790.770.000000             V6         GROUND 28  2 1E       29  1 0E      466520 1 1 1 1 1 0   912.0  912.0
401  945.553770 1.070E-22 1.642E-02.09440.410  336.64730.790.000000             V6         GROUND 29  3 1E       28  4 0E      466520 1 1 1 1 1 0   944.0  944.0
401  945.570130 5.090E-22 4.357E-02.10360.478  109.11440.690.000000             V6         GROUND 17  1 1A2      18  0 0A1     466520 1 1 1 1 1 0   560.0  560.0
401  945.594690 1.780E-23 2.026E-02.08740.176  855.36300.860.000000             V6         GROUND 49  4 1A1      50  3 0A2     466520 1 1 1 1 1 0  1584.0 1584.0
401  945.594690 1.780E-23 2.026E-02.08740.176  855.36300.860.000000             V6         GROUND 49  4 1A2      50  3 0A1     466520 1 1 1 1 1 0  1584.0 1584.0
401  945.611570 4.010E-24 1.710E-02.08750.144 1154.31430.860.000000             V6         GROUND 56  5 1A2      55  6 0A1     466520 1 1 1 1 1 0  1808.0 1808.0
401  945.611570 4.010E-24 1.710E-02.08750.144 1154.31430.860.000000             V6         GROUND 56  5 1A1      55  6 0A2     466520 1 1 1 1 1 0  1808.0 1808.0
401  945.770290 3.270E-24 2.021E-02.08670.147 1241.21830.860.000000             V6         GROUND 59  5 1E       60  4 0E      355420 1 1 1 1 1 0  1904.0 1904.0
401  945.787640 5.330E-23 9.688E-03.11780.349   25.82730.680.000000             V6         GROUND  5  1 1E        4  2 0E      466520 1 1 1 1 1 0   176.0  176.0
401  945.813450 1.630E-22 1.549E-02.10570.467  130.52320.690.000000             V6         GROUND 17  2 1A1      16  3 0A2     466520 1 1 1 1 1 0   560.0  560.0
401  945.813450 1.630E-22 1.549E-02.10570.467  130.52320.690.000000             V6         GROUND 17  2 1A2      16  3 0A1     466520 1 1 1 1 1 0   560.0  560.0
401  945.951260 1.240E-23 4.477E-02.08640.150 1130.53930.860.000000             V6         GROUND 59  0 1E       59  1 0E      355420 1 1 1 1 1 0  1904.0 1904.0
401  946.008620 7.210E-23 2.034E-02.08930.274  516.50610.860.000000             V6         GROUND 38  3 1E       39  2 0E      466520 1 1 1 1 1 0  1232.0 1232.0
401  946.060130 2.840E-23 1.702E-02.08860.239  696.61940.860.000000             V6         GROUND 43  4 1E       42  5 0E      466520 1 1 1 1 1 0  1392.0 1392.0
401  946.087650 1.470E-23 4.502E-02.08640.150 1093.15020.860.000000             V6         GROUND 58  0 1E       58  1 0E      355420 1 1 1 1 1 0  1872.0 1872.0
401  946.105530 3.450E-24 1.720E-02.08690.144 1189.81120.860.000000             V6         GROUND 57  5 1A1      56  6 0A2     355420 1 1 1 1 1 0  1840.0 1840.0
401  946.105530 3.450E-24 1.720E-02.08690.144 1189.81120.860.000000             V6         GROUND 57  5 1A2      56  6 0A1     355420 1 1 1 1 1 0  1840.0 1840.0
401  946.120030 1.030E-22 1.674E-02.09370.399  355.12250.800.000000             V6         GROUND 30  3 1E       29  4 0E      466520 1 1 1 1 1 0   976.0  976.0
401  946.142960 1.630E-22 2.858E-02.12110.387   18.26540.680.000000             V6         GROUND  5  0 1E        6  1 0E      466520 1 1 1 1 1 0   176.0  176.0
401  946.221670 1.720E-23 4.483E-02.08640.150 1056.38580.860.000000             V6         GROUND 57  0 1E       57  1 0E      355420 1 1 1 1 1 0  1840.0 1840.0
401  946.243930 1.790E-22 2.071E-02.09450.416  263.79900.760.000000             V6         GROUND 27  2 1E       28  1 0E      466520 1 1 1 1 1 0   880.0  880.0
401  946.250900 5.070E-22 4.359E-02.10480.476   97.63230.690.000000             V6         GROUND 16  1 1A1      17  0 0A2     466520 1 1 1 1 1 0   528.0  528.0
401  946.334610 2.030E-23 2.024E-02.08750.185  823.61580.860.000000             V6         GROUND 48  4 1A1      49  3 0A2     466520 1 1 1 1 1 0  1552.0 1552.0
401  946.334610 2.030E-23 2.024E-02.08750.185  823.61580.860.000000             V6         GROUND 48  4 1A2      49  3 0A1     466520 1 1 1 1 1 0  1552.0 1552.0
401  946.353280 2.020E-23 4.496E-02.08640.150 1020.24660.860.000000             V6         GROUND 56  0 1E       56  1 0E      355420 1 1 1 1 1 0  1808.0 1808.0
401  946.409500 1.670E-22 1.584E-02.10470.470  141.36690.690.000000             V6         GROUND 18  2 1A2      17  3 0A1     466520 1 1 1 1 1 0   592.0  592.0
401  946.409500 1.670E-22 1.584E-02.10470.470  141.36690.690.000000             V6         GROUND 18  2 1A1      17  3 0A2     466520 1 1 1 1 1 0   592.0  592.0
401  946.412170 7.290E-23 1.140E-02.11870.360   29.01850.710.000000             V6         GROUND  6  1 1E        5  2 0E      466520 1 1 1 1 1 0   208.0  208.0
401  946.482500 2.360E-23 4.501E-02.08700.150  984.73310.860.000000             V6         GROUND 55  0 1E       55  1 0E      466520 1 1 1 1 1 0  1776.0 1776.0
401  946.528870 3.860E-24 2.020E-02.08670.147 1203.21270.860.000000             V6         GROUND 58  5 1E       59  4 0E      355420 1 1 1 1 1 0  1872.0 1872.0
401  946.589860 2.560E-23 1.715E-02.08840.230  723.95310.860.000000             V6         GROUND 44  4 1E       43  5 0E      466520 1 1 1 1 1 0  1424.0 1424.0
401  946.596670 2.960E-24 1.730E-02.08700.144 1225.93330.860.000000             V6         GROUND 58  5 1A1      57  6 0A2     355420 1 1 1 1 1 0  1872.0 1872.0
401  946.596670 2.960E-24 1.730E-02.08700.144 1225.93330.860.000000             V6         GROUND 58  5 1A2      57  6 0A1     355420 1 1 1 1 1 0  1872.0 1872.0
401  946.609340 2.740E-23 4.493E-02.08710.150  949.84560.860.000000             V6         GROUND 54  0 1E       54  1 0E      466520 1 1 1 1 1 0  1744.0 1744.0
401  946.683740 9.750E-23 1.686E-02.09310.386  374.23240.820.000000             V6         GROUND 31  3 1E       30  4 0E      466520 1 1 1 1 1 0  1008.0 1008.0
401  946.727270 7.910E-23 2.034E-02.08960.285  491.69110.860.000000             V6         GROUND 37  3 1E       38  2 0E      466520 1 1 1 1 1 0  1200.0 1200.0
401  946.733800 3.180E-23 4.498E-02.08710.150  915.58470.860.000000             V6         GROUND 53  0 1E       53  1 0E      466520 1 1 1 1 1 0  1712.0 1712.0
401  946.792510 1.430E-22 3.012E-02.12260.379   14.43580.640.000000             V6         GROUND  4  0 1E        5  1 0E      466520 1 1 1 1 1 0   144.0  144.0
401  946.855890 3.680E-23 4.506E-02.08720.157  881.95070.860.000000             V6         GROUND 52  0 1E       52  1 0E      466520 1 1 1 1 1 0  1680.0 1680.0
401  946.929240 5.010E-22 4.356E-02.10600.473   86.78730.700.000000             V6         GROUND 15  1 1A2      16  0 0A1     466520 1 1 1 1 1 0   496.0  496.0
401  946.940450 1.880E-22 2.072E-02.09520.427  245.95520.750.000000             V6         GROUND 26  2 1E       27  1 0E      466520 1 1 1 1 1 0   848.0  848.0
401  946.975600 4.240E-23 4.509E-02.08720.168  848.94410.860.000000             V6         GROUND 51  0 1E       51  1 0E      466520 1 1 1 1 1 0  1648.0 1648.0
401  947.003130 1.700E-22 1.620E-02.10350.472  152.84760.690.000000             V6         GROUND 19  2 1A1      18  3 0A2     466520 1 1 1 1 1 0   624.0  624.0
401  947.003130 1.700E-22 1.620E-02.10350.472  152.84760.690.000000             V6         GROUND 19  2 1A2      18  3 0A1     466520 1 1 1 1 1 0   624.0  624.0
401  947.034390 9.210E-23 1.273E-02.11850.373   32.84800.720.000000             V6         GROUND  7  1 1E        6  2 0E      466520 1 1 1 1 1 0   240.0  240.0
401  947.072630 2.310E-23 2.025E-02.08760.193  792.49710.860.000000             V6         GROUND 47  4 1A2      48  3 0A1     466520 1 1 1 1 1 0  1520.0 1520.0
401  947.072630 2.310E-23 2.025E-02.08760.193  792.49710.860.000000             V6         GROUND 47  4 1A1      48  3 0A2     466520 1 1 1 1 1 0  1520.0 1520.0
401  947.084990 2.530E-24 1.740E-02.08700.144 1262.68040.860.000000             V6         GROUND 59  5 1A2      58  6 0A1     355420 1 1 1 1 1 0  1904.0 1904.0
401  947.084990 2.530E-24 1.740E-02.08700.144 1262.68040.860.000000             V6         GROUND 59  5 1A1      58  6 0A2     355420 1 1 1 1 1 0  1904.0 1904.0
401  947.092950 4.860E-23 4.504E-02.08730.178  816.56530.860.000000             V6         GROUND 50  0 1E       50  1 0E      466520 1 1 1 1 1 0  1616.0 1616.0
401  947.116920 2.300E-23 1.728E-02.08820.222  751.91740.860.000000             V6         GROUND 45  4 1E       44  5 0E      466520 1 1 1 1 1 0  1456.0 1456.0
401  947.207940 5.560E-23 4.506E-02.08740.186  784.81470.860.000000             V6         GROUND 49  0 1E       49  1 0E      466520 1 1 1 1 1 0  1584.0 1584.0
401  947.244910 9.230E-23 1.705E-02.09260.373  393.97690.830.000000             V6         GROUND 32  3 1E       31  4 0E      466520 1 1 1 1 1 0  1040.0 1040.0
401  947.285600 4.540E-24 2.019E-02.08670.147 1165.83110.860.000000             V6         GROUND 57  5 1E       58  4 0E      355420 1 1 1 1 1 0  1840.0 1840.0
401  947.320570 6.340E-23 4.509E-02.08750.195  753.69270.860.000000             V6         GROUND 48  0 1E       48  1 0E      466520 1 1 1 1 1 0  1552.0 1552.0
401  947.430840 7.200E-23 4.509E-02.08760.203  723.19970.860.000000             V6         GROUND 47  0 1E       47  1 0E      466520 1 1 1 1 1 0  1520.0 1520.0
401  947.439820 1.210E-22 3.230E-02.12390.373   11.24440.590.000000             V6         GROUND  3  0 1E        4  1 0E      466520 1 1 1 1 1 0   112.0  112.0
401  947.443950 8.630E-23 2.030E-02.08990.297  467.50860.860.000000             V6         GROUND 36  3 1E       37  2 0E      466520 1 1 1 1 1 0  1168.0 1168.0
401  947.538770 8.150E-23 4.511E-02.08770.210  693.33600.860.000000             V6         GROUND 46  0 1E       46  1 0E      466520 1 1 1 1 1 0  1488.0 1488.0
401  947.594310 1.710E-22 1.646E-02.10230.472  164.96520.690.000000             V6         GROUND 20  2 1A1      19  3 0A2     466520 1 1 1 1 1 0   656.0  656.0
401  947.594310 1.710E-22 1.646E-02.10230.472  164.96520.690.000000             V6         GROUND 20  2 1A2      19  3 0A1     466520 1 1 1 1 1 0   656.0  656.0
401  947.605140 4.920E-22 4.357E-02.10730.469   76.57960.710.000000             V6         GROUND 14  1 1A1      15  0 0A2     466520 1 1 1 1 1 0   464.0  464.0
401  947.634920 1.960E-22 2.068E-02.09590.438  228.74670.730.000000             V6         GROUND 25  2 1E       26  1 0E      466520 1 1 1 1 1 0   816.0  816.0
401  947.641300 2.060E-23 1.742E-02.08810.214  780.51200.860.000000             V6         GROUND 46  4 1E       45  5 0E      466520 1 1 1 1 1 0  1488.0 1488.0
401  947.644330 9.200E-23 4.515E-02.08790.218  664.10210.860.000000             V6         GROUND 45  0 1E       45  1 0E      466520 1 1 1 1 1 0  1456.0 1456.0
401  947.654260 1.100E-22 1.373E-02.11760.385   37.31550.730.000000             V6         GROUND  8  1 1E        7  2 0E      466520 1 1 1 1 1 0   272.0  272.0
401  947.747570 1.030E-22 4.499E-02.08810.226  635.49830.860.000000             V6         GROUND 44  0 1E       44  1 0E      466520 1 1 1 1 1 0  1424.0 1424.0
401  947.803530 8.690E-23 1.721E-02.09200.360  414.35560.850.000000             V6         GROUND 33  3 1E       32  4 0E      466520 1 1 1 1 1 0  1072.0 1072.0
401  947.808740 2.610E-23 2.018E-02.08770.201  762.00740.860.000000             V6         GROUND 46  4 1A2      47  3 0A1     466520 1 1 1 1 1 0  1488.0 1488.0
401  947.808740 2.610E-23 2.018E-02.08770.201  762.00740.860.000000             V6         GROUND 46  4 1A1      47  3 0A2     466520 1 1 1 1 1 0  1488.0 1488.0
401  947.848450 1.160E-22 4.525E-02.08830.235  607.52490.860.000000             V6         GROUND 43  0 1E       43  1 0E      466520 1 1 1 1 1 0  1392.0 1392.0
401  947.947000 1.290E-22 4.511E-02.08850.244  580.18240.860.000000             V6         GROUND 42  0 1E       42  1 0E      466520 1 1 1 1 1 0  1360.0 1360.0
401  948.040480 5.320E-24 2.017E-02.08670.147 1129.07420.860.000000             V6         GROUND 56  5 1E       57  4 0E      355420 1 1 1 1 1 0  1808.0 1808.0
401  948.043220 1.440E-22 4.529E-02.08870.253  553.47100.860.000000             V6         GROUND 41  0 1E       41  1 0E      466520 1 1 1 1 1 0  1328.0 1328.0
401  948.084900 9.780E-23 3.615E-02.12490.370    8.69120.520.000000             V6         GROUND  2  0 1E        3  1 0E      466520 1 1 1 1 1 0    80.0   80.0
401  948.137100 1.590E-22 4.515E-02.08900.264  527.39110.860.000000             V6         GROUND 40  0 1E       40  1 0E      466520 1 1 1 1 1 0  1296.0 1296.0
401  948.158640 9.390E-23 2.028E-02.09030.310  443.95880.870.000000             V6         GROUND 35  3 1E       36  2 0E      466520 1 1 1 1 1 0  1136.0 1136.0
401  948.162980 1.830E-23 1.748E-02.08790.206  809.73650.860.000000             V6         GROUND 47  4 1E       46  5 0E      466520 1 1 1 1 1 0  1520.0 1520.0
401  948.183070 1.710E-22 1.672E-02.10130.471  177.71950.700.000000             V6         GROUND 21  2 1A1      20  3 0A2     466520 1 1 1 1 1 0   688.0  688.0
401  948.183070 1.710E-22 1.672E-02.10130.471  177.71950.700.000000             V6         GROUND 21  2 1A2      20  3 0A1     466520 1 1 1 1 1 0   688.0  688.0
401  948.228660 1.760E-22 4.529E-02.08930.275  501.94300.860.000000             V6         GROUND 39  0 1E       39  1 0E      466520 1 1 1 1 1 0  1264.0 1264.0
401  948.271810 1.280E-22 1.468E-02.11640.398   42.42110.740.000000             V6         GROUND  9  1 1E        8  2 0E      466520 1 1 1 1 1 0   304.0  304.0
401  948.278580 4.790E-22 4.355E-02.10870.463   67.00920.720.000000             V6         GROUND 13  1 1A2      14  0 0A1     466520 1 1 1 1 1 0   432.0  432.0
401  948.317890 1.930E-22 4.518E-02.08960.286  477.12710.860.000000             V6         GROUND 38  0 1E       38  1 0E      466520 1 1 1 1 1 0  1232.0 1232.0
401  948.327330 2.030E-22 2.060E-02.09670.447  212.17380.720.000000             V6         GROUND 24  2 1E       25  1 0E      466520 1 1 1 1 1 0   784.0  784.0
401  948.359590 8.140E-23 1.736E-02.09160.346  435.36830.860.000000             V6         GROUND 34  3 1E       33  4 0E      466520 1 1 1 1 1 0  1104.0 1104.0
401  948.404800 2.120E-22 4.530E-02.08990.298  452.94360.860.000000             V6         GROUND 37  0 1E       37  1 0E      466520 1 1 1 1 1 0  1200.0 1200.0
401  948.489390 2.310E-22 4.524E-02.09030.311  429.39280.860.000000             V6         GROUND 36  0 1E       36  1 0E      466520 1 1 1 1 1 0  1168.0 1168.0
401  948.542930 2.950E-23 2.019E-02.08780.209  732.14690.860.000000             V6         GROUND 45  4 1A1      46  3 0A2     466520 1 1 1 1 1 0  1456.0 1456.0
401  948.542930 2.950E-23 2.019E-02.08780.209  732.14690.860.000000             V6         GROUND 45  4 1A2      46  3 0A1     466520 1 1 1 1 1 0  1456.0 1456.0
401  948.571670 2.510E-22 4.522E-02.09070.324  406.47510.870.000000             V6         GROUND 35  0 1E       35  1 0E      466520 1 1 1 1 1 0  1136.0 1136.0
401  948.651620 2.720E-22 4.526E-02.09110.337  384.19070.860.000000             V6         GROUND 34  0 1E       34  1 0E      466520 1 1 1 1 1 0  1104.0 1104.0
401  948.681970 1.630E-23 1.765E-02.08780.198  839.59050.860.000000             V6         GROUND 48  4 1E       47  5 0E      466520 1 1 1 1 1 0  1552.0 1552.0
401  948.727730 7.410E-23 4.529E-02.12530.367    6.77630.500.000000             V6         GROUND  1  0 1E        2  1 0E      466520 1 1 1 1 1 0    48.0   48.0
401  948.729270 2.940E-22 4.535E-02.09160.351  362.53990.850.000000             V6         GROUND 33  0 1E       33  1 0E      466520 1 1 1 1 1 0  1072.0 1072.0
401  948.769370 1.700E-22 1.697E-02.10020.469  191.11040.700.000000             V6         GROUND 22  2 1A1      21  3 0A2     466520 1 1 1 1 1 0   720.0  720.0
401  948.769370 1.700E-22 1.697E-02.10020.469  191.11040.700.000000             V6         GROUND 22  2 1A2      21  3 0A1     466520 1 1 1 1 1 0   720.0  720.0
401  948.793500 6.220E-24 2.017E-02.08660.147 1092.94230.860.000000             V6         GROUND 55  5 1E       56  4 0E      355420 1 1 1 1 1 0  1776.0 1776.0
401  948.804600 3.160E-22 4.537E-02.09210.364  341.52290.830.000000             V6         GROUND 32  0 1E       32  1 0E      466520 1 1 1 1 1 0  1040.0 1040.0
401  948.871340 1.020E-22 2.031E-02.09070.323  421.04200.860.000000             V6         GROUND 34  3 1E       35  2 0E      466520 1 1 1 1 1 0  1104.0 1104.0
401  948.877640 3.380E-22 4.536E-02.09260.378  321.14010.820.000000             V6         GROUND 31  0 1E       31  1 0E      466520 1 1 1 1 1 0  1008.0 1008.0
401  948.887000 1.440E-22 1.538E-02.11500.410   48.16480.730.000000             V6         GROUND 10  1 1E        9  2 0E      466520 1 1 1 1 1 0   336.0  336.0
401  948.913070 7.600E-23 1.752E-02.09110.333  457.01470.870.000000             V6         GROUND 35  3 1E       34  4 0E      466520 1 1 1 1 1 0  1136.0 1136.0
401  948.948360 3.600E-22 4.533E-02.09320.391  301.39170.800.000000             V6         GROUND 30  0 1E       30  1 0E      466520 1 1 1 1 1 0   976.0  976.0
401  948.949560 4.620E-22 4.350E-02.11010.455   58.07630.720.000000             V6         GROUND 12  1 1A1      13  0 0A2     466520 1 1 1 1 1 0   400.0  400.0
401  949.016780 3.820E-22 4.533E-02.09380.403  282.27790.790.000000             V6         GROUND 29  0 1E       29  1 0E      466520 1 1 1 1 1 0   944.0  944.0
401  949.017670 2.100E-22 2.059E-02.09750.456  196.23650.710.000000             V6         GROUND 23  2 1E       24  1 0E      466520 1 1 1 1 1 0   752.0  752.0
401  949.082910 4.040E-22 4.536E-02.09450.416  263.79900.770.000000             V6         GROUND 28  0 1E       28  1 0E      466520 1 1 1 1 1 0   912.0  912.0
401  949.146730 4.250E-22 4.535E-02.09520.427  245.95520.760.000000             V6         GROUND 27  0 1E       27  1 0E      466520 1 1 1 1 1 0   880.0  880.0
401  949.198240 1.440E-23 1.774E-02.08770.191  870.07370.860.000000             V6         GROUND 49  4 1E       48  5 0E      466520 1 1 1 1 1 0  1584.0 1584.0
401  949.208260 4.450E-22 4.533E-02.09590.438  228.74670.750.000000             V6         GROUND 26  0 1E       26  1 0E      466520 1 1 1 1 1 0   848.0  848.0
401  949.267490 4.650E-22 4.542E-02.09670.447  212.17380.730.000000             V6         GROUND 25  0 1E       25  1 0E      466520 1 1 1 1 1 0   816.0  816.0
401  949.275180 3.310E-23 2.013E-02.08800.217  702.91610.860.000000             V6         GROUND 44  4 1A1      45  3 0A2     466520 1 1 1 1 1 0  1424.0 1424.0
401  949.275180 3.310E-23 2.013E-02.08800.217  702.91610.860.000000             V6         GROUND 44  4 1A2      45  3 0A1     466520 1 1 1 1 1 0  1424.0 1424.0
401  949.324430 4.820E-22 4.536E-02.09750.456  196.23650.720.000000             V6         GROUND 24  0 1E       24  1 0E      466520 1 1 1 1 1 0   784.0  784.0
401  949.353200 1.680E-22 1.721E-02.09930.464  205.13780.710.000000             V6         GROUND 23  2 1A1      22  3 0A2     466520 1 1 1 1 1 0   752.0  752.0
401  949.353200 1.680E-22 1.721E-02.09930.464  205.13780.710.000000             V6         GROUND 23  2 1A2      22  3 0A1     466520 1 1 1 1 1 0   752.0  752.0
401  949.368300 4.980E-23 9.087E-02.12510.363    5.49970.500.000000             V6         GROUND  0  0 1E        1  1 0E      466520 1 1 1 1 1 0    16.0   16.0
401  949.379080 4.980E-22 4.536E-02.09840.463  180.93530.710.000000             V6         GROUND 23  0 1E       23  1 0E      466520 1 1 1 1 1 0   752.0  752.0
401  949.431440 5.120E-22 4.536E-02.09930.469  166.27010.700.000000             V6         GROUND 22  0 1E       22  1 0E      466520 1 1 1 1 1 0   720.0  720.0
401  949.463970 7.060E-23 1.766E-02.09070.319  479.29460.860.000000             V6         GROUND 36  3 1E       35  4 0E      466520 1 1 1 1 1 0  1168.0 1168.0
401  949.481510 5.240E-22 4.539E-02.10030.473  152.24130.700.000000             V6         GROUND 21  0 1E       21  1 0E      466520 1 1 1 1 1 0   688.0  688.0
401  949.499850 1.590E-22 1.601E-02.11350.421   54.54630.730.000000             V6         GROUND 11  1 1E       10  2 0E      466520 1 1 1 1 1 0   368.0  368.0
401  949.529300 5.340E-22 4.545E-02.10140.476  138.84890.690.000000             V6         GROUND 20  0 1E       20  1 0E      466520 1 1 1 1 1 0   656.0  656.0
401  949.544670 7.240E-24 2.015E-02.08720.147 1057.43590.860.000000             V6         GROUND 54  5 1E       55  4 0E      466520 1 1 1 1 1 0  1744.0 1744.0
401  949.574790 5.400E-22 4.542E-02.10240.478  126.09320.690.000000             V6         GROUND 19  0 1E       19  1 0E      466520 1 1 1 1 1 0   624.0  624.0
401  949.582040 1.100E-22 2.027E-02.09110.336  398.75850.850.000000             V6         GROUND 33  3 1E       34  2 0E      466520 1 1 1 1 1 0  1072.0 1072.0
401  949.618020 5.430E-22 4.539E-02.10360.477  113.97430.690.000000             V6         GROUND 18  0 1E       18  1 0E      466520 1 1 1 1 1 0   592.0  592.0
401  949.618080 4.410E-22 4.341E-02.11160.447   49.78100.730.000000             V6         GROUND 11  1 1A2      12  0 0A1     466520 1 1 1 1 1 0   368.0  368.0
401  949.658960 5.440E-22 4.547E-02.10480.476  102.49240.690.000000             V6         GROUND 17  0 1E       17  1 0E      466520 1 1 1 1 1 0   560.0  560.0
401  949.697610 5.400E-22 4.542E-02.10600.472   91.64750.690.000000             V6         GROUND 16  0 1E       16  1 0E      466520 1 1 1 1 1 0   528.0  528.0
401  949.705930 2.150E-22 2.047E-02.09840.463  180.93530.700.000000             V6         GROUND 22  2 1E       23  1 0E      466520 1 1 1 1 1 0   720.0  720.0
401  949.711780 1.270E-23 1.785E-02.08760.182  901.18570.860.000000             V6         GROUND 50  4 1E       49  5 0E      466520 1 1 1 1 1 0  1616.0 1616.0
401  949.733980 5.330E-22 4.541E-02.10730.468   81.43990.700.000000             V6         GROUND 15  0 1E       15  1 0E      466520 1 1 1 1 1 0   496.0  496.0
401  949.768080 5.230E-22 4.547E-02.10860.462   71.86970.710.000000             V6         GROUND 14  0 1E       14  1 0E      466520 1 1 1 1 1 0   464.0  464.0
401  949.799890 5.080E-22 4.543E-02.11000.454   62.93690.720.000000             V6         GROUND 13  0 1E       13  1 0E      466520 1 1 1 1 1 0   432.0  432.0
401  949.829440 4.900E-22 4.546E-02.11140.446   54.64170.720.000000             V6         GROUND 12  0 1E       12  1 0E      466520 1 1 1 1 1 0   400.0  400.0
401  949.856700 4.680E-22 4.547E-02.11290.436   46.98430.730.000000             V6         GROUND 11  0 1E       11  1 0E      466520 1 1 1 1 1 0   368.0  368.0
401  949.881700 4.420E-22 4.546E-02.11450.426   39.96460.730.000000             V6         GROUND 10  0 1E       10  1 0E      466520 1 1 1 1 1 0   336.0  336.0
401  949.904420 4.130E-22 4.551E-02.11610.416   33.58280.740.000000             V6         GROUND  9  0 1E        9  1 0E      466520 1 1 1 1 1 0   304.0  304.0
401  949.924860 3.800E-22 4.552E-02.11780.406   27.83890.730.000000             V6         GROUND  8  0 1E        8  1 0E      466520 1 1 1 1 1 0   272.0  272.0
401  949.934570 1.650E-22 1.743E-02.09830.459  219.80130.720.000000             V6         GROUND 24  2 1A2      23  3 0A1     466520 1 1 1 1 1 0   784.0  784.0
401  949.934570 1.650E-22 1.743E-02.09830.459  219.80130.720.000000             V6         GROUND 24  2 1A1      23  3 0A2     466520 1 1 1 1 1 0   784.0  784.0
401  949.943020 3.430E-22 4.542E-02.11940.396   22.73310.720.000000             V6         GROUND  7  0 1E        7  1 0E      466520 1 1 1 1 1 0   240.0  240.0
401  949.958920 3.040E-22 4.546E-02.12110.387   18.26540.710.000000             V6         GROUND  6  0 1E        6  1 0E      466520 1 1 1 1 1 0   208.0  208.0
401  949.972550 2.620E-22 4.545E-02.12260.379   14.43580.680.000000             V6         GROUND  5  0 1E        5  1 0E      466520 1 1 1 1 1 0   176.0  176.0
401  949.983910 2.180E-22 4.551E-02.12390.373   11.24440.640.000000             V6         GROUND  4  0 1E        4  1 0E      466520 1 1 1 1 1 0   144.0  144.0
401  949.992990 1.720E-22 4.559E-02.12490.370    8.69120.590.000000             V6         GROUND  3  0 1E        3  1 0E      466520 1 1 1 1 1 0   112.0  112.0
401  949.999800 1.240E-22 4.559E-02.12530.367    6.77630.520.000000             V6         GROUND  2  0 1E        2  1 0E      466520 1 1 1 1 1 0    80.0   80.0
401  950.004340 7.470E-23 4.549E-02.12510.363    5.49970.500.000000             V6         GROUND  1  0 1E        1  1 0E      466520 1 1 1 1 1 0    48.0   48.0
401  950.005520 3.710E-23 2.011E-02.08810.225  674.31540.860.000000             V6         GROUND 43  4 1A1      44  3 0A2     466520 1 1 1 1 1 0  1392.0 1392.0
401  950.005520 3.710E-23 2.011E-02.08810.225  674.31540.860.000000             V6         GROUND 43  4 1A2      44  3 0A1     466520 1 1 1 1 1 0  1392.0 1392.0
401  950.012280 6.530E-23 1.779E-02.09030.306  502.20770.860.000000             V6         GROUND 37  3 1E       36  4 0E      466520 1 1 1 1 1 0  1200.0 1200.0
401  950.110330 1.720E-22 1.651E-02.11210.432   61.56570.720.000000             V6         GROUND 12  1 1E       11  2 0E      466520 1 1 1 1 1 0   400.0  400.0
401  950.222590 1.110E-23 1.787E-02.08760.174  932.92600.860.000000             V6         GROUND 51  4 1E       50  5 0E      466520 1 1 1 1 1 0  1648.0 1648.0
401  950.284120 4.170E-22 4.337E-02.11320.438   42.12350.730.000000             V6         GROUND 10  1 1A1      11  0 0A2     466520 1 1 1 1 1 0   336.0  336.0
401  950.290730 1.180E-22 2.020E-02.09160.350  377.10860.830.000000             V6         GROUND 32  3 1E       33  2 0E      466520 1 1 1 1 1 0  1040.0 1040.0
401  950.293950 8.400E-24 2.013E-02.08730.147 1022.55550.860.000000             V6         GROUND 53  5 1E       54  4 0E      466520 1 1 1 1 1 0  1712.0 1712.0
401  950.392110 2.200E-22 2.044E-02.09930.469  166.27010.700.000000             V6         GROUND 21  2 1E       22  1 0E      466520 1 1 1 1 1 0   688.0  688.0
401  950.513460 1.620E-22 1.774E-02.09750.452  235.10100.730.000000             V6         GROUND 25  2 1A1      24  3 0A2     466520 1 1 1 1 1 0   816.0  816.0
401  950.513460 1.620E-22 1.774E-02.09750.452  235.10100.730.000000             V6         GROUND 25  2 1A2      24  3 0A1     466520 1 1 1 1 1 0   816.0  816.0
401  950.557990 6.020E-23 1.793E-02.08990.294  525.75370.860.000000             V6         GROUND 38  3 1E       37  4 0E      466520 1 1 1 1 1 0  1232.0 1232.0
401  950.718430 1.840E-22 1.700E-02.11080.442   69.22290.720.000000             V6         GROUND 13  1 1E       12  2 0E      466520 1 1 1 1 1 0   432.0  432.0
401  950.730650 9.750E-24 1.804E-02.08750.164  965.29440.860.000000             V6         GROUND 52  4 1E       51  5 0E      466520 1 1 1 1 1 0  1680.0 1680.0
401  950.733920 4.140E-23 2.008E-02.08830.233  646.34510.860.000000             V6         GROUND 42  4 1A2      43  3 0A1     466520 1 1 1 1 1 0  1360.0 1360.0
401  950.733920 4.140E-23 2.008E-02.08830.233  646.34510.860.000000             V6         GROUND 42  4 1A1      43  3 0A2     466520 1 1 1 1 1 0  1360.0 1360.0
401  950.947680 3.880E-22 4.317E-02.11480.428   35.10370.740.000000             V6         GROUND  9  1 1A2      10  0 0A1     466520 1 1 1 1 1 0   304.0  304.0
401  950.997430 1.260E-22 2.013E-02.09210.363  356.09250.820.000000             V6         GROUND 31  3 1E       32  2 0E      466520 1 1 1 1 1 0  1008.0 1008.0
401  951.041360 9.720E-24 2.013E-02.08730.147  988.30150.860.000000             V6         GROUND 52  5 1E       53  4 0E      466520 1 1 1 1 1 0  1680.0 1680.0
401  951.076200 2.230E-22 2.032E-02.10030.473  152.24130.690.000000             V6         GROUND 20  2 1E       21  1 0E      466520 1 1 1 1 1 0   656.0  656.0
401  951.089860 1.570E-22 1.789E-02.09660.444  251.03650.750.000000             V6         GROUND 26  2 1A1      25  3 0A2     466520 1 1 1 1 1 0   848.0  848.0
401  951.089860 1.570E-22 1.789E-02.09660.444  251.03650.750.000000             V6         GROUND 26  2 1A2      25  3 0A1     466520 1 1 1 1 1 0   848.0  848.0
401  951.101090 5.530E-23 1.808E-02.08960.282  549.93230.860.000000             V6         GROUND 39  3 1E       38  4 0E      466520 1 1 1 1 1 0  1264.0 1264.0
401  951.235960 8.500E-24 1.814E-02.08750.152  998.29030.860.000000             V6         GROUND 53  4 1E       52  5 0E      466520 1 1 1 1 1 0  1712.0 1712.0
401  951.276410 2.490E-23 9.122E-03.12510.363    5.49970.520.000000             V6         GROUND  2  0 1E        1  1 0E      466520 1 1 1 1 1 0    80.0   80.0
401  951.324160 1.940E-22 1.739E-02.10960.451   77.51770.710.000000             V6         GROUND 14  1 1E       13  2 0E      466520 1 1 1 1 1 0   464.0  464.0
401  951.460360 4.600E-23 2.004E-02.08850.242  619.00550.860.000000             V6         GROUND 41  4 1A1      42  3 0A2     466520 1 1 1 1 1 0  1328.0 1328.0
401  951.460360 4.600E-23 2.004E-02.08850.242  619.00550.860.000000             V6         GROUND 41  4 1A2      42  3 0A1     466520 1 1 1 1 1 0  1328.0 1328.0
401  951.608760 3.560E-22 4.297E-02.11650.418   28.72180.730.000000             V6         GROUND  8  1 1A1       9  0 0A2     466520 1 1 1 1 1 0   272.0  272.0
401  951.641570 5.050E-23 1.818E-02.08930.270  574.74330.860.000000             V6         GROUND 40  3 1E       39  4 0E      466520 1 1 1 1 1 0  1296.0 1296.0
401  951.663770 1.520E-22 1.811E-02.09590.434  267.60770.760.000000             V6         GROUND 27  2 1A2      26  3 0A1     466520 1 1 1 1 1 0   880.0  880.0
401  951.663770 1.520E-22 1.811E-02.09590.434  267.60770.760.000000             V6         GROUND 27  2 1A1      26  3 0A2     466520 1 1 1 1 1 0   880.0  880.0
401  951.702090 1.340E-22 2.005E-02.09260.377  335.71050.800.000000             V6         GROUND 30  3 1E       31  2 0E      466520 1 1 1 1 1 0   976.0  976.0
401  951.738490 7.380E-24 1.823E-02.08740.146 1031.91340.860.000000             V6         GROUND 54  4 1E       53  5 0E      466520 1 1 1 1 1 0  1744.0 1744.0
401  951.758190 2.250E-22 2.023E-02.10140.476  138.84890.690.000000             V6         GROUND 19  2 1E       20  1 0E      466520 1 1 1 1 1 0   624.0  624.0
401  951.786900 1.120E-23 2.011E-02.08730.154  954.67430.860.000000             V6         GROUND 51  5 1E       52  4 0E      466520 1 1 1 1 1 0  1648.0 1648.0
401  951.907890 4.960E-23 1.308E-02.12530.367    6.77630.590.000000             V6         GROUND  3  0 1E        2  1 0E      466520 1 1 1 1 1 0   112.0  112.0
401  951.927500 2.020E-22 1.771E-02.10830.459   86.45010.700.000000             V6         GROUND 15  1 1E       14  2 0E      466520 1 1 1 1 1 0   496.0  496.0
401  952.179420 4.600E-23 1.831E-02.08900.260  600.18620.860.000000             V6         GROUND 41  3 1E       40  4 0E      466520 1 1 1 1 1 0  1328.0 1328.0
401  952.184870 5.100E-23 2.002E-02.08870.252  592.29700.860.000000             V6         GROUND 40  4 1A2      41  3 0A1     466520 1 1 1 1 1 0  1296.0 1296.0
401  952.184870 5.100E-23 2.002E-02.08870.252  592.29700.860.000000             V6         GROUND 40  4 1A1      41  3 0A2     466520 1 1 1 1 1 0  1296.0 1296.0
401  952.235170 1.460E-22 1.827E-02.09510.424  284.81430.770.000000             V6         GROUND 28  2 1A2      27  3 0A1     466520 1 1 1 1 1 0   912.0  912.0
401  952.235170 1.460E-22 1.827E-02.09510.424  284.81430.770.000000             V6         GROUND 28  2 1A1      27  3 0A2     466520 1 1 1 1 1 0   912.0  912.0
401  952.238250 6.390E-24 1.832E-02.08740.146 1066.16330.860.000000             V6         GROUND 55  4 1E       54  5 0E      466520 1 1 1 1 1 0  1776.0 1776.0
401  952.267340 3.210E-22 4.276E-02.11820.409   22.97790.720.000000             V6         GROUND  7  1 1A2       8  0 0A1     466520 1 1 1 1 1 0   240.0  240.0
401  952.404730 1.420E-22 1.999E-02.09320.390  315.96290.790.000000             V6         GROUND 29  3 1E       30  2 0E      466520 1 1 1 1 1 0   944.0  944.0
401  952.438060 2.260E-22 2.016E-02.10240.478  126.09320.690.000000             V6         GROUND 18  2 1E       19  1 0E      466520 1 1 1 1 1 0   592.0  592.0
401  952.528440 2.090E-22 1.806E-02.10710.465   96.02000.690.000000             V6         GROUND 16  1 1E       15  2 0E      466520 1 1 1 1 1 0   528.0  528.0
401  952.530540 1.290E-23 2.015E-02.08740.165  921.67440.860.000000             V6         GROUND 50  5 1E       51  4 0E      466520 1 1 1 1 1 0  1616.0 1616.0
401  952.537080 7.370E-23 1.527E-02.12490.370    8.69120.640.000000             V6         GROUND  4  0 1E        3  1 0E      466520 1 1 1 1 1 0   144.0  144.0
401  952.714620 4.170E-23 1.842E-02.08880.251  626.26090.860.000000             V6         GROUND 42  3 1E       41  4 0E      466520 1 1 1 1 1 0  1360.0 1360.0
401  952.735220 5.510E-24 1.840E-02.08740.146 1101.03950.860.000000             V6         GROUND 56  4 1E       55  5 0E      466520 1 1 1 1 1 0  1808.0 1808.0
401  952.804070 1.400E-22 1.848E-02.09440.413  302.65620.790.000000             V6         GROUND 29  2 1A1      28  3 0A2     466520 1 1 1 1 1 0   944.0  944.0
401  952.804070 1.400E-22 1.848E-02.09440.413  302.65620.790.000000             V6         GROUND 29  2 1A2      28  3 0A1     466520 1 1 1 1 1 0   944.0  944.0
401  952.907410 5.630E-23 1.999E-02.08900.261  566.21990.860.000000             V6         GROUND 39  4 1A2      40  3 0A1     466520 1 1 1 1 1 0  1264.0 1264.0
401  952.907410 5.630E-23 1.999E-02.08900.261  566.21990.860.000000             V6         GROUND 39  4 1A1      40  3 0A2     466520 1 1 1 1 1 0  1264.0 1264.0
401  952.923400 2.820E-22 4.234E-02.12010.400   17.87200.710.000000             V6         GROUND  6  1 1A1       7  0 0A2     466520 1 1 1 1 1 0   208.0  208.0
401  953.105330 1.500E-22 1.994E-02.09380.402  296.84990.770.000000             V6         GROUND 28  3 1E       29  2 0E      466520 1 1 1 1 1 0   912.0  912.0
401  953.115840 2.250E-22 2.003E-02.10360.477  113.97430.690.000000             V6         GROUND 17  2 1E       18  1 0E      466520 1 1 1 1 1 0   560.0  560.0
401  953.126980 2.140E-22 1.834E-02.10590.470  106.22720.690.000000             V6         GROUND 17  1 1E       16  2 0E      466520 1 1 1 1 1 0   560.0  560.0
401  953.163950 9.720E-23 1.671E-02.12390.373   11.24440.680.000000             V6         GROUND  5  0 1E        4  1 0E      466520 1 1 1 1 1 0   176.0  176.0
401  953.229380 4.740E-24 1.851E-02.08680.146 1136.54160.860.000000             V6         GROUND 57  4 1E       56  5 0E      355420 1 1 1 1 1 0  1840.0 1840.0
401  953.247180 3.770E-23 1.855E-02.08850.241  652.96680.860.000000             V6         GROUND 43  3 1E       42  4 0E      466520 1 1 1 1 1 0  1392.0 1392.0
401  953.272290 1.470E-23 2.005E-02.08750.175  889.30210.860.000000             V6         GROUND 49  5 1E       50  4 0E      466520 1 1 1 1 1 0  1584.0 1584.0
401  953.370430 1.330E-22 1.860E-02.09380.401  321.13310.800.000000             V6         GROUND 30  2 1A1      29  3 0A2     466520 1 1 1 1 1 0   976.0  976.0
401  953.370430 1.330E-22 1.860E-02.09380.401  321.13310.800.000000             V6         GROUND 30  2 1A2      29  3 0A1     466520 1 1 1 1 1 0   976.0  976.0
401  953.504810 2.600E-24 2.018E-02.08690.146 1284.79960.860.000000             V6         GROUND 59  6 1E       60  5 0E      355420 1 1 1 1 1 0  1904.0 1904.0
401  953.576970 2.410E-22 4.190E-02.12190.392   13.40420.680.000000             V6         GROUND  5  1 1A2       6  0 0A1     466520 1 1 1 1 1 0   176.0  176.0
401  953.627990 6.180E-23 1.993E-02.08930.272  540.77450.860.000000             V6         GROUND 38  4 1A2      39  3 0A1     466520 1 1 1 1 1 0  1232.0 1232.0
401  953.627990 6.180E-23 1.993E-02.08930.272  540.77450.860.000000             V6         GROUND 38  4 1A1      39  3 0A2     466520 1 1 1 1 1 0  1232.0 1232.0
401  953.720730 4.060E-24 1.859E-02.08680.146 1172.66910.860.000000             V6         GROUND 58  4 1E       57  5 0E      355420 1 1 1 1 1 0  1872.0 1872.0
401  953.723110 2.170E-22 1.857E-02.10470.474  117.07160.690.000000             V6         GROUND 18  1 1E       17  2 0E      466520 1 1 1 1 1 0   592.0  592.0
401  953.777060 3.390E-23 1.864E-02.08830.232  680.30390.860.000000             V6         GROUND 44  3 1E       43  4 0E      466520 1 1 1 1 1 0  1424.0 1424.0
401  953.788510 1.200E-22 1.775E-02.12260.379   14.43580.710.000000             V6         GROUND  6  0 1E        5  1 0E      466520 1 1 1 1 1 0   208.0  208.0
401  953.791470 2.230E-22 1.994E-02.10480.476  102.49240.690.000000             V6         GROUND 16  2 1E       17  1 0E      466520 1 1 1 1 1 0   528.0  528.0
401  953.803900 1.570E-22 1.980E-02.09450.414  278.37170.760.000000             V6         GROUND 27  3 1E       28  2 0E      466520 1 1 1 1 1 0   880.0  880.0
401  953.932560 2.570E-23 9.212E-02.08640.150 1125.69300.860.000000             V6         GROUND 59  1 1A1      59  0 0A2     355420 1 1 1 1 1 0  1904.0 1904.0
401  953.934250 1.260E-22 1.875E-02.09320.388  340.24480.820.000000             V6         GROUND 31  2 1A2      30  3 0A1     466520 1 1 1 1 1 0  1008.0 1008.0
401  953.934250 1.260E-22 1.875E-02.09320.388  340.24480.820.000000             V6         GROUND 31  2 1A1      30  3 0A2     466520 1 1 1 1 1 0  1008.0 1008.0
401  954.012150 1.680E-23 2.007E-02.08750.184  857.55790.860.000000             V6         GROUND 48  5 1E       49  4 0E      466520 1 1 1 1 1 0  1552.0 1552.0
401  954.050530 3.030E-23 9.213E-02.08640.150 1088.30340.860.000000             V6         GROUND 58  1 1A2      58  0 0A1     355420 1 1 1 1 1 0  1872.0 1872.0
401  954.166440 3.560E-23 9.213E-02.08640.150 1051.53860.860.000000             V6         GROUND 57  1 1A1      57  0 0A2     355420 1 1 1 1 1 0  1840.0 1840.0
401  954.209260 3.460E-24 1.864E-02.08680.146 1209.42160.860.000000             V6         GROUND 59  4 1E       58  5 0E      355420 1 1 1 1 1 0  1904.0 1904.0
401  954.228000 1.960E-22 4.094E-02.12390.385    9.57450.640.000000             V6         GROUND  4  1 1A1       5  0 0A2     466520 1 1 1 1 1 0   144.0  144.0
401  954.263290 3.070E-24 2.018E-02.08680.146 1246.79860.860.000000             V6         GROUND 58  6 1E       59  5 0E      355420 1 1 1 1 1 0  1872.0 1872.0
401  954.280290 4.170E-23 9.215E-02.08640.150 1015.39890.860.000000             V6         GROUND 56  1 1A2      56  0 0A1     355420 1 1 1 1 1 0  1808.0 1808.0
401  954.304280 3.040E-23 1.875E-02.08820.224  708.27160.860.000000             V6         GROUND 45  3 1E       44  4 0E      466520 1 1 1 1 1 0  1456.0 1456.0
401  954.316800 2.190E-22 1.883E-02.10350.475  128.55300.690.000000             V6         GROUND 19  1 1E       18  2 0E      466520 1 1 1 1 1 0   624.0  624.0
401  954.346600 6.760E-23 1.986E-02.08960.284  515.96130.860.000000             V6         GROUND 37  4 1A1      38  3 0A2     466520 1 1 1 1 1 0  1200.0 1200.0
401  954.346600 6.760E-23 1.986E-02.08960.284  515.96130.860.000000             V6         GROUND 37  4 1A2      38  3 0A1     466520 1 1 1 1 1 0  1200.0 1200.0
401  954.392080 4.870E-23 9.221E-02.08700.150  979.88490.860.000000             V6         GROUND 55  1 1A1      55  0 0A2     466520 1 1 1 1 1 0  1776.0 1776.0
401  954.410760 1.410E-22 1.844E-02.12110.387   18.26540.720.000000             V6         GROUND  7  0 1E        6  1 0E      466520 1 1 1 1 1 0   240.0  240.0
401  954.464980 2.180E-22 1.971E-02.10600.472   91.64750.700.000000             V6         GROUND 15  2 1E       16  1 0E      466520 1 1 1 1 1 0   496.0  496.0
401  954.495550 1.190E-22 1.891E-02.09260.375  359.99110.830.000000             V6         GROUND 32  2 1A1      31  3 0A2     466520 1 1 1 1 1 0  1040.0 1040.0
401  954.495550 1.190E-22 1.891E-02.09260.375  359.99110.830.000000             V6         GROUND 32  2 1A2      31  3 0A1     466520 1 1 1 1 1 0  1040.0 1040.0
401  954.500400 1.640E-22 1.971E-02.09520.426  260.52860.750.000000             V6         GROUND 26  3 1E       27  2 0E      466520 1 1 1 1 1 0   848.0  848.0
401  954.501820 5.670E-23 9.230E-02.08700.150  944.99700.860.000000             V6         GROUND 54  1 1A2      54  0 0A1     466520 1 1 1 1 1 0  1744.0 1744.0
401  954.609510 6.570E-23 9.225E-02.08710.150  910.73560.860.000000             V6         GROUND 53  1 1A1      53  0 0A2     466520 1 1 1 1 1 0  1712.0 1712.0
401  954.715160 7.600E-23 9.237E-02.08710.157  877.10110.860.000000             V6         GROUND 52  1 1A2      52  0 0A1     466520 1 1 1 1 1 0  1680.0 1680.0
401  954.750090 1.900E-23 1.995E-02.08760.192  826.44220.860.000000             V6         GROUND 47  5 1E       48  4 0E      466520 1 1 1 1 1 0  1520.0 1520.0
401  954.818750 8.750E-23 9.236E-02.08720.168  844.09410.860.000000             V6         GROUND 51  1 1A1      51  0 0A2     466520 1 1 1 1 1 0  1648.0 1648.0
401  954.828830 2.720E-23 1.888E-02.08800.215  736.86960.860.000000             V6         GROUND 46  3 1E       45  4 0E      466520 1 1 1 1 1 0  1488.0 1488.0
401  954.876510 1.500E-22 3.971E-02.12590.381    6.38310.590.000000             V6         GROUND  3  1 1A2       4  0 0A1     466520 1 1 1 1 1 0   112.0  112.0
401  954.908070 2.190E-22 1.902E-02.10240.476  140.67150.690.000000             V6         GROUND 20  1 1E       19  2 0E      466520 1 1 1 1 1 0   656.0  656.0
401  954.920320 1.000E-22 9.199E-02.08730.178  811.71490.860.000000             V6         GROUND 50  1 1A2      50  0 0A1     466520 1 1 1 1 1 0  1616.0 1616.0
401  955.019840 1.150E-22 9.250E-02.08740.187  779.96380.860.000000             V6         GROUND 49  1 1A1      49  0 0A2     466520 1 1 1 1 1 0  1584.0 1584.0
401  955.019930 3.610E-24 2.016E-02.08680.146 1209.42160.860.000000             V6         GROUND 57  6 1E       58  5 0E      355420 1 1 1 1 1 0  1840.0 1840.0
401  955.030680 1.610E-22 1.901E-02.11940.396   22.73310.730.000000             V6         GROUND  8  0 1E        7  1 0E      466520 1 1 1 1 1 0   272.0  272.0
401  955.054280 1.120E-22 1.909E-02.09210.362  380.37170.850.000000             V6         GROUND 33  2 1A1      32  3 0A2     466520 1 1 1 1 1 0  1072.0 1072.0
401  955.054280 1.120E-22 1.909E-02.09210.362  380.37170.850.000000             V6         GROUND 33  2 1A2      32  3 0A1     466520 1 1 1 1 1 0  1072.0 1072.0
401  955.063220 7.370E-23 1.981E-02.08990.296  491.78040.860.000000             V6         GROUND 36  4 1A1      37  3 0A2     466520 1 1 1 1 1 0  1168.0 1168.0
401  955.063220 7.370E-23 1.981E-02.08990.296  491.78040.860.000000             V6         GROUND 36  4 1A2      37  3 0A1     466520 1 1 1 1 1 0  1168.0 1168.0
401  955.117330 1.310E-22 9.247E-02.08750.195  748.84140.860.000000             V6         GROUND 48  1 1A2      48  0 0A1     466520 1 1 1 1 1 0  1552.0 1552.0
401  955.136340 2.120E-22 1.952E-02.10730.468   81.43990.710.000000             V6         GROUND 14  2 1E       15  1 0E      466520 1 1 1 1 1 0   464.0  464.0
401  955.194860 1.710E-22 1.967E-02.09590.436  243.32080.730.000000             V6         GROUND 25  3 1E       26  2 0E      466520 1 1 1 1 1 0   816.0  816.0
401  955.212790 1.490E-22 9.261E-02.08760.203  718.34790.860.000000             V6         GROUND 47  1 1A1      47  0 0A2     466520 1 1 1 1 1 0  1520.0 1520.0
401  955.306220 1.680E-22 9.227E-02.08770.210  688.48390.860.000000             V6         GROUND 46  1 1A2      46  0 0A1     466520 1 1 1 1 1 0  1488.0 1488.0
401  955.350670 2.420E-23 1.898E-02.08790.208  766.09770.860.000000             V6         GROUND 47  3 1E       46  4 0E      466520 1 1 1 1 1 0  1520.0 1520.0
401  955.397630 1.900E-22 9.254E-02.08790.218  659.24960.860.000000             V6         GROUND 45  1 1A1      45  0 0A2     466520 1 1 1 1 1 0  1456.0 1456.0
401  955.486120 2.150E-23 1.992E-02.08770.200  795.95530.860.000000             V6         GROUND 46  5 1E       47  4 0E      466520 1 1 1 1 1 0  1488.0 1488.0
401  955.487020 2.140E-22 9.275E-02.08810.226  630.64530.860.000000             V6         GROUND 44  1 1A2      44  0 0A1     466520 1 1 1 1 1 0  1424.0 1424.0
401  955.496900 2.180E-22 1.923E-02.10130.474  153.42670.700.000000             V6         GROUND 21  1 1E       20  2 0E      466520 1 1 1 1 1 0   688.0  688.0
401  955.522490 1.010E-22 3.702E-02.12810.380    3.82990.520.000000             V6         GROUND  2  1 1A1       3  0 0A2     466520 1 1 1 1 1 0    80.0   80.0
401  955.574380 2.390E-22 9.251E-02.08830.235  602.67160.860.000000             V6         GROUND 43  1 1A1      43  0 0A2     466520 1 1 1 1 1 0  1392.0 1392.0
401  955.610450 1.040E-22 1.908E-02.09160.348  401.38640.860.000000             V6         GROUND 34  2 1A1      33  3 0A2     466520 1 1 1 1 1 0  1104.0 1104.0
401  955.610450 1.040E-22 1.908E-02.09160.348  401.38640.860.000000             V6         GROUND 34  2 1A2      33  3 0A1     466520 1 1 1 1 1 0  1104.0 1104.0
401  955.648270 1.800E-22 1.952E-02.11780.406   27.83890.740.000000             V6         GROUND  9  0 1E        8  1 0E      466520 1 1 1 1 1 0   304.0  304.0
401  955.659730 2.670E-22 9.264E-02.08850.244  575.32870.860.000000             V6         GROUND 42  1 1A2      42  0 0A1     466520 1 1 1 1 1 0  1360.0 1360.0
401  955.743060 2.970E-22 9.269E-02.08870.254  548.61700.860.000000             V6         GROUND 41  1 1A1      41  0 0A2     466520 1 1 1 1 1 0  1328.0 1328.0
401  955.774710 4.220E-24 2.009E-02.08680.146 1172.66910.860.000000             V6         GROUND 56  6 1E       57  5 0E      355420 1 1 1 1 1 0  1808.0 1808.0
401  955.777870 8.000E-23 1.975E-02.09030.308  468.23210.870.000000             V6         GROUND 35  4 1A2      36  3 0A1     466520 1 1 1 1 1 0  1136.0 1136.0
401  955.777870 8.000E-23 1.975E-02.09030.308  468.23210.870.000000             V6         GROUND 35  4 1A1      36  3 0A2     466520 1 1 1 1 1 0  1136.0 1136.0
401  955.805560 2.040E-22 1.929E-02.10860.462   71.86970.720.000000             V6         GROUND 13  2 1E       14  1 0E      466520 1 1 1 1 1 0   432.0  432.0
401  955.824390 3.290E-22 9.270E-02.08900.264  522.53670.860.000000             V6         GROUND 40  1 1A2      40  0 0A1     466520 1 1 1 1 1 0  1296.0 1296.0
401  955.869810 2.150E-23 1.911E-02.08770.200  795.95530.860.000000             V6         GROUND 48  3 1E       47  4 0E      466520 1 1 1 1 1 0  1552.0 1552.0
401  955.887250 1.770E-22 1.958E-02.09670.446  226.74850.720.000000             V6         GROUND 24  3 1E       25  2 0E      466520 1 1 1 1 1 0   784.0  784.0
401  955.903700 3.630E-22 9.269E-02.08920.275  497.08830.860.000000             V6         GROUND 39  1 1A1      39  0 0A2     466520 1 1 1 1 1 0  1264.0 1264.0
401  955.981000 3.990E-22 9.266E-02.08960.286  472.27200.860.000000             V6         GROUND 38  1 1A2      38  0 0A1     466520 1 1 1 1 1 0  1232.0 1232.0
401  956.056290 4.370E-22 9.265E-02.08990.298  448.08820.860.000000             V6         GROUND 37  1 1A1      37  0 0A2     466520 1 1 1 1 1 0  1200.0 1200.0
401  956.083280 2.160E-22 1.945E-02.10030.471  166.81850.700.000000             V6         GROUND 22  1 1E       21  2 0E      466520 1 1 1 1 1 0   720.0  720.0
401  956.129590 4.770E-22 9.268E-02.09030.311  424.53710.860.000000             V6         GROUND 36  1 1A2      36  0 0A1     466520 1 1 1 1 1 0  1168.0 1168.0
401  956.164060 9.720E-23 1.928E-02.09110.335  423.03490.870.000000             V6         GROUND 35  2 1A1      34  3 0A2     466520 1 1 1 1 1 0  1136.0 1136.0
401  956.164060 9.720E-23 1.928E-02.09110.335  423.03490.870.000000             V6         GROUND 35  2 1A2      34  3 0A1     466520 1 1 1 1 1 0  1136.0 1136.0
401  956.165920 5.100E-23 3.091E-02.13020.380    1.91500.500.000000             V6         GROUND  1  1 1A2       2  0 0A1     466520 1 1 1 1 1 0    48.0   48.0
401  956.200870 5.190E-22 9.276E-02.09070.324  401.61910.870.000000             V6         GROUND 35  1 1A1      35  0 0A2     466520 1 1 1 1 1 0  1136.0 1136.0
401  956.220230 2.430E-23 1.993E-02.08790.208  766.09770.860.000000             V6         GROUND 45  5 1E       46  4 0E      466520 1 1 1 1 1 0  1456.0 1456.0
401  956.263510 1.970E-22 1.990E-02.11610.416   33.58280.730.000000             V6         GROUND 10  0 1E        9  1 0E      466520 1 1 1 1 1 0   336.0  336.0
401  956.270160 5.620E-22 9.276E-02.09110.337  379.33440.860.000000             V6         GROUND 34  1 1A2      34  0 0A1     466520 1 1 1 1 1 0  1104.0 1104.0
401  956.337460 6.060E-22 9.273E-02.09160.351  357.68330.850.000000             V6         GROUND 33  1 1A1      33  0 0A2     466520 1 1 1 1 1 0  1072.0 1072.0
401  956.386240 1.900E-23 1.921E-02.08760.192  826.44220.860.000000             V6         GROUND 49  3 1E       48  4 0E      466520 1 1 1 1 1 0  1584.0 1584.0
401  956.402750 6.520E-22 9.287E-02.09210.364  336.66610.830.000000             V6         GROUND 32  1 1A2      32  0 0A1     466520 1 1 1 1 1 0  1040.0 1040.0
401  956.466040 6.970E-22 9.278E-02.09260.378  316.28300.820.000000             V6         GROUND 31  1 1A1      31  0 0A2     466520 1 1 1 1 1 0  1008.0 1008.0
401  956.472620 1.950E-22 1.909E-02.11000.454   62.93690.720.000000             V6         GROUND 12  2 1E       13  1 0E      466520 1 1 1 1 1 0   400.0  400.0
401  956.490520 8.650E-23 1.969E-02.09070.322  445.31690.860.000000             V6         GROUND 34  4 1A2      35  3 0A1     466520 1 1 1 1 1 0  1104.0 1104.0
401  956.490520 8.650E-23 1.969E-02.09070.322  445.31690.860.000000             V6         GROUND 34  4 1A1      35  3 0A2     466520 1 1 1 1 1 0  1104.0 1104.0
401  956.527350 7.430E-22 9.281E-02.09320.391  296.53430.800.000000             V6         GROUND 30  1 1A2      30  0 0A1     466520 1 1 1 1 1 0   976.0  976.0
401  956.527640 4.930E-24 2.008E-02.08680.146 1136.54160.860.000000             V6         GROUND 55  6 1E       56  5 0E      355420 1 1 1 1 1 0  1776.0 1776.0
401  956.577570 1.820E-22 1.945E-02.09750.454  210.81200.710.000000             V6         GROUND 23  3 1E       24  2 0E      466520 1 1 1 1 1 0   752.0  752.0
401  956.586660 7.890E-22 9.287E-02.09380.404  277.42030.790.000000             V6         GROUND 29  1 1A1      29  0 0A2     466520 1 1 1 1 1 0   944.0  944.0
401  956.643980 8.340E-22 9.289E-02.09450.416  258.94110.770.000000             V6         GROUND 28  1 1A2      28  0 0A1     466520 1 1 1 1 1 0   912.0  912.0
401  956.667190 2.120E-22 1.959E-02.09930.467  180.84670.710.000000             V6         GROUND 23  1 1E       22  2 0E      466520 1 1 1 1 1 0   752.0  752.0
401  956.699320 8.780E-22 9.294E-02.09520.427  241.09710.760.000000             V6         GROUND 27  1 1A1      27  0 0A2     466520 1 1 1 1 1 0   880.0  880.0
401  956.715080 9.020E-23 1.941E-02.09070.322  445.31690.860.000000             V6         GROUND 36  2 1A1      35  3 0A2     466520 1 1 1 1 1 0  1168.0 1168.0
401  956.715080 9.020E-23 1.941E-02.09070.322  445.31690.860.000000             V6         GROUND 36  2 1A2      35  3 0A1     466520 1 1 1 1 1 0  1168.0 1168.0
401  956.752660 9.200E-22 9.296E-02.09590.438  223.88840.750.000000             V6         GROUND 26  1 1A2      26  0 0A1     466520 1 1 1 1 1 0   848.0  848.0
401  956.804020 9.590E-22 9.291E-02.09670.448  207.31520.730.000000             V6         GROUND 25  1 1A1      25  0 0A2     466520 1 1 1 1 1 0   816.0  816.0
401  956.853390 9.960E-22 9.296E-02.09750.456  191.37770.720.000000             V6         GROUND 24  1 1A2      24  0 0A1     466520 1 1 1 1 1 0   784.0  784.0
401  956.876390 2.120E-22 2.019E-02.11450.426   39.96460.730.000000             V6         GROUND 11  0 1E       10  1 0E      466520 1 1 1 1 1 0   368.0  368.0
401  956.899950 1.670E-23 1.927E-02.08750.184  857.55790.860.000000             V6         GROUND 50  3 1E       49  4 0E      466520 1 1 1 1 1 0  1616.0 1616.0
401  956.900780 1.030E-21 9.305E-02.09840.464  176.07620.710.000000             V6         GROUND 23  1 1A1      23  0 0A2     466520 1 1 1 1 1 0   752.0  752.0
401  956.946190 1.060E-21 9.314E-02.09940.469  161.41090.700.000000             V6         GROUND 22  1 1A2      22  0 0A1     466520 1 1 1 1 1 0   720.0  720.0
401  956.952420 2.730E-23 1.989E-02.08800.215  736.86960.860.000000             V6         GROUND 44  5 1E       45  4 0E      466520 1 1 1 1 1 0  1424.0 1424.0
401  956.989610 1.080E-21 9.278E-02.10030.474  147.38190.700.000000             V6         GROUND 21  1 1A1      21  0 0A2     466520 1 1 1 1 1 0   688.0  688.0
401  957.031050 1.100E-21 9.286E-02.10140.477  133.98930.690.000000             V6         GROUND 20  1 1A2      20  0 0A1     466520 1 1 1 1 1 0   656.0  656.0
401  957.070510 1.110E-21 9.260E-02.10240.478  121.23340.690.000000             V6         GROUND 19  1 1A1      19  0 0A2     466520 1 1 1 1 1 0   624.0  624.0
401  957.108000 1.120E-21 9.286E-02.10360.478  109.11440.690.000000             V6         GROUND 18  1 1A2      18  0 0A1     466520 1 1 1 1 1 0   592.0  592.0
401  957.137530 1.830E-22 1.873E-02.11140.446   54.64170.730.000000             V6         GROUND 11  2 1E       12  1 0E      466520 1 1 1 1 1 0   368.0  368.0
401  957.143510 1.120E-21 9.284E-02.10480.476   97.63230.690.000000             V6         GROUND 17  1 1A1      17  0 0A2     466520 1 1 1 1 1 0   560.0  560.0
401  957.177040 1.120E-21 9.342E-02.10600.473   86.78730.690.000000             V6         GROUND 16  1 1A2      16  0 0A1     466520 1 1 1 1 1 0   528.0  528.0
401  957.201160 9.310E-23 1.961E-02.09110.335  423.03490.850.000000             V6         GROUND 33  4 1A2      34  3 0A1     466520 1 1 1 1 1 0  1072.0 1072.0
401  957.201160 9.310E-23 1.961E-02.09110.335  423.03490.850.000000             V6         GROUND 33  4 1A1      34  3 0A2     466520 1 1 1 1 1 0  1072.0 1072.0
401  957.208590 1.100E-21 9.295E-02.10730.469   76.57960.700.000000             V6         GROUND 15  1 1A1      15  0 0A2     466520 1 1 1 1 1 0   496.0  496.0
401  957.238170 1.080E-21 9.312E-02.10870.463   67.00920.710.000000             V6         GROUND 14  1 1A2      14  0 0A1     466520 1 1 1 1 1 0   464.0  464.0
401  957.248640 2.080E-22 1.982E-02.09840.461  195.51130.720.000000             V6         GROUND 24  1 1E       23  2 0E      466520 1 1 1 1 1 0   784.0  784.0
401  957.263510 8.330E-23 1.953E-02.09030.308  468.23210.860.000000             V6         GROUND 37  2 1A1      36  3 0A2     466520 1 1 1 1 1 0  1200.0 1200.0
401  957.263510 8.330E-23 1.953E-02.09030.308  468.23210.860.000000             V6         GROUND 37  2 1A2      36  3 0A1     466520 1 1 1 1 1 0  1200.0 1200.0
401  957.265770 1.050E-21 9.312E-02.11010.455   58.07630.720.000000             V6         GROUND 13  1 1A1      13  0 0A2     466520 1 1 1 1 1 0   432.0  432.0
401  957.265810 1.860E-22 1.930E-02.09840.461  195.51130.700.000000             V6         GROUND 22  3 1E       23  2 0E      466520 1 1 1 1 1 0   720.0  720.0
401  957.278700 5.740E-24 2.006E-02.08740.146 1101.03950.860.000000             V6         GROUND 54  6 1E       55  5 0E      466520 1 1 1 1 1 0  1744.0 1744.0
401  957.291400 1.010E-21 9.292E-02.11160.447   49.78100.720.000000             V6         GROUND 12  1 1A2      12  0 0A1     466520 1 1 1 1 1 0   400.0  400.0
401  957.315050 9.660E-22 9.307E-02.11320.438   42.12350.730.000000             V6         GROUND 11  1 1A1      11  0 0A2     466520 1 1 1 1 1 0   368.0  368.0
401  957.336730 9.130E-22 9.311E-02.11480.428   35.10370.730.000000             V6         GROUND 10  1 1A2      10  0 0A1     466520 1 1 1 1 1 0   336.0  336.0
401  957.356450 8.520E-22 9.311E-02.11650.418   28.72180.740.000000             V6         GROUND  9  1 1A1       9  0 0A2     466520 1 1 1 1 1 0   304.0  304.0
401  957.374180 7.840E-22 9.313E-02.11820.409   22.97790.730.000000             V6         GROUND  8  1 1A2       8  0 0A1     466520 1 1 1 1 1 0   272.0  272.0
401  957.389950 7.090E-22 9.311E-02.12010.400   17.87200.720.000000             V6         GROUND  7  1 1A1       7  0 0A2     466520 1 1 1 1 1 0   240.0  240.0
401  957.403740 6.280E-22 9.312E-02.12190.392   13.40420.710.000000             V6         GROUND  6  1 1A2       6  0 0A1     466520 1 1 1 1 1 0   208.0  208.0
401  957.410920 1.460E-23 1.930E-02.08750.175  889.30210.860.000000             V6         GROUND 51  3 1E       50  4 0E      466520 1 1 1 1 1 0  1648.0 1648.0
401  957.415560 5.410E-22 9.306E-02.12390.385    9.57450.680.000000             V6         GROUND  5  1 1A1       5  0 0A2     466520 1 1 1 1 1 0   176.0  176.0
401  957.425410 4.500E-22 9.315E-02.12590.381    6.38310.640.000000             V6         GROUND  4  1 1A2       4  0 0A1     466520 1 1 1 1 1 0   144.0  144.0
401  957.433300 3.540E-22 9.306E-02.12810.380    3.82990.590.000000             V6         GROUND  3  1 1A1       3  0 0A2     466520 1 1 1 1 1 0   112.0  112.0
401  957.439210 2.550E-22 9.298E-02.13020.380    1.91500.520.000000             V6         GROUND  2  1 1A2       2  0 0A1     466520 1 1 1 1 1 0    80.0   80.0
401  957.443150 1.540E-22 9.300E-02.13250.380    0.63830.500.000000             V6         GROUND  1  1 1A1       1  0 0A2     466520 1 1 1 1 1 0    48.0   48.0
401  957.486910 2.260E-22 2.052E-02.11290.436   46.98430.720.000000             V6         GROUND 12  0 1E       11  1 0E      466520 1 1 1 1 1 0   400.0  400.0
401  957.682670 3.050E-23 1.981E-02.08820.224  708.27160.860.000000             V6         GROUND 43  5 1E       44  4 0E      466520 1 1 1 1 1 0  1392.0 1392.0
401  957.800250 1.700E-22 1.839E-02.11290.436   46.98430.730.000000             V6         GROUND 10  2 1E       11  1 0E      466520 1 1 1 1 1 0   336.0  336.0
401  957.809330 7.660E-23 1.963E-02.08990.296  491.78040.860.000000             V6         GROUND 38  2 1A1      37  3 0A2     466520 1 1 1 1 1 0  1232.0 1232.0
401  957.809330 7.660E-23 1.963E-02.08990.296  491.78040.860.000000             V6         GROUND 38  2 1A2      37  3 0A1     466520 1 1 1 1 1 0  1232.0 1232.0
401  957.827610 2.020E-22 1.995E-02.09750.454  210.81200.730.000000             V6         GROUND 25  1 1E       24  2 0E      466520 1 1 1 1 1 0   816.0  816.0
401  957.909810 9.980E-23 1.953E-02.09160.348  401.38640.830.000000             V6         GROUND 32  4 1A1      33  3 0A2     466520 1 1 1 1 1 0  1040.0 1040.0
401  957.909810 9.980E-23 1.953E-02.09160.348  401.38640.830.000000             V6         GROUND 32  4 1A2      33  3 0A1     466520 1 1 1 1 1 0  1040.0 1040.0
401  957.919150 1.280E-23 1.945E-02.08740.165  921.67440.860.000000             V6         GROUND 52  3 1E       51  4 0E      466520 1 1 1 1 1 0  1680.0 1680.0
401  957.951960 1.890E-22 1.914E-02.09930.467  180.84670.700.000000             V6         GROUND 21  3 1E       22  2 0E      466520 1 1 1 1 1 0   688.0  688.0
401  958.027890 6.650E-24 2.002E-02.08740.146 1066.16330.860.000000             V6         GROUND 53  6 1E       54  5 0E      466520 1 1 1 1 1 0  1712.0 1712.0
401  958.080870 1.030E-22 6.209E-02.13480.380    0.00000.500.000000             V6         GROUND  1  1 1A2       0  0 0A1     466520 1 1 1 1 1 0    48.0   48.0
401  958.095060 2.370E-22 2.070E-02.11140.446   54.64170.720.000000             V6         GROUND 13  0 1E       12  1 0E      466520 1 1 1 1 1 0   432.0  432.0
401  958.352550 7.020E-23 1.975E-02.08960.284  515.96130.860.000000             V6         GROUND 39  2 1A1      38  3 0A2     466520 1 1 1 1 1 0  1264.0 1264.0
401  958.352550 7.020E-23 1.975E-02.08960.284  515.96130.860.000000             V6         GROUND 39  2 1A2      38  3 0A1     466520 1 1 1 1 1 0  1264.0 1264.0
401  958.404090 1.960E-22 2.015E-02.09670.446  226.74850.750.000000             V6         GROUND 26  1 1E       25  2 0E      466520 1 1 1 1 1 0   848.0  848.0
401  958.410990 3.400E-23 1.976E-02.08830.232  680.30390.860.000000             V6         GROUND 42  5 1E       43  4 0E      466520 1 1 1 1 1 0  1360.0 1360.0
401  958.424610 1.110E-23 1.945E-02.08730.154  954.67430.860.000000             V6         GROUND 53  3 1E       52  4 0E      466520 1 1 1 1 1 0  1712.0 1712.0
401  958.460800 1.550E-22 1.793E-02.11450.426   39.96460.740.000000             V6         GROUND  9  2 1E       10  1 0E      466520 1 1 1 1 1 0   304.0  304.0
401  958.616430 1.060E-22 1.935E-02.09210.362  380.37170.820.000000             V6         GROUND 31  4 1A2      32  3 0A1     466520 1 1 1 1 1 0  1008.0 1008.0
401  958.616430 1.060E-22 1.935E-02.09210.362  380.37170.820.000000             V6         GROUND 31  4 1A1      32  3 0A2     466520 1 1 1 1 1 0  1008.0 1008.0
401  958.636020 1.910E-22 1.898E-02.10030.471  166.81850.690.000000             V6         GROUND 20  3 1E       21  2 0E      466520 1 1 1 1 1 0   656.0  656.0
401  958.700840 2.470E-22 2.094E-02.11000.454   62.93690.710.000000             V6         GROUND 14  0 1E       13  1 0E      466520 1 1 1 1 1 0   464.0  464.0
401  958.714050 1.540E-22 5.595E-02.13250.380    0.63830.520.000000             V6         GROUND  2  1 1A1       1  0 0A2     466520 1 1 1 1 1 0    80.0   80.0
401  958.775200 7.690E-24 2.000E-02.08740.146 1031.91340.860.000000             V6         GROUND 52  6 1E       53  5 0E      466520 1 1 1 1 1 0  1680.0 1680.0
401  958.893140 6.410E-23 1.986E-02.08930.272  540.77450.860.000000             V6         GROUND 40  2 1A1      39  3 0A2     466520 1 1 1 1 1 0  1296.0 1296.0
401  958.893140 6.410E-23 1.986E-02.08930.272  540.77450.860.000000             V6         GROUND 40  2 1A2      39  3 0A1     466520 1 1 1 1 1 0  1296.0 1296.0
401  958.927310 9.680E-24 1.963E-02.08730.147  988.30150.860.000000             V6         GROUND 54  3 1E       53  4 0E      466520 1 1 1 1 1 0  1744.0 1744.0
401  958.978080 1.880E-22 2.021E-02.09590.436  243.32080.760.000000             V6         GROUND 27  1 1E       26  2 0E      466520 1 1 1 1 1 0   880.0  880.0
401  959.119160 1.380E-22 1.732E-02.11610.416   33.58280.730.000000             V6         GROUND  8  2 1E        9  1 0E      466520 1 1 1 1 1 0   272.0  272.0
401  959.137370 3.770E-23 1.968E-02.08850.241  652.96680.860.000000             V6         GROUND 41  5 1E       42  4 0E      466520 1 1 1 1 1 0  1328.0 1328.0
401  959.304220 2.550E-22 2.115E-02.10860.462   71.86970.700.000000             V6         GROUND 15  0 1E       14  1 0E      466520 1 1 1 1 1 0   496.0  496.0
401  959.317980 1.920E-22 1.882E-02.10130.474  153.42670.690.000000             V6         GROUND 19  3 1E       20  2 0E      466520 1 1 1 1 1 0   624.0  624.0
401  959.321050 1.130E-22 1.932E-02.09260.375  359.99110.800.000000             V6         GROUND 30  4 1A1      31  3 0A2     466520 1 1 1 1 1 0   976.0  976.0
401  959.321050 1.130E-22 1.932E-02.09260.375  359.99110.800.000000             V6         GROUND 30  4 1A2      31  3 0A1     466520 1 1 1 1 1 0   976.0  976.0
401  959.344640 2.050E-22 5.360E-02.13020.380    1.91500.590.000000             V6         GROUND  3  1 1A2       2  0 0A1     466520 1 1 1 1 1 0   112.0  112.0
401  959.427240 8.370E-24 1.970E-02.08730.147 1022.55550.860.000000             V6         GROUND 55  3 1E       54  4 0E      466520 1 1 1 1 1 0  1776.0 1776.0
401  959.431110 5.830E-23 1.997E-02.08900.261  566.21990.860.000000             V6         GROUND 41  2 1A1      40  3 0A2     466520 1 1 1 1 1 0  1328.0 1328.0
401  959.431110 5.830E-23 1.997E-02.08900.261  566.21990.860.000000             V6         GROUND 41  2 1A2      40  3 0A1     466520 1 1 1 1 1 0  1328.0 1328.0
401  959.520630 8.850E-24 1.996E-02.08750.152  998.29030.860.000000             V6         GROUND 51  6 1E       52  5 0E      466520 1 1 1 1 1 0  1648.0 1648.0
401  959.549560 1.810E-22 2.044E-02.09520.426  260.52860.770.000000             V6         GROUND 28  1 1E       27  2 0E      466520 1 1 1 1 1 0   912.0  912.0
401  959.775320 1.200E-22 1.662E-02.11780.406   27.83890.720.000000             V6         GROUND  7  2 1E        8  1 0E      466520 1 1 1 1 1 0   240.0  240.0
401  959.861780 4.170E-23 1.961E-02.08880.251  626.26090.860.000000             V6         GROUND 40  5 1E       41  4 0E      466520 1 1 1 1 1 0  1296.0 1296.0
401  959.905210 2.610E-22 2.133E-02.10730.468   81.43990.690.000000             V6         GROUND 16  0 1E       15  1 0E      466520 1 1 1 1 1 0   528.0  528.0
401  959.924370 7.210E-24 1.977E-02.08720.147 1057.43590.860.000000             V6         GROUND 56  3 1E       55  4 0E      466520 1 1 1 1 1 0  1808.0 1808.0
401  959.966430 5.280E-23 2.007E-02.08870.252  592.29700.860.000000             V6         GROUND 42  2 1A2      41  3 0A1     466520 1 1 1 1 1 0  1360.0 1360.0
401  959.966430 5.280E-23 2.007E-02.08870.252  592.29700.860.000000             V6         GROUND 42  2 1A1      41  3 0A2     466520 1 1 1 1 1 0  1360.0 1360.0
401  959.972640 2.540E-22 5.220E-02.12810.380    3.82990.640.000000             V6         GROUND  4  1 1A1       3  0 0A2     466520 1 1 1 1 1 0   144.0  144.0
401  959.997820 1.910E-22 1.857E-02.10240.476  140.67150.690.000000             V6         GROUND 18  3 1E       19  2 0E      466520 1 1 1 1 1 0   592.0  592.0
401  960.023620 1.190E-22 1.914E-02.09320.388  340.24480.790.000000             V6         GROUND 29  4 1A1      30  3 0A2     466520 1 1 1 1 1 0   944.0  944.0
401  960.023620 1.190E-22 1.914E-02.09320.388  340.24480.790.000000             V6         GROUND 29  4 1A2      30  3 0A1     466520 1 1 1 1 1 0   944.0  944.0
401  960.118530 1.720E-22 2.049E-02.09450.414  278.37170.790.000000             V6         GROUND 29  1 1E       28  2 0E      466520 1 1 1 1 1 0   944.0  944.0
401  960.264170 1.010E-23 1.981E-02.08750.164  965.29440.860.000000             V6         GROUND 50  6 1E       51  5 0E      466520 1 1 1 1 1 0  1616.0 1616.0
401  960.418690 6.200E-24 1.987E-02.08660.147 1092.94230.860.000000             V6         GROUND 57  3 1E       56  4 0E      355420 1 1 1 1 1 0  1840.0 1840.0
401  960.429280 1.000E-22 1.561E-02.11940.396   22.73310.710.000000             V6         GROUND  6  2 1E        7  1 0E      466520 1 1 1 1 1 0   208.0  208.0
401  960.499100 4.760E-23 2.015E-02.08850.242  619.00550.860.000000             V6         GROUND 43  2 1A2      42  3 0A1     466520 1 1 1 1 1 0  1392.0 1392.0
401  960.499100 4.760E-23 2.015E-02.08850.242  619.00550.860.000000             V6         GROUND 43  2 1A1      42  3 0A2     466520 1 1 1 1 1 0  1392.0 1392.0
401  960.503800 2.650E-22 2.148E-02.10600.472   91.64750.690.000000             V6         GROUND 17  0 1E       16  1 0E      466520 1 1 1 1 1 0   560.0  560.0
401  960.584240 4.600E-23 1.957E-02.08900.260  600.18620.860.000000             V6         GROUND 39  5 1E       40  4 0E      466520 1 1 1 1 1 0  1264.0 1264.0
401  960.598050 3.010E-22 5.131E-02.12590.381    6.38310.680.000000             V6         GROUND  5  1 1A2       4  0 0A1     466520 1 1 1 1 1 0   176.0  176.0
401  960.675550 1.890E-22 1.834E-02.10350.475  128.55300.690.000000             V6         GROUND 17  3 1E       18  2 0E      466520 1 1 1 1 1 0   560.0  560.0
401  960.684970 1.640E-22 2.069E-02.09380.402  296.84990.800.000000             V6         GROUND 30  1 1E       29  2 0E      466520 1 1 1 1 1 0   976.0  976.0
401  960.724160 1.260E-22 1.915E-02.09380.401  321.13310.770.000000             V6         GROUND 28  4 1A2      29  3 0A1     466520 1 1 1 1 1 0   912.0  912.0
401  960.724160 1.260E-22 1.915E-02.09380.401  321.13310.770.000000             V6         GROUND 28  4 1A1      29  3 0A2     466520 1 1 1 1 1 0   912.0  912.0
401  960.910210 5.300E-24 1.992E-02.08670.147 1129.07420.860.000000             V6         GROUND 58  3 1E       57  4 0E      355420 1 1 1 1 1 0  1872.0 1872.0
401  960.931830 1.280E-23 4.765E-02.08640.150 1130.53930.860.000000             V6         GROUND 59  2 1E       59  1 0E      355420 1 1 1 1 1 0  1904.0 1904.0
401  961.005820 1.160E-23 1.987E-02.08760.174  932.92600.860.000000             V6         GROUND 49  6 1E       50  5 0E      466520 1 1 1 1 1 0  1584.0 1584.0
401  961.029120 4.280E-23 2.025E-02.08830.233  646.34510.860.000000             V6         GROUND 44  2 1A2      43  3 0A1     466520 1 1 1 1 1 0  1424.0 1424.0
401  961.029120 4.280E-23 2.025E-02.08830.233  646.34510.860.000000             V6         GROUND 44  2 1A1      43  3 0A2     466520 1 1 1 1 1 0  1424.0 1424.0
401  961.065660 1.510E-23 4.769E-02.08640.150 1093.15020.860.000000             V6         GROUND 58  2 1E       58  1 0E      355420 1 1 1 1 1 0  1872.0 1872.0
401  961.081030 7.980E-23 1.443E-02.12110.387   18.26540.680.000000             V6         GROUND  5  2 1E        6  1 0E      466520 1 1 1 1 1 0   176.0  176.0
401  961.099960 2.670E-22 2.161E-02.10480.476  102.49240.690.000000             V6         GROUND 18  0 1E       17  1 0E      466520 1 1 1 1 1 0   592.0  592.0
401  961.197230 1.770E-23 4.757E-02.08640.150 1056.38580.860.000000             V6         GROUND 57  2 1E       57  1 0E      355420 1 1 1 1 1 0  1840.0 1840.0
401  961.220840 3.460E-22 5.075E-02.12390.385    9.57450.710.000000             V6         GROUND  6  1 1A1       5  0 0A2     466520 1 1 1 1 1 0   208.0  208.0
401  961.248880 1.550E-22 2.080E-02.09320.390  315.96290.820.000000             V6         GROUND 31  1 1E       30  2 0E      466520 1 1 1 1 1 0  1008.0 1008.0
401  961.293710 1.970E-24 2.012E-02.08700.144 1338.04730.860.000000             V6         GROUND 59  7 1A2      60  6 0A1     355420 1 1 1 1 1 0  1904.0 1904.0
401  961.293710 1.970E-24 2.012E-02.08700.144 1338.04730.860.000000             V6         GROUND 59  7 1A1      60  6 0A2     355420 1 1 1 1 1 0  1904.0 1904.0
401  961.304730 5.040E-23 1.947E-02.08930.270  574.74330.860.000000             V6         GROUND 38  5 1E       39  4 0E      466520 1 1 1 1 1 0  1232.0 1232.0
401  961.326520 2.070E-23 4.751E-02.08640.150 1020.24660.860.000000             V6         GROUND 56  2 1E       56  1 0E      355420 1 1 1 1 1 0  1808.0 1808.0
401  961.351150 1.850E-22 1.803E-02.10470.474  117.07160.690.000000             V6         GROUND 16  3 1E       17  2 0E      466520 1 1 1 1 1 0   528.0  528.0
401  961.398900 4.530E-24 2.004E-02.08670.147 1165.83110.860.000000             V6         GROUND 59  3 1E       58  4 0E      355420 1 1 1 1 1 0  1904.0 1904.0
401  961.422670 1.320E-22 1.903E-02.09440.413  302.65620.760.000000             V6         GROUND 27  4 1A2      28  3 0A1     466520 1 1 1 1 1 0   880.0  880.0
401  961.422670 1.320E-22 1.903E-02.09440.413  302.65620.760.000000             V6         GROUND 27  4 1A1      28  3 0A2     466520 1 1 1 1 1 0   880.0  880.0
401  961.453520 2.420E-23 4.759E-02.08700.150  984.73310.860.000000             V6         GROUND 55  2 1E       55  1 0E      466520 1 1 1 1 1 0  1776.0 1776.0
401  961.556450 3.840E-23 2.038E-02.08810.225  674.31540.860.000000             V6         GROUND 45  2 1A1      44  3 0A2     466520 1 1 1 1 1 0  1456.0 1456.0
401  961.556450 3.840E-23 2.038E-02.08810.225  674.31540.860.000000             V6         GROUND 45  2 1A2      44  3 0A1     466520 1 1 1 1 1 0  1456.0 1456.0
401  961.578250 2.820E-23 4.768E-02.08710.150  949.84560.860.000000             V6         GROUND 54  2 1E       54  1 0E      466520 1 1 1 1 1 0  1744.0 1744.0
401  961.693700 2.680E-22 2.179E-02.10360.477  113.97430.690.000000             V6         GROUND 19  0 1E       18  1 0E      466520 1 1 1 1 1 0   624.0  624.0
401  961.700700 3.270E-23 4.770E-02.08710.150  915.58470.860.000000             V6         GROUND 53  2 1E       53  1 0E      466520 1 1 1 1 1 0  1712.0 1712.0
401  961.730560 5.860E-23 1.273E-02.12260.379   14.43580.640.000000             V6         GROUND  4  2 1E        5  1 0E      466520 1 1 1 1 1 0   144.0  144.0
401  961.745560 1.320E-23 1.980E-02.08760.182  901.18570.860.000000             V6         GROUND 48  6 1E       49  5 0E      466520 1 1 1 1 1 0  1552.0 1552.0
401  961.810240 1.460E-22 2.093E-02.09260.377  335.71050.830.000000             V6         GROUND 32  1 1E       31  2 0E      466520 1 1 1 1 1 0  1040.0 1040.0
401  961.820890 3.780E-23 4.772E-02.08720.157  881.95070.860.000000             V6         GROUND 52  2 1E       52  1 0E      466520 1 1 1 1 1 0  1680.0 1680.0
401  961.841030 3.880E-22 5.031E-02.12190.392   13.40420.720.000000             V6         GROUND  7  1 1A2       6  0 0A1     466520 1 1 1 1 1 0   240.0  240.0
401  961.938790 4.350E-23 4.770E-02.08720.168  848.94410.860.000000             V6         GROUND 51  2 1E       51  1 0E      466520 1 1 1 1 1 0  1648.0 1648.0
401  962.023250 5.510E-23 1.940E-02.08960.282  549.93230.860.000000             V6         GROUND 37  5 1E       38  4 0E      466520 1 1 1 1 1 0  1200.0 1200.0
401  962.024620 1.800E-22 1.774E-02.10590.470  106.22720.700.000000             V6         GROUND 15  3 1E       16  2 0E      466520 1 1 1 1 1 0   496.0  496.0
401  962.052070 2.320E-24 2.007E-02.08700.144 1300.05190.860.000000             V6         GROUND 58  7 1A1      59  6 0A2     355420 1 1 1 1 1 0  1872.0 1872.0
401  962.052070 2.320E-24 2.007E-02.08700.144 1300.05190.860.000000             V6         GROUND 58  7 1A2      59  6 0A1     355420 1 1 1 1 1 0  1872.0 1872.0
401  962.054430 4.990E-23 4.768E-02.08730.178  816.56530.860.000000             V6         GROUND 50  2 1E       50  1 0E      466520 1 1 1 1 1 0  1616.0 1616.0
401  962.081100 3.420E-23 2.043E-02.08800.217  702.91610.860.000000             V6         GROUND 46  2 1A2      45  3 0A1     466520 1 1 1 1 1 0  1488.0 1488.0
401  962.081100 3.420E-23 2.043E-02.08800.217  702.91610.860.000000             V6         GROUND 46  2 1A1      45  3 0A2     466520 1 1 1 1 1 0  1488.0 1488.0
401  962.119110 1.370E-22 1.882E-02.09510.424  284.81430.750.000000             V6         GROUND 26  4 1A2      27  3 0A1     466520 1 1 1 1 1 0   848.0  848.0
401  962.119110 1.370E-22 1.882E-02.09510.424  284.81430.750.000000             V6         GROUND 26  4 1A1      27  3 0A2     466520 1 1 1 1 1 0   848.0  848.0
401  962.167790 5.710E-23 4.772E-02.08740.186  784.81470.860.000000             V6         GROUND 49  2 1E       49  1 0E      466520 1 1 1 1 1 0  1584.0 1584.0
401  962.278880 6.510E-23 4.774E-02.08750.195  753.69270.860.000000             V6         GROUND 48  2 1E       48  1 0E      466520 1 1 1 1 1 0  1552.0 1552.0
401  962.285000 2.670E-22 2.193E-02.10240.478  126.09320.690.000000             V6         GROUND 20  0 1E       19  1 0E      466520 1 1 1 1 1 0   656.0  656.0
401  962.369060 1.370E-22 2.106E-02.09210.363  356.09250.850.000000             V6         GROUND 33  1 1E       32  2 0E      466520 1 1 1 1 1 0  1072.0 1072.0
401  962.377860 3.720E-23 1.024E-02.12390.373   11.24440.590.000000             V6         GROUND  3  2 1E        4  1 0E      466520 1 1 1 1 1 0   112.0  112.0
401  962.387700 7.390E-23 4.772E-02.08760.203  723.19970.860.000000             V6         GROUND 47  2 1E       47  1 0E      466520 1 1 1 1 1 0  1520.0 1520.0
401  962.458580 4.280E-22 5.011E-02.12010.400   17.87200.730.000000             V6         GROUND  8  1 1A1       7  0 0A2     466520 1 1 1 1 1 0   272.0  272.0
401  962.483400 1.500E-23 1.978E-02.08770.191  870.07370.860.000000             V6         GROUND 47  6 1E       48  5 0E      466520 1 1 1 1 1 0  1520.0 1520.0
401  962.494250 8.370E-23 4.776E-02.08770.210  693.33600.860.000000             V6         GROUND 46  2 1E       46  1 0E      466520 1 1 1 1 1 0  1488.0 1488.0
401  962.598520 9.440E-23 4.777E-02.08790.218  664.10210.860.000000             V6         GROUND 45  2 1E       45  1 0E      466520 1 1 1 1 1 0  1456.0 1456.0
401  962.603070 3.040E-23 2.051E-02.08780.209  732.14690.860.000000             V6         GROUND 47  2 1A2      46  3 0A1     466520 1 1 1 1 1 0  1520.0 1520.0
401  962.603070 3.040E-23 2.051E-02.08780.209  732.14690.860.000000             V6         GROUND 47  2 1A1      46  3 0A2     466520 1 1 1 1 1 0  1520.0 1520.0
401  962.695940 1.730E-22 1.737E-02.10710.465   96.02000.710.000000             V6         GROUND 14  3 1E       15  2 0E      466520 1 1 1 1 1 0   464.0  464.0
401  962.700540 1.060E-22 4.774E-02.08810.226  635.49830.860.000000             V6         GROUND 44  2 1E       44  1 0E      466520 1 1 1 1 1 0  1424.0 1424.0
401  962.739800 6.000E-23 1.933E-02.08990.294  525.75370.860.000000             V6         GROUND 36  5 1E       37  4 0E      466520 1 1 1 1 1 0  1168.0 1168.0
401  962.800270 1.190E-22 4.786E-02.08830.235  607.52490.860.000000             V6         GROUND 43  2 1E       43  1 0E      466520 1 1 1 1 1 0  1392.0 1392.0
401  962.808580 2.730E-24 2.007E-02.08700.144 1262.68040.860.000000             V6         GROUND 57  7 1A1      58  6 0A2     355420 1 1 1 1 1 0  1840.0 1840.0
401  962.808580 2.730E-24 2.007E-02.08700.144 1262.68040.860.000000             V6         GROUND 57  7 1A2      58  6 0A1     355420 1 1 1 1 1 0  1840.0 1840.0
401  962.813500 1.420E-22 1.867E-02.09590.434  267.60770.730.000000             V6         GROUND 25  4 1A2      26  3 0A1     466520 1 1 1 1 1 0   816.0  816.0
401  962.813500 1.420E-22 1.867E-02.09590.434  267.60770.730.000000             V6         GROUND 25  4 1A1      26  3 0A2     466520 1 1 1 1 1 0   816.0  816.0
401  962.873870 2.640E-22 2.202E-02.10140.476  138.84890.700.000000             V6         GROUND 21  0 1E       20  1 0E      466520 1 1 1 1 1 0   688.0  688.0
401  962.897740 1.330E-22 4.795E-02.08850.244  580.18240.860.000000             V6         GROUND 42  2 1E       42  1 0E      466520 1 1 1 1 1 0  1360.0 1360.0
401  962.925300 1.270E-22 2.102E-02.09160.350  377.10860.860.000000             V6         GROUND 34  1 1E       33  2 0E      466520 1 1 1 1 1 0  1104.0 1104.0
401  962.992950 1.470E-22 4.767E-02.08870.253  553.47100.860.000000             V6         GROUND 41  2 1E       41  1 0E      466520 1 1 1 1 1 0  1328.0 1328.0
401  963.022930 1.680E-23 6.403E-03.12490.370    8.69120.520.000000             V6         GROUND  2  2 1E        3  1 0E      466520 1 1 1 1 1 0    80.0   80.0
401  963.073510 4.640E-22 4.989E-02.11820.409   22.97790.740.000000             V6         GROUND  9  1 1A2       8  0 0A1     466520 1 1 1 1 1 0   304.0  304.0
401  963.085880 1.630E-22 4.773E-02.08900.264  527.39110.860.000000             V6         GROUND 40  2 1E       40  1 0E      466520 1 1 1 1 1 0  1296.0 1296.0
401  963.122330 2.700E-23 2.065E-02.08770.201  762.00740.860.000000             V6         GROUND 48  2 1A2      47  3 0A1     466520 1 1 1 1 1 0  1552.0 1552.0
401  963.122330 2.700E-23 2.065E-02.08770.201  762.00740.860.000000             V6         GROUND 48  2 1A1      47  3 0A2     466520 1 1 1 1 1 0  1552.0 1552.0
401  963.176550 1.800E-22 4.776E-02.08930.275  501.94300.860.000000             V6         GROUND 39  2 1E       39  1 0E      466520 1 1 1 1 1 0  1264.0 1264.0
401  963.219330 1.690E-23 1.966E-02.08780.198  839.59050.860.000000             V6         GROUND 46  6 1E       47  5 0E      466520 1 1 1 1 1 0  1488.0 1488.0
401  963.264950 1.980E-22 4.778E-02.08960.286  477.12710.860.000000             V6         GROUND 38  2 1E       38  1 0E      466520 1 1 1 1 1 0  1232.0 1232.0
401  963.351080 2.170E-22 4.781E-02.08990.298  452.94360.860.000000             V6         GROUND 37  2 1E       37  1 0E      466520 1 1 1 1 1 0  1200.0 1200.0
401  963.365130 1.640E-22 1.690E-02.10830.459   86.45010.720.000000             V6         GROUND 13  3 1E       14  2 0E      466520 1 1 1 1 1 0   432.0  432.0
401  963.434940 2.370E-22 4.785E-02.09030.311  429.39280.860.000000             V6         GROUND 36  2 1E       36  1 0E      466520 1 1 1 1 1 0  1168.0 1168.0
401  963.454350 6.500E-23 1.923E-02.09030.306  502.20770.870.000000             V6         GROUND 35  5 1E       36  4 0E      466520 1 1 1 1 1 0  1136.0 1136.0
401  963.460290 2.600E-22 2.214E-02.10030.473  152.24130.700.000000             V6         GROUND 22  0 1E       21  1 0E      466520 1 1 1 1 1 0   720.0  720.0
401  963.478980 1.180E-22 2.111E-02.09110.336  398.75850.870.000000             V6         GROUND 35  1 1E       34  2 0E      466520 1 1 1 1 1 0  1136.0 1136.0
401  963.505830 1.460E-22 1.846E-02.09660.444  251.03650.720.000000             V6         GROUND 24  4 1A1      25  3 0A2     466520 1 1 1 1 1 0   784.0  784.0
401  963.505830 1.460E-22 1.846E-02.09660.444  251.03650.720.000000             V6         GROUND 24  4 1A2      25  3 0A1     466520 1 1 1 1 1 0   784.0  784.0
401  963.516550 2.580E-22 4.792E-02.09070.324  406.47510.870.000000             V6         GROUND 35  2 1E       35  1 0E      466520 1 1 1 1 1 0  1136.0 1136.0
401  963.563230 3.200E-24 2.005E-02.08700.144 1225.93330.860.000000             V6         GROUND 56  7 1A2      57  6 0A1     355420 1 1 1 1 1 0  1808.0 1808.0
401  963.563230 3.200E-24 2.005E-02.08700.144 1225.93330.860.000000             V6         GROUND 56  7 1A1      57  6 0A2     355420 1 1 1 1 1 0  1808.0 1808.0
401  963.595880 2.790E-22 4.786E-02.09110.337  384.19070.860.000000             V6         GROUND 34  2 1E       34  1 0E      466520 1 1 1 1 1 0  1104.0 1104.0
401  963.638870 2.380E-23 2.071E-02.08760.193  792.49710.860.000000             V6         GROUND 49  2 1A2      48  3 0A1     466520 1 1 1 1 1 0  1584.0 1584.0
401  963.638870 2.380E-23 2.071E-02.08760.193  792.49710.860.000000             V6         GROUND 49  2 1A1      48  3 0A2     466520 1 1 1 1 1 0  1584.0 1584.0
401  963.672940 3.010E-22 4.787E-02.09160.351  362.53990.850.000000             V6         GROUND 33  2 1E       33  1 0E      466520 1 1 1 1 1 0  1072.0 1072.0
401  963.685800 4.970E-22 4.978E-02.11650.418   28.72180.730.000000             V6         GROUND 10  1 1A1       9  0 0A2     466520 1 1 1 1 1 0   336.0  336.0
401  963.747740 3.240E-22 4.796E-02.09210.364  341.52290.830.000000             V6         GROUND 32  2 1E       32  1 0E      466520 1 1 1 1 1 0  1040.0 1040.0
401  963.820280 3.460E-22 4.787E-02.09260.378  321.14010.820.000000             V6         GROUND 31  2 1E       31  1 0E      466520 1 1 1 1 1 0  1008.0 1008.0
401  963.890540 3.690E-22 4.791E-02.09320.391  301.39170.800.000000             V6         GROUND 30  2 1E       30  1 0E      466520 1 1 1 1 1 0   976.0  976.0
401  963.953330 1.910E-23 1.967E-02.08790.206  809.73650.860.000000             V6         GROUND 45  6 1E       46  5 0E      466520 1 1 1 1 1 0  1456.0 1456.0
401  963.958540 3.920E-22 4.796E-02.09380.403  282.27790.790.000000             V6         GROUND 29  2 1E       29  1 0E      466520 1 1 1 1 1 0   944.0  944.0
401  964.024280 4.140E-22 4.793E-02.09450.416  263.79900.770.000000             V6         GROUND 28  2 1E       28  1 0E      466520 1 1 1 1 1 0   912.0  912.0
401  964.030070 1.100E-22 2.135E-02.09070.323  421.04200.860.000000             V6         GROUND 36  1 1E       35  2 0E      466520 1 1 1 1 1 0  1168.0 1168.0
401  964.032150 1.540E-22 1.644E-02.10960.451   77.51770.720.000000             V6         GROUND 12  3 1E       13  2 0E      466520 1 1 1 1 1 0   400.0  400.0
401  964.044230 2.550E-22 2.229E-02.09930.469  166.27010.710.000000             V6         GROUND 23  0 1E       22  1 0E      466520 1 1 1 1 1 0   752.0  752.0
401  964.087740 4.360E-22 4.797E-02.09520.427  245.95520.760.000000             V6         GROUND 27  2 1E       27  1 0E      466520 1 1 1 1 1 0   880.0  880.0
401  964.148950 4.560E-22 4.789E-02.09590.438  228.74670.750.000000             V6         GROUND 26  2 1E       26  1 0E      466520 1 1 1 1 1 0   848.0  848.0
401  964.152690 2.090E-23 2.076E-02.08750.185  823.61580.860.000000             V6         GROUND 50  2 1A1      49  3 0A2     466520 1 1 1 1 1 0  1616.0 1616.0
401  964.152690 2.090E-23 2.076E-02.08750.185  823.61580.860.000000             V6         GROUND 50  2 1A2      49  3 0A1     466520 1 1 1 1 1 0  1616.0 1616.0
401  964.166910 7.010E-23 1.911E-02.09070.319  479.29460.860.000000             V6         GROUND 34  5 1E       35  4 0E      466520 1 1 1 1 1 0  1104.0 1104.0
401  964.196090 1.500E-22 1.832E-02.09750.452  235.10100.710.000000             V6         GROUND 23  4 1A2      24  3 0A1     466520 1 1 1 1 1 0   752.0  752.0
401  964.196090 1.500E-22 1.832E-02.09750.452  235.10100.710.000000             V6         GROUND 23  4 1A1      24  3 0A2     466520 1 1 1 1 1 0   752.0  752.0
401  964.207880 4.760E-22 4.794E-02.09670.447  212.17380.730.000000             V6         GROUND 25  2 1E       25  1 0E      466520 1 1 1 1 1 0   816.0  816.0
401  964.264550 4.940E-22 4.793E-02.09750.456  196.23650.720.000000             V6         GROUND 24  2 1E       24  1 0E      466520 1 1 1 1 1 0   784.0  784.0
401  964.295430 5.260E-22 4.968E-02.11480.428   35.10370.730.000000             V6         GROUND 11  1 1A2      10  0 0A1     466520 1 1 1 1 1 0   368.0  368.0
401  964.316030 3.730E-24 1.999E-02.08690.144 1189.81120.860.000000             V6         GROUND 55  7 1A2      56  6 0A1     355420 1 1 1 1 1 0  1776.0 1776.0
401  964.316030 3.730E-24 1.999E-02.08690.144 1189.81120.860.000000             V6         GROUND 55  7 1A1      56  6 0A2     355420 1 1 1 1 1 0  1776.0 1776.0
401  964.318950 5.100E-22 4.789E-02.09840.463  180.93530.710.000000             V6         GROUND 23  2 1E       23  1 0E      466520 1 1 1 1 1 0   752.0  752.0
401  964.371080 5.240E-22 4.786E-02.09930.469  166.27010.700.000000             V6         GROUND 22  2 1E       22  1 0E      466520 1 1 1 1 1 0   720.0  720.0
401  964.420960 5.360E-22 4.786E-02.10030.473  152.24130.700.000000             V6         GROUND 21  2 1E       21  1 0E      466520 1 1 1 1 1 0   688.0  688.0
401  964.468560 5.460E-22 4.792E-02.10140.476  138.84890.690.000000             V6         GROUND 20  2 1E       20  1 0E      466520 1 1 1 1 1 0   656.0  656.0
401  964.513890 5.520E-22 4.787E-02.10240.478  126.09320.690.000000             V6         GROUND 19  2 1E       19  1 0E      466520 1 1 1 1 1 0   624.0  624.0
401  964.556970 5.550E-22 4.783E-02.10360.477  113.97430.690.000000             V6         GROUND 18  2 1E       18  1 0E      466520 1 1 1 1 1 0   592.0  592.0
401  964.578570 1.010E-22 2.136E-02.09030.310  443.95880.860.000000             V6         GROUND 37  1 1E       36  2 0E      466520 1 1 1 1 1 0  1200.0 1200.0
401  964.597780 5.550E-22 4.783E-02.10480.476  102.49240.690.000000             V6         GROUND 17  2 1E       17  1 0E      466520 1 1 1 1 1 0   560.0  560.0
401  964.625710 2.480E-22 2.235E-02.09840.463  180.93530.720.000000             V6         GROUND 24  0 1E       23  1 0E      466520 1 1 1 1 1 0   784.0  784.0
401  964.636310 5.510E-22 4.778E-02.10600.472   91.64750.690.000000             V6         GROUND 16  2 1E       16  1 0E      466520 1 1 1 1 1 0   528.0  528.0
401  964.663770 1.830E-23 2.082E-02.08740.176  855.36300.860.000000             V6         GROUND 51  2 1A2      50  3 0A1     466520 1 1 1 1 1 0  1648.0 1648.0
401  964.663770 1.830E-23 2.082E-02.08740.176  855.36300.860.000000             V6         GROUND 51  2 1A1      50  3 0A2     466520 1 1 1 1 1 0  1648.0 1648.0
401  964.672580 5.430E-22 4.770E-02.10730.468   81.43990.700.000000             V6         GROUND 15  2 1E       15  1 0E      466520 1 1 1 1 1 0   496.0  496.0
401  964.685410 2.140E-23 1.958E-02.08810.214  780.51200.860.000000             V6         GROUND 44  6 1E       45  5 0E      466520 1 1 1 1 1 0  1424.0 1424.0
401  964.697010 1.420E-22 1.584E-02.11080.442   69.22290.730.000000             V6         GROUND 11  3 1E       12  2 0E      466520 1 1 1 1 1 0   368.0  368.0
401  964.706580 5.320E-22 4.769E-02.10860.462   71.86970.710.000000             V6         GROUND 14  2 1E       14  1 0E      466520 1 1 1 1 1 0   464.0  464.0
401  964.738320 5.160E-22 4.757E-02.11000.454   62.93690.720.000000             V6         GROUND 13  2 1E       13  1 0E      466520 1 1 1 1 1 0   432.0  432.0
401  964.767790 4.970E-22 4.753E-02.11140.446   54.64170.720.000000             V6         GROUND 12  2 1E       12  1 0E      466520 1 1 1 1 1 0   400.0  400.0
401  964.795000 4.730E-22 4.738E-02.11290.436   46.98430.730.000000             V6         GROUND 11  2 1E       11  1 0E      466520 1 1 1 1 1 0   368.0  368.0
401  964.819940 4.460E-22 4.729E-02.11450.426   39.96460.730.000000             V6         GROUND 10  2 1E       10  1 0E      466520 1 1 1 1 1 0   336.0  336.0
401  964.842610 4.140E-22 4.704E-02.11610.416   33.58280.740.000000             V6         GROUND  9  2 1E        9  1 0E      466520 1 1 1 1 1 0   304.0  304.0
401  964.863010 3.790E-22 4.680E-02.11780.406   27.83890.730.000000             V6         GROUND  8  2 1E        8  1 0E      466520 1 1 1 1 1 0   272.0  272.0
401  964.877480 7.530E-23 1.900E-02.09110.333  457.01470.850.000000             V6         GROUND 33  5 1E       34  4 0E      466520 1 1 1 1 1 0  1072.0 1072.0
401  964.881140 3.400E-22 4.642E-02.11940.396   22.73310.720.000000             V6         GROUND  7  2 1E        7  1 0E      466520 1 1 1 1 1 0   240.0  240.0
401  964.884260 1.520E-22 1.803E-02.09830.459  219.80130.700.000000             V6         GROUND 22  4 1A1      23  3 0A2     466520 1 1 1 1 1 0   720.0  720.0
401  964.884260 1.520E-22 1.803E-02.09830.459  219.80130.700.000000             V6         GROUND 22  4 1A2      23  3 0A1     466520 1 1 1 1 1 0   720.0  720.0
401  964.897020 2.980E-22 4.594E-02.12110.387   18.26540.710.000000             V6         GROUND  6  2 1E        6  1 0E      466520 1 1 1 1 1 0   208.0  208.0
401  964.902410 5.510E-22 4.960E-02.11320.438   42.12350.720.000000             V6         GROUND 12  1 1A1      11  0 0A2     466520 1 1 1 1 1 0   400.0  400.0
401  964.910620 2.510E-22 4.489E-02.12260.379   14.43580.680.000000             V6         GROUND  5  2 1E        5  1 0E      466520 1 1 1 1 1 0   176.0  176.0
401  964.921960 2.010E-22 4.326E-02.12390.373   11.24440.640.000000             V6         GROUND  4  2 1E        4  1 0E      466520 1 1 1 1 1 0   144.0  144.0
401  964.931030 1.470E-22 4.017E-02.12490.370    8.69120.590.000000             V6         GROUND  3  2 1E        3  1 0E      466520 1 1 1 1 1 0   112.0  112.0
401  964.937830 8.470E-23 3.211E-02.12530.367    6.77630.520.000000             V6         GROUND  2  2 1E        2  1 0E      466520 1 1 1 1 1 0    80.0   80.0
401  965.066960 4.330E-24 1.992E-02.08750.144 1154.31430.860.000000             V6         GROUND 54  7 1A1      55  6 0A2     466520 1 1 1 1 1 0  1744.0 1744.0
401  965.066960 4.330E-24 1.992E-02.08750.144 1154.31430.860.000000             V6         GROUND 54  7 1A2      55  6 0A1     466520 1 1 1 1 1 0  1744.0 1744.0
401  965.124470 9.290E-23 2.148E-02.08990.297  467.50860.860.000000             V6         GROUND 38  1 1E       37  2 0E      466520 1 1 1 1 1 0  1232.0 1232.0
401  965.172110 1.600E-23 2.092E-02.08730.167  887.73830.860.000000             V6         GROUND 52  2 1A1      51  3 0A2     466520 1 1 1 1 1 0  1680.0 1680.0
401  965.172110 1.600E-23 2.092E-02.08730.167  887.73830.860.000000             V6         GROUND 52  2 1A2      51  3 0A1     466520 1 1 1 1 1 0  1680.0 1680.0
401  965.204710 2.400E-22 2.241E-02.09750.456  196.23650.730.000000             V6         GROUND 25  0 1E       24  1 0E      466520 1 1 1 1 1 0   816.0  816.0
401  965.359700 1.290E-22 1.521E-02.11210.432   61.56570.730.000000             V6         GROUND 10  3 1E       11  2 0E      466520 1 1 1 1 1 0   336.0  336.0
401  965.415560 2.390E-23 1.950E-02.08820.222  751.91740.860.000000             V6         GROUND 43  6 1E       44  5 0E      466520 1 1 1 1 1 0  1392.0 1392.0
401  965.506740 5.720E-22 4.955E-02.11160.447   49.78100.720.000000             V6         GROUND 13  1 1A2      12  0 0A1     466520 1 1 1 1 1 0   432.0  432.0
401  965.570350 1.540E-22 1.783E-02.09930.464  205.13780.700.000000             V6         GROUND 21  4 1A1      22  3 0A2     466520 1 1 1 1 1 0   688.0  688.0
401  965.570350 1.540E-22 1.783E-02.09930.464  205.13780.700.000000             V6         GROUND 21  4 1A2      22  3 0A1     466520 1 1 1 1 1 0   688.0  688.0
401  965.586040 8.050E-23 1.888E-02.09160.346  435.36830.830.000000             V6         GROUND 32  5 1E       33  4 0E      466520 1 1 1 1 1 0  1040.0 1040.0
401  965.667750 8.500E-23 2.157E-02.08960.285  491.69110.860.000000             V6         GROUND 39  1 1E       38  2 0E      466520 1 1 1 1 1 0  1264.0 1264.0
401  965.677680 1.390E-23 2.096E-02.08730.155  920.74130.860.000000             V6         GROUND 53  2 1A2      52  3 0A1     466520 1 1 1 1 1 0  1712.0 1712.0
401  965.677680 1.390E-23 2.096E-02.08730.155  920.74130.860.000000             V6         GROUND 53  2 1A1      52  3 0A2     466520 1 1 1 1 1 0  1712.0 1712.0
401  965.781220 2.320E-22 2.255E-02.09670.447  212.17380.750.000000             V6         GROUND 26  0 1E       25  1 0E      466520 1 1 1 1 1 0   848.0  848.0
401  965.816020 5.020E-24 1.989E-02.08750.144 1119.44330.860.000000             V6         GROUND 53  7 1A1      54  6 0A2     466520 1 1 1 1 1 0  1712.0 1712.0
401  965.816020 5.020E-24 1.989E-02.08750.144 1119.44330.860.000000             V6         GROUND 53  7 1A2      54  6 0A1     466520 1 1 1 1 1 0  1712.0 1712.0
401  966.020210 1.140E-22 1.438E-02.11350.421   54.54630.740.000000             V6         GROUND  9  3 1E       10  2 0E      466520 1 1 1 1 1 0   304.0  304.0
401  966.108390 5.890E-22 4.951E-02.11010.455   58.07630.710.000000             V6         GROUND 14  1 1A1      13  0 0A2     466520 1 1 1 1 1 0   464.0  464.0
401  966.143770 2.660E-23 1.942E-02.08840.230  723.95310.860.000000             V6         GROUND 42  6 1E       43  5 0E      466520 1 1 1 1 1 0  1360.0 1360.0
401  966.180480 1.210E-23 2.111E-02.08720.148  954.37170.860.000000             V6         GROUND 54  2 1A2      53  3 0A1     466520 1 1 1 1 1 0  1744.0 1744.0
401  966.180480 1.210E-23 2.111E-02.08720.148  954.37170.860.000000             V6         GROUND 54  2 1A1      53  3 0A2     466520 1 1 1 1 1 0  1744.0 1744.0
401  966.208410 7.750E-23 2.166E-02.08930.274  516.50610.860.000000             V6         GROUND 40  1 1E       39  2 0E      466520 1 1 1 1 1 0  1296.0 1296.0
401  966.214440 1.540E-22 5.817E-02.12510.363    5.49970.520.000000             V6         GROUND  2  2 1E        1  1 0E      466520 1 1 1 1 1 0    80.0   80.0
401  966.254350 1.550E-22 1.760E-02.10020.469  191.11040.690.000000             V6         GROUND 20  4 1A2      21  3 0A1     466520 1 1 1 1 1 0   656.0  656.0
401  966.254350 1.550E-22 1.760E-02.10020.469  191.11040.690.000000             V6         GROUND 20  4 1A1      21  3 0A2     466520 1 1 1 1 1 0   656.0  656.0
401  966.292580 8.560E-23 1.872E-02.09200.360  414.35560.820.000000             V6         GROUND 31  5 1E       32  4 0E      466520 1 1 1 1 1 0  1008.0 1008.0
401  966.355230 2.230E-22 2.267E-02.09590.438  228.74670.760.000000             V6         GROUND 27  0 1E       26  1 0E      466520 1 1 1 1 1 0   880.0  880.0
401  966.563200 5.790E-24 1.982E-02.08760.144 1085.19850.860.000000             V6         GROUND 52  7 1A2      53  6 0A1     466520 1 1 1 1 1 0  1680.0 1680.0
401  966.563200 5.790E-24 1.982E-02.08760.144 1085.19850.860.000000             V6         GROUND 52  7 1A1      53  6 0A2     466520 1 1 1 1 1 0  1680.0 1680.0
401  966.678530 9.820E-23 1.344E-02.11500.410   48.16480.730.000000             V6         GROUND  8  3 1E        9  2 0E      466520 1 1 1 1 1 0   272.0  272.0
401  966.680510 1.050E-23 2.127E-02.08720.148  988.62890.860.000000             V6         GROUND 55  2 1A2      54  3 0A1     466520 1 1 1 1 1 0  1776.0 1776.0
401  966.680510 1.050E-23 2.127E-02.08720.148  988.62890.860.000000             V6         GROUND 55  2 1A1      54  3 0A2     466520 1 1 1 1 1 0  1776.0 1776.0
401  966.707350 6.020E-22 4.950E-02.10870.463   67.00920.700.000000             V6         GROUND 15  1 1A2      14  0 0A1     466520 1 1 1 1 1 0   496.0  496.0
401  966.746430 7.030E-23 2.172E-02.08900.263  541.95310.860.000000             V6         GROUND 41  1 1E       40  2 0E      466520 1 1 1 1 1 0  1328.0 1328.0
401  966.845930 1.700E-22 4.621E-02.12530.367    6.77630.590.000000             V6         GROUND  3  2 1E        2  1 0E      466520 1 1 1 1 1 0   112.0  112.0
401  966.870030 2.950E-23 1.934E-02.08860.239  696.61940.860.000000             V6         GROUND 41  6 1E       42  5 0E      466520 1 1 1 1 1 0  1328.0 1328.0
401  966.926720 2.130E-22 2.274E-02.09520.427  245.95520.770.000000             V6         GROUND 28  0 1E       27  1 0E      466520 1 1 1 1 1 0   912.0  912.0
401  966.936250 1.540E-22 1.725E-02.10130.471  177.71950.690.000000             V6         GROUND 19  4 1A2      20  3 0A1     466520 1 1 1 1 1 0   624.0  624.0
401  966.936250 1.540E-22 1.725E-02.10130.471  177.71950.690.000000             V6         GROUND 19  4 1A1      20  3 0A2     466520 1 1 1 1 1 0   624.0  624.0
401  966.997100 9.070E-23 1.858E-02.09260.373  393.97690.800.000000             V6         GROUND 30  5 1E       31  4 0E      466520 1 1 1 1 1 0   976.0  976.0
401  967.177750 9.000E-24 2.124E-02.08710.148 1023.51260.860.000000             V6         GROUND 56  2 1A2      55  3 0A1     466520 1 1 1 1 1 0  1808.0 1808.0
401  967.177750 9.000E-24 2.124E-02.08710.148 1023.51260.860.000000             V6         GROUND 56  2 1A1      55  3 0A2     466520 1 1 1 1 1 0  1808.0 1808.0
401  967.281820 6.360E-23 2.181E-02.08870.253  568.03200.860.000000             V6         GROUND 42  1 1E       41  2 0E      466520 1 1 1 1 1 0  1360.0 1360.0
401  967.303630 6.110E-22 4.950E-02.10730.469   76.57960.690.000000             V6         GROUND 16  1 1A1      15  0 0A2     466520 1 1 1 1 1 0   528.0  528.0
401  967.308500 6.660E-24 1.977E-02.08760.151 1051.58030.860.000000             V6         GROUND 51  7 1A1      52  6 0A2     466520 1 1 1 1 1 0  1648.0 1648.0
401  967.308500 6.660E-24 1.977E-02.08760.151 1051.58030.860.000000             V6         GROUND 51  7 1A2      52  6 0A1     466520 1 1 1 1 1 0  1648.0 1648.0
401  967.334660 8.120E-23 1.226E-02.11640.398   42.42110.720.000000             V6         GROUND  7  3 1E        8  2 0E      466520 1 1 1 1 1 0   240.0  240.0
401  967.475130 1.890E-22 4.038E-02.12490.370    8.69120.640.000000             V6         GROUND  4  2 1E        3  1 0E      466520 1 1 1 1 1 0   144.0  144.0
401  967.495700 2.020E-22 2.275E-02.09450.416  263.79900.790.000000             V6         GROUND 29  0 1E       28  1 0E      466520 1 1 1 1 1 0   944.0  944.0
401  967.594330 3.250E-23 1.920E-02.08880.249  669.91660.860.000000             V6         GROUND 40  6 1E       41  5 0E      466520 1 1 1 1 1 0  1296.0 1296.0
401  967.616020 1.520E-22 1.689E-02.10230.472  164.96520.690.000000             V6         GROUND 18  4 1A2      19  3 0A1     466520 1 1 1 1 1 0   592.0  592.0
401  967.616020 1.520E-22 1.689E-02.10230.472  164.96520.690.000000             V6         GROUND 18  4 1A1      19  3 0A2     466520 1 1 1 1 1 0   592.0  592.0
401  967.672180 7.730E-24 2.132E-02.08650.148 1059.02240.860.000000             V6         GROUND 57  2 1A1      56  3 0A2     355420 1 1 1 1 1 0  1840.0 1840.0
401  967.672180 7.730E-24 2.132E-02.08650.148 1059.02240.860.000000             V6         GROUND 57  2 1A2      56  3 0A1     355420 1 1 1 1 1 0  1840.0 1840.0
401  967.699590 9.560E-23 1.843E-02.09310.386  374.23240.790.000000             V6         GROUND 29  5 1E       30  4 0E      466520 1 1 1 1 1 0   944.0  944.0
401  967.814540 5.730E-23 2.188E-02.08850.243  594.74230.860.000000             V6         GROUND 43  1 1E       42  2 0E      466520 1 1 1 1 1 0  1392.0 1392.0
401  967.897220 6.160E-22 4.951E-02.10600.473   86.78730.690.000000             V6         GROUND 17  1 1A2      16  0 0A1     466520 1 1 1 1 1 0   560.0  560.0
401  967.988580 6.350E-23 1.081E-02.11760.385   37.31550.710.000000             V6         GROUND  6  3 1E        7  2 0E      466520 1 1 1 1 1 0   208.0  208.0
401  968.051910 7.630E-24 1.970E-02.08760.162 1018.58930.860.000000             V6         GROUND 50  7 1A2      51  6 0A1     466520 1 1 1 1 1 0  1616.0 1616.0
401  968.051910 7.630E-24 1.970E-02.08760.162 1018.58930.860.000000             V6         GROUND 50  7 1A1      51  6 0A2     466520 1 1 1 1 1 0  1616.0 1616.0
401  968.062140 1.920E-22 2.291E-02.09380.403  282.27790.800.000000             V6         GROUND 30  0 1E       29  1 0E      466520 1 1 1 1 1 0   976.0  976.0
401  968.102020 2.100E-22 3.722E-02.12390.373   11.24440.680.000000             V6         GROUND  5  2 1E        4  1 0E      466520 1 1 1 1 1 0   176.0  176.0
401  968.163790 6.610E-24 2.138E-02.08650.148 1095.15760.860.000000             V6         GROUND 58  2 1A1      57  3 0A2     355420 1 1 1 1 1 0  1872.0 1872.0
401  968.163790 6.610E-24 2.138E-02.08650.148 1095.15760.860.000000             V6         GROUND 58  2 1A2      57  3 0A1     355420 1 1 1 1 1 0  1872.0 1872.0
401  968.293690 1.490E-22 1.652E-02.10350.472  152.84760.690.000000             V6         GROUND 17  4 1A1      18  3 0A2     466520 1 1 1 1 1 0   560.0  560.0
401  968.293690 1.490E-22 1.652E-02.10350.472  152.84760.690.000000             V6         GROUND 17  4 1A2      18  3 0A1     466520 1 1 1 1 1 0   560.0  560.0
401  968.316690 3.580E-23 1.913E-02.08900.257  643.84510.860.000000             V6         GROUND 39  6 1E       40  5 0E      466520 1 1 1 1 1 0  1264.0 1264.0
401  968.344610 5.150E-23 2.198E-02.08830.234  622.08370.860.000000             V6         GROUND 44  1 1E       43  2 0E      466520 1 1 1 1 1 0  1424.0 1424.0
401  968.400050 1.000E-22 1.821E-02.09370.399  355.12250.770.000000             V6         GROUND 28  5 1E       29  4 0E      466520 1 1 1 1 1 0   912.0  912.0
401  968.484630 1.210E-23 4.909E-02.08650.149 1145.07700.860.000000             V6         GROUND 59  3 1E       59  2 0E      355420 1 1 1 1 1 0  1904.0 1904.0
401  968.488090 6.170E-22 4.951E-02.10480.476   97.63230.690.000000             V6         GROUND 18  1 1A1      17  0 0A2     466520 1 1 1 1 1 0   592.0  592.0
401  968.618950 1.430E-23 4.921E-02.08650.149 1107.68940.860.000000             V6         GROUND 58  3 1E       58  2 0E      355420 1 1 1 1 1 0  1872.0 1872.0
401  968.626050 1.810E-22 2.297E-02.09320.391  301.39170.820.000000             V6         GROUND 31  0 1E       30  1 0E      466520 1 1 1 1 1 0  1008.0 1008.0
401  968.640300 4.540E-23 8.946E-03.11850.373   32.84800.680.000000             V6         GROUND  5  3 1E        6  2 0E      466520 1 1 1 1 1 0   176.0  176.0
401  968.652580 5.630E-24 2.143E-02.08650.148 1131.91800.860.000000             V6         GROUND 59  2 1A1      58  3 0A2     355420 1 1 1 1 1 0  1904.0 1904.0
401  968.652580 5.630E-24 2.143E-02.08650.148 1131.91800.860.000000             V6         GROUND 59  2 1A2      58  3 0A1     355420 1 1 1 1 1 0  1904.0 1904.0
401  968.726610 2.300E-22 3.507E-02.12260.379   14.43580.710.000000             V6         GROUND  6  2 1E        5  1 0E      466520 1 1 1 1 1 0   208.0  208.0
401  968.750980 1.680E-23 4.921E-02.08650.149 1070.92650.860.000000             V6         GROUND 57  3 1E       57  2 0E      355420 1 1 1 1 1 0  1840.0 1840.0
401  968.793440 8.710E-24 1.964E-02.08770.172  986.22570.860.000000             V6         GROUND 49  7 1A1      50  6 0A2     466520 1 1 1 1 1 0  1584.0 1584.0
401  968.793440 8.710E-24 1.964E-02.08770.172  986.22570.860.000000             V6         GROUND 49  7 1A2      50  6 0A1     466520 1 1 1 1 1 0  1584.0 1584.0
401  968.871990 4.610E-23 2.207E-02.08810.226  650.05600.860.000000             V6         GROUND 45  1 1E       44  2 0E      466520 1 1 1 1 1 0  1456.0 1456.0
401  968.880710 1.970E-23 4.928E-02.08650.149 1034.78880.860.000000             V6         GROUND 56  3 1E       56  2 0E      355420 1 1 1 1 1 0  1808.0 1808.0
401  968.969230 1.450E-22 1.615E-02.10470.470  141.36690.690.000000             V6         GROUND 16  4 1A1      17  3 0A2     466520 1 1 1 1 1 0   528.0  528.0
401  968.969230 1.450E-22 1.615E-02.10470.470  141.36690.690.000000             V6         GROUND 16  4 1A2      17  3 0A1     466520 1 1 1 1 1 0   528.0  528.0
401  969.008120 2.300E-23 4.930E-02.08710.149  999.27670.860.000000             V6         GROUND 55  3 1E       55  2 0E      466520 1 1 1 1 1 0  1776.0 1776.0
401  969.037070 3.920E-23 1.902E-02.08930.268  618.40520.860.000000             V6         GROUND 38  6 1E       39  5 0E      466520 1 1 1 1 1 0  1232.0 1232.0
401  969.076260 6.140E-22 4.948E-02.10360.478  109.11440.690.000000             V6         GROUND 19  1 1A2      18  0 0A1     466520 1 1 1 1 1 0   624.0  624.0
401  969.098460 1.050E-22 1.814E-02.09440.410  336.64730.760.000000             V6         GROUND 27  5 1E       28  4 0E      466520 1 1 1 1 1 0   880.0  880.0
401  969.133240 2.670E-23 4.920E-02.08710.149  964.39060.860.000000             V6         GROUND 54  3 1E       54  2 0E      466520 1 1 1 1 1 0  1744.0 1744.0
401  969.135120 1.420E-24 2.001E-02.08730.142 1400.95030.860.000000             V6         GROUND 59  8 1E       60  7 0E      355420 1 1 1 1 1 0  1904.0 1904.0
401  969.187400 1.700E-22 2.304E-02.09260.378  321.14010.830.000000             V6         GROUND 32  0 1E       31  1 0E      466520 1 1 1 1 1 0  1040.0 1040.0
401  969.256070 3.100E-23 4.928E-02.08710.149  930.13110.860.000000             V6         GROUND 53  3 1E       53  2 0E      466520 1 1 1 1 1 0  1712.0 1712.0
401  969.289790 2.780E-23 6.581E-03.11870.360   29.01850.640.000000             V6         GROUND  4  3 1E        5  2 0E      466520 1 1 1 1 1 0   144.0  144.0
401  969.348880 2.480E-22 3.343E-02.12110.387   18.26540.720.000000             V6         GROUND  7  2 1E        6  1 0E      466520 1 1 1 1 1 0   240.0  240.0
401  969.376600 3.580E-23 4.926E-02.08720.156  896.49850.860.000000             V6         GROUND 52  3 1E       52  2 0E      466520 1 1 1 1 1 0  1680.0 1680.0
401  969.396690 4.110E-23 2.215E-02.08790.217  678.65860.860.000000             V6         GROUND 46  1 1E       45  2 0E      466520 1 1 1 1 1 0  1488.0 1488.0
401  969.494820 4.120E-23 4.923E-02.08730.167  863.49320.860.000000             V6         GROUND 51  3 1E       51  2 0E      466520 1 1 1 1 1 0  1648.0 1648.0
401  969.533050 9.910E-24 1.957E-02.08770.180  954.49000.860.000000             V6         GROUND 48  7 1A2      49  6 0A1     466520 1 1 1 1 1 0  1552.0 1552.0
401  969.533050 9.910E-24 1.957E-02.08770.180  954.49000.860.000000             V6         GROUND 48  7 1A1      49  6 0A2     466520 1 1 1 1 1 0  1552.0 1552.0
401  969.610750 4.730E-23 4.926E-02.08730.177  831.11570.860.000000             V6         GROUND 50  3 1E       50  2 0E      466520 1 1 1 1 1 0  1616.0 1616.0
401  969.642640 1.390E-22 1.566E-02.10570.467  130.52320.700.000000             V6         GROUND 15  4 1A1      16  3 0A2     466520 1 1 1 1 1 0   496.0  496.0
401  969.642640 1.390E-22 1.566E-02.10570.467  130.52320.700.000000             V6         GROUND 15  4 1A2      16  3 0A1     466520 1 1 1 1 1 0   496.0  496.0
401  969.661700 6.090E-22 4.958E-02.10240.478  121.23340.690.000000             V6         GROUND 20  1 1A1      19  0 0A2     466520 1 1 1 1 1 0   656.0  656.0
401  969.724400 5.410E-23 4.927E-02.08740.186  799.36640.860.000000             V6         GROUND 49  3 1E       49  2 0E      466520 1 1 1 1 1 0  1584.0 1584.0
401  969.746200 1.590E-22 2.311E-02.09210.364  341.52290.850.000000             V6         GROUND 33  0 1E       32  1 0E      466520 1 1 1 1 1 0  1072.0 1072.0
401  969.755480 4.270E-23 1.888E-02.08960.279  593.59730.860.000000             V6         GROUND 37  6 1E       38  5 0E      466520 1 1 1 1 1 0  1200.0 1200.0
401  969.794830 1.080E-22 1.777E-02.09510.421  318.80710.750.000000             V6         GROUND 26  5 1E       27  4 0E      466520 1 1 1 1 1 0   848.0  848.0
401  969.835760 6.170E-23 4.931E-02.08750.194  768.24560.860.000000             V6         GROUND 48  3 1E       48  2 0E      466520 1 1 1 1 1 0  1552.0 1552.0
401  969.893320 1.680E-24 2.005E-02.08720.142 1362.96150.860.000000             V6         GROUND 58  8 1E       59  7 0E      355420 1 1 1 1 1 0  1872.0 1872.0
401  969.918700 3.650E-23 2.222E-02.08780.210  707.89140.860.000000             V6         GROUND 47  1 1E       46  2 0E      466520 1 1 1 1 1 0  1520.0 1520.0
401  969.937060 1.180E-23 3.541E-03.11780.349   25.82730.590.000000             V6         GROUND  3  3 1E        4  2 0E      466520 1 1 1 1 1 0   112.0  112.0
401  969.944820 7.010E-23 4.934E-02.08760.202  737.75380.860.000000             V6         GROUND 47  3 1E       47  2 0E      466520 1 1 1 1 1 0  1520.0 1520.0
401  969.968830 2.660E-22 3.238E-02.11940.396   22.73310.730.000000             V6         GROUND  8  2 1E        7  1 0E      466520 1 1 1 1 1 0   272.0  272.0
401  970.051600 7.930E-23 4.932E-02.08780.210  707.89140.860.000000             V6         GROUND 46  3 1E       46  2 0E      466520 1 1 1 1 1 0  1488.0 1488.0
401  970.156080 8.950E-23 4.936E-02.08790.217  678.65860.860.000000             V6         GROUND 45  3 1E       45  2 0E      466520 1 1 1 1 1 0  1456.0 1456.0
401  970.244420 6.000E-22 4.961E-02.10140.477  133.98930.700.000000             V6         GROUND 21  1 1A2      20  0 0A1     466520 1 1 1 1 1 0   688.0  688.0
401  970.258280 1.010E-22 4.957E-02.08810.226  650.05600.860.000000             V6         GROUND 44  3 1E       44  2 0E      466520 1 1 1 1 1 0  1424.0 1424.0
401  970.270750 1.120E-23 1.945E-02.08780.189  923.38270.860.000000             V6         GROUND 47  7 1A1      48  6 0A2     466520 1 1 1 1 1 0  1520.0 1520.0
401  970.270750 1.120E-23 1.945E-02.08780.189  923.38270.860.000000             V6         GROUND 47  7 1A2      48  6 0A1     466520 1 1 1 1 1 0  1520.0 1520.0
401  970.302420 1.480E-22 2.316E-02.09160.351  362.53990.860.000000             V6         GROUND 34  0 1E       33  1 0E      466520 1 1 1 1 1 0  1104.0 1104.0
401  970.313910 1.320E-22 1.514E-02.10680.461  120.31670.710.000000             V6         GROUND 14  4 1A2      15  3 0A1     466520 1 1 1 1 1 0   464.0  464.0
401  970.313910 1.320E-22 1.514E-02.10680.461  120.31670.710.000000             V6         GROUND 14  4 1A1      15  3 0A2     466520 1 1 1 1 1 0   464.0  464.0
401  970.358210 1.130E-22 4.954E-02.08830.234  622.08370.860.000000             V6         GROUND 43  3 1E       43  2 0E      466520 1 1 1 1 1 0  1392.0 1392.0
401  970.438000 3.230E-23 2.229E-02.08760.202  737.75380.860.000000             V6         GROUND 48  1 1E       47  2 0E      466520 1 1 1 1 1 0  1552.0 1552.0
401  970.455840 1.260E-22 4.951E-02.08850.243  594.74230.860.000000             V6         GROUND 42  3 1E       42  2 0E      466520 1 1 1 1 1 0  1360.0 1360.0
401  970.471920 4.640E-23 1.877E-02.08990.291  569.42160.860.000000             V6         GROUND 36  6 1E       37  5 0E      466520 1 1 1 1 1 0  1168.0 1168.0
401  970.489140 1.120E-22 1.764E-02.09580.431  301.60210.730.000000             V6         GROUND 25  5 1E       26  4 0E      466520 1 1 1 1 1 0   816.0  816.0
401  970.551190 1.400E-22 4.948E-02.08870.253  568.03200.860.000000             V6         GROUND 41  3 1E       41  2 0E      466520 1 1 1 1 1 0  1328.0 1328.0
401  970.586460 2.820E-22 3.152E-02.11780.406   27.83890.740.000000             V6         GROUND  9  2 1E        8  1 0E      466520 1 1 1 1 1 0   304.0  304.0
401  970.644260 1.550E-22 4.946E-02.08900.263  541.95310.860.000000             V6         GROUND 40  3 1E       40  2 0E      466520 1 1 1 1 1 0  1296.0 1296.0
401  970.649690 1.970E-24 1.997E-02.08720.142 1325.59650.860.000000             V6         GROUND 57  8 1E       58  7 0E      355420 1 1 1 1 1 0  1840.0 1840.0
401  970.735050 1.710E-22 4.945E-02.08930.274  516.50610.860.000000             V6         GROUND 39  3 1E       39  2 0E      466520 1 1 1 1 1 0  1264.0 1264.0
401  970.823570 1.880E-22 4.945E-02.08960.285  491.69110.860.000000             V6         GROUND 38  3 1E       38  2 0E      466520 1 1 1 1 1 0  1232.0 1232.0
401  970.824400 5.880E-22 4.964E-02.10030.474  147.38190.700.000000             V6         GROUND 22  1 1A1      21  0 0A2     466520 1 1 1 1 1 0   720.0  720.0
401  970.856070 1.370E-22 2.318E-02.09110.337  384.19070.870.000000             V6         GROUND 35  0 1E       34  1 0E      466520 1 1 1 1 1 0  1136.0 1136.0
401  970.909800 2.060E-22 4.947E-02.08990.297  467.50860.860.000000             V6         GROUND 37  3 1E       37  2 0E      466520 1 1 1 1 1 0  1200.0 1200.0
401  970.954570 2.850E-23 2.237E-02.08750.194  768.24560.860.000000             V6         GROUND 49  1 1E       48  2 0E      466520 1 1 1 1 1 0  1584.0 1584.0
401  970.983020 1.240E-22 1.461E-02.10790.455  110.74750.720.000000             V6         GROUND 13  4 1A2      14  3 0A1     466520 1 1 1 1 1 0   432.0  432.0
401  970.983020 1.240E-22 1.461E-02.10790.455  110.74750.720.000000             V6         GROUND 13  4 1A1      14  3 0A2     466520 1 1 1 1 1 0   432.0  432.0
401  970.993760 2.240E-22 4.930E-02.09030.310  443.95880.860.000000             V6         GROUND 36  3 1E       36  2 0E      466520 1 1 1 1 1 0  1168.0 1168.0
401  971.006550 1.270E-23 1.945E-02.08790.196  892.90400.860.000000             V6         GROUND 46  7 1A2      47  6 0A1     466520 1 1 1 1 1 0  1488.0 1488.0
401  971.006550 1.270E-23 1.945E-02.08790.196  892.90400.860.000000             V6         GROUND 46  7 1A1      47  6 0A2     466520 1 1 1 1 1 0  1488.0 1488.0
401  971.075440 2.440E-22 4.940E-02.09070.323  421.04200.870.000000             V6         GROUND 35  3 1E       35  2 0E      466520 1 1 1 1 1 0  1136.0 1136.0
401  971.154840 2.640E-22 4.936E-02.09110.336  398.75850.860.000000             V6         GROUND 34  3 1E       34  2 0E      466520 1 1 1 1 1 0  1104.0 1104.0
401  971.181370 1.150E-22 1.742E-02.09660.440  285.03250.720.000000             V6         GROUND 24  5 1E       25  4 0E      466520 1 1 1 1 1 0   784.0  784.0
401  971.186370 5.020E-23 1.865E-02.09030.304  545.87840.870.000000             V6         GROUND 35  6 1E       36  5 0E      466520 1 1 1 1 1 0  1136.0 1136.0
401  971.201750 2.970E-22 3.093E-02.11610.416   33.58280.730.000000             V6         GROUND 10  2 1E        9  1 0E      466520 1 1 1 1 1 0   336.0  336.0
401  971.231960 2.850E-22 4.940E-02.09160.350  377.10860.850.000000             V6         GROUND 33  3 1E       33  2 0E      466520 1 1 1 1 1 0  1072.0 1072.0
401  971.306820 3.060E-22 4.937E-02.09210.363  356.09250.830.000000             V6         GROUND 32  3 1E       32  2 0E      466520 1 1 1 1 1 0  1040.0 1040.0
401  971.379400 3.270E-22 4.931E-02.09260.377  335.71050.820.000000             V6         GROUND 31  3 1E       31  2 0E      466520 1 1 1 1 1 0  1008.0 1008.0
401  971.401630 5.730E-22 4.964E-02.09940.469  161.41090.710.000000             V6         GROUND 23  1 1A2      22  0 0A1     466520 1 1 1 1 1 0   752.0  752.0
401  971.404190 2.300E-24 1.988E-02.08720.142 1288.85590.860.000000             V6         GROUND 56  8 1E       57  7 0E      355420 1 1 1 1 1 0  1808.0 1808.0
401  971.407120 1.270E-22 2.331E-02.09070.324  406.47510.860.000000             V6         GROUND 36  0 1E       35  1 0E      466520 1 1 1 1 1 0  1168.0 1168.0
401  971.449710 3.490E-22 4.938E-02.09320.390  315.96290.800.000000             V6         GROUND 30  3 1E       30  2 0E      466520 1 1 1 1 1 0   976.0  976.0
401  971.468410 2.500E-23 2.240E-02.08740.186  799.36640.860.000000             V6         GROUND 50  1 1E       49  2 0E      466520 1 1 1 1 1 0  1616.0 1616.0
401  971.517740 3.700E-22 4.933E-02.09380.402  296.84990.790.000000             V6         GROUND 29  3 1E       29  2 0E      466520 1 1 1 1 1 0   944.0  944.0
401  971.583500 3.910E-22 4.934E-02.09450.414  278.37170.770.000000             V6         GROUND 28  3 1E       28  2 0E      466520 1 1 1 1 1 0   912.0  912.0
401  971.646990 4.110E-22 4.929E-02.09520.426  260.52860.760.000000             V6         GROUND 27  3 1E       27  2 0E      466520 1 1 1 1 1 0   880.0  880.0
401  971.649990 1.140E-22 1.390E-02.10880.446  101.81570.720.000000             V6         GROUND 12  4 1A2      13  3 0A1     466520 1 1 1 1 1 0   400.0  400.0
401  971.649990 1.140E-22 1.390E-02.10880.446  101.81570.720.000000             V6         GROUND 12  4 1A1      13  3 0A2     466520 1 1 1 1 1 0   400.0  400.0
401  971.708200 4.310E-22 4.934E-02.09590.436  243.32080.750.000000             V6         GROUND 26  3 1E       26  2 0E      466520 1 1 1 1 1 0   848.0  848.0
401  971.740430 1.430E-23 1.939E-02.08800.204  863.05440.860.000000             V6         GROUND 45  7 1A1      46  6 0A2     466520 1 1 1 1 1 0  1456.0 1456.0
401  971.740430 1.430E-23 1.939E-02.08800.204  863.05440.860.000000             V6         GROUND 45  7 1A2      46  6 0A1     466520 1 1 1 1 1 0  1456.0 1456.0
401  971.767150 4.490E-22 4.929E-02.09670.446  226.74850.730.000000             V6         GROUND 25  3 1E       25  2 0E      466520 1 1 1 1 1 0   816.0  816.0
401  971.814690 3.090E-22 3.034E-02.11450.426   39.96460.730.000000             V6         GROUND 11  2 1E       10  1 0E      466520 1 1 1 1 1 0   368.0  368.0
401  971.823830 4.660E-22 4.928E-02.09750.454  210.81200.720.000000             V6         GROUND 24  3 1E       24  2 0E      466520 1 1 1 1 1 0   784.0  784.0
401  971.871550 1.170E-22 1.712E-02.09740.448  269.09850.710.000000             V6         GROUND 23  5 1E       24  4 0E      466520 1 1 1 1 1 0   752.0  752.0
401  971.878240 4.810E-22 4.923E-02.09840.461  195.51130.710.000000             V6         GROUND 23  3 1E       23  2 0E      466520 1 1 1 1 1 0   752.0  752.0
401  971.898820 5.400E-23 1.849E-02.09070.317  522.96810.860.000000             V6         GROUND 34  6 1E       35  5 0E      466520 1 1 1 1 1 0  1104.0 1104.0
401  971.930370 4.940E-22 4.918E-02.09930.467  180.84670.700.000000             V6         GROUND 22  3 1E       22  2 0E      466520 1 1 1 1 1 0   720.0  720.0
401  971.955560 1.170E-22 2.339E-02.09030.311  429.39280.860.000000             V6         GROUND 37  0 1E       36  1 0E      466520 1 1 1 1 1 0  1200.0 1200.0
401  971.976110 5.560E-22 4.967E-02.09840.464  176.07620.720.000000             V6         GROUND 24  1 1A1      23  0 0A2     466520 1 1 1 1 1 0   784.0  784.0
401  971.979510 2.190E-23 2.247E-02.08730.177  831.11570.860.000000             V6         GROUND 51  1 1E       50  2 0E      466520 1 1 1 1 1 0  1648.0 1648.0
401  971.980240 5.050E-22 4.915E-02.10030.471  166.81850.700.000000             V6         GROUND 21  3 1E       21  2 0E      466520 1 1 1 1 1 0   688.0  688.0
401  972.027840 5.130E-22 4.907E-02.10130.474  153.42670.690.000000             V6         GROUND 20  3 1E       20  2 0E      466520 1 1 1 1 1 0   656.0  656.0
401  972.073170 5.180E-22 4.896E-02.10240.476  140.67150.690.000000             V6         GROUND 19  3 1E       19  2 0E      466520 1 1 1 1 1 0   624.0  624.0
401  972.116230 5.210E-22 4.894E-02.10350.475  128.55300.690.000000             V6         GROUND 18  3 1E       18  2 0E      466520 1 1 1 1 1 0   592.0  592.0
401  972.156840 2.690E-24 1.989E-02.08710.142 1252.74000.860.000000             V6         GROUND 55  8 1E       56  7 0E      355420 1 1 1 1 1 0  1776.0 1776.0
401  972.157030 5.200E-22 4.884E-02.10470.474  117.07160.690.000000             V6         GROUND 17  3 1E       17  2 0E      466520 1 1 1 1 1 0   560.0  560.0
401  972.195550 5.150E-22 4.867E-02.10590.470  106.22720.690.000000             V6         GROUND 16  3 1E       16  2 0E      466520 1 1 1 1 1 0   528.0  528.0
401  972.231810 5.070E-22 4.854E-02.10710.465   96.02000.700.000000             V6         GROUND 15  3 1E       15  2 0E      466520 1 1 1 1 1 0   496.0  496.0
401  972.265800 4.950E-22 4.836E-02.10830.459   86.45010.710.000000             V6         GROUND 14  3 1E       14  2 0E      466520 1 1 1 1 1 0   464.0  464.0
401  972.297530 4.790E-22 4.813E-02.10960.451   77.51770.720.000000             V6         GROUND 13  3 1E       13  2 0E      466520 1 1 1 1 1 0   432.0  432.0
401  972.314780 1.030E-22 1.313E-02.10980.437   93.52140.730.000000             V6         GROUND 11  4 1A1      12  3 0A2     466520 1 1 1 1 1 0   368.0  368.0
401  972.314780 1.030E-22 1.313E-02.10980.437   93.52140.730.000000             V6         GROUND 11  4 1A2      12  3 0A1     466520 1 1 1 1 1 0   368.0  368.0
401  972.326980 4.600E-22 4.795E-02.11080.442   69.22290.720.000000             V6         GROUND 12  3 1E       12  2 0E      466520 1 1 1 1 1 0   400.0  400.0
401  972.354180 4.360E-22 4.760E-02.11210.432   61.56570.730.000000             V6         GROUND 11  3 1E       11  2 0E      466520 1 1 1 1 1 0   368.0  368.0
401  972.379100 4.080E-22 4.715E-02.11350.421   54.54630.730.000000             V6         GROUND 10  3 1E       10  2 0E      466520 1 1 1 1 1 0   336.0  336.0
401  972.401760 3.760E-22 4.656E-02.11500.410   48.16480.740.000000             V6         GROUND  9  3 1E        9  2 0E      466520 1 1 1 1 1 0   304.0  304.0
401  972.422150 3.390E-22 4.563E-02.11640.398   42.42110.730.000000             V6         GROUND  8  3 1E        8  2 0E      466520 1 1 1 1 1 0   272.0  272.0
401  972.425260 3.200E-22 2.995E-02.11290.436   46.98430.720.000000             V6         GROUND 12  2 1E       11  1 0E      466520 1 1 1 1 1 0   400.0  400.0
401  972.440280 2.990E-22 4.450E-02.11760.385   37.31550.720.000000             V6         GROUND  7  3 1E        7  2 0E      466520 1 1 1 1 1 0   240.0  240.0
401  972.456140 2.540E-22 4.268E-02.11850.373   32.84800.710.000000             V6         GROUND  6  3 1E        6  2 0E      466520 1 1 1 1 1 0   208.0  208.0
401  972.469730 2.050E-22 3.996E-02.11870.360   29.01850.680.000000             V6         GROUND  5  3 1E        5  2 0E      466520 1 1 1 1 1 0   176.0  176.0
401  972.472370 1.600E-23 1.927E-02.08810.212  833.83420.860.000000             V6         GROUND 44  7 1A2      45  6 0A1     466520 1 1 1 1 1 0  1424.0 1424.0
401  972.472370 1.600E-23 1.927E-02.08810.212  833.83420.860.000000             V6         GROUND 44  7 1A1      45  6 0A2     466520 1 1 1 1 1 0  1424.0 1424.0
401  972.481060 1.490E-22 3.495E-02.11780.349   25.82730.640.000000             V6         GROUND  4  3 1E        4  2 0E      466520 1 1 1 1 1 0   144.0  144.0
401  972.487870 1.910E-23 2.253E-02.08730.167  863.49320.860.000000             V6         GROUND 52  1 1E       51  2 0E      466520 1 1 1 1 1 0  1680.0 1680.0
401  972.490130 8.370E-23 2.493E-02.11530.339   23.27420.590.000000             V6         GROUND  3  3 1E        3  2 0E      466520 1 1 1 1 1 0   112.0  112.0
401  972.501390 1.070E-22 2.339E-02.08990.298  452.94360.860.000000             V6         GROUND 38  0 1E       37  1 0E      466520 1 1 1 1 1 0  1232.0 1232.0
401  972.547820 5.370E-22 4.971E-02.09750.456  191.37770.730.000000             V6         GROUND 25  1 1A2      24  0 0A1     466520 1 1 1 1 1 0   816.0  816.0
401  972.559640 1.180E-22 1.677E-02.09830.455  253.80030.700.000000             V6         GROUND 22  5 1E       23  4 0E      466520 1 1 1 1 1 0   720.0  720.0
401  972.609280 5.790E-23 1.835E-02.09110.330  500.69090.850.000000             V6         GROUND 33  6 1E       34  5 0E      466520 1 1 1 1 1 0  1072.0 1072.0
401  972.907610 3.120E-24 1.980E-02.08770.142 1217.24940.860.000000             V6         GROUND 54  8 1E       55  7 0E      466520 1 1 1 1 1 0  1744.0 1744.0
401  972.977420 9.080E-23 1.223E-02.11080.425   85.86470.730.000000             V6         GROUND 10  4 1A2      11  3 0A1     466520 1 1 1 1 1 0   336.0  336.0
401  972.977420 9.080E-23 1.223E-02.11080.425   85.86470.730.000000             V6         GROUND 10  4 1A1      11  3 0A2     466520 1 1 1 1 1 0   336.0  336.0
401  972.993460 1.660E-23 2.258E-02.08720.156  896.49850.860.000000             V6         GROUND 53  1 1E       52  2 0E      466520 1 1 1 1 1 0  1712.0 1712.0
401  973.033490 3.280E-22 2.954E-02.11140.446   54.64170.720.000000             V6         GROUND 13  2 1E       12  1 0E      466520 1 1 1 1 1 0   432.0  432.0
401  973.044610 9.800E-23 2.351E-02.08960.286  477.12710.860.000000             V6         GROUND 39  0 1E       38  1 0E      466520 1 1 1 1 1 0  1264.0 1264.0
401  973.116770 5.170E-22 4.982E-02.09670.448  207.31520.750.000000             V6         GROUND 26  1 1A1      25  0 0A2     466520 1 1 1 1 1 0   848.0  848.0
401  973.202400 1.780E-23 1.912E-02.08830.220  805.24380.860.000000             V6         GROUND 43  7 1A2      44  6 0A1     466520 1 1 1 1 1 0  1392.0 1392.0
401  973.202400 1.780E-23 1.912E-02.08830.220  805.24380.860.000000             V6         GROUND 43  7 1A1      44  6 0A2     466520 1 1 1 1 1 0  1392.0 1392.0
401  973.245650 1.190E-22 1.650E-02.09920.460  239.13810.700.000000             V6         GROUND 21  5 1E       22  4 0E      466520 1 1 1 1 1 0   688.0  688.0
401  973.317730 6.170E-23 1.817E-02.09150.344  479.04710.830.000000             V6         GROUND 32  6 1E       33  5 0E      466520 1 1 1 1 1 0  1040.0 1040.0
401  973.496270 1.440E-23 2.266E-02.08710.149  930.13110.860.000000             V6         GROUND 54  1 1E       53  2 0E      466520 1 1 1 1 1 0  1744.0 1744.0
401  973.585180 8.920E-23 2.357E-02.08930.275  501.94300.860.000000             V6         GROUND 40  0 1E       39  1 0E      466520 1 1 1 1 1 0  1296.0 1296.0
401  973.637870 7.750E-23 1.117E-02.11190.413   78.84580.740.000000             V6         GROUND  9  4 1A2      10  3 0A1     466520 1 1 1 1 1 0   304.0  304.0
401  973.637870 7.750E-23 1.117E-02.11190.413   78.84580.740.000000             V6         GROUND  9  4 1A1      10  3 0A2     466520 1 1 1 1 1 0   304.0  304.0
401  973.639340 3.350E-22 2.928E-02.11000.454   62.93690.710.000000             V6         GROUND 14  2 1E       13  1 0E      466520 1 1 1 1 1 0   464.0  464.0
401  973.656520 3.610E-24 1.973E-02.08770.142 1182.38450.860.000000             V6         GROUND 53  8 1E       54  7 0E      466520 1 1 1 1 1 0  1712.0 1712.0
401  973.682920 4.950E-22 4.988E-02.09590.438  223.88840.760.000000             V6         GROUND 27  1 1A2      26  0 0A1     466520 1 1 1 1 1 0   880.0  880.0
401  973.929550 1.190E-22 1.619E-02.10020.464  225.11210.690.000000             V6         GROUND 20  5 1E       21  4 0E      466520 1 1 1 1 1 0   656.0  656.0
401  973.930470 1.980E-23 1.903E-02.08850.229  777.28360.860.000000             V6         GROUND 42  7 1A2      43  6 0A1     466520 1 1 1 1 1 0  1360.0 1360.0
401  973.930470 1.980E-23 1.903E-02.08850.229  777.28360.860.000000             V6         GROUND 42  7 1A1      43  6 0A2     466520 1 1 1 1 1 0  1360.0 1360.0
401  973.996300 1.240E-23 2.266E-02.08710.149  964.39060.860.000000             V6         GROUND 55  1 1E       54  2 0E      466520 1 1 1 1 1 0  1776.0 1776.0
401  974.024160 6.550E-23 1.800E-02.09200.357  458.03690.820.000000             V6         GROUND 31  6 1E       32  5 0E      466520 1 1 1 1 1 0  1008.0 1008.0
401  974.123110 8.090E-23 2.364E-02.08900.264  527.39110.860.000000             V6         GROUND 41  0 1E       40  1 0E      466520 1 1 1 1 1 0  1328.0 1328.0
401  974.242820 3.390E-22 2.898E-02.10860.462   71.86970.700.000000             V6         GROUND 15  2 1E       14  1 0E      466520 1 1 1 1 1 0   496.0  496.0
401  974.246300 4.720E-22 4.995E-02.09520.427  241.09710.770.000000             V6         GROUND 28  1 1A1      27  0 0A2     466520 1 1 1 1 1 0   912.0  912.0
401  974.296140 6.350E-23 9.928E-03.11300.399   72.46470.730.000000             V6         GROUND  8  4 1A1       9  3 0A2     466520 1 1 1 1 1 0   272.0  272.0
401  974.296140 6.350E-23 9.928E-03.11300.399   72.46470.730.000000             V6         GROUND  8  4 1A2       9  3 0A1     466520 1 1 1 1 1 0   272.0  272.0
401  974.403550 4.160E-24 1.965E-02.08770.142 1148.14560.860.000000             V6         GROUND 52  8 1E       53  7 0E      466520 1 1 1 1 1 0  1680.0 1680.0
401  974.404950 2.420E-22 7.169E-02.11060.328   21.35940.590.000000             V6         GROUND  3  3 1E        2  2 0E      466520 1 1 1 1 1 0   112.0  112.0
401  974.493520 1.070E-23 2.278E-02.08710.149  999.27670.860.000000             V6         GROUND 56  1 1E       55  2 0E      466520 1 1 1 1 1 0  1808.0 1808.0
401  974.611360 1.170E-22 1.570E-02.10120.467  211.72240.690.000000             V6         GROUND 19  5 1E       20  4 0E      466520 1 1 1 1 1 0   624.0  624.0
401  974.656600 2.190E-23 1.890E-02.08860.237  749.95390.860.000000             V6         GROUND 41  7 1A2      42  6 0A1     466520 1 1 1 1 1 0  1328.0 1328.0
401  974.656600 2.190E-23 1.890E-02.08860.237  749.95390.860.000000             V6         GROUND 41  7 1A1      42  6 0A2     466520 1 1 1 1 1 0  1328.0 1328.0
401  974.658390 7.310E-23 2.370E-02.08870.253  553.47100.860.000000             V6         GROUND 42  0 1E       41  1 0E      466520 1 1 1 1 1 0  1360.0 1360.0
401  974.728570 6.920E-23 1.781E-02.09250.370  437.66070.800.000000             V6         GROUND 30  6 1E       31  5 0E      466520 1 1 1 1 1 0   976.0  976.0
401  974.806870 4.480E-22 5.001E-02.09450.416  258.94110.790.000000             V6         GROUND 29  1 1A2      28  0 0A1     466520 1 1 1 1 1 0   944.0  944.0
401  974.843910 3.420E-22 2.881E-02.10730.468   81.43990.690.000000             V6         GROUND 16  2 1E       15  1 0E      466520 1 1 1 1 1 0   528.0  528.0
401  974.952210 4.900E-23 8.455E-03.11400.383   66.72150.720.000000             V6         GROUND  7  4 1A2       8  3 0A1     466520 1 1 1 1 1 0   240.0  240.0
401  974.952210 4.900E-23 8.455E-03.11400.383   66.72150.720.000000             V6         GROUND  7  4 1A1       8  3 0A2     466520 1 1 1 1 1 0   240.0  240.0
401  974.987940 9.180E-24 2.284E-02.08650.149 1034.78880.860.000000             V6         GROUND 57  1 1E       56  2 0E      355420 1 1 1 1 1 0  1840.0 1840.0
401  975.034130 2.520E-22 5.868E-02.11530.339   23.27420.640.000000             V6         GROUND  4  3 1E        3  2 0E      466520 1 1 1 1 1 0   144.0  144.0
401  975.148710 4.780E-24 1.957E-02.08770.148 1114.53330.860.000000             V6         GROUND 51  8 1E       52  7 0E      466520 1 1 1 1 1 0  1648.0 1648.0
401  975.190990 6.580E-23 2.376E-02.08850.244  580.18240.860.000000             V6         GROUND 43  0 1E       42  1 0E      466520 1 1 1 1 1 0  1392.0 1392.0
401  975.291060 1.150E-22 1.531E-02.10230.468  198.96930.690.000000             V6         GROUND 18  5 1E       19  4 0E      466520 1 1 1 1 1 0   592.0  592.0
401  975.364640 4.230E-22 5.002E-02.09380.404  277.42030.800.000000             V6         GROUND 30  1 1A1      29  0 0A2     466520 1 1 1 1 1 0   976.0  976.0
401  975.380790 2.420E-23 1.882E-02.08890.247  723.25510.860.000000             V6         GROUND 40  7 1A2      41  6 0A1     466520 1 1 1 1 1 0  1296.0 1296.0
401  975.380790 2.420E-23 1.882E-02.08890.247  723.25510.860.000000             V6         GROUND 40  7 1A1      41  6 0A2     466520 1 1 1 1 1 0  1296.0 1296.0
401  975.430960 7.270E-23 1.760E-02.09310.383  417.91870.790.000000             V6         GROUND 29  6 1E       30  5 0E      466520 1 1 1 1 1 0   944.0  944.0
401  975.442620 3.420E-22 2.858E-02.10600.472   91.64750.690.000000             V6         GROUND 17  2 1E       16  1 0E      466520 1 1 1 1 1 0   560.0  560.0
401  975.479540 7.850E-24 2.291E-02.08650.149 1070.92650.860.000000             V6         GROUND 58  1 1E       57  2 0E      355420 1 1 1 1 1 0  1872.0 1872.0
401  975.606090 3.450E-23 6.709E-03.11460.367   61.61620.710.000000             V6         GROUND  6  4 1A1       7  3 0A2     466520 1 1 1 1 1 0   208.0  208.0
401  975.606090 3.450E-23 6.709E-03.11460.367   61.61620.710.000000             V6         GROUND  6  4 1A2       7  3 0A1     466520 1 1 1 1 1 0   208.0  208.0
401  975.661000 2.650E-22 5.119E-02.11780.349   25.82730.680.000000             V6         GROUND  5  3 1E        4  2 0E      466520 1 1 1 1 1 0   176.0  176.0
401  975.720920 5.900E-23 2.381E-02.08830.235  607.52490.860.000000             V6         GROUND 44  0 1E       43  1 0E      466520 1 1 1 1 1 0  1424.0 1424.0
401  975.891960 5.470E-24 1.949E-02.08780.160 1081.54800.860.000000             V6         GROUND 50  8 1E       51  7 0E      466520 1 1 1 1 1 0  1616.0 1616.0
401  975.919600 3.980E-22 5.006E-02.09320.391  296.53430.820.000000             V6         GROUND 31  1 1A2      30  0 0A1     466520 1 1 1 1 1 0  1008.0 1008.0
401  975.968300 6.690E-24 2.297E-02.08650.149 1107.68940.860.000000             V6         GROUND 59  1 1E       58  2 0E      355420 1 1 1 1 1 0  1904.0 1904.0
401  975.968650 1.120E-22 1.488E-02.10340.467  186.85280.690.000000             V6         GROUND 17  5 1E       18  4 0E      466520 1 1 1 1 1 0   560.0  560.0
401  976.038910 3.410E-22 2.845E-02.10480.476  102.49240.690.000000             V6         GROUND 18  2 1E       17  1 0E      466520 1 1 1 1 1 0   592.0  592.0
401  976.101350 1.100E-23 5.098E-02.08660.148 1169.30310.860.000000             V6         GROUND 59  4 1A1      59  3 0A2     355420 1 1 1 1 1 0  1904.0 1904.0
401  976.101350 1.100E-23 5.098E-02.08660.148 1169.30310.860.000000             V6         GROUND 59  4 1A2      59  3 0A1     355420 1 1 1 1 1 0  1904.0 1904.0
401  976.103010 2.650E-23 1.864E-02.08910.254  697.18750.860.000000             V6         GROUND 39  7 1A1      40  6 0A2     466520 1 1 1 1 1 0  1264.0 1264.0
401  976.103010 2.650E-23 1.864E-02.08910.254  697.18750.860.000000             V6         GROUND 39  7 1A2      40  6 0A1     466520 1 1 1 1 1 0  1264.0 1264.0
401  976.131320 7.600E-23 1.738E-02.09370.396  398.81100.770.000000             V6         GROUND 28  6 1E       29  5 0E      466520 1 1 1 1 1 0   912.0  912.0
401  976.235800 1.290E-23 5.072E-02.08650.148 1131.91800.860.000000             V6         GROUND 58  4 1A1      58  3 0A2     355420 1 1 1 1 1 0  1872.0 1872.0
401  976.235800 1.290E-23 5.072E-02.08650.148 1131.91800.860.000000             V6         GROUND 58  4 1A2      58  3 0A1     355420 1 1 1 1 1 0  1872.0 1872.0
401  976.248150 5.270E-23 2.386E-02.08810.226  635.49830.860.000000             V6         GROUND 45  0 1E       44  1 0E      466520 1 1 1 1 1 0  1456.0 1456.0
401  976.257750 2.060E-23 4.639E-03.11420.349   57.14890.680.000000             V6         GROUND  5  4 1A1       6  3 0A2     466520 1 1 1 1 1 0   176.0  176.0
401  976.257750 2.060E-23 4.639E-03.11420.349   57.14890.680.000000             V6         GROUND  5  4 1A2       6  3 0A1     466520 1 1 1 1 1 0   176.0  176.0
401  976.285570 2.800E-22 4.654E-02.11870.360   29.01850.710.000000             V6         GROUND  6  3 1E        5  2 0E      466520 1 1 1 1 1 0   208.0  208.0
401  976.367920 1.520E-23 5.086E-02.08650.148 1095.15760.860.000000             V6         GROUND 57  4 1A2      57  3 0A1     355420 1 1 1 1 1 0  1840.0 1840.0
401  976.367920 1.520E-23 5.086E-02.08650.148 1095.15760.860.000000             V6         GROUND 57  4 1A1      57  3 0A2     355420 1 1 1 1 1 0  1840.0 1840.0
401  976.471730 3.730E-22 5.011E-02.09260.378  316.28300.830.000000             V6         GROUND 32  1 1A1      31  0 0A2     466520 1 1 1 1 1 0  1040.0 1040.0
401  976.497740 1.780E-23 5.087E-02.08650.148 1059.02240.860.000000             V6         GROUND 56  4 1A1      56  3 0A2     355420 1 1 1 1 1 0  1808.0 1808.0
401  976.497740 1.780E-23 5.087E-02.08650.148 1059.02240.860.000000             V6         GROUND 56  4 1A2      56  3 0A1     355420 1 1 1 1 1 0  1808.0 1808.0
401  976.625250 2.080E-23 5.093E-02.08710.148 1023.51260.860.000000             V6         GROUND 55  4 1A2      55  3 0A1     466520 1 1 1 1 1 0  1776.0 1776.0
401  976.625250 2.080E-23 5.093E-02.08710.148 1023.51260.860.000000             V6         GROUND 55  4 1A1      55  3 0A2     466520 1 1 1 1 1 0  1776.0 1776.0
401  976.632800 3.380E-22 2.832E-02.10360.477  113.97430.690.000000             V6         GROUND 19  2 1E       18  1 0E      466520 1 1 1 1 1 0   624.0  624.0
401  976.633330 6.240E-24 1.941E-02.08780.170 1049.19010.860.000000             V6         GROUND 49  8 1E       50  7 0E      466520 1 1 1 1 1 0  1584.0 1584.0
401  976.644100 1.070E-22 1.428E-02.10460.465  175.37320.690.000000             V6         GROUND 16  5 1E       17  4 0E      466520 1 1 1 1 1 0   528.0  528.0
401  976.750440 2.410E-23 5.073E-02.08720.148  988.62890.860.000000             V6         GROUND 54  4 1A2      54  3 0A1     466520 1 1 1 1 1 0  1744.0 1744.0
401  976.750440 2.410E-23 5.073E-02.08720.148  988.62890.860.000000             V6         GROUND 54  4 1A1      54  3 0A2     466520 1 1 1 1 1 0  1744.0 1744.0
401  976.772690 4.690E-23 2.390E-02.08790.218  664.10210.860.000000             V6         GROUND 46  0 1E       45  1 0E      466520 1 1 1 1 1 0  1488.0 1488.0
401  976.823270 2.900E-23 1.852E-02.08930.264  671.75140.860.000000             V6         GROUND 38  7 1A2      39  6 0A1     466520 1 1 1 1 1 0  1232.0 1232.0
401  976.823270 2.900E-23 1.852E-02.08930.264  671.75140.860.000000             V6         GROUND 38  7 1A1      39  6 0A2     466520 1 1 1 1 1 0  1232.0 1232.0
401  976.829620 7.900E-23 1.714E-02.09430.407  380.33810.760.000000             V6         GROUND 27  6 1E       28  5 0E      466520 1 1 1 1 1 0   880.0  880.0
401  976.873330 2.800E-23 5.085E-02.08720.148  954.37170.860.000000             V6         GROUND 53  4 1A2      53  3 0A1     466520 1 1 1 1 1 0  1712.0 1712.0
401  976.873330 2.800E-23 5.085E-02.08720.148  954.37170.860.000000             V6         GROUND 53  4 1A1      53  3 0A2     466520 1 1 1 1 1 0  1712.0 1712.0
401  976.907190 8.390E-24 2.270E-03.11220.329   53.31970.640.000000             V6         GROUND  4  4 1A1       5  3 0A2     466520 1 1 1 1 1 0   144.0  144.0
401  976.907190 8.390E-24 2.270E-03.11220.329   53.31970.640.000000             V6         GROUND  4  4 1A2       5  3 0A1     466520 1 1 1 1 1 0   144.0  144.0
401  976.907840 2.950E-22 4.334E-02.11850.373   32.84800.720.000000             V6         GROUND  7  3 1E        6  2 0E      466520 1 1 1 1 1 0   240.0  240.0
401  976.993920 3.240E-23 5.093E-02.08730.155  920.74130.860.000000             V6         GROUND 52  4 1A1      52  3 0A2     466520 1 1 1 1 1 0  1680.0 1680.0
401  976.993920 3.240E-23 5.093E-02.08730.155  920.74130.860.000000             V6         GROUND 52  4 1A2      52  3 0A1     466520 1 1 1 1 1 0  1680.0 1680.0
401  977.021040 3.490E-22 5.028E-02.09210.364  336.66610.850.000000             V6         GROUND 33  1 1A2      32  0 0A1     466520 1 1 1 1 1 0  1072.0 1072.0
401  977.027170 9.820E-25 2.000E-02.08760.140 1473.49570.860.000000             V6         GROUND 59  9 1E       60  8 0E      355420 1 1 1 1 1 0  1904.0 1904.0
401  977.112210 3.730E-23 5.092E-02.08730.167  887.73830.860.000000             V6         GROUND 51  4 1A1      51  3 0A2     466520 1 1 1 1 1 0  1648.0 1648.0
401  977.112210 3.730E-23 5.092E-02.08730.167  887.73830.860.000000             V6         GROUND 51  4 1A2      51  3 0A1     466520 1 1 1 1 1 0  1648.0 1648.0
401  977.224260 3.330E-22 2.818E-02.10240.478  126.09320.690.000000             V6         GROUND 20  2 1E       19  1 0E      466520 1 1 1 1 1 0   656.0  656.0
401  977.228200 4.280E-23 5.092E-02.08740.176  855.36300.860.000000             V6         GROUND 50  4 1A1      50  3 0A2     466520 1 1 1 1 1 0  1616.0 1616.0
401  977.228200 4.280E-23 5.092E-02.08740.176  855.36300.860.000000             V6         GROUND 50  4 1A2      50  3 0A1     466520 1 1 1 1 1 0  1616.0 1616.0
401  977.294510 4.170E-23 2.400E-02.08770.210  693.33600.860.000000             V6         GROUND 47  0 1E       46  1 0E      466520 1 1 1 1 1 0  1520.0 1520.0
401  977.317440 1.020E-22 1.377E-02.10540.461  164.53050.700.000000             V6         GROUND 15  5 1E       16  4 0E      466520 1 1 1 1 1 0   496.0  496.0
401  977.341880 4.890E-23 5.088E-02.08750.185  823.61580.860.000000             V6         GROUND 49  4 1A2      49  3 0A1     466520 1 1 1 1 1 0  1584.0 1584.0
401  977.341880 4.890E-23 5.088E-02.08750.185  823.61580.860.000000             V6         GROUND 49  4 1A1      49  3 0A2     466520 1 1 1 1 1 0  1584.0 1584.0
401  977.372800 7.090E-24 1.932E-02.08790.178 1017.46000.860.000000             V6         GROUND 48  8 1E       49  7 0E      466520 1 1 1 1 1 0  1552.0 1552.0
401  977.453280 5.570E-23 5.086E-02.08760.193  792.49710.860.000000             V6         GROUND 48  4 1A1      48  3 0A2     466520 1 1 1 1 1 0  1552.0 1552.0
401  977.453280 5.570E-23 5.086E-02.08760.193  792.49710.860.000000             V6         GROUND 48  4 1A2      48  3 0A1     466520 1 1 1 1 1 0  1552.0 1552.0
401  977.525880 8.160E-23 1.687E-02.09500.418  362.50000.750.000000             V6         GROUND 26  6 1E       27  5 0E      466520 1 1 1 1 1 0   848.0  848.0
401  977.527770 3.090E-22 4.099E-02.11760.385   37.31550.730.000000             V6         GROUND  8  3 1E        7  2 0E      466520 1 1 1 1 1 0   272.0  272.0
401  977.541550 3.160E-23 1.840E-02.08960.276  646.94710.860.000000             V6         GROUND 37  7 1A2      38  6 0A1     466520 1 1 1 1 1 0  1200.0 1200.0
401  977.541550 3.160E-23 1.840E-02.08960.276  646.94710.860.000000             V6         GROUND 37  7 1A1      38  6 0A2     466520 1 1 1 1 1 0  1200.0 1200.0
401  977.562380 6.330E-23 5.090E-02.08770.201  762.00740.860.000000             V6         GROUND 47  4 1A1      47  3 0A2     466520 1 1 1 1 1 0  1520.0 1520.0
401  977.562380 6.330E-23 5.090E-02.08770.201  762.00740.860.000000             V6         GROUND 47  4 1A2      47  3 0A1     466520 1 1 1 1 1 0  1520.0 1520.0
401  977.567500 3.240E-22 5.026E-02.09160.351  357.68330.860.000000             V6         GROUND 34  1 1A1      33  0 0A2     466520 1 1 1 1 1 0  1104.0 1104.0
401  977.669190 7.160E-23 5.088E-02.08780.209  732.14690.860.000000             V6         GROUND 46  4 1A1      46  3 0A2     466520 1 1 1 1 1 0  1488.0 1488.0
401  977.669190 7.160E-23 5.088E-02.08780.209  732.14690.860.000000             V6         GROUND 46  4 1A2      46  3 0A1     466520 1 1 1 1 1 0  1488.0 1488.0
401  977.773700 8.080E-23 5.091E-02.08800.217  702.91610.860.000000             V6         GROUND 45  4 1A2      45  3 0A1     466520 1 1 1 1 1 0  1456.0 1456.0
401  977.773700 8.080E-23 5.091E-02.08800.217  702.91610.860.000000             V6         GROUND 45  4 1A1      45  3 0A2     466520 1 1 1 1 1 0  1456.0 1456.0
401  977.785200 1.160E-24 2.001E-02.08750.139 1435.51450.860.000000             V6         GROUND 58  9 1E       59  8 0E      355420 1 1 1 1 1 0  1872.0 1872.0
401  977.813320 3.270E-22 2.811E-02.10140.476  138.84890.700.000000             V6         GROUND 21  2 1E       20  1 0E      466520 1 1 1 1 1 0   688.0  688.0
401  977.813600 3.680E-23 2.401E-02.08760.203  723.19970.860.000000             V6         GROUND 48  0 1E       47  1 0E      466520 1 1 1 1 1 0  1552.0 1552.0
401  977.875920 9.080E-23 5.092E-02.08810.225  674.31540.860.000000             V6         GROUND 44  4 1A1      44  3 0A2     466520 1 1 1 1 1 0  1424.0 1424.0
401  977.875920 9.080E-23 5.092E-02.08810.225  674.31540.860.000000             V6         GROUND 44  4 1A2      44  3 0A1     466520 1 1 1 1 1 0  1424.0 1424.0
401  977.975870 1.020E-22 5.109E-02.08830.233  646.34510.860.000000             V6         GROUND 43  4 1A1      43  3 0A2     466520 1 1 1 1 1 0  1392.0 1392.0
401  977.975870 1.020E-22 5.109E-02.08830.233  646.34510.860.000000             V6         GROUND 43  4 1A2      43  3 0A1     466520 1 1 1 1 1 0  1392.0 1392.0
401  977.988620 9.530E-23 1.310E-02.10640.456  154.32500.710.000000             V6         GROUND 14  5 1E       15  4 0E      466520 1 1 1 1 1 0   464.0  464.0
401  978.073510 1.130E-22 5.073E-02.08850.242  619.00550.860.000000             V6         GROUND 42  4 1A1      42  3 0A2     466520 1 1 1 1 1 0  1360.0 1360.0
401  978.073510 1.130E-22 5.073E-02.08850.242  619.00550.860.000000             V6         GROUND 42  4 1A2      42  3 0A1     466520 1 1 1 1 1 0  1360.0 1360.0
401  978.110360 8.020E-24 1.921E-02.08790.186  986.35800.860.000000             V6         GROUND 47  8 1E       48  7 0E      466520 1 1 1 1 1 0  1520.0 1520.0
401  978.111100 3.000E-22 5.030E-02.09110.337  379.33440.870.000000             V6         GROUND 35  1 1A2      34  0 0A1     466520 1 1 1 1 1 0  1136.0 1136.0
401  978.145380 3.210E-22 3.911E-02.11640.398   42.42110.740.000000             V6         GROUND  9  3 1E        8  2 0E      466520 1 1 1 1 1 0   304.0  304.0
401  978.168870 1.260E-22 5.088E-02.08870.252  592.29700.860.000000             V6         GROUND 41  4 1A1      41  3 0A2     466520 1 1 1 1 1 0  1328.0 1328.0
401  978.168870 1.260E-22 5.088E-02.08870.252  592.29700.860.000000             V6         GROUND 41  4 1A2      41  3 0A1     466520 1 1 1 1 1 0  1328.0 1328.0
401  978.220090 8.380E-23 1.658E-02.09580.428  345.29710.730.000000             V6         GROUND 25  6 1E       26  5 0E      466520 1 1 1 1 1 0   816.0  816.0
401  978.257850 3.420E-23 1.821E-02.08990.288  622.77500.860.000000             V6         GROUND 36  7 1A1      37  6 0A2     466520 1 1 1 1 1 0  1168.0 1168.0
401  978.257850 3.420E-23 1.821E-02.08990.288  622.77500.860.000000             V6         GROUND 36  7 1A2      37  6 0A1     466520 1 1 1 1 1 0  1168.0 1168.0
401  978.261960 1.400E-22 5.105E-02.08900.261  566.21990.860.000000             V6         GROUND 40  4 1A1      40  3 0A2     466520 1 1 1 1 1 0  1296.0 1296.0
401  978.261960 1.400E-22 5.105E-02.08900.261  566.21990.860.000000             V6         GROUND 40  4 1A2      40  3 0A1     466520 1 1 1 1 1 0  1296.0 1296.0
401  978.329960 3.250E-23 2.412E-02.08750.195  753.69270.860.000000             V6         GROUND 49  0 1E       48  1 0E      466520 1 1 1 1 1 0  1584.0 1584.0
401  978.352750 1.540E-22 5.088E-02.08930.272  540.77450.860.000000             V6         GROUND 39  4 1A1      39  3 0A2     466520 1 1 1 1 1 0  1264.0 1264.0
401  978.352750 1.540E-22 5.088E-02.08930.272  540.77450.860.000000             V6         GROUND 39  4 1A2      39  3 0A1     466520 1 1 1 1 1 0  1264.0 1264.0
401  978.399930 3.190E-22 2.800E-02.10030.473  152.24130.700.000000             V6         GROUND 22  2 1E       21  1 0E      466520 1 1 1 1 1 0   720.0  720.0
401  978.441270 1.690E-22 5.079E-02.08960.284  515.96130.860.000000             V6         GROUND 38  4 1A1      38  3 0A2     466520 1 1 1 1 1 0  1232.0 1232.0
401  978.441270 1.690E-22 5.079E-02.08960.284  515.96130.860.000000             V6         GROUND 38  4 1A2      38  3 0A1     466520 1 1 1 1 1 0  1232.0 1232.0
401  978.527500 1.850E-22 5.076E-02.08990.296  491.78040.860.000000             V6         GROUND 37  4 1A1      37  3 0A2     466520 1 1 1 1 1 0  1200.0 1200.0
401  978.527500 1.850E-22 5.076E-02.08990.296  491.78040.860.000000             V6         GROUND 37  4 1A2      37  3 0A1     466520 1 1 1 1 1 0  1200.0 1200.0
401  978.541400 1.360E-24 1.994E-02.08750.139 1398.15710.860.000000             V6         GROUND 57  9 1E       58  8 0E      355420 1 1 1 1 1 0  1840.0 1840.0
401  978.611450 2.020E-22 5.079E-02.09030.308  468.23210.860.000000             V6         GROUND 36  4 1A2      36  3 0A1     466520 1 1 1 1 1 0  1168.0 1168.0
401  978.611450 2.020E-22 5.079E-02.09030.308  468.23210.860.000000             V6         GROUND 36  4 1A1      36  3 0A2     466520 1 1 1 1 1 0  1168.0 1168.0
401  978.651860 2.770E-22 5.039E-02.09070.324  401.61910.860.000000             V6         GROUND 36  1 1A1      35  0 0A2     466520 1 1 1 1 1 0  1168.0 1168.0
401  978.657670 8.750E-23 1.235E-02.10720.449  144.75670.720.000000             V6         GROUND 13  5 1E       14  4 0E      466520 1 1 1 1 1 0   432.0  432.0
401  978.693130 2.200E-22 5.089E-02.09070.322  445.31690.870.000000             V6         GROUND 35  4 1A2      35  3 0A1     466520 1 1 1 1 1 0  1136.0 1136.0
401  978.693130 2.200E-22 5.089E-02.09070.322  445.31690.870.000000             V6         GROUND 35  4 1A1      35  3 0A2     466520 1 1 1 1 1 0  1136.0 1136.0
401  978.760650 3.330E-22 3.779E-02.11500.410   48.16480.730.000000             V6         GROUND 10  3 1E        9  2 0E      466520 1 1 1 1 1 0   336.0  336.0
401  978.772520 2.380E-22 5.084E-02.09110.335  423.03490.860.000000             V6         GROUND 34  4 1A1      34  3 0A2     466520 1 1 1 1 1 0  1104.0 1104.0
401  978.772520 2.380E-22 5.084E-02.09110.335  423.03490.860.000000             V6         GROUND 34  4 1A2      34  3 0A1     466520 1 1 1 1 1 0  1104.0 1104.0
401  978.843560 2.850E-23 2.414E-02.08740.186  784.81470.860.000000             V6         GROUND 50  0 1E       49  1 0E      466520 1 1 1 1 1 0  1616.0 1616.0
401  978.846010 9.050E-24 1.912E-02.08800.194  955.88460.860.000000             V6         GROUND 46  8 1E       47  7 0E      466520 1 1 1 1 1 0  1488.0 1488.0
401  978.849630 2.570E-22 5.090E-02.09160.348  401.38640.850.000000             V6         GROUND 33  4 1A1      33  3 0A2     466520 1 1 1 1 1 0  1072.0 1072.0
401  978.849630 2.570E-22 5.090E-02.09160.348  401.38640.850.000000             V6         GROUND 33  4 1A2      33  3 0A1     466520 1 1 1 1 1 0  1072.0 1072.0
401  978.912220 8.560E-23 1.629E-02.09650.436  328.72950.720.000000             V6         GROUND 24  6 1E       25  5 0E      466520 1 1 1 1 1 0   784.0  784.0
401  978.924480 2.760E-22 5.088E-02.09210.362  380.37170.830.000000             V6         GROUND 32  4 1A2      32  3 0A1     466520 1 1 1 1 1 0  1040.0 1040.0
401  978.924480 2.760E-22 5.088E-02.09210.362  380.37170.830.000000             V6         GROUND 32  4 1A1      32  3 0A2     466520 1 1 1 1 1 0  1040.0 1040.0
401  978.972180 3.690E-23 1.805E-02.09030.300  599.23530.870.000000             V6         GROUND 35  7 1A1      36  6 0A2     466520 1 1 1 1 1 0  1136.0 1136.0
401  978.972180 3.690E-23 1.805E-02.09030.300  599.23530.870.000000             V6         GROUND 35  7 1A2      36  6 0A1     466520 1 1 1 1 1 0  1136.0 1136.0
401  978.984100 3.100E-22 2.792E-02.09930.469  166.27010.710.000000             V6         GROUND 23  2 1E       22  1 0E      466520 1 1 1 1 1 0   752.0  752.0
401  978.997040 2.950E-22 5.083E-02.09260.375  359.99110.820.000000             V6         GROUND 31  4 1A2      31  3 0A1     466520 1 1 1 1 1 0  1008.0 1008.0
401  978.997040 2.950E-22 5.083E-02.09260.375  359.99110.820.000000             V6         GROUND 31  4 1A1      31  3 0A2     466520 1 1 1 1 1 0  1008.0 1008.0
401  979.067330 3.140E-22 5.077E-02.09320.388  340.24480.800.000000             V6         GROUND 30  4 1A2      30  3 0A1     466520 1 1 1 1 1 0   976.0  976.0
401  979.067330 3.140E-22 5.077E-02.09320.388  340.24480.800.000000             V6         GROUND 30  4 1A1      30  3 0A2     466520 1 1 1 1 1 0   976.0  976.0
401  979.135350 3.330E-22 5.073E-02.09380.401  321.13310.790.000000             V6         GROUND 29  4 1A1      29  3 0A2     466520 1 1 1 1 1 0   944.0  944.0
401  979.135350 3.330E-22 5.073E-02.09380.401  321.13310.790.000000             V6         GROUND 29  4 1A2      29  3 0A1     466520 1 1 1 1 1 0   944.0  944.0
401  979.189750 2.550E-22 5.053E-02.09030.311  424.53710.860.000000             V6         GROUND 37  1 1A2      36  0 0A1     466520 1 1 1 1 1 0  1200.0 1200.0
401  979.201090 3.510E-22 5.060E-02.09440.413  302.65620.770.000000             V6         GROUND 28  4 1A2      28  3 0A1     466520 1 1 1 1 1 0   912.0  912.0
401  979.201090 3.510E-22 5.060E-02.09440.413  302.65620.770.000000             V6         GROUND 28  4 1A1      28  3 0A2     466520 1 1 1 1 1 0   912.0  912.0
401  979.264560 3.690E-22 5.056E-02.09510.424  284.81430.760.000000             V6         GROUND 27  4 1A2      27  3 0A1     466520 1 1 1 1 1 0   880.0  880.0
401  979.264560 3.690E-22 5.056E-02.09510.424  284.81430.760.000000             V6         GROUND 27  4 1A1      27  3 0A2     466520 1 1 1 1 1 0   880.0  880.0
401  979.295730 1.580E-24 1.975E-02.08740.139 1361.42380.860.000000             V6         GROUND 56  9 1E       57  8 0E      355420 1 1 1 1 1 0  1808.0 1808.0
401  979.324560 7.880E-23 1.152E-02.10780.440  135.82570.720.000000             V6         GROUND 12  5 1E       13  4 0E      466520 1 1 1 1 1 0   400.0  400.0
401  979.325750 3.870E-22 5.062E-02.09590.434  267.60770.750.000000             V6         GROUND 26  4 1A1      26  3 0A2     466520 1 1 1 1 1 0   848.0  848.0
401  979.325750 3.870E-22 5.062E-02.09590.434  267.60770.750.000000             V6         GROUND 26  4 1A2      26  3 0A1     466520 1 1 1 1 1 0   848.0  848.0
401  979.354410 2.490E-23 2.416E-02.08730.178  816.56530.860.000000             V6         GROUND 51  0 1E       50  1 0E      466520 1 1 1 1 1 0  1648.0 1648.0
401  979.373580 3.420E-22 3.660E-02.11350.421   54.54630.730.000000             V6         GROUND 11  3 1E       10  2 0E      466520 1 1 1 1 1 0   368.0  368.0
401  979.384680 4.030E-22 5.055E-02.09660.444  251.03650.730.000000             V6         GROUND 25  4 1A2      25  3 0A1     466520 1 1 1 1 1 0   816.0  816.0
401  979.384680 4.030E-22 5.055E-02.09660.444  251.03650.730.000000             V6         GROUND 25  4 1A1      25  3 0A2     466520 1 1 1 1 1 0   816.0  816.0
401  979.441340 4.170E-22 5.039E-02.09750.452  235.10100.720.000000             V6         GROUND 24  4 1A1      24  3 0A2     466520 1 1 1 1 1 0   784.0  784.0
401  979.441340 4.170E-22 5.039E-02.09750.452  235.10100.720.000000             V6         GROUND 24  4 1A2      24  3 0A1     466520 1 1 1 1 1 0   784.0  784.0
401  979.495720 4.310E-22 5.041E-02.09830.459  219.80130.710.000000             V6         GROUND 23  4 1A2      23  3 0A1     466520 1 1 1 1 1 0   752.0  752.0
401  979.495720 4.310E-22 5.041E-02.09830.459  219.80130.710.000000             V6         GROUND 23  4 1A1      23  3 0A2     466520 1 1 1 1 1 0   752.0  752.0
401  979.547840 4.420E-22 5.028E-02.09930.464  205.13780.700.000000             V6         GROUND 22  4 1A2      22  3 0A1     466520 1 1 1 1 1 0   720.0  720.0
401  979.547840 4.420E-22 5.028E-02.09930.464  205.13780.700.000000             V6         GROUND 22  4 1A1      22  3 0A2     466520 1 1 1 1 1 0   720.0  720.0
401  979.565830 3.000E-22 2.786E-02.09840.463  180.93530.720.000000             V6         GROUND 24  2 1E       23  1 0E      466520 1 1 1 1 1 0   784.0  784.0
401  979.579730 1.020E-23 1.908E-02.08810.202  926.04020.860.000000             V6         GROUND 45  8 1E       46  7 0E      466520 1 1 1 1 1 0  1456.0 1456.0
401  979.597690 4.510E-22 5.016E-02.10020.469  191.11040.700.000000             V6         GROUND 21  4 1A2      21  3 0A1     466520 1 1 1 1 1 0   688.0  688.0
401  979.597690 4.510E-22 5.016E-02.10020.469  191.11040.700.000000             V6         GROUND 21  4 1A1      21  3 0A2     466520 1 1 1 1 1 0   688.0  688.0
401  979.602290 8.670E-23 1.594E-02.09730.444  312.79740.710.000000             V6         GROUND 23  6 1E       24  5 0E      466520 1 1 1 1 1 0   752.0  752.0
401  979.645270 4.580E-22 5.006E-02.10130.471  177.71950.690.000000             V6         GROUND 20  4 1A2      20  3 0A1     466520 1 1 1 1 1 0   656.0  656.0
401  979.645270 4.580E-22 5.006E-02.10130.471  177.71950.690.000000             V6         GROUND 20  4 1A1      20  3 0A2     466520 1 1 1 1 1 0   656.0  656.0
401  979.684510 3.960E-23 1.785E-02.09070.314  576.32830.860.000000             V6         GROUND 34  7 1A2      35  6 0A1     466520 1 1 1 1 1 0  1104.0 1104.0
401  979.684510 3.960E-23 1.785E-02.09070.314  576.32830.860.000000             V6         GROUND 34  7 1A1      35  6 0A2     466520 1 1 1 1 1 0  1104.0 1104.0
401  979.690580 4.620E-22 4.990E-02.10230.472  164.96520.690.000000             V6         GROUND 19  4 1A2      19  3 0A1     466520 1 1 1 1 1 0   624.0  624.0
401  979.690580 4.620E-22 4.990E-02.10230.472  164.96520.690.000000             V6         GROUND 19  4 1A1      19  3 0A2     466520 1 1 1 1 1 0   624.0  624.0
401  979.724760 2.330E-22 5.048E-02.08990.298  448.08820.860.000000             V6         GROUND 38  1 1A1      37  0 0A2     466520 1 1 1 1 1 0  1232.0 1232.0
401  979.733620 4.630E-22 4.970E-02.10350.472  152.84760.690.000000             V6         GROUND 18  4 1A2      18  3 0A1     466520 1 1 1 1 1 0   592.0  592.0
401  979.733620 4.630E-22 4.970E-02.10350.472  152.84760.690.000000             V6         GROUND 18  4 1A1      18  3 0A2     466520 1 1 1 1 1 0   592.0  592.0
401  979.774400 4.610E-22 4.948E-02.10470.470  141.36690.690.000000             V6         GROUND 17  4 1A1      17  3 0A2     466520 1 1 1 1 1 0   560.0  560.0
401  979.774400 4.610E-22 4.948E-02.10470.470  141.36690.690.000000             V6         GROUND 17  4 1A2      17  3 0A1     466520 1 1 1 1 1 0   560.0  560.0
401  979.812900 4.560E-22 4.925E-02.10570.467  130.52320.690.000000             V6         GROUND 16  4 1A2      16  3 0A1     466520 1 1 1 1 1 0   528.0  528.0
401  979.812900 4.560E-22 4.925E-02.10570.467  130.52320.690.000000             V6         GROUND 16  4 1A1      16  3 0A2     466520 1 1 1 1 1 0   528.0  528.0
401  979.849150 4.470E-22 4.891E-02.10680.461  120.31670.700.000000             V6         GROUND 15  4 1A1      15  3 0A2     466520 1 1 1 1 1 0   496.0  496.0
401  979.849150 4.470E-22 4.891E-02.10680.461  120.31670.700.000000             V6         GROUND 15  4 1A2      15  3 0A1     466520 1 1 1 1 1 0   496.0  496.0
401  979.862490 2.170E-23 2.420E-02.08720.168  848.94410.860.000000             V6         GROUND 52  0 1E       51  1 0E      466520 1 1 1 1 1 0  1680.0 1680.0
401  979.883120 4.350E-22 4.857E-02.10790.455  110.74750.710.000000             V6         GROUND 14  4 1A1      14  3 0A2     466520 1 1 1 1 1 0   464.0  464.0
401  979.883120 4.350E-22 4.857E-02.10790.455  110.74750.710.000000             V6         GROUND 14  4 1A2      14  3 0A1     466520 1 1 1 1 1 0   464.0  464.0
401  979.914820 4.190E-22 4.811E-02.10880.446  101.81570.720.000000             V6         GROUND 13  4 1A2      13  3 0A1     466520 1 1 1 1 1 0   432.0  432.0
401  979.914820 4.190E-22 4.811E-02.10880.446  101.81570.720.000000             V6         GROUND 13  4 1A1      13  3 0A2     466520 1 1 1 1 1 0   432.0  432.0
401  979.944260 3.990E-22 4.753E-02.10980.437   93.52140.720.000000             V6         GROUND 12  4 1A1      12  3 0A2     466520 1 1 1 1 1 0   400.0  400.0
401  979.944260 3.990E-22 4.753E-02.10980.437   93.52140.720.000000             V6         GROUND 12  4 1A2      12  3 0A1     466520 1 1 1 1 1 0   400.0  400.0
401  979.971430 3.760E-22 4.691E-02.11080.425   85.86470.730.000000             V6         GROUND 11  4 1A1      11  3 0A2     466520 1 1 1 1 1 0   368.0  368.0
401  979.971430 3.760E-22 4.691E-02.11080.425   85.86470.730.000000             V6         GROUND 11  4 1A2      11  3 0A1     466520 1 1 1 1 1 0   368.0  368.0
401  979.984150 3.500E-22 3.570E-02.11210.432   61.56570.720.000000             V6         GROUND 12  3 1E       11  2 0E      466520 1 1 1 1 1 0   400.0  400.0
401  979.989280 6.920E-23 1.057E-02.10840.429  127.53220.730.000000             V6         GROUND 11  5 1E       12  4 0E      466520 1 1 1 1 1 0   368.0  368.0
401  979.996350 3.480E-22 4.596E-02.11190.413   78.84580.730.000000             V6         GROUND 10  4 1A2      10  3 0A1     466520 1 1 1 1 1 0   336.0  336.0
401  979.996350 3.480E-22 4.596E-02.11190.413   78.84580.730.000000             V6         GROUND 10  4 1A1      10  3 0A2     466520 1 1 1 1 1 0   336.0  336.0
401  980.019000 3.160E-22 4.472E-02.11300.399   72.46470.740.000000             V6         GROUND  9  4 1A1       9  3 0A2     466520 1 1 1 1 1 0   304.0  304.0
401  980.019000 3.160E-22 4.472E-02.11300.399   72.46470.740.000000             V6         GROUND  9  4 1A2       9  3 0A1     466520 1 1 1 1 1 0   304.0  304.0
401  980.039370 2.790E-22 4.291E-02.11400.383   66.72150.730.000000             V6         GROUND  8  4 1A1       8  3 0A2     466520 1 1 1 1 1 0   272.0  272.0
401  980.039370 2.790E-22 4.291E-02.11400.383   66.72150.730.000000             V6         GROUND  8  4 1A2       8  3 0A1     466520 1 1 1 1 1 0   272.0  272.0
401  980.048200 1.840E-24 1.967E-02.08740.139 1325.31520.860.000000             V6         GROUND 55  9 1E       56  8 0E      355420 1 1 1 1 1 0  1776.0 1776.0
401  980.057490 2.380E-22 4.047E-02.11460.367   61.61620.720.000000             V6         GROUND  7  4 1A2       7  3 0A1     466520 1 1 1 1 1 0   240.0  240.0
401  980.057490 2.380E-22 4.047E-02.11460.367   61.61620.720.000000             V6         GROUND  7  4 1A1       7  3 0A2     466520 1 1 1 1 1 0   240.0  240.0
401  980.073340 1.920E-22 3.686E-02.11420.349   57.14890.710.000000             V6         GROUND  6  4 1A1       6  3 0A2     466520 1 1 1 1 1 0   208.0  208.0
401  980.073340 1.920E-22 3.686E-02.11420.349   57.14890.710.000000             V6         GROUND  6  4 1A2       6  3 0A1     466520 1 1 1 1 1 0   208.0  208.0
401  980.086930 1.390E-22 3.096E-02.11220.329   53.31970.680.000000             V6         GROUND  5  4 1A1       5  3 0A2     466520 1 1 1 1 1 0   176.0  176.0
401  980.086930 1.390E-22 3.096E-02.11220.329   53.31970.680.000000             V6         GROUND  5  4 1A2       5  3 0A1     466520 1 1 1 1 1 0   176.0  176.0
401  980.098250 7.700E-23 2.064E-02.10770.309   50.12870.640.000000             V6         GROUND  4  4 1A1       4  3 0A2     466520 1 1 1 1 1 0   144.0  144.0
401  980.098250 7.700E-23 2.064E-02.10770.309   50.12870.640.000000             V6         GROUND  4  4 1A2       4  3 0A1     466520 1 1 1 1 1 0   144.0  144.0
401  980.145100 2.890E-22 2.781E-02.09750.456  196.23650.730.000000             V6         GROUND 25  2 1E       24  1 0E      466520 1 1 1 1 1 0   816.0  816.0
401  980.256890 2.130E-22 5.064E-02.08960.286  472.27200.860.000000             V6         GROUND 39  1 1A2      38  0 0A1     466520 1 1 1 1 1 0  1264.0 1264.0
401  980.290280 8.730E-23 1.558E-02.09820.450  297.50100.700.000000             V6         GROUND 22  6 1E       23  5 0E      466520 1 1 1 1 1 0   720.0  720.0
401  980.311540 1.140E-23 1.895E-02.08820.210  896.82520.860.000000             V6         GROUND 44  8 1E       45  7 0E      466520 1 1 1 1 1 0  1424.0 1424.0
401  980.367780 1.890E-23 2.431E-02.08720.157  881.95070.860.000000             V6         GROUND 53  0 1E       52  1 0E      466520 1 1 1 1 1 0  1712.0 1712.0
401  980.394830 4.240E-23 1.769E-02.09110.327  554.05440.850.000000             V6         GROUND 33  7 1A2      34  6 0A1     466520 1 1 1 1 1 0  1072.0 1072.0
401  980.394830 4.240E-23 1.769E-02.09110.327  554.05440.850.000000             V6         GROUND 33  7 1A1      34  6 0A2     466520 1 1 1 1 1 0  1072.0 1072.0
401  980.592360 3.560E-22 3.494E-02.11080.442   69.22290.720.000000             V6         GROUND 13  3 1E       12  2 0E      466520 1 1 1 1 1 0   432.0  432.0
401  980.651840 5.880E-23 9.491E-03.10900.416  119.87630.730.000000             V6         GROUND 10  5 1E       11  4 0E      466520 1 1 1 1 1 0   336.0  336.0
401  980.721910 2.770E-22 2.775E-02.09670.447  212.17380.750.000000             V6         GROUND 26  2 1E       25  1 0E      466520 1 1 1 1 1 0   848.0  848.0
401  980.786120 1.930E-22 5.054E-02.08920.275  497.08830.860.000000             V6         GROUND 40  1 1A1      39  0 0A2     466520 1 1 1 1 1 0  1296.0 1296.0
401  980.798820 2.140E-24 1.964E-02.08790.139 1289.83170.860.000000             V6         GROUND 54  9 1E       55  8 0E      466520 1 1 1 1 1 0  1744.0 1744.0
401  980.870270 1.640E-23 2.441E-02.08710.150  915.58470.860.000000             V6         GROUND 54  0 1E       53  1 0E      466520 1 1 1 1 1 0  1744.0 1744.0
401  980.976180 8.720E-23 1.519E-02.09910.455  282.84060.700.000000             V6         GROUND 21  6 1E       22  5 0E      466520 1 1 1 1 1 0   688.0  688.0
401  981.041400 1.270E-23 1.882E-02.08840.218  868.23980.860.000000             V6         GROUND 43  8 1E       44  7 0E      466520 1 1 1 1 1 0  1392.0 1392.0
401  981.103160 4.510E-23 1.749E-02.09150.341  532.41380.830.000000             V6         GROUND 32  7 1A1      33  6 0A2     466520 1 1 1 1 1 0  1040.0 1040.0
401  981.103160 4.510E-23 1.749E-02.09150.341  532.41380.830.000000             V6         GROUND 32  7 1A2      33  6 0A1     466520 1 1 1 1 1 0  1040.0 1040.0
401  981.198200 3.600E-22 3.429E-02.10960.451   77.51770.710.000000             V6         GROUND 14  3 1E       13  2 0E      466520 1 1 1 1 1 0   464.0  464.0
401  981.296240 2.640E-22 2.766E-02.09590.438  228.74670.760.000000             V6         GROUND 27  2 1E       26  1 0E      466520 1 1 1 1 1 0   880.0  880.0
401  981.312220 4.780E-23 8.253E-03.10970.401  112.85800.740.000000             V6         GROUND  9  5 1E       10  4 0E      466520 1 1 1 1 1 0   304.0  304.0
401  981.312450 1.750E-22 5.067E-02.08900.264  522.53670.860.000000             V6         GROUND 41  1 1A2      40  0 0A1     466520 1 1 1 1 1 0  1328.0 1328.0
401  981.369950 1.410E-23 2.436E-02.08710.150  949.84560.860.000000             V6         GROUND 55  0 1E       54  1 0E      466520 1 1 1 1 1 0  1776.0 1776.0
401  981.547550 2.470E-24 1.952E-02.08790.139 1254.97380.860.000000             V6         GROUND 53  9 1E       54  8 0E      466520 1 1 1 1 1 0  1712.0 1712.0
401  981.659990 8.630E-23 1.475E-02.10010.459  268.81630.690.000000             V6         GROUND 20  6 1E       21  5 0E      466520 1 1 1 1 1 0   656.0  656.0
401  981.769340 1.410E-23 1.869E-02.08850.226  840.28450.860.000000             V6         GROUND 42  8 1E       43  7 0E      466520 1 1 1 1 1 0  1360.0 1360.0
401  981.801670 3.620E-22 3.373E-02.10830.459   86.45010.700.000000             V6         GROUND 15  3 1E       14  2 0E      466520 1 1 1 1 1 0   496.0  496.0
401  981.809470 4.770E-23 1.725E-02.09200.354  511.40670.820.000000             V6         GROUND 31  7 1A2      32  6 0A1     466520 1 1 1 1 1 0  1008.0 1008.0
401  981.809470 4.770E-23 1.725E-02.09200.354  511.40670.820.000000             V6         GROUND 31  7 1A1      32  6 0A2     466520 1 1 1 1 1 0  1008.0 1008.0
401  981.835860 1.580E-22 5.076E-02.08870.254  548.61700.860.000000             V6         GROUND 42  1 1A1      41  0 0A2     466520 1 1 1 1 1 0  1360.0 1360.0
401  981.866820 1.210E-23 2.436E-02.08700.150  984.73310.860.000000             V6         GROUND 56  0 1E       55  1 0E      466520 1 1 1 1 1 0  1808.0 1808.0
401  981.868090 2.510E-22 2.762E-02.09520.427  245.95520.770.000000             V6         GROUND 28  2 1E       27  1 0E      466520 1 1 1 1 1 0   912.0  912.0
401  981.970420 3.660E-23 6.856E-03.11040.383  106.47750.730.000000             V6         GROUND  8  5 1E        9  4 0E      466520 1 1 1 1 1 0   272.0  272.0
401  982.294420 2.850E-24 1.946E-02.08790.139 1220.74180.860.000000             V6         GROUND 52  9 1E       53  8 0E      466520 1 1 1 1 1 0  1680.0 1680.0
401  982.341700 8.470E-23 1.428E-02.10110.461  255.42820.690.000000             V6         GROUND 19  6 1E       20  5 0E      466520 1 1 1 1 1 0   624.0  624.0
401  982.356360 1.420E-22 5.080E-02.08850.244  575.32870.860.000000             V6         GROUND 43  1 1A2      42  0 0A1     466520 1 1 1 1 1 0  1392.0 1392.0
401  982.360850 1.040E-23 2.447E-02.08640.150 1020.24660.860.000000             V6         GROUND 57  0 1E       56  1 0E      355420 1 1 1 1 1 0  1840.0 1840.0
401  982.402740 3.630E-22 3.332E-02.10710.465   96.02000.690.000000             V6         GROUND 16  3 1E       15  2 0E      466520 1 1 1 1 1 0   528.0  528.0
401  982.437460 2.380E-22 2.762E-02.09450.416  263.79900.790.000000             V6         GROUND 29  2 1E       28  1 0E      466520 1 1 1 1 1 0   944.0  944.0
401  982.495320 1.550E-23 1.846E-02.08870.235  812.95950.860.000000             V6         GROUND 41  8 1E       42  7 0E      466520 1 1 1 1 1 0  1328.0 1328.0
401  982.513750 5.020E-23 1.701E-02.09250.367  491.03350.800.000000             V6         GROUND 30  7 1A2      31  6 0A1     466520 1 1 1 1 1 0   976.0  976.0
401  982.513750 5.020E-23 1.701E-02.09250.367  491.03350.800.000000             V6         GROUND 30  7 1A1      31  6 0A2     466520 1 1 1 1 1 0   976.0  976.0
401  982.626420 2.540E-23 5.251E-03.11080.363  100.73480.720.000000             V6         GROUND  7  5 1E        8  4 0E      466520 1 1 1 1 1 0   240.0  240.0
401  982.651140 3.040E-22 8.089E-02.09950.287   47.57580.640.000000             V6         GROUND  4  4 1A2       3  3 0A1     466520 1 1 1 1 1 0   144.0  144.0
401  982.651140 3.040E-22 8.089E-02.09950.287   47.57580.640.000000             V6         GROUND  4  4 1A1       3  3 0A2     466520 1 1 1 1 1 0   144.0  144.0
401  982.852020 8.890E-24 2.453E-02.08640.150 1056.38580.860.000000             V6         GROUND 58  0 1E       57  1 0E      355420 1 1 1 1 1 0  1872.0 1872.0
401  982.873930 1.270E-22 5.078E-02.08830.235  602.67160.860.000000             V6         GROUND 44  1 1A1      43  0 0A2     466520 1 1 1 1 1 0  1424.0 1424.0
401  983.001430 3.610E-22 3.287E-02.10590.470  106.22720.690.000000             V6         GROUND 17  3 1E       16  2 0E      466520 1 1 1 1 1 0   560.0  560.0
401  983.004320 2.250E-22 2.766E-02.09380.403  282.27790.800.000000             V6         GROUND 30  2 1E       29  1 0E      466520 1 1 1 1 1 0   976.0  976.0
401  983.021310 8.230E-23 1.376E-02.10220.462  242.67670.690.000000             V6         GROUND 18  6 1E       19  5 0E      466520 1 1 1 1 1 0   592.0  592.0
401  983.039400 3.270E-24 1.936E-02.08790.146 1187.13630.860.000000             V6         GROUND 51  9 1E       52  8 0E      466520 1 1 1 1 1 0  1648.0 1648.0
401  983.216010 5.260E-23 1.676E-02.09310.380  471.29440.790.000000             V6         GROUND 29  7 1A1      30  6 0A2     466520 1 1 1 1 1 0   944.0  944.0
401  983.216010 5.260E-23 1.676E-02.09310.380  471.29440.790.000000             V6         GROUND 29  7 1A2      30  6 0A1     466520 1 1 1 1 1 0   944.0  944.0
401  983.219360 1.710E-23 1.835E-02.08890.245  786.26540.860.000000             V6         GROUND 40  8 1E       41  7 0E      466520 1 1 1 1 1 0  1296.0 1296.0
401  983.277990 3.090E-22 6.820E-02.10770.309   50.12870.680.000000             V6         GROUND  5  4 1A2       4  3 0A1     466520 1 1 1 1 1 0   176.0  176.0
401  983.277990 3.090E-22 6.820E-02.10770.309   50.12870.680.000000             V6         GROUND  5  4 1A1       4  3 0A2     466520 1 1 1 1 1 0   176.0  176.0
401  983.280230 1.490E-23 3.471E-03.11030.341   95.63000.710.000000             V6         GROUND  6  5 1E        7  4 0E      466520 1 1 1 1 1 0   208.0  208.0
401  983.340340 7.570E-24 2.458E-02.08640.150 1093.15020.860.000000             V6         GROUND 59  0 1E       58  1 0E      355420 1 1 1 1 1 0  1904.0 1904.0
401  983.388550 1.140E-22 5.113E-02.08810.226  630.64530.860.000000             V6         GROUND 45  1 1A2      44  0 0A1     466520 1 1 1 1 1 0  1456.0 1456.0
401  983.568690 2.110E-22 2.759E-02.09320.391  301.39170.820.000000             V6         GROUND 31  2 1E       30  1 0E      466520 1 1 1 1 1 0  1008.0 1008.0
401  983.597710 3.580E-22 3.255E-02.10470.474  117.07160.690.000000             V6         GROUND 18  3 1E       17  2 0E      466520 1 1 1 1 1 0   592.0  592.0
401  983.698790 7.900E-23 1.318E-02.10330.461  230.56170.690.000000             V6         GROUND 17  6 1E       18  5 0E      466520 1 1 1 1 1 0   560.0  560.0
401  983.775950 9.440E-24 5.239E-02.08670.147 1203.21270.860.000000             V6         GROUND 59  5 1E       59  4 0E      355420 1 1 1 1 1 0  1904.0 1904.0
401  983.782490 3.740E-24 1.927E-02.08790.157 1154.15760.860.000000             V6         GROUND 50  9 1E       51  8 0E      466520 1 1 1 1 1 0  1616.0 1616.0
401  983.900230 1.010E-22 5.098E-02.08790.218  659.24960.860.000000             V6         GROUND 46  1 1A1      45  0 0A2     466520 1 1 1 1 1 0  1488.0 1488.0
401  983.902520 3.170E-22 6.020E-02.11220.329   53.31970.710.000000             V6         GROUND  6  4 1A2       5  3 0A1     466520 1 1 1 1 1 0   208.0  208.0
401  983.902520 3.170E-22 6.020E-02.11220.329   53.31970.710.000000             V6         GROUND  6  4 1A1       5  3 0A2     466520 1 1 1 1 1 0   208.0  208.0
401  983.910400 1.110E-23 5.226E-02.08670.147 1165.83110.860.000000             V6         GROUND 58  5 1E       58  4 0E      355420 1 1 1 1 1 0  1872.0 1872.0
401  983.916240 5.470E-23 1.647E-02.09370.392  452.18960.770.000000             V6         GROUND 28  7 1A1      29  6 0A2     466520 1 1 1 1 1 0   912.0  912.0
401  983.916240 5.470E-23 1.647E-02.09370.392  452.18960.770.000000             V6         GROUND 28  7 1A2      29  6 0A1     466520 1 1 1 1 1 0   912.0  912.0
401  983.931810 5.920E-24 1.597E-03.10810.315   91.16320.680.000000             V6         GROUND  5  5 1E        6  4 0E      466520 1 1 1 1 1 0   176.0  176.0
401  983.941430 1.870E-23 1.815E-02.08910.250  760.20230.860.000000             V6         GROUND 39  8 1E       40  7 0E      466520 1 1 1 1 1 0  1264.0 1264.0
401  984.042540 1.310E-23 5.249E-02.08670.147 1129.07420.860.000000             V6         GROUND 57  5 1E       57  4 0E      355420 1 1 1 1 1 0  1840.0 1840.0
401  984.130540 1.970E-22 2.752E-02.09260.378  321.14010.830.000000             V6         GROUND 32  2 1E       31  1 0E      466520 1 1 1 1 1 0  1040.0 1040.0
401  984.172360 1.530E-23 5.236E-02.08660.147 1092.94230.860.000000             V6         GROUND 56  5 1E       56  4 0E      355420 1 1 1 1 1 0  1808.0 1808.0
401  984.191580 3.530E-22 3.223E-02.10350.475  128.55300.690.000000             V6         GROUND 19  3 1E       18  2 0E      466520 1 1 1 1 1 0   624.0  624.0
401  984.299880 1.790E-23 5.249E-02.08720.147 1057.43590.860.000000             V6         GROUND 55  5 1E       55  4 0E      466520 1 1 1 1 1 0  1776.0 1776.0
401  984.374150 7.490E-23 1.255E-02.10440.459  219.08340.690.000000             V6         GROUND 16  6 1E       17  5 0E      466520 1 1 1 1 1 0   528.0  528.0
401  984.408950 8.970E-23 5.115E-02.08770.210  688.48390.860.000000             V6         GROUND 47  1 1A2      46  0 0A1     466520 1 1 1 1 1 0  1520.0 1520.0
401  984.425080 2.080E-23 5.244E-02.08730.147 1022.55550.860.000000             V6         GROUND 54  5 1E       54  4 0E      466520 1 1 1 1 1 0  1744.0 1744.0
401  984.523690 4.260E-24 1.916E-02.08800.167 1121.80620.860.000000             V6         GROUND 49  9 1E       50  8 0E      466520 1 1 1 1 1 0  1584.0 1584.0
401  984.524740 3.260E-22 5.473E-02.11420.349   57.14890.720.000000             V6         GROUND  7  4 1A2       6  3 0A1     466520 1 1 1 1 1 0   240.0  240.0
401  984.524740 3.260E-22 5.473E-02.11420.349   57.14890.720.000000             V6         GROUND  7  4 1A1       6  3 0A2     466520 1 1 1 1 1 0   240.0  240.0
401  984.547960 2.410E-23 5.241E-02.08730.147  988.30150.860.000000             V6         GROUND 53  5 1E       53  4 0E      466520 1 1 1 1 1 0  1712.0 1712.0
401  984.614430 5.670E-23 1.619E-02.09430.403  433.71940.760.000000             V6         GROUND 27  7 1A2      28  6 0A1     466520 1 1 1 1 1 0   880.0  880.0
401  984.614430 5.670E-23 1.619E-02.09430.403  433.71940.760.000000             V6         GROUND 27  7 1A1      28  6 0A2     466520 1 1 1 1 1 0   880.0  880.0
401  984.661540 2.040E-23 1.798E-02.08940.261  734.77060.860.000000             V6         GROUND 38  8 1E       39  7 0E      466520 1 1 1 1 1 0  1232.0 1232.0
401  984.668550 2.790E-23 5.252E-02.08730.154  954.67430.860.000000             V6         GROUND 52  5 1E       52  4 0E      466520 1 1 1 1 1 0  1680.0 1680.0
401  984.689870 1.840E-22 2.756E-02.09210.364  341.52290.850.000000             V6         GROUND 33  2 1E       32  1 0E      466520 1 1 1 1 1 0  1072.0 1072.0
401  984.783030 3.460E-22 3.191E-02.10240.476  140.67150.690.000000             V6         GROUND 20  3 1E       19  2 0E      466520 1 1 1 1 1 0   656.0  656.0
401  984.786840 3.210E-23 5.248E-02.08740.165  921.67440.860.000000             V6         GROUND 51  5 1E       51  4 0E      466520 1 1 1 1 1 0  1648.0 1648.0
401  984.902810 3.680E-23 5.244E-02.08750.175  889.30210.860.000000             V6         GROUND 50  5 1E       50  4 0E      466520 1 1 1 1 1 0  1616.0 1616.0
401  984.914700 7.920E-23 5.119E-02.08760.203  718.34790.860.000000             V6         GROUND 48  1 1A1      47  0 0A2     466520 1 1 1 1 1 0  1552.0 1552.0
401  984.967980 6.450E-25 1.990E-02.08790.137 1555.66850.860.000000             V6         GROUND 59 10 1A2      60  9 0A1     355420 1 1 1 1 1 0  1904.0 1904.0
401  984.967980 6.450E-25 1.990E-02.08790.137 1555.66850.860.000000             V6         GROUND 59 10 1A1      60  9 0A2     355420 1 1 1 1 1 0  1904.0 1904.0
401  985.016500 4.210E-23 5.246E-02.08750.184  857.55790.860.000000             V6         GROUND 49  5 1E       49  4 0E      466520 1 1 1 1 1 0  1584.0 1584.0
401  985.047380 7.000E-23 1.186E-02.10500.454  208.24210.700.000000             V6         GROUND 15  6 1E       16  5 0E      466520 1 1 1 1 1 0   496.0  496.0
401  985.127880 4.800E-23 5.249E-02.08760.192  826.44220.860.000000             V6         GROUND 48  5 1E       48  4 0E      466520 1 1 1 1 1 0  1552.0 1552.0
401  985.144650 3.350E-22 5.078E-02.11460.367   61.61620.730.000000             V6         GROUND  8  4 1A1       7  3 0A2     466520 1 1 1 1 1 0   272.0  272.0
401  985.144650 3.350E-22 5.078E-02.11460.367   61.61620.730.000000             V6         GROUND  8  4 1A2       7  3 0A1     466520 1 1 1 1 1 0   272.0  272.0
401  985.236970 5.450E-23 5.248E-02.08770.200  795.95530.860.000000             V6         GROUND 47  5 1E       47  4 0E      466520 1 1 1 1 1 0  1520.0 1520.0
401  985.246680 1.710E-22 2.758E-02.09160.351  362.53990.860.000000             V6         GROUND 34  2 1E       33  1 0E      466520 1 1 1 1 1 0  1104.0 1104.0
401  985.262990 4.830E-24 1.903E-02.08800.176 1090.08250.860.000000             V6         GROUND 48  9 1E       49  8 0E      466520 1 1 1 1 1 0  1552.0 1552.0
401  985.310570 5.830E-23 1.587E-02.09500.414  415.88390.750.000000             V6         GROUND 26  7 1A1      27  6 0A2     466520 1 1 1 1 1 0   848.0  848.0
401  985.310570 5.830E-23 1.587E-02.09500.414  415.88390.750.000000             V6         GROUND 26  7 1A2      27  6 0A1     466520 1 1 1 1 1 0   848.0  848.0
401  985.343760 6.170E-23 5.251E-02.08790.208  766.09770.860.000000             V6         GROUND 46  5 1E       46  4 0E      466520 1 1 1 1 1 0  1488.0 1488.0
401  985.372060 3.380E-22 3.166E-02.10130.474  153.42670.700.000000             V6         GROUND 21  3 1E       20  2 0E      466520 1 1 1 1 1 0   688.0  688.0
401  985.379680 2.220E-23 1.783E-02.08970.272  709.97070.860.000000             V6         GROUND 37  8 1E       38  7 0E      466520 1 1 1 1 1 0  1200.0 1200.0
401  985.417480 6.970E-23 5.124E-02.08750.195  748.84140.860.000000             V6         GROUND 49  1 1A2      48  0 0A1     466520 1 1 1 1 1 0  1584.0 1584.0
401  985.448260 6.950E-23 5.245E-02.08800.215  736.86960.860.000000             V6         GROUND 45  5 1E       45  4 0E      466520 1 1 1 1 1 0  1456.0 1456.0
401  985.550460 7.810E-23 5.245E-02.08820.224  708.27160.860.000000             V6         GROUND 44  5 1E       44  4 0E      466520 1 1 1 1 1 0  1424.0 1424.0
401  985.650380 8.740E-23 5.243E-02.08830.232  680.30390.860.000000             V6         GROUND 43  5 1E       43  4 0E      466520 1 1 1 1 1 0  1392.0 1392.0
401  985.718480 6.420E-23 1.108E-02.10590.449  198.03780.710.000000             V6         GROUND 14  6 1E       15  5 0E      466520 1 1 1 1 1 0   464.0  464.0
401  985.725840 7.590E-25 1.983E-02.08780.137 1517.69600.860.000000             V6         GROUND 58 10 1A2      59  9 0A1     355420 1 1 1 1 1 0  1872.0 1872.0
401  985.725840 7.590E-25 1.983E-02.08780.137 1517.69600.860.000000             V6         GROUND 58 10 1A1      59  9 0A2     355420 1 1 1 1 1 0  1872.0 1872.0
401  985.748020 9.750E-23 5.242E-02.08850.241  652.96680.860.000000             V6         GROUND 42  5 1E       42  4 0E      466520 1 1 1 1 1 0  1360.0 1360.0
401  985.762230 3.440E-22 4.788E-02.11400.383   66.72150.740.000000             V6         GROUND  9  4 1A2       8  3 0A1     466520 1 1 1 1 1 0   304.0  304.0
401  985.762230 3.440E-22 4.788E-02.11400.383   66.72150.740.000000             V6         GROUND  9  4 1A1       8  3 0A2     466520 1 1 1 1 1 0   304.0  304.0
401  985.800950 1.580E-22 2.754E-02.09110.337  384.19070.870.000000             V6         GROUND 35  2 1E       34  1 0E      466520 1 1 1 1 1 0  1136.0 1136.0
401  985.843360 1.080E-22 5.224E-02.08880.251  626.26090.860.000000             V6         GROUND 41  5 1E       41  4 0E      466520 1 1 1 1 1 0  1328.0 1328.0
401  985.917270 6.120E-23 5.136E-02.08740.187  779.96380.860.000000             V6         GROUND 50  1 1A1      49  0 0A2     466520 1 1 1 1 1 0  1616.0 1616.0
401  985.936420 1.200E-22 5.240E-02.08900.260  600.18620.860.000000             V6         GROUND 40  5 1E       40  4 0E      466520 1 1 1 1 1 0  1296.0 1296.0
401  985.958650 3.290E-22 3.147E-02.10030.471  166.81850.700.000000             V6         GROUND 22  3 1E       21  2 0E      466520 1 1 1 1 1 0   720.0  720.0
401  986.000390 5.460E-24 1.891E-02.08810.184 1058.98680.860.000000             V6         GROUND 47  9 1E       48  8 0E      466520 1 1 1 1 1 0  1520.0 1520.0
401  986.004650 5.960E-23 1.553E-02.09570.423  398.68350.730.000000             V6         GROUND 25  7 1A2      26  6 0A1     466520 1 1 1 1 1 0   816.0  816.0
401  986.004650 5.960E-23 1.553E-02.09570.423  398.68350.730.000000             V6         GROUND 25  7 1A1      26  6 0A2     466520 1 1 1 1 1 0   816.0  816.0
401  986.027180 1.320E-22 5.224E-02.08930.270  574.74330.860.000000             V6         GROUND 39  5 1E       39  4 0E      466520 1 1 1 1 1 0  1264.0 1264.0
401  986.095840 2.400E-23 1.764E-02.09000.284  685.80270.860.000000             V6         GROUND 36  8 1E       37  7 0E      466520 1 1 1 1 1 0  1168.0 1168.0
401  986.115670 1.450E-22 5.219E-02.08960.282  549.93230.860.000000             V6         GROUND 38  5 1E       38  4 0E      466520 1 1 1 1 1 0  1232.0 1232.0
401  986.201880 1.590E-22 5.225E-02.08990.294  525.75370.860.000000             V6         GROUND 37  5 1E       37  4 0E      466520 1 1 1 1 1 0  1200.0 1200.0
401  986.285810 1.740E-22 5.241E-02.09030.306  502.20770.860.000000             V6         GROUND 36  5 1E       36  4 0E      466520 1 1 1 1 1 0  1168.0 1168.0
401  986.352670 1.460E-22 2.761E-02.09070.324  406.47510.860.000000             V6         GROUND 36  2 1E       35  1 0E      466520 1 1 1 1 1 0  1168.0 1168.0
401  986.367450 1.890E-22 5.237E-02.09070.319  479.29460.870.000000             V6         GROUND 35  5 1E       35  4 0E      466520 1 1 1 1 1 0  1136.0 1136.0
401  986.377480 3.510E-22 4.551E-02.11300.399   72.46470.730.000000             V6         GROUND 10  4 1A2       9  3 0A1     466520 1 1 1 1 1 0   336.0  336.0
401  986.377480 3.510E-22 4.551E-02.11300.399   72.46470.730.000000             V6         GROUND 10  4 1A1       9  3 0A2     466520 1 1 1 1 1 0   336.0  336.0
401  986.387430 5.770E-23 1.023E-02.10640.441  188.47060.720.000000             V6         GROUND 13  6 1E       14  5 0E      466520 1 1 1 1 1 0   432.0  432.0
401  986.414060 5.350E-23 5.142E-02.08730.178  811.71490.860.000000             V6         GROUND 51  1 1A2      50  0 0A1     466520 1 1 1 1 1 0  1648.0 1648.0
401  986.446820 2.040E-22 5.220E-02.09110.333  457.01470.860.000000             V6         GROUND 34  5 1E       34  4 0E      466520 1 1 1 1 1 0  1104.0 1104.0
401  986.481840 8.890E-25 1.974E-02.08770.137 1480.34710.860.000000             V6         GROUND 57 10 1A1      58  9 0A2     355420 1 1 1 1 1 0  1840.0 1840.0
401  986.481840 8.890E-25 1.974E-02.08770.137 1480.34710.860.000000             V6         GROUND 57 10 1A2      58  9 0A1     355420 1 1 1 1 1 0  1840.0 1840.0
401  986.523920 2.200E-22 5.219E-02.09160.346  435.36830.850.000000             V6         GROUND 33  5 1E       33  4 0E      466520 1 1 1 1 1 0  1072.0 1072.0
401  986.542800 3.190E-22 3.131E-02.09930.467  180.84670.710.000000             V6         GROUND 23  3 1E       22  2 0E      466520 1 1 1 1 1 0   752.0  752.0
401  986.598730 2.360E-22 5.211E-02.09200.360  414.35560.830.000000             V6         GROUND 32  5 1E       32  4 0E      466520 1 1 1 1 1 0  1040.0 1040.0
401  986.671270 2.520E-22 5.201E-02.09260.373  393.97690.820.000000             V6         GROUND 31  5 1E       31  4 0E      466520 1 1 1 1 1 0  1008.0 1008.0
401  986.696680 6.050E-23 1.515E-02.09640.431  382.11840.720.000000             V6         GROUND 24  7 1A2      25  6 0A1     466520 1 1 1 1 1 0   784.0  784.0
401  986.696680 6.050E-23 1.515E-02.09640.431  382.11840.720.000000             V6         GROUND 24  7 1A1      25  6 0A2     466520 1 1 1 1 1 0   784.0  784.0
401  986.735860 6.150E-24 1.879E-02.08820.192 1028.51950.860.000000             V6         GROUND 46  9 1E       47  8 0E      466520 1 1 1 1 1 0  1488.0 1488.0
401  986.741530 2.690E-22 5.210E-02.09310.386  374.23240.800.000000             V6         GROUND 30  5 1E       30  4 0E      466520 1 1 1 1 1 0   976.0  976.0
401  986.809520 2.850E-22 5.201E-02.09370.399  355.12250.790.000000             V6         GROUND 29  5 1E       29  4 0E      466520 1 1 1 1 1 0   944.0  944.0
401  986.810020 2.580E-23 1.741E-02.09030.296  662.26720.870.000000             V6         GROUND 35  8 1E       36  7 0E      466520 1 1 1 1 1 0  1136.0 1136.0
401  986.875230 3.000E-22 5.181E-02.09440.410  336.64730.770.000000             V6         GROUND 28  5 1E       28  4 0E      466520 1 1 1 1 1 0   912.0  912.0
401  986.901840 1.340E-22 2.761E-02.09030.311  429.39280.860.000000             V6         GROUND 37  2 1E       36  1 0E      466520 1 1 1 1 1 0  1200.0 1200.0
401  986.907840 4.660E-23 5.148E-02.08720.168  844.09410.860.000000             V6         GROUND 52  1 1A1      51  0 0A2     466520 1 1 1 1 1 0  1680.0 1680.0
401  986.938680 3.160E-22 5.187E-02.09510.421  318.80710.760.000000             V6         GROUND 27  5 1E       27  4 0E      466520 1 1 1 1 1 0   880.0  880.0
401  986.990360 3.580E-22 4.377E-02.11190.413   78.84580.730.000000             V6         GROUND 11  4 1A2      10  3 0A1     466520 1 1 1 1 1 0   368.0  368.0
401  986.990360 3.580E-22 4.377E-02.11190.413   78.84580.730.000000             V6         GROUND 11  4 1A1      10  3 0A2     466520 1 1 1 1 1 0   368.0  368.0
401  986.999860 3.300E-22 5.170E-02.09580.431  301.60210.750.000000             V6         GROUND 26  5 1E       26  4 0E      466520 1 1 1 1 1 0   848.0  848.0
401  987.054230 5.050E-23 9.269E-03.10650.431  179.54070.720.000000             V6         GROUND 12  6 1E       13  5 0E      466520 1 1 1 1 1 0   400.0  400.0
401  987.058750 3.430E-22 5.153E-02.09660.440  285.03250.730.000000             V6         GROUND 25  5 1E       25  4 0E      466520 1 1 1 1 1 0   816.0  816.0
401  987.115380 3.560E-22 5.153E-02.09740.448  269.09850.720.000000             V6         GROUND 24  5 1E       24  4 0E      466520 1 1 1 1 1 0   784.0  784.0
401  987.124500 3.070E-22 3.107E-02.09840.461  195.51130.720.000000             V6         GROUND 24  3 1E       23  2 0E      466520 1 1 1 1 1 0   784.0  784.0
401  987.169750 3.660E-22 5.128E-02.09830.455  253.80030.710.000000             V6         GROUND 23  5 1E       23  4 0E      466520 1 1 1 1 1 0   752.0  752.0
401  987.221840 3.750E-22 5.110E-02.09920.460  239.13810.700.000000             V6         GROUND 22  5 1E       22  4 0E      466520 1 1 1 1 1 0   720.0  720.0
401  987.235980 1.040E-24 1.969E-02.08770.137 1443.62220.860.000000             V6         GROUND 56 10 1A1      57  9 0A2     355420 1 1 1 1 1 0  1808.0 1808.0
401  987.235980 1.040E-24 1.969E-02.08770.137 1443.62220.860.000000             V6         GROUND 56 10 1A2      57  9 0A1     355420 1 1 1 1 1 0  1808.0 1808.0
401  987.271660 3.830E-22 5.102E-02.10020.464  225.11210.700.000000             V6         GROUND 21  5 1E       21  4 0E      466520 1 1 1 1 1 0   688.0  688.0
401  987.319210 3.880E-22 5.080E-02.10120.467  211.72240.690.000000             V6         GROUND 20  5 1E       20  4 0E      466520 1 1 1 1 1 0   656.0  656.0
401  987.364500 3.900E-22 5.046E-02.10230.468  198.96930.690.000000             V6         GROUND 19  5 1E       19  4 0E      466520 1 1 1 1 1 0   624.0  624.0
401  987.386630 6.100E-23 1.476E-02.09720.438  366.18860.710.000000             V6         GROUND 23  7 1A1      24  6 0A2     466520 1 1 1 1 1 0   752.0  752.0
401  987.386630 6.100E-23 1.476E-02.09720.438  366.18860.710.000000             V6         GROUND 23  7 1A2      24  6 0A1     466520 1 1 1 1 1 0   752.0  752.0
401  987.398610 4.050E-23 5.159E-02.08710.157  877.10110.860.000000             V6         GROUND 53  1 1A2      52  0 0A1     466520 1 1 1 1 1 0  1712.0 1712.0
401  987.407520 3.900E-22 5.015E-02.10340.467  186.85280.690.000000             V6         GROUND 18  5 1E       18  4 0E      466520 1 1 1 1 1 0   592.0  592.0
401  987.448270 3.870E-22 4.976E-02.10460.465  175.37320.690.000000             V6         GROUND 17  5 1E       17  4 0E      466520 1 1 1 1 1 0   560.0  560.0
401  987.448450 1.220E-22 2.748E-02.08990.298  452.94360.860.000000             V6         GROUND 38  2 1E       37  1 0E      466520 1 1 1 1 1 0  1232.0 1232.0
401  987.469420 6.900E-24 1.866E-02.08820.199  998.68110.860.000000             V6         GROUND 45  9 1E       46  8 0E      466520 1 1 1 1 1 0  1456.0 1456.0
401  987.486760 3.820E-22 4.942E-02.10540.461  164.53050.690.000000             V6         GROUND 16  5 1E       16  4 0E      466520 1 1 1 1 1 0   528.0  528.0
401  987.522200 2.770E-23 1.723E-02.09070.310  639.36420.860.000000             V6         GROUND 34  8 1E       35  7 0E      466520 1 1 1 1 1 0  1104.0 1104.0
401  987.522980 3.730E-22 4.889E-02.10640.456  154.32500.700.000000             V6         GROUND 15  5 1E       15  4 0E      466520 1 1 1 1 1 0   496.0  496.0
401  987.556940 3.610E-22 4.828E-02.10720.449  144.75670.710.000000             V6         GROUND 14  5 1E       14  4 0E      466520 1 1 1 1 1 0   464.0  464.0
401  987.588630 3.450E-22 4.746E-02.10780.440  135.82570.720.000000             V6         GROUND 13  5 1E       13  4 0E      466520 1 1 1 1 1 0   432.0  432.0
401  987.600910 3.620E-22 4.218E-02.11080.425   85.86470.720.000000             V6         GROUND 12  4 1A2      11  3 0A1     466520 1 1 1 1 1 0   400.0  400.0
401  987.600910 3.620E-22 4.218E-02.11080.425   85.86470.720.000000             V6         GROUND 12  4 1A1      11  3 0A2     466520 1 1 1 1 1 0   400.0  400.0
401  987.618050 3.260E-22 4.652E-02.10840.429  127.53220.720.000000             V6         GROUND 12  5 1E       12  4 0E      466520 1 1 1 1 1 0   400.0  400.0
401  987.645210 3.030E-22 4.528E-02.10900.416  119.87630.730.000000             V6         GROUND 11  5 1E       11  4 0E      466520 1 1 1 1 1 0   368.0  368.0
401  987.670110 2.760E-22 4.366E-02.10970.401  112.85800.730.000000             V6         GROUND 10  5 1E       10  4 0E      466520 1 1 1 1 1 0   336.0  336.0
401  987.692750 2.450E-22 4.153E-02.11040.383  106.47750.740.000000             V6         GROUND  9  5 1E        9  4 0E      466520 1 1 1 1 1 0   304.0  304.0
401  987.703730 2.950E-22 3.094E-02.09750.454  210.81200.730.000000             V6         GROUND 25  3 1E       24  2 0E      466520 1 1 1 1 1 0   816.0  816.0
401  987.713110 2.090E-22 3.851E-02.11080.363  100.73480.730.000000             V6         GROUND  8  5 1E        8  4 0E      466520 1 1 1 1 1 0   272.0  272.0
401  987.718860 4.280E-23 8.212E-03.10660.418  171.24820.730.000000             V6         GROUND 11  6 1E       12  5 0E      466520 1 1 1 1 1 0   368.0  368.0
401  987.731220 1.680E-22 3.422E-02.11030.341   95.63000.720.000000             V6         GROUND  7  5 1E        7  4 0E      466520 1 1 1 1 1 0   240.0  240.0
401  987.747060 1.210E-22 2.783E-02.10810.315   91.16320.710.000000             V6         GROUND  6  5 1E        6  4 0E      466520 1 1 1 1 1 0   208.0  208.0
401  987.760630 6.660E-23 1.777E-02.10310.286   87.33430.680.000000             V6         GROUND  5  5 1E        5  4 0E      466520 1 1 1 1 1 0   176.0  176.0
401  987.886350 3.500E-23 5.159E-02.08710.150  910.73560.860.000000             V6         GROUND 54  1 1A1      53  0 0A2     466520 1 1 1 1 1 0  1744.0 1744.0
401  987.988270 1.210E-24 1.960E-02.08760.137 1407.52180.860.000000             V6         GROUND 55 10 1A1      56  9 0A2     355420 1 1 1 1 1 0  1776.0 1776.0
401  987.988270 1.210E-24 1.960E-02.08760.137 1407.52180.860.000000             V6         GROUND 55 10 1A2      56  9 0A1     355420 1 1 1 1 1 0  1776.0 1776.0
401  987.992500 1.110E-22 2.744E-02.08960.286  477.12710.860.000000             V6         GROUND 39  2 1E       38  1 0E      466520 1 1 1 1 1 0  1264.0 1264.0
401  988.074500 6.100E-23 1.433E-02.09810.444  350.89450.700.000000             V6         GROUND 22  7 1A1      23  6 0A2     466520 1 1 1 1 1 0   720.0  720.0
401  988.074500 6.100E-23 1.433E-02.09810.444  350.89450.700.000000             V6         GROUND 22  7 1A2      23  6 0A1     466520 1 1 1 1 1 0   720.0  720.0
401  988.201060 7.710E-24 1.853E-02.08830.207  969.47190.860.000000             V6         GROUND 44  9 1E       45  8 0E      466520 1 1 1 1 1 0  1424.0 1424.0
401  988.209090 3.650E-22 4.093E-02.10980.437   93.52140.720.000000             V6         GROUND 13  4 1A2      12  3 0A1     466520 1 1 1 1 1 0   432.0  432.0
401  988.209090 3.650E-22 4.093E-02.10980.437   93.52140.720.000000             V6         GROUND 13  4 1A1      12  3 0A2     466520 1 1 1 1 1 0   432.0  432.0
401  988.232390 2.950E-23 1.699E-02.09110.323  617.09420.850.000000             V6         GROUND 33  8 1E       34  7 0E      466520 1 1 1 1 1 0  1072.0 1072.0
401  988.280490 2.820E-22 3.079E-02.09670.446  226.74850.750.000000             V6         GROUND 26  3 1E       25  2 0E      466520 1 1 1 1 1 0   848.0  848.0
401  988.371050 3.020E-23 5.168E-02.08700.150  944.99700.860.000000             V6         GROUND 55  1 1A2      54  0 0A1     466520 1 1 1 1 1 0  1776.0 1776.0
401  988.381330 3.460E-23 7.015E-03.10660.403  163.59320.730.000000             V6         GROUND 10  6 1E       11  5 0E      466520 1 1 1 1 1 0   336.0  336.0
401  988.533960 1.010E-22 2.750E-02.08930.275  501.94300.860.000000             V6         GROUND 40  2 1E       39  1 0E      466520 1 1 1 1 1 0  1296.0 1296.0
401  988.738690 1.400E-24 1.946E-02.08820.136 1372.04640.860.000000             V6         GROUND 54 10 1A1      55  9 0A2     466520 1 1 1 1 1 0  1744.0 1744.0
401  988.738690 1.400E-24 1.946E-02.08820.136 1372.04640.860.000000             V6         GROUND 54 10 1A2      55  9 0A1     466520 1 1 1 1 1 0  1744.0 1744.0
401  988.760280 6.050E-23 1.387E-02.09900.449  336.23630.700.000000             V6         GROUND 21  7 1A2      22  6 0A1     466520 1 1 1 1 1 0   688.0  688.0
401  988.760280 6.050E-23 1.387E-02.09900.449  336.23630.700.000000             V6         GROUND 21  7 1A1      22  6 0A2     466520 1 1 1 1 1 0   688.0  688.0
401  988.814920 3.670E-22 3.994E-02.10880.446  101.81570.710.000000             V6         GROUND 14  4 1A1      13  3 0A2     466520 1 1 1 1 1 0   464.0  464.0
401  988.814920 3.670E-22 3.994E-02.10880.446  101.81570.710.000000             V6         GROUND 14  4 1A2      13  3 0A1     466520 1 1 1 1 1 0   464.0  464.0
401  988.852720 2.600E-23 5.184E-02.08700.150  979.88490.860.000000             V6         GROUND 56  1 1A1      55  0 0A2     466520 1 1 1 1 1 0  1808.0 1808.0
401  988.854790 2.690E-22 3.071E-02.09590.436  243.32080.760.000000             V6         GROUND 27  3 1E       26  2 0E      466520 1 1 1 1 1 0   880.0  880.0
401  988.930760 8.570E-24 1.836E-02.08850.215  940.89230.860.000000             V6         GROUND 43  9 1E       44  8 0E      466520 1 1 1 1 1 0  1392.0 1392.0
401  988.940570 3.130E-23 1.675E-02.09150.337  595.45730.830.000000             V6         GROUND 32  8 1E       33  7 0E      466520 1 1 1 1 1 0  1040.0 1040.0
401  989.041620 2.630E-23 5.703E-03.10680.385  156.57580.740.000000             V6         GROUND  9  6 1E       10  5 0E      466520 1 1 1 1 1 0   304.0  304.0
401  989.072840 9.150E-23 2.755E-02.08900.264  527.39110.860.000000             V6         GROUND 41  2 1E       40  1 0E      466520 1 1 1 1 1 0  1328.0 1328.0
401  989.331320 2.220E-23 5.173E-02.08640.150 1015.39890.860.000000             V6         GROUND 57  1 1A2      56  0 0A1     355420 1 1 1 1 1 0  1840.0 1840.0
401  989.418360 3.670E-22 3.906E-02.10790.455  110.74750.700.000000             V6         GROUND 15  4 1A2      14  3 0A1     466520 1 1 1 1 1 0   496.0  496.0
401  989.418360 3.670E-22 3.906E-02.10790.455  110.74750.700.000000             V6         GROUND 15  4 1A1      14  3 0A2     466520 1 1 1 1 1 0   496.0  496.0
401  989.426590 2.550E-22 3.057E-02.09520.426  260.52860.770.000000             V6         GROUND 28  3 1E       27  2 0E      466520 1 1 1 1 1 0   912.0  912.0
401  989.443970 5.940E-23 1.336E-02.10000.452  322.21400.690.000000             V6         GROUND 20  7 1A1      21  6 0A2     466520 1 1 1 1 1 0   656.0  656.0
401  989.443970 5.940E-23 1.336E-02.10000.452  322.21400.690.000000             V6         GROUND 20  7 1A2      21  6 0A1     466520 1 1 1 1 1 0   656.0  656.0
401  989.487250 1.620E-24 1.939E-02.08810.136 1337.19640.860.000000             V6         GROUND 53 10 1A1      54  9 0A2     466520 1 1 1 1 1 0  1712.0 1712.0
401  989.487250 1.620E-24 1.939E-02.08810.136 1337.19640.860.000000             V6         GROUND 53 10 1A2      54  9 0A1     466520 1 1 1 1 1 0  1712.0 1712.0
401  989.609130 8.240E-23 2.753E-02.08870.253  553.47100.860.000000             V6         GROUND 42  2 1E       41  1 0E      466520 1 1 1 1 1 0  1360.0 1360.0
401  989.646740 3.300E-23 1.647E-02.09200.350  574.45390.820.000000             V6         GROUND 31  8 1E       32  7 0E      466520 1 1 1 1 1 0  1008.0 1008.0
401  989.658530 9.500E-24 1.821E-02.08860.224  912.94260.860.000000             V6         GROUND 42  9 1E       43  8 0E      466520 1 1 1 1 1 0  1360.0 1360.0
401  989.699730 1.810E-23 4.258E-03.10700.364  150.19610.730.000000             V6         GROUND  8  6 1E        9  5 0E      466520 1 1 1 1 1 0   272.0  272.0
401  989.806850 1.900E-23 5.193E-02.08640.150 1051.53860.860.000000             V6         GROUND 58  1 1A1      57  0 0A2     355420 1 1 1 1 1 0  1872.0 1872.0
401  989.995910 2.410E-22 3.048E-02.09450.414  278.37170.790.000000             V6         GROUND 29  3 1E       28  2 0E      466520 1 1 1 1 1 0   944.0  944.0
401  990.019410 3.650E-22 3.828E-02.10680.461  120.31670.690.000000             V6         GROUND 16  4 1A2      15  3 0A1     466520 1 1 1 1 1 0   528.0  528.0
401  990.019410 3.650E-22 3.828E-02.10680.461  120.31670.690.000000             V6         GROUND 16  4 1A1      15  3 0A2     466520 1 1 1 1 1 0   528.0  528.0
401  990.125570 5.770E-23 1.280E-02.10100.454  308.82800.690.000000             V6         GROUND 19  7 1A1      20  6 0A2     466520 1 1 1 1 1 0   624.0  624.0
401  990.125570 5.770E-23 1.280E-02.10100.454  308.82800.690.000000             V6         GROUND 19  7 1A2      20  6 0A1     466520 1 1 1 1 1 0   624.0  624.0
401  990.142810 7.410E-23 2.757E-02.08850.244  580.18240.860.000000             V6         GROUND 43  2 1E       42  1 0E      466520 1 1 1 1 1 0  1392.0 1392.0
401  990.233920 1.860E-24 1.924E-02.08810.136 1302.97220.860.000000             V6         GROUND 52 10 1A1      53  9 0A2     466520 1 1 1 1 1 0  1680.0 1680.0
401  990.233920 1.860E-24 1.924E-02.08810.136 1302.97220.860.000000             V6         GROUND 52 10 1A2      53  9 0A1     466520 1 1 1 1 1 0  1680.0 1680.0
401  990.279320 1.620E-23 5.209E-02.08640.150 1088.30340.860.000000             V6         GROUND 59  1 1A2      58  0 0A1     355420 1 1 1 1 1 0  1904.0 1904.0
401  990.350890 3.460E-23 1.618E-02.09250.363  554.08430.800.000000             V6         GROUND 30  8 1E       31  7 0E      466520 1 1 1 1 1 0   976.0  976.0
401  990.355650 1.050E-23 2.726E-03.10660.338  144.45410.720.000000             V6         GROUND  7  6 1E        8  5 0E      466520 1 1 1 1 1 0   240.0  240.0
401  990.384350 1.050E-23 1.808E-02.08880.233  885.62320.860.000000             V6         GROUND 41  9 1E       42  8 0E      466520 1 1 1 1 1 0  1328.0 1328.0
401  990.562720 2.270E-22 3.041E-02.09380.402  296.84990.800.000000             V6         GROUND 30  3 1E       29  2 0E      466520 1 1 1 1 1 0   976.0  976.0
401  990.618070 3.610E-22 3.756E-02.10570.467  130.52320.690.000000             V6         GROUND 17  4 1A1      16  3 0A2     466520 1 1 1 1 1 0   560.0  560.0
401  990.618070 3.610E-22 3.756E-02.10570.467  130.52320.690.000000             V6         GROUND 17  4 1A2      16  3 0A1     466520 1 1 1 1 1 0   560.0  560.0
401  990.673890 6.630E-23 2.757E-02.08830.235  607.52490.860.000000             V6         GROUND 44  2 1E       43  1 0E      466520 1 1 1 1 1 0  1424.0 1424.0
401  990.805050 5.540E-23 1.220E-02.10200.454  296.07830.690.000000             V6         GROUND 18  7 1A1      19  6 0A2     466520 1 1 1 1 1 0   592.0  592.0
401  990.805050 5.540E-23 1.220E-02.10200.454  296.07830.690.000000             V6         GROUND 18  7 1A2      19  6 0A1     466520 1 1 1 1 1 0   592.0  592.0
401  990.951390 3.330E-22 8.804E-02.09350.253   84.14360.680.000000             V6         GROUND  5  5 1E        4  4 0E      466520 1 1 1 1 1 0   176.0  176.0
401  990.978720 2.130E-24 1.911E-02.08810.143 1269.37440.860.000000             V6         GROUND 51 10 1A1      52  9 0A2     466520 1 1 1 1 1 0  1648.0 1648.0
401  990.978720 2.130E-24 1.911E-02.08810.143 1269.37440.860.000000             V6         GROUND 51 10 1A2      52  9 0A1     466520 1 1 1 1 1 0  1648.0 1648.0
401  991.009360 4.090E-24 1.197E-03.10480.308  139.34990.710.000000             V6         GROUND  6  6 1E        7  5 0E      466520 1 1 1 1 1 0   208.0  208.0
401  991.053010 3.610E-23 1.588E-02.09300.376  534.34860.790.000000             V6         GROUND 29  8 1E       30  7 0E      466520 1 1 1 1 1 0   944.0  944.0
401  991.108230 1.150E-23 1.785E-02.08900.242  858.93440.860.000000             V6         GROUND 40  9 1E       41  8 0E      466520 1 1 1 1 1 0  1296.0 1296.0
401  991.127020 2.130E-22 3.035E-02.09320.390  315.96290.820.000000             V6         GROUND 31  3 1E       30  2 0E      466520 1 1 1 1 1 0  1008.0 1008.0
401  991.202340 5.910E-23 2.756E-02.08810.226  635.49830.860.000000             V6         GROUND 45  2 1E       44  1 0E      466520 1 1 1 1 1 0  1456.0 1456.0
401  991.214330 3.560E-22 3.697E-02.10470.470  141.36690.690.000000             V6         GROUND 18  4 1A2      17  3 0A1     466520 1 1 1 1 1 0   592.0  592.0
401  991.214330 3.560E-22 3.697E-02.10470.470  141.36690.690.000000             V6         GROUND 18  4 1A1      17  3 0A2     466520 1 1 1 1 1 0   592.0  592.0
401  991.482430 5.250E-23 1.153E-02.10310.453  283.96500.690.000000             V6         GROUND 17  7 1A1      18  6 0A2     466520 1 1 1 1 1 0   560.0  560.0
401  991.482430 5.250E-23 1.153E-02.10310.453  283.96500.690.000000             V6         GROUND 17  7 1A2      18  6 0A1     466520 1 1 1 1 1 0   560.0  560.0
401  991.505870 7.760E-24 5.405E-02.08680.146 1246.79860.860.000000             V6         GROUND 59  6 1E       59  5 0E      355420 1 1 1 1 1 0  1904.0 1904.0
401  991.575880 3.350E-22 7.621E-02.10310.286   87.33430.710.000000             V6         GROUND  6  5 1E        5  4 0E      466520 1 1 1 1 1 0   208.0  208.0
401  991.640300 9.150E-24 5.406E-02.08680.146 1209.42160.860.000000             V6         GROUND 58  6 1E       58  5 0E      355420 1 1 1 1 1 0  1872.0 1872.0
401  991.688790 1.990E-22 3.029E-02.09260.377  335.71050.830.000000             V6         GROUND 32  3 1E       31  2 0E      466520 1 1 1 1 1 0  1040.0 1040.0
401  991.721620 2.440E-24 1.904E-02.08810.154 1236.40320.860.000000             V6         GROUND 50 10 1A1      51  9 0A2     466520 1 1 1 1 1 0  1616.0 1616.0
401  991.721620 2.440E-24 1.904E-02.08810.154 1236.40320.860.000000             V6         GROUND 50 10 1A2      51  9 0A1     466520 1 1 1 1 1 0  1616.0 1616.0
401  991.728170 5.250E-23 2.756E-02.08790.218  664.10210.860.000000             V6         GROUND 46  2 1E       45  1 0E      466520 1 1 1 1 1 0  1488.0 1488.0
401  991.753100 3.750E-23 1.558E-02.09360.388  515.24710.770.000000             V6         GROUND 28  8 1E       29  7 0E      466520 1 1 1 1 1 0   912.0  912.0
401  991.772420 1.080E-23 5.432E-02.08680.146 1172.66910.860.000000             V6         GROUND 57  6 1E       57  5 0E      355420 1 1 1 1 1 0  1840.0 1840.0
401  991.808180 3.500E-22 3.651E-02.10350.472  152.84760.690.000000             V6         GROUND 19  4 1A2      18  3 0A1     466520 1 1 1 1 1 0   624.0  624.0
401  991.808180 3.500E-22 3.651E-02.10350.472  152.84760.690.000000             V6         GROUND 19  4 1A1      18  3 0A2     466520 1 1 1 1 1 0   624.0  624.0
401  991.830130 1.260E-23 1.769E-02.08920.246  832.87650.860.000000             V6         GROUND 39  9 1E       40  8 0E      466520 1 1 1 1 1 0  1264.0 1264.0
401  991.902220 1.260E-23 5.412E-02.08680.146 1136.54160.860.000000             V6         GROUND 56  6 1E       56  5 0E      355420 1 1 1 1 1 0  1808.0 1808.0
401  992.029720 1.470E-23 5.410E-02.08740.146 1101.03950.860.000000             V6         GROUND 55  6 1E       55  5 0E      466520 1 1 1 1 1 0  1776.0 1776.0
401  992.154890 1.710E-23 5.411E-02.08740.146 1066.16330.860.000000             V6         GROUND 54  6 1E       54  5 0E      466520 1 1 1 1 1 0  1744.0 1744.0
401  992.157670 4.910E-23 1.084E-02.10430.451  272.48850.690.000000             V6         GROUND 16  7 1A2      17  6 0A1     466520 1 1 1 1 1 0   528.0  528.0
401  992.157670 4.910E-23 1.084E-02.10430.451  272.48850.690.000000             V6         GROUND 16  7 1A1      17  6 0A2     466520 1 1 1 1 1 0   528.0  528.0
401  992.198050 3.380E-22 6.798E-02.10810.315   91.16320.720.000000             V6         GROUND  7  5 1E        6  4 0E      466520 1 1 1 1 1 0   240.0  240.0
401  992.248050 1.850E-22 3.019E-02.09210.363  356.09250.850.000000             V6         GROUND 33  3 1E       32  2 0E      466520 1 1 1 1 1 0  1072.0 1072.0
401  992.251370 4.650E-23 2.757E-02.08770.210  693.33600.860.000000             V6         GROUND 47  2 1E       46  1 0E      466520 1 1 1 1 1 0  1520.0 1520.0
401  992.277760 1.980E-23 5.405E-02.08740.146 1031.91340.860.000000             V6         GROUND 53  6 1E       53  5 0E      466520 1 1 1 1 1 0  1712.0 1712.0
401  992.398320 2.290E-23 5.411E-02.08750.152  998.29030.860.000000             V6         GROUND 52  6 1E       52  5 0E      466520 1 1 1 1 1 0  1680.0 1680.0
401  992.399600 3.420E-22 3.604E-02.10230.472  164.96520.690.000000             V6         GROUND 20  4 1A2      19  3 0A1     466520 1 1 1 1 1 0   656.0  656.0
401  992.399600 3.420E-22 3.604E-02.10230.472  164.96520.690.000000             V6         GROUND 20  4 1A1      19  3 0A2     466520 1 1 1 1 1 0   656.0  656.0
401  992.451150 3.860E-23 1.521E-02.09420.399  496.78010.760.000000             V6         GROUND 27  8 1E       28  7 0E      466520 1 1 1 1 1 0   880.0  880.0
401  992.462640 2.770E-24 1.888E-02.08820.164 1204.05910.860.000000             V6         GROUND 49 10 1A2      50  9 0A1     466520 1 1 1 1 1 0  1584.0 1584.0
401  992.462640 2.770E-24 1.888E-02.08820.164 1204.05910.860.000000             V6         GROUND 49 10 1A1      50  9 0A2     466520 1 1 1 1 1 0  1584.0 1584.0
401  992.516570 2.630E-23 5.398E-02.08750.164  965.29440.860.000000             V6         GROUND 51  6 1E       51  5 0E      466520 1 1 1 1 1 0  1648.0 1648.0
401  992.550080 1.370E-23 1.746E-02.08940.256  807.44990.860.000000             V6         GROUND 38  9 1E       39  8 0E      466520 1 1 1 1 1 0  1232.0 1232.0
401  992.632530 3.020E-23 5.402E-02.08760.174  932.92600.860.000000             V6         GROUND 50  6 1E       50  5 0E      466520 1 1 1 1 1 0  1616.0 1616.0
401  992.746180 3.460E-23 5.412E-02.08760.182  901.18570.860.000000             V6         GROUND 49  6 1E       49  5 0E      466520 1 1 1 1 1 0  1584.0 1584.0
401  992.771910 4.110E-23 2.763E-02.08760.203  723.19970.860.000000             V6         GROUND 48  2 1E       47  1 0E      466520 1 1 1 1 1 0  1552.0 1552.0
401  992.804760 1.710E-22 3.005E-02.09160.350  377.10860.860.000000             V6         GROUND 34  3 1E       33  2 0E      466520 1 1 1 1 1 0  1104.0 1104.0
401  992.817910 3.420E-22 6.210E-02.11030.341   95.63000.730.000000             V6         GROUND  8  5 1E        7  4 0E      466520 1 1 1 1 1 0   272.0  272.0
401  992.830800 4.500E-23 1.004E-02.10460.446  261.64880.700.000000             V6         GROUND 15  7 1A1      16  6 0A2     466520 1 1 1 1 1 0   496.0  496.0
401  992.830800 4.500E-23 1.004E-02.10460.446  261.64880.700.000000             V6         GROUND 15  7 1A2      16  6 0A1     466520 1 1 1 1 1 0   496.0  496.0
401  992.857540 3.940E-23 5.409E-02.08770.191  870.07370.860.000000             V6         GROUND 48  6 1E       48  5 0E      466520 1 1 1 1 1 0  1552.0 1552.0
401  992.955650 4.040E-25 1.978E-02.08820.134 1647.45200.860.000000             V6         GROUND 59 11 1E       60 10 0E      355420 1 1 1 1 1 0  1904.0 1904.0
401  992.966590 4.470E-23 5.404E-02.08780.198  839.59050.860.000000             V6         GROUND 47  6 1E       47  5 0E      466520 1 1 1 1 1 0  1520.0 1520.0
401  992.988610 3.330E-22 3.564E-02.10130.471  177.71950.700.000000             V6         GROUND 21  4 1A1      20  3 0A2     466520 1 1 1 1 1 0   688.0  688.0
401  992.988610 3.330E-22 3.564E-02.10130.471  177.71950.700.000000             V6         GROUND 21  4 1A2      20  3 0A1     466520 1 1 1 1 1 0   688.0  688.0
401  993.073350 5.060E-23 5.406E-02.08790.206  809.73650.860.000000             V6         GROUND 46  6 1E       46  5 0E      466520 1 1 1 1 1 0  1488.0 1488.0
401  993.147150 3.960E-23 1.487E-02.09490.409  478.94780.750.000000             V6         GROUND 26  8 1E       27  7 0E      466520 1 1 1 1 1 0   848.0  848.0
401  993.177820 5.700E-23 5.400E-02.08810.214  780.51200.860.000000             V6         GROUND 45  6 1E       45  5 0E      466520 1 1 1 1 1 0  1456.0 1456.0
401  993.201750 3.140E-24 1.875E-02.08820.173 1172.34260.860.000000             V6         GROUND 48 10 1A1      49  9 0A2     466520 1 1 1 1 1 0  1552.0 1552.0
401  993.201750 3.140E-24 1.875E-02.08820.173 1172.34260.860.000000             V6         GROUND 48 10 1A2      49  9 0A1     466520 1 1 1 1 1 0  1552.0 1552.0
401  993.268060 1.490E-23 1.731E-02.08970.267  782.65500.860.000000             V6         GROUND 37  9 1E       38  8 0E      466520 1 1 1 1 1 0  1200.0 1200.0
401  993.280000 6.400E-23 5.396E-02.08820.222  751.91740.860.000000             V6         GROUND 44  6 1E       44  5 0E      466520 1 1 1 1 1 0  1424.0 1424.0
401  993.289810 3.610E-23 2.760E-02.08750.195  753.69270.860.000000             V6         GROUND 49  2 1E       48  1 0E      466520 1 1 1 1 1 0  1584.0 1584.0
401  993.358940 1.580E-22 3.001E-02.09110.336  398.75850.870.000000             V6         GROUND 35  3 1E       34  2 0E      466520 1 1 1 1 1 0  1136.0 1136.0
401  993.379890 7.170E-23 5.399E-02.08840.230  723.95310.860.000000             V6         GROUND 43  6 1E       43  5 0E      466520 1 1 1 1 1 0  1392.0 1392.0
401  993.435440 3.460E-22 5.769E-02.11080.363  100.73480.740.000000             V6         GROUND  9  5 1E        8  4 0E      466520 1 1 1 1 1 0   304.0  304.0
401  993.477490 7.990E-23 5.393E-02.08860.239  696.61940.860.000000             V6         GROUND 42  6 1E       42  5 0E      466520 1 1 1 1 1 0  1360.0 1360.0
401  993.501780 4.040E-23 9.183E-03.10530.440  251.44590.710.000000             V6         GROUND 14  7 1A2      15  6 0A1     466520 1 1 1 1 1 0   464.0  464.0
401  993.501780 4.040E-23 9.183E-03.10530.440  251.44590.710.000000             V6         GROUND 14  7 1A1      15  6 0A2     466520 1 1 1 1 1 0   464.0  464.0
401  993.572790 8.880E-23 5.392E-02.08880.249  669.91660.860.000000             V6         GROUND 41  6 1E       41  5 0E      466520 1 1 1 1 1 0  1328.0 1328.0
401  993.575180 3.230E-22 3.529E-02.10020.469  191.11040.700.000000             V6         GROUND 22  4 1A1      21  3 0A2     466520 1 1 1 1 1 0   720.0  720.0
401  993.575180 3.230E-22 3.529E-02.10020.469  191.11040.700.000000             V6         GROUND 22  4 1A2      21  3 0A1     466520 1 1 1 1 1 0   720.0  720.0
401  993.665810 9.830E-23 5.390E-02.08900.257  643.84510.860.000000             V6         GROUND 40  6 1E       40  5 0E      466520 1 1 1 1 1 0  1296.0 1296.0
401  993.713290 4.750E-25 1.970E-02.08810.134 1609.48910.860.000000             V6         GROUND 58 11 1E       59 10 0E      355420 1 1 1 1 1 0  1872.0 1872.0
401  993.756560 1.080E-22 5.366E-02.08930.268  618.40520.860.000000             V6         GROUND 39  6 1E       39  5 0E      466520 1 1 1 1 1 0  1264.0 1264.0
401  993.805040 3.170E-23 2.767E-02.08740.186  784.81470.860.000000             V6         GROUND 50  2 1E       49  1 0E      466520 1 1 1 1 1 0  1616.0 1616.0
401  993.841090 4.020E-23 1.445E-02.09560.418  461.75040.730.000000             V6         GROUND 25  8 1E       26  7 0E      466520 1 1 1 1 1 0   816.0  816.0
401  993.845010 1.190E-22 5.378E-02.08960.279  593.59730.860.000000             V6         GROUND 38  6 1E       38  5 0E      466520 1 1 1 1 1 0  1232.0 1232.0
401  993.910560 1.460E-22 3.009E-02.09070.323  421.04200.860.000000             V6         GROUND 36  3 1E       35  2 0E      466520 1 1 1 1 1 0  1168.0 1168.0
401  993.931190 1.300E-22 5.364E-02.08990.291  569.42160.860.000000             V6         GROUND 37  6 1E       37  5 0E      466520 1 1 1 1 1 0  1200.0 1200.0
401  993.938960 3.550E-24 1.863E-02.08820.181 1141.25400.860.000000             V6         GROUND 47 10 1A1      48  9 0A2     466520 1 1 1 1 1 0  1520.0 1520.0
401  993.938960 3.550E-24 1.863E-02.08820.181 1141.25400.860.000000             V6         GROUND 47 10 1A2      48  9 0A1     466520 1 1 1 1 1 0  1520.0 1520.0
401  993.984070 1.600E-23 1.700E-02.09000.279  758.49190.860.000000             V6         GROUND 36  9 1E       37  8 0E      466520 1 1 1 1 1 0  1168.0 1168.0
401  994.015080 1.420E-22 5.370E-02.09030.304  545.87840.860.000000             V6         GROUND 36  6 1E       36  5 0E      466520 1 1 1 1 1 0  1168.0 1168.0
401  994.050640 3.500E-22 5.436E-02.11040.383  106.47750.730.000000             V6         GROUND 10  5 1E        9  4 0E      466520 1 1 1 1 1 0   336.0  336.0
401  994.096700 1.540E-22 5.357E-02.09070.317  522.96810.870.000000             V6         GROUND 35  6 1E       35  5 0E      466520 1 1 1 1 1 0  1136.0 1136.0
401  994.159300 3.120E-22 3.498E-02.09930.464  205.13780.710.000000             V6         GROUND 23  4 1A1      22  3 0A2     466520 1 1 1 1 1 0   752.0  752.0
401  994.159300 3.120E-22 3.498E-02.09930.464  205.13780.710.000000             V6         GROUND 23  4 1A2      22  3 0A1     466520 1 1 1 1 1 0   752.0  752.0
401  994.170620 3.530E-23 8.237E-03.10540.431  241.88020.720.000000             V6         GROUND 13  7 1A1      14  6 0A2     466520 1 1 1 1 1 0   432.0  432.0
401  994.170620 3.530E-23 8.237E-03.10540.431  241.88020.720.000000             V6         GROUND 13  7 1A2      14  6 0A1     466520 1 1 1 1 1 0   432.0  432.0
401  994.176040 1.670E-22 5.365E-02.09110.330  500.69090.860.000000             V6         GROUND 34  6 1E       34  5 0E      466520 1 1 1 1 1 0  1104.0 1104.0
401  994.253100 1.800E-22 5.362E-02.09150.344  479.04710.850.000000             V6         GROUND 33  6 1E       33  5 0E      466520 1 1 1 1 1 0  1072.0 1072.0
401  994.317600 2.770E-23 2.769E-02.08730.178  816.56530.860.000000             V6         GROUND 51  2 1E       50  1 0E      466520 1 1 1 1 1 0  1648.0 1648.0
401  994.327880 1.930E-22 5.351E-02.09200.357  458.03690.830.000000             V6         GROUND 32  6 1E       32  5 0E      466520 1 1 1 1 1 0  1040.0 1040.0
401  994.400380 2.060E-22 5.338E-02.09250.370  437.66070.820.000000             V6         GROUND 31  6 1E       31  5 0E      466520 1 1 1 1 1 0  1008.0 1008.0
401  994.459610 1.330E-22 2.985E-02.09030.310  443.95880.860.000000             V6         GROUND 37  3 1E       36  2 0E      466520 1 1 1 1 1 0  1200.0 1200.0
401  994.469080 5.560E-25 1.960E-02.08810.133 1572.14970.860.000000             V6         GROUND 57 11 1E       58 10 0E      355420 1 1 1 1 1 0  1840.0 1840.0
401  994.470620 2.190E-22 5.326E-02.09310.383  417.91870.800.000000             V6         GROUND 30  6 1E       30  5 0E      466520 1 1 1 1 1 0   976.0  976.0
401  994.532970 4.060E-23 1.403E-02.09630.425  445.18810.720.000000             V6         GROUND 24  8 1E       25  7 0E      466520 1 1 1 1 1 0   784.0  784.0
401  994.538580 2.320E-22 5.316E-02.09370.396  398.81100.790.000000             V6         GROUND 29  6 1E       29  5 0E      466520 1 1 1 1 1 0   944.0  944.0
401  994.604270 2.440E-22 5.291E-02.09430.407  380.33810.770.000000             V6         GROUND 28  6 1E       28  5 0E      466520 1 1 1 1 1 0   912.0  912.0
401  994.663480 3.530E-22 5.170E-02.10970.401  112.85800.730.000000             V6         GROUND 11  5 1E       10  4 0E      466520 1 1 1 1 1 0   368.0  368.0
401  994.667680 2.570E-22 5.297E-02.09500.418  362.50000.760.000000             V6         GROUND 27  6 1E       27  5 0E      466520 1 1 1 1 1 0   880.0  880.0
401  994.674260 3.990E-24 1.847E-02.08830.189 1110.79370.860.000000             V6         GROUND 46 10 1A1      47  9 0A2     466520 1 1 1 1 1 0  1488.0 1488.0
401  994.674260 3.990E-24 1.847E-02.08830.189 1110.79370.860.000000             V6         GROUND 46 10 1A2      47  9 0A1     466520 1 1 1 1 1 0  1488.0 1488.0
401  994.698080 1.720E-23 1.679E-02.09030.292  734.96110.870.000000             V6         GROUND 35  9 1E       36  8 0E      466520 1 1 1 1 1 0  1136.0 1136.0
401  994.728830 2.680E-22 5.273E-02.09580.428  345.29710.750.000000             V6         GROUND 26  6 1E       26  5 0E      466520 1 1 1 1 1 0   848.0  848.0
401  994.740970 3.000E-22 3.469E-02.09830.459  219.80130.720.000000             V6         GROUND 24  4 1A2      23  3 0A1     466520 1 1 1 1 1 0   784.0  784.0
401  994.740970 3.000E-22 3.469E-02.09830.459  219.80130.720.000000             V6         GROUND 24  4 1A1      23  3 0A2     466520 1 1 1 1 1 0   784.0  784.0
401  994.787700 2.780E-22 5.245E-02.09650.436  328.72950.730.000000             V6         GROUND 25  6 1E       25  5 0E      466520 1 1 1 1 1 0   816.0  816.0
401  994.827490 2.410E-23 2.769E-02.08720.168  848.94410.860.000000             V6         GROUND 52  2 1E       51  1 0E      466520 1 1 1 1 1 0  1680.0 1680.0
401  994.837310 2.980E-23 7.201E-03.10500.420  232.95160.720.000000             V6         GROUND 12  7 1A2      13  6 0A1     466520 1 1 1 1 1 0   400.0  400.0
401  994.837310 2.980E-23 7.201E-03.10500.420  232.95160.720.000000             V6         GROUND 12  7 1A1      13  6 0A2     466520 1 1 1 1 1 0   400.0  400.0
401  994.844300 2.880E-22 5.234E-02.09730.444  312.79740.720.000000             V6         GROUND 24  6 1E       24  5 0E      466520 1 1 1 1 1 0   784.0  784.0
401  994.898640 2.960E-22 5.207E-02.09820.450  297.50100.710.000000             V6         GROUND 23  6 1E       23  5 0E      466520 1 1 1 1 1 0   752.0  752.0
401  994.950710 3.030E-22 5.185E-02.09910.455  282.84060.700.000000             V6         GROUND 22  6 1E       22  5 0E      466520 1 1 1 1 1 0   720.0  720.0
401  995.000500 3.080E-22 5.153E-02.10010.459  268.81630.700.000000             V6         GROUND 21  6 1E       21  5 0E      466520 1 1 1 1 1 0   688.0  688.0
401  995.006100 1.220E-22 2.994E-02.08990.297  467.50860.860.000000             V6         GROUND 38  3 1E       37  2 0E      466520 1 1 1 1 1 0  1232.0 1232.0
401  995.048030 3.110E-22 5.113E-02.10110.461  255.42820.690.000000             V6         GROUND 20  6 1E       20  5 0E      466520 1 1 1 1 1 0   656.0  656.0
401  995.093300 3.120E-22 5.069E-02.10220.462  242.67670.690.000000             V6         GROUND 19  6 1E       19  5 0E      466520 1 1 1 1 1 0   624.0  624.0
401  995.136300 3.110E-22 5.022E-02.10330.461  230.56170.690.000000             V6         GROUND 18  6 1E       18  5 0E      466520 1 1 1 1 1 0   592.0  592.0
401  995.177030 3.080E-22 4.973E-02.10440.459  219.08340.690.000000             V6         GROUND 17  6 1E       17  5 0E      466520 1 1 1 1 1 0   560.0  560.0
401  995.215490 3.020E-22 4.906E-02.10500.454  208.24210.690.000000             V6         GROUND 16  6 1E       16  5 0E      466520 1 1 1 1 1 0   528.0  528.0
401  995.222790 4.060E-23 1.356E-02.09710.432  429.26110.710.000000             V6         GROUND 23  8 1E       24  7 0E      466520 1 1 1 1 1 0   752.0  752.0
401  995.223020 6.490E-25 1.950E-02.08800.133 1535.43410.860.000000             V6         GROUND 56 11 1E       57 10 0E      355420 1 1 1 1 1 0  1808.0 1808.0
401  995.251700 2.930E-22 4.822E-02.10590.449  198.03780.700.000000             V6         GROUND 15  6 1E       15  5 0E      466520 1 1 1 1 1 0   496.0  496.0
401  995.273980 3.540E-22 4.941E-02.10900.416  119.87630.720.000000             V6         GROUND 12  5 1E       11  4 0E      466520 1 1 1 1 1 0   400.0  400.0
401  995.285630 2.810E-22 4.719E-02.10640.441  188.47060.710.000000             V6         GROUND 14  6 1E       14  5 0E      466520 1 1 1 1 1 0   464.0  464.0
401  995.317320 2.670E-22 4.612E-02.10650.431  179.54070.720.000000             V6         GROUND 13  6 1E       13  5 0E      466520 1 1 1 1 1 0   432.0  432.0
401  995.320190 2.870E-22 3.438E-02.09750.452  235.10100.730.000000             V6         GROUND 25  4 1A1      24  3 0A2     466520 1 1 1 1 1 0   816.0  816.0
401  995.320190 2.870E-22 3.438E-02.09750.452  235.10100.730.000000             V6         GROUND 25  4 1A2      24  3 0A1     466520 1 1 1 1 1 0   816.0  816.0
401  995.334680 2.090E-23 2.769E-02.08720.157  881.95070.860.000000             V6         GROUND 53  2 1E       52  1 0E      466520 1 1 1 1 1 0  1712.0 1712.0
401  995.346720 2.490E-22 4.462E-02.10660.418  171.24820.720.000000             V6         GROUND 12  6 1E       12  5 0E      466520 1 1 1 1 1 0   400.0  400.0
401  995.373870 2.270E-22 4.260E-02.10660.403  163.59320.730.000000             V6         GROUND 11  6 1E       11  5 0E      466520 1 1 1 1 1 0   368.0  368.0
401  995.398750 2.020E-22 4.013E-02.10680.385  156.57580.730.000000             V6         GROUND 10  6 1E       10  5 0E      466520 1 1 1 1 1 0   336.0  336.0
401  995.407640 4.460E-24 1.828E-02.08840.196 1080.96200.860.000000             V6         GROUND 45 10 1A2      46  9 0A1     466520 1 1 1 1 1 0  1456.0 1456.0
401  995.407640 4.460E-24 1.828E-02.08840.196 1080.96200.860.000000             V6         GROUND 45 10 1A1      46  9 0A2     466520 1 1 1 1 1 0  1456.0 1456.0
401  995.410110 1.840E-23 1.656E-02.09070.305  712.06270.860.000000             V6         GROUND 34  9 1E       35  8 0E      466520 1 1 1 1 1 0  1104.0 1104.0
401  995.421370 1.730E-22 3.683E-02.10700.364  150.19610.740.000000             V6         GROUND  9  6 1E        9  5 0E      466520 1 1 1 1 1 0   304.0  304.0
401  995.441730 1.390E-22 3.216E-02.10660.338  144.45410.730.000000             V6         GROUND  8  6 1E        8  5 0E      466520 1 1 1 1 1 0   272.0  272.0
401  995.459830 1.000E-22 2.558E-02.10480.308  139.34990.720.000000             V6         GROUND  7  6 1E        7  5 0E      466520 1 1 1 1 1 0   240.0  240.0
401  995.475660 5.460E-23 1.577E-02.10040.272  134.88360.710.000000             V6         GROUND  6  6 1E        6  5 0E      466520 1 1 1 1 1 0   208.0  208.0
401  995.501830 2.400E-23 6.062E-03.10430.406  224.66040.730.000000             V6         GROUND 11  7 1A1      12  6 0A2     466520 1 1 1 1 1 0   368.0  368.0
401  995.501830 2.400E-23 6.062E-03.10430.406  224.66040.730.000000             V6         GROUND 11  7 1A2      12  6 0A1     466520 1 1 1 1 1 0   368.0  368.0
401  995.550000 1.110E-22 2.990E-02.08960.285  491.69110.860.000000             V6         GROUND 39  3 1E       38  2 0E      466520 1 1 1 1 1 0  1264.0 1264.0
401  995.839180 1.810E-23 2.775E-02.08710.150  915.58470.860.000000             V6         GROUND 54  2 1E       53  1 0E      466520 1 1 1 1 1 0  1744.0 1744.0
401  995.882120 3.550E-22 4.768E-02.10840.429  127.53220.720.000000             V6         GROUND 13  5 1E       12  4 0E      466520 1 1 1 1 1 0   432.0  432.0
401  995.896930 2.740E-22 3.417E-02.09660.444  251.03650.750.000000             V6         GROUND 26  4 1A1      25  3 0A2     466520 1 1 1 1 1 0   848.0  848.0
401  995.896930 2.740E-22 3.417E-02.09660.444  251.03650.750.000000             V6         GROUND 26  4 1A2      25  3 0A1     466520 1 1 1 1 1 0   848.0  848.0
401  995.910520 4.030E-23 1.307E-02.09800.437  413.96970.700.000000             V6         GROUND 22  8 1E       23  7 0E      466520 1 1 1 1 1 0   720.0  720.0
401  995.975110 7.540E-25 1.938E-02.08790.133 1499.34290.860.000000             V6         GROUND 55 11 1E       56 10 0E      355420 1 1 1 1 1 0  1776.0 1776.0
401  996.091310 1.010E-22 2.996E-02.08930.274  516.50610.860.000000             V6         GROUND 40  3 1E       39  2 0E      466520 1 1 1 1 1 0  1296.0 1296.0
401  996.120130 1.950E-23 1.624E-02.09110.319  689.79710.850.000000             V6         GROUND 33  9 1E       34  8 0E      466520 1 1 1 1 1 0  1072.0 1072.0
401  996.139090 4.980E-24 1.814E-02.08850.204 1051.75950.860.000000             V6         GROUND 44 10 1A1      45  9 0A2     466520 1 1 1 1 1 0  1424.0 1424.0
401  996.139090 4.980E-24 1.814E-02.08850.204 1051.75950.860.000000             V6         GROUND 44 10 1A2      45  9 0A1     466520 1 1 1 1 1 0  1424.0 1424.0
401  996.164200 1.810E-23 4.831E-03.10380.388  217.00650.730.000000             V6         GROUND 10  7 1A2      11  6 0A1     466520 1 1 1 1 1 0   336.0  336.0
401  996.164200 1.810E-23 4.831E-03.10380.388  217.00650.730.000000             V6         GROUND 10  7 1A1      11  6 0A2     466520 1 1 1 1 1 0   336.0  336.0
401  996.340970 1.560E-23 2.777E-02.08710.150  949.84560.860.000000             V6         GROUND 55  2 1E       54  1 0E      466520 1 1 1 1 1 0  1776.0 1776.0
401  996.471200 2.600E-22 3.391E-02.09590.434  267.60770.760.000000             V6         GROUND 27  4 1A2      26  3 0A1     466520 1 1 1 1 1 0   880.0  880.0
401  996.471200 2.600E-22 3.391E-02.09590.434  267.60770.760.000000             V6         GROUND 27  4 1A1      26  3 0A2     466520 1 1 1 1 1 0   880.0  880.0
401  996.487900 3.540E-22 4.614E-02.10780.440  135.82570.710.000000             V6         GROUND 14  5 1E       13  4 0E      466520 1 1 1 1 1 0   464.0  464.0
401  996.596180 3.970E-23 1.256E-02.09890.442  399.31400.700.000000             V6         GROUND 21  8 1E       22  7 0E      466520 1 1 1 1 1 0   688.0  688.0
401  996.630030 9.090E-23 2.981E-02.08900.263  541.95310.860.000000             V6         GROUND 41  3 1E       40  2 0E      466520 1 1 1 1 1 0  1328.0 1328.0
401  996.725330 8.730E-25 1.927E-02.08840.133 1463.87650.860.000000             V6         GROUND 54 11 1E       55 10 0E      355420 1 1 1 1 1 0  1744.0 1744.0
401  996.824390 1.240E-23 3.540E-03.10330.366  209.99010.740.000000             V6         GROUND  9  7 1A1      10  6 0A2     466520 1 1 1 1 1 0   304.0  304.0
401  996.824390 1.240E-23 3.540E-03.10330.366  209.99010.740.000000             V6         GROUND  9  7 1A2      10  6 0A1     466520 1 1 1 1 1 0   304.0  304.0
401  996.828160 2.070E-23 1.602E-02.09150.332  668.16460.830.000000             V6         GROUND 32  9 1E       33  8 0E      466520 1 1 1 1 1 0  1040.0 1040.0
401  996.840060 1.340E-23 2.779E-02.08700.150  984.73310.860.000000             V6         GROUND 56  2 1E       55  1 0E      466520 1 1 1 1 1 0  1808.0 1808.0
401  996.868620 5.530E-24 1.796E-02.08860.212 1023.18630.860.000000             V6         GROUND 43 10 1A2      44  9 0A1     466520 1 1 1 1 1 0  1392.0 1392.0
401  996.868620 5.530E-24 1.796E-02.08860.212 1023.18630.860.000000             V6         GROUND 43 10 1A1      44  9 0A2     466520 1 1 1 1 1 0  1392.0 1392.0
401  997.042980 2.460E-22 3.369E-02.09510.424  284.81430.770.000000             V6         GROUND 28  4 1A1      27  3 0A2     466520 1 1 1 1 1 0   912.0  912.0
401  997.042980 2.460E-22 3.369E-02.09510.424  284.81430.770.000000             V6         GROUND 28  4 1A2      27  3 0A1     466520 1 1 1 1 1 0   912.0  912.0
401  997.091300 3.520E-22 4.488E-02.10720.449  144.75670.700.000000             V6         GROUND 15  5 1E       14  4 0E      466520 1 1 1 1 1 0   496.0  496.0
401  997.166150 8.190E-23 2.981E-02.08870.253  568.03200.860.000000             V6         GROUND 42  3 1E       41  2 0E      466520 1 1 1 1 1 0  1360.0 1360.0
401  997.279740 3.860E-23 1.198E-02.09980.444  385.29420.690.000000             V6         GROUND 20  8 1E       21  7 0E      466520 1 1 1 1 1 0   656.0  656.0
401  997.336410 1.150E-23 2.787E-02.08640.150 1020.24660.860.000000             V6         GROUND 57  2 1E       56  1 0E      355420 1 1 1 1 1 0  1840.0 1840.0
401  997.473670 1.010E-24 1.920E-02.08840.133 1429.03540.860.000000             V6         GROUND 53 11 1E       54 10 0E      355420 1 1 1 1 1 0  1712.0 1712.0
401  997.482390 7.100E-24 2.199E-03.10280.340  203.61130.730.000000             V6         GROUND  8  7 1A2       9  6 0A1     466520 1 1 1 1 1 0   272.0  272.0
401  997.482390 7.100E-24 2.199E-03.10280.340  203.61130.730.000000             V6         GROUND  8  7 1A1       9  6 0A2     466520 1 1 1 1 1 0   272.0  272.0
401  997.534170 2.170E-23 1.566E-02.09190.346  647.16550.820.000000             V6         GROUND 31  9 1E       32  8 0E      466520 1 1 1 1 1 0  1008.0 1008.0
401  997.596200 6.120E-24 1.778E-02.08870.221  995.24300.860.000000             V6         GROUND 42 10 1A1      43  9 0A2     466520 1 1 1 1 1 0  1360.0 1360.0
401  997.596200 6.120E-24 1.778E-02.08870.221  995.24300.860.000000             V6         GROUND 42 10 1A2      43  9 0A1     466520 1 1 1 1 1 0  1360.0 1360.0
401  997.612280 2.320E-22 3.352E-02.09440.413  302.65620.790.000000             V6         GROUND 29  4 1A2      28  3 0A1     466520 1 1 1 1 1 0   944.0  944.0
401  997.612280 2.320E-22 3.352E-02.09440.413  302.65620.790.000000             V6         GROUND 29  4 1A1      28  3 0A2     466520 1 1 1 1 1 0   944.0  944.0
401  997.692300 3.480E-22 4.371E-02.10640.456  154.32500.690.000000             V6         GROUND 16  5 1E       15  4 0E      466520 1 1 1 1 1 0   528.0  528.0
401  997.699640 7.350E-23 2.979E-02.08850.243  594.74230.860.000000             V6         GROUND 43  3 1E       42  2 0E      466520 1 1 1 1 1 0  1392.0 1392.0
401  997.830030 9.780E-24 2.780E-02.08640.150 1056.38580.860.000000             V6         GROUND 58  2 1E       57  1 0E      355420 1 1 1 1 1 0  1872.0 1872.0
401  997.961200 3.710E-23 1.136E-02.10080.446  371.91050.690.000000             V6         GROUND 19  8 1E       20  7 0E      466520 1 1 1 1 1 0   624.0  624.0
401  998.138200 2.740E-24 9.365E-04.10140.307  197.87010.720.000000             V6         GROUND  7  7 1A2       8  6 0A1     466520 1 1 1 1 1 0   240.0  240.0
401  998.138200 2.740E-24 9.365E-04.10140.307  197.87010.720.000000             V6         GROUND  7  7 1A1       8  6 0A2     466520 1 1 1 1 1 0   240.0  240.0
401  998.179060 2.180E-22 3.336E-02.09380.401  321.13310.800.000000             V6         GROUND 30  4 1A1      29  3 0A2     466520 1 1 1 1 1 0   976.0  976.0
401  998.179060 2.180E-22 3.336E-02.09380.401  321.13310.800.000000             V6         GROUND 30  4 1A2      29  3 0A1     466520 1 1 1 1 1 0   976.0  976.0
401  998.220150 1.160E-24 1.905E-02.08840.133 1394.81990.860.000000             V6         GROUND 52 11 1E       53 10 0E      355420 1 1 1 1 1 0  1680.0 1680.0
401  998.230510 6.570E-23 2.976E-02.08830.234  622.08370.860.000000             V6         GROUND 44  3 1E       43  2 0E      466520 1 1 1 1 1 0  1424.0 1424.0
401  998.238160 2.270E-23 1.535E-02.09240.359  626.79990.800.000000             V6         GROUND 30  9 1E       31  8 0E      466520 1 1 1 1 1 0   976.0  976.0
401  998.290930 3.430E-22 4.274E-02.10540.461  164.53050.690.000000             V6         GROUND 17  5 1E       16  4 0E      466520 1 1 1 1 1 0   560.0  560.0
401  998.320910 8.310E-24 2.780E-02.08640.150 1093.15020.860.000000             V6         GROUND 59  2 1E       58  1 0E      355420 1 1 1 1 1 0  1904.0 1904.0
401  998.321840 6.740E-24 1.759E-02.08890.230  967.92980.860.000000             V6         GROUND 41 10 1A1      42  9 0A2     466520 1 1 1 1 1 0  1328.0 1328.0
401  998.321840 6.740E-24 1.759E-02.08890.230  967.92980.860.000000             V6         GROUND 41 10 1A2      42  9 0A1     466520 1 1 1 1 1 0  1328.0 1328.0
401  998.640550 3.520E-23 1.069E-02.10190.446  359.16300.690.000000             V6         GROUND 18  8 1E       19  7 0E      466520 1 1 1 1 1 0   592.0  592.0
401  998.743320 2.040E-22 3.321E-02.09320.388  340.24480.820.000000             V6         GROUND 31  4 1A1      30  3 0A2     466520 1 1 1 1 1 0  1008.0 1008.0
401  998.743320 2.040E-22 3.321E-02.09320.388  340.24480.820.000000             V6         GROUND 31  4 1A2      30  3 0A1     466520 1 1 1 1 1 0  1008.0 1008.0
401  998.758740 5.850E-23 2.972E-02.08810.226  650.05600.860.000000             V6         GROUND 45  3 1E       44  2 0E      466520 1 1 1 1 1 0  1456.0 1456.0
401  998.887140 3.370E-22 4.192E-02.10460.465  175.37320.690.000000             V6         GROUND 18  5 1E       17  4 0E      466520 1 1 1 1 1 0   592.0  592.0
401  998.940130 2.360E-23 1.501E-02.09300.371  607.06820.790.000000             V6         GROUND 29  9 1E       30  8 0E      466520 1 1 1 1 1 0   944.0  944.0
401  998.964740 1.330E-24 1.894E-02.08840.140 1361.23060.860.000000             V6         GROUND 51 11 1E       52 10 0E      355420 1 1 1 1 1 0  1648.0 1648.0
401  999.045530 7.380E-24 1.736E-02.08900.239  941.24710.860.000000             V6         GROUND 40 10 1A1      41  9 0A2     466520 1 1 1 1 1 0  1296.0 1296.0
401  999.045530 7.380E-24 1.736E-02.08900.239  941.24710.860.000000             V6         GROUND 40 10 1A2      41  9 0A1     466520 1 1 1 1 1 0  1296.0 1296.0
401  999.284340 5.200E-23 2.974E-02.08790.217  678.65860.860.000000             V6         GROUND 46  3 1E       45  2 0E      466520 1 1 1 1 1 0  1488.0 1488.0
401  999.289150 6.080E-24 5.571E-02.08700.144 1300.05190.860.000000             V6         GROUND 59  7 1A1      59  6 0A2     355420 1 1 1 1 1 0  1904.0 1904.0
401  999.289150 6.080E-24 5.571E-02.08700.144 1300.05190.860.000000             V6         GROUND 59  7 1A2      59  6 0A1     355420 1 1 1 1 1 0  1904.0 1904.0
401  999.304010 3.310E-22 9.456E-02.09140.230  131.05520.710.000000             V6         GROUND  6  6 1E        5  5 0E      466520 1 1 1 1 1 0   208.0  208.0
401  999.305090 1.900E-22 3.303E-02.09260.375  359.99110.830.000000             V6         GROUND 32  4 1A1      31  3 0A2     466520 1 1 1 1 1 0  1040.0 1040.0
401  999.305090 1.900E-22 3.303E-02.09260.375  359.99110.830.000000             V6         GROUND 32  4 1A2      31  3 0A1     466520 1 1 1 1 1 0  1040.0 1040.0
401  999.317800 3.280E-23 9.945E-03.10300.444  347.05190.690.000000             V6         GROUND 17  8 1E       18  7 0E      466520 1 1 1 1 1 0   560.0  560.0
401  999.423550 7.170E-24 5.573E-02.08700.144 1262.68040.860.000000             V6         GROUND 58  7 1A2      58  6 0A1     355420 1 1 1 1 1 0  1872.0 1872.0
401  999.423550 7.170E-24 5.573E-02.08700.144 1262.68040.860.000000             V6         GROUND 58  7 1A1      58  6 0A2     355420 1 1 1 1 1 0  1872.0 1872.0
401  999.480960 3.300E-22 4.123E-02.10340.467  186.85280.690.000000             V6         GROUND 19  5 1E       18  4 0E      466520 1 1 1 1 1 0   624.0  624.0
401  999.555640 8.420E-24 5.571E-02.08700.144 1225.93330.860.000000             V6         GROUND 57  7 1A2      57  6 0A1     355420 1 1 1 1 1 0  1840.0 1840.0
401  999.555640 8.420E-24 5.571E-02.08700.144 1225.93330.860.000000             V6         GROUND 57  7 1A1      57  6 0A2     355420 1 1 1 1 1 0  1840.0 1840.0
401  999.640060 2.440E-23 1.466E-02.09350.383  587.97050.770.000000             V6         GROUND 28  9 1E       29  8 0E      466520 1 1 1 1 1 0   912.0  912.0
401  999.685400 9.860E-24 5.571E-02.08690.144 1189.81120.860.000000             V6         GROUND 56  7 1A1      56  6 0A2     355420 1 1 1 1 1 0  1808.0 1808.0
401  999.685400 9.860E-24 5.571E-02.08690.144 1189.81120.860.000000             V6         GROUND 56  7 1A2      56  6 0A1     355420 1 1 1 1 1 0  1808.0 1808.0
401  999.707450 1.510E-24 1.871E-02.08840.151 1328.26780.860.000000             V6         GROUND 50 11 1E       51 10 0E      355420 1 1 1 1 1 0  1616.0 1616.0
401  999.767270 8.060E-24 1.715E-02.08920.241  915.19510.860.000000             V6         GROUND 39 10 1A1      40  9 0A2     466520 1 1 1 1 1 0  1264.0 1264.0
401  999.767270 8.060E-24 1.715E-02.08920.241  915.19510.860.000000             V6         GROUND 39 10 1A2      40  9 0A1     466520 1 1 1 1 1 0  1264.0 1264.0
401  999.807280 4.600E-23 2.971E-02.08780.210  707.89140.860.000000             V6         GROUND 47  3 1E       46  2 0E      466520 1 1 1 1 1 0  1520.0 1520.0
401  999.812860 1.150E-23 5.568E-02.08750.144 1154.31430.860.000000             V6         GROUND 55  7 1A2      55  6 0A1     466520 1 1 1 1 1 0  1776.0 1776.0
401  999.812860 1.150E-23 5.568E-02.08750.144 1154.31430.860.000000             V6         GROUND 55  7 1A1      55  6 0A2     466520 1 1 1 1 1 0  1776.0 1776.0
401  999.864300 1.770E-22 3.300E-02.09210.362  380.37170.850.000000             V6         GROUND 33  4 1A2      32  3 0A1     466520 1 1 1 1 1 0  1072.0 1072.0
401  999.864300 1.770E-22 3.300E-02.09210.362  380.37170.850.000000             V6         GROUND 33  4 1A1      32  3 0A2     466520 1 1 1 1 1 0  1072.0 1072.0
401  999.926130 3.290E-22 8.309E-02.10040.272  134.88360.720.000000             V6         GROUND  7  6 1E        6  5 0E      466520 1 1 1 1 1 0   240.0  240.0
401  999.937990 1.340E-23 5.578E-02.08750.144 1119.44330.860.000000             V6         GROUND 54  7 1A1      54  6 0A2     466520 1 1 1 1 1 0  1744.0 1744.0
401  999.937990 1.340E-23 5.578E-02.08750.144 1119.44330.860.000000             V6         GROUND 54  7 1A2      54  6 0A1     466520 1 1 1 1 1 0  1744.0 1744.0
401  999.992930 3.010E-23 9.166E-03.10410.441  335.57730.690.000000             V6         GROUND 16  8 1E       17  7 0E      466520 1 1 1 1 1 0   528.0  528.0
