511  945.384820 3.316E-23 1.037E+01.08000.123 2066.03140.75-.001000             V3         GROUND 46  6  A       47  6  A      455522 3 2 2 1 1 1   744.0  760.0
511  945.398510 2.097E-23 5.213E+00.08060.125 2018.80570.75-.001000             V3         GROUND 46  5  E       47  5  E      455522 3 2 2 1 1 1   744.0  760.0
511  945.409350 2.540E-23 5.233E+00.08120.127 1980.15410.75-.001000             V3         GROUND 46  4  E       47  4  E      455522 3 2 2 1 1 1   744.0  760.0
511  945.415370 2.950E-23 5.251E+00.08160.128 1950.08400.75-.001000             V3         GROUND 46  3  A2      47  3  A1     455522 3 2 2 1 1 1   744.0  760.0
511  945.419680 2.950E-23 5.251E+00.08160.128 1950.08400.75-.001000             V3         GROUND 46  3  A1      47  3  A2     455522 3 2 2 1 1 1   744.0  760.0
511  945.423240 3.282E-23 5.263E+00.08190.129 1928.60130.75-.001000             V3         GROUND 46  2  E       47  2  E      455522 3 2 2 1 1 1   744.0  760.0
511  945.426620 3.499E-23 5.270E+00.08200.130 1915.71000.75-.001000             V3         GROUND 46  1  E       47  1  E      455522 3 2 2 1 1 1   744.0  760.0
511  945.427740 3.574E-23 5.272E+00.08210.130 1911.41270.75-.001000             V3         GROUND 46  0  A1      47  0  A2     455522 3 2 2 1 1 1   744.0  760.0
511  948.053680 3.019E-23 5.248E+00.08060.125 1939.60640.75-.001000             V3         GROUND 45  5  E       46  5  E      455522 3 2 2 1 1 1   728.0  744.0
511  948.063710 3.659E-23 5.270E+00.08120.127 1900.94270.75-.001000             V3         GROUND 45  4  E       46  4  E      455522 3 2 2 1 1 1   728.0  744.0
511  948.069370 4.249E-23 5.288E+00.08160.128 1870.86320.75-.001000             V3         GROUND 45  3  A1      46  3  A2     455522 3 2 2 1 1 1   728.0  744.0
511  948.073190 4.249E-23 5.288E+00.08160.128 1870.86320.75-.001000             V3         GROUND 45  3  A2      46  3  A1     455522 3 2 2 1 1 1   728.0  744.0
511  948.076560 4.728E-23 5.300E+00.08190.129 1849.37370.75-.001000             V3         GROUND 45  2  E       46  2  E      455522 3 2 2 1 1 1   728.0  744.0
511  948.079690 5.041E-23 5.308E+00.08200.130 1836.47830.75-.001000             V3         GROUND 45  1  E       46  1  E      455522 3 2 2 1 1 1   728.0  744.0
511  948.080720 5.150E-23 5.311E+00.08210.130 1832.17960.75-.001000             V3         GROUND 45  0  A2      46  0  A1     455522 3 2 2 1 1 1   728.0  744.0
511  950.664540 2.580E-23 5.219E+00.07930.120 1965.13840.75-.001000             V3         GROUND 44  7  E       45  7  E      455522 3 2 2 1 1 1   712.0  728.0
511  950.679050 6.814E-23 1.051E+01.08000.123 1909.31290.75-.001000             V3         GROUND 44  6  A       45  6  A      455522 3 2 2 1 1 1   712.0  728.0
511  950.690720 4.311E-23 5.284E+00.08060.125 1862.05780.75-.001000             V3         GROUND 44  5  E       45  5  E      455522 3 2 2 1 1 1   712.0  728.0
511  950.699930 5.226E-23 5.308E+00.08120.127 1823.38210.75-.001000             V3         GROUND 44  4  E       45  4  E      455522 3 2 2 1 1 1   712.0  728.0
511  950.705190 6.070E-23 5.326E+00.08160.128 1793.29340.75-.001000             V3         GROUND 44  3  A2      45  3  A1     455522 3 2 2 1 1 1   712.0  728.0
511  950.708560 6.070E-23 5.326E+00.08160.128 1793.29340.75-.001000             V3         GROUND 44  3  A1      45  3  A2     455522 3 2 2 1 1 1   712.0  728.0
511  950.711720 6.755E-23 5.339E+00.08190.129 1771.79720.75-.001000             V3         GROUND 44  2  E       45  2  E      455522 3 2 2 1 1 1   712.0  728.0
511  950.714590 7.203E-23 5.348E+00.08200.130 1758.89790.75-.001000             V3         GROUND 44  1  E       45  1  E      455522 3 2 2 1 1 1   712.0  728.0
511  950.715540 7.359E-23 5.350E+00.08210.130 1754.59790.75-.001000             V3         GROUND 44  0  A1      45  0  A2     455522 3 2 2 1 1 1   712.0  728.0
511  953.250210 3.681E-23 1.033E+01.07740.114 2026.63240.75-.001000             V3         GROUND 43  9  A       44  9  A      455522 3 2 2 1 1 1   696.0  712.0
511  953.269420 2.648E-23 5.211E+00.07830.117 1953.67810.75-.001000             V3         GROUND 43  8  E       44  8  E      455522 3 2 2 1 1 1   696.0  712.0
511  953.285650 3.650E-23 5.252E+00.07930.120 1889.27360.75-.001000             V3         GROUND 43  7  E       44  7  E      455522 3 2 2 1 1 1   696.0  712.0
511  953.298870 9.643E-23 1.058E+01.08000.123 1833.43140.75-.001000             V3         GROUND 43  6  A       44  6  A      455522 3 2 2 1 1 1   696.0  712.0
511  953.309500 6.102E-23 5.319E+00.08060.125 1786.16200.75-.001000             V3         GROUND 43  5  E       44  5  E      455522 3 2 2 1 1 1   696.0  712.0
511  953.317870 7.399E-23 5.344E+00.08120.127 1747.47470.75-.001000             V3         GROUND 43  4  E       44  4  E      455522 3 2 2 1 1 1   696.0  712.0
511  953.322700 8.596E-23 5.364E+00.08160.128 1717.37690.75-.001000             V3         GROUND 43  3  A1      44  3  A2     455522 3 2 2 1 1 1   696.0  712.0
511  953.325670 8.596E-23 5.364E+00.08160.128 1717.37690.75-.001000             V3         GROUND 43  3  A2      44  3  A1     455522 3 2 2 1 1 1   696.0  712.0
511  953.328590 9.568E-23 5.378E+00.08190.129 1695.87430.75-.001000             V3         GROUND 43  2  E       44  2  E      455522 3 2 2 1 1 1   696.0  712.0
511  953.331190 1.020E-22 5.385E+00.08200.130 1682.97110.75-.001000             V3         GROUND 43  1  E       44  1  E      455522 3 2 2 1 1 1   696.0  712.0
511  953.332060 1.042E-22 5.387E+00.08210.130 1678.66970.75-.001000             V3         GROUND 43  0  A2      44  0  A1     455522 3 2 2 1 1 1   696.0  712.0
511  955.856350 5.157E-23 1.038E+01.07740.114 1952.46240.75-.001000             V3         GROUND 42  9  A       43  9  A      455522 3 2 2 1 1 1   680.0  696.0
511  955.873760 3.711E-23 5.239E+00.07830.117 1879.48670.75-.001000             V3         GROUND 42  8  E       43  8  E      455522 3 2 2 1 1 1   680.0  696.0
511  955.888410 5.119E-23 5.284E+00.07930.120 1815.06330.75-.001000             V3         GROUND 42  7  E       43  7  E      455522 3 2 2 1 1 1   680.0  696.0
511  955.900310 1.353E-22 1.065E+01.08000.123 1759.20450.75-.001000             V3         GROUND 42  6  A       43  6  A      455522 3 2 2 1 1 1   680.0  696.0
511  955.909890 8.564E-23 5.355E+00.08060.125 1711.92130.75-.001000             V3         GROUND 42  5  E       43  5  E      455522 3 2 2 1 1 1   680.0  696.0
511  955.917420 1.039E-22 5.383E+00.08120.127 1673.22260.75-.001000             V3         GROUND 42  4  E       43  4  E      455522 3 2 2 1 1 1   680.0  696.0
511  955.921790 1.207E-22 5.402E+00.08160.128 1643.11580.75-.001000             V3         GROUND 42  3  A2      43  3  A1     455522 3 2 2 1 1 1   680.0  696.0
511  955.924390 1.207E-22 5.402E+00.08160.128 1643.11580.75-.001000             V3         GROUND 42  3  A1      43  3  A2     455522 3 2 2 1 1 1   680.0  696.0
511  955.927050 1.344E-22 5.418E+00.08190.129 1621.60690.75-.001000             V3         GROUND 42  2  E       43  2  E      455522 3 2 2 1 1 1   680.0  696.0
511  955.929380 1.433E-22 5.425E+00.08200.130 1608.69990.75-.001000             V3         GROUND 42  1  E       43  1  E      455522 3 2 2 1 1 1   680.0  696.0
511  955.930160 1.464E-22 5.428E+00.08210.130 1604.39730.75-.001000             V3         GROUND 42  0  A1      43  0  A2     455522 3 2 2 1 1 1   680.0  696.0
511  958.373360 1.854E-23 1.004E+01.07360.101 2150.11740.75-.001000             V3         GROUND 41 12  A       42 12  A      455522 3 2 2 1 1 1   664.0  680.0
511  958.401650 1.518E-23 5.092E+00.07490.106 2051.54760.75-.001000             V3         GROUND 41 11  E       42 11  E      455522 3 2 2 1 1 1   664.0  680.0
511  958.424870 2.382E-23 5.157E+00.07620.110 1961.48530.75-.001000             V3         GROUND 41 10  E       42 10  E      455522 3 2 2 1 1 1   664.0  680.0
511  958.444060 7.161E-23 1.043E+01.07740.114 1879.94800.75-.001000             V3         GROUND 41  9  A       42  9  A      455522 3 2 2 1 1 1   664.0  680.0
511  958.459630 5.157E-23 5.268E+00.07830.117 1806.95130.75-.001000             V3         GROUND 41  8  E       42  8  E      455522 3 2 2 1 1 1   664.0  680.0
511  958.472670 7.116E-23 5.315E+00.07930.120 1742.50940.75-.001000             V3         GROUND 41  7  E       42  7  E      455522 3 2 2 1 1 1   664.0  680.0
511  958.483250 1.882E-22 1.071E+01.08000.123 1686.63460.75-.001000             V3         GROUND 41  6  A       42  6  A      455522 3 2 2 1 1 1   664.0  680.0
511  958.491750 1.191E-22 5.388E+00.08060.125 1639.33770.75-.001000             V3         GROUND 41  5  E       42  5  E      455522 3 2 2 1 1 1   664.0  680.0
511  958.498430 1.446E-22 5.419E+00.08120.127 1600.62780.75-.001000             V3         GROUND 41  4  E       42  4  E      455522 3 2 2 1 1 1   664.0  680.0
511  958.502320 1.680E-22 5.439E+00.08160.128 1570.51240.75-.001000             V3         GROUND 41  3  A1      42  3  A2     455522 3 2 2 1 1 1   664.0  680.0
511  958.504590 1.680E-22 5.439E+00.08160.128 1570.51240.75-.001000             V3         GROUND 41  3  A2      42  3  A1     455522 3 2 2 1 1 1   664.0  680.0
511  958.506960 1.871E-22 5.456E+00.08190.129 1548.99730.75-.001000             V3         GROUND 41  2  E       42  2  E      455522 3 2 2 1 1 1   664.0  680.0
511  958.509030 1.995E-22 5.463E+00.08200.130 1536.08650.75-.001000             V3         GROUND 41  1  E       42  1  E      455522 3 2 2 1 1 1   664.0  680.0
511  958.509710 2.039E-22 5.468E+00.08210.130 1531.78270.75-.001000             V3         GROUND 41  0  A2      42  0  A1     455522 3 2 2 1 1 1   664.0  680.0
511  959.178890 5.636E-26 8.003E+00.06710.104 3263.37800.75-.001000            2V3             V3 35 16  E       36 16  E      455522 2 2 2 1 1 1   568.0  584.0
511  959.203570 2.751E-26 7.750E+00.06520.097 3404.31150.75-.001000            2V3             V3 35 17  E       36 17  E      455522 2 2 2 1 1 1   568.0  584.0
511  959.229930 1.285E-26 7.481E+00.06300.090 3553.61150.75-.001000            2V3             V3 35 18  A1      36 18  A2     455522 2 2 2 1 1 1   568.0  584.0
511  959.229930 1.285E-26 7.481E+00.06300.090 3553.61150.75-.001000            2V3             V3 35 18  A2      36 18  A1     455522 2 2 2 1 1 1   568.0  584.0
511  960.950670 2.546E-23 1.007E+01.07360.101 2079.33630.75-.001000             V3         GROUND 40 12  A       41 12  A      455522 3 2 2 1 1 1   648.0  664.0
511  960.975770 2.086E-23 5.108E+00.07490.106 1980.73890.75-.001000             V3         GROUND 40 11  E       41 11  E      455522 3 2 2 1 1 1   648.0  664.0
511  960.996290 3.276E-23 5.178E+00.07620.110 1890.65150.75-.001000             V3         GROUND 40 10  E       41 10  E      455522 3 2 2 1 1 1   648.0  664.0
511  961.013180 9.857E-23 1.048E+01.07740.114 1809.09130.75-.001000             V3         GROUND 40  9  A       41  9  A      455522 3 2 2 1 1 1   648.0  664.0
511  961.026880 7.103E-23 5.296E+00.07830.117 1736.07410.75-.001000             V3         GROUND 40  8  E       41  8  E      455522 3 2 2 1 1 1   648.0  664.0
511  961.038310 9.807E-23 5.346E+00.07930.120 1671.61410.75-.001000             V3         GROUND 40  7  E       41  7  E      455522 3 2 2 1 1 1   648.0  664.0
511  961.047560 2.594E-22 1.078E+01.08000.123 1615.72360.75-.001000             V3         GROUND 40  6  A       41  6  A      455522 3 2 2 1 1 1   648.0  664.0
511  961.054980 1.643E-22 5.423E+00.08060.125 1568.41340.75-.001000             V3         GROUND 40  5  E       41  5  E      455522 3 2 2 1 1 1   648.0  664.0
511  961.060790 1.994E-22 5.453E+00.08120.127 1529.69260.75-.001000             V3         GROUND 40  4  E       41  4  E      455522 3 2 2 1 1 1   648.0  664.0
511  961.064180 2.319E-22 5.478E+00.08160.128 1499.56870.75-.001000             V3         GROUND 40  3  A2      41  3  A1     455522 3 2 2 1 1 1   648.0  664.0
511  961.066150 2.319E-22 5.478E+00.08160.128 1499.56870.75-.001000             V3         GROUND 40  3  A1      41  3  A2     455522 3 2 2 1 1 1   648.0  664.0
511  961.068210 2.582E-22 5.493E+00.08190.129 1478.04750.75-.001000             V3         GROUND 40  2  E       41  2  E      455522 3 2 2 1 1 1   648.0  664.0
511  961.070010 2.754E-22 5.503E+00.08200.130 1465.13310.75-.001000             V3         GROUND 40  1  E       41  1  E      455522 3 2 2 1 1 1   648.0  664.0
511  961.070600 2.814E-22 5.506E+00.08210.130 1460.82810.75-.001000             V3         GROUND 40  0  A1      41  0  A2     455522 3 2 2 1 1 1   648.0  664.0
511  961.413180 1.914E-23 1.006E+01.08220.160 2104.61370.75-.001000            2V3             V3 34  0  A1      35  0  A2     455522 2 2 2 1 1 1   552.0  568.0
511  961.413750 1.872E-23 1.004E+01.08210.160 2108.92430.75-.001000            2V3             V3 34  1  E       35  1  E      455522 2 2 2 1 1 1   552.0  568.0
511  961.415470 1.754E-23 1.002E+01.08200.159 2121.85530.75-.001000            2V3             V3 34  2  E       35  2  E      455522 2 2 2 1 1 1   552.0  568.0
511  961.417700 1.573E-23 9.980E+00.08170.158 2143.40380.75-.001000            2V3             V3 34  3  A2      35  3  A1     455522 2 2 2 1 1 1   552.0  568.0
511  961.419030 1.573E-23 9.980E+00.08170.158 2143.40430.75-.001000            2V3             V3 34  3  A1      35  3  A2     455522 2 2 2 1 1 1   552.0  568.0
511  961.422480 1.351E-23 9.925E+00.08130.157 2173.56650.75-.001000            2V3             V3 34  4  E       35  4  E      455522 2 2 2 1 1 1   552.0  568.0
511  961.427880 1.111E-23 9.855E+00.08080.155 2212.33670.75-.001000            2V3             V3 34  5  E       35  5  E      455522 2 2 2 1 1 1   552.0  568.0
511  961.434630 8.740E-24 9.760E+00.08010.153 2259.70710.75-.001000            2V3             V3 34  6  A1      35  6  A2     455522 2 2 2 1 1 1   552.0  568.0
511  961.434630 8.740E-24 9.760E+00.08010.153 2259.70710.75-.001000            2V3             V3 34  6  A2      35  6  A1     455522 2 2 2 1 1 1   552.0  568.0
511  961.442820 6.586E-24 9.654E+00.07940.150 2315.66840.75-.001000            2V3             V3 34  7  E       35  7  E      455522 2 2 2 1 1 1   552.0  568.0
511  961.452480 4.751E-24 9.530E+00.07840.147 2380.20960.75-.001000            2V3             V3 34  8  E       35  8  E      455522 2 2 2 1 1 1   552.0  568.0
511  961.464460 3.282E-24 9.393E+00.07750.144 2453.31820.75-.001000            2V3             V3 34  9  A1      35  9  A2     455522 2 2 2 1 1 1   552.0  568.0
511  961.464460 3.282E-24 9.393E+00.07750.144 2453.31820.75-.001000            2V3             V3 34  9  A2      35  9  A1     455522 2 2 2 1 1 1   552.0  568.0
511  961.477540 2.170E-24 9.237E+00.07630.140 2534.97970.75-.001000            2V3             V3 34 10  E       35 10  E      455522 2 2 2 1 1 1   552.0  568.0
511  961.481850 4.829E-25 8.671E+00.07230.126 2831.11070.75-.001000            2V3             V3 34 13  E       35 13  E      455522 2 2 2 1 1 1   552.0  568.0
511  961.492640 1.374E-24 9.067E+00.07500.136 2625.17780.75-.001000            2V3             V3 34 11  E       35 11  E      455522 2 2 2 1 1 1   552.0  568.0
511  961.509780 8.324E-25 8.876E+00.07370.131 2723.89470.75-.001000            2V3             V3 34 12  A1      35 12  A2     455522 2 2 2 1 1 1   552.0  568.0
511  961.509780 8.324E-25 8.876E+00.07370.131 2723.89470.75-.001000            2V3             V3 34 12  A2      35 12  A1     455522 2 2 2 1 1 1   552.0  568.0
511  961.551670 2.681E-25 8.449E+00.07070.121 2946.80410.75-.001000            2V3             V3 34 14  E       35 14  E      455522 2 2 2 1 1 1   552.0  568.0
511  961.575830 1.425E-25 8.212E+00.06890.115 3070.95130.75-.001000            2V3             V3 34 15  A1      35 15  A2     455522 2 2 2 1 1 1   552.0  568.0
511  961.575830 1.425E-25 8.212E+00.06890.115 3070.95130.75-.001000            2V3             V3 34 15  A2      35 15  A1     455522 2 2 2 1 1 1   552.0  568.0
511  961.602650 7.251E-26 7.960E+00.06710.109 3203.52670.75-.001000            2V3             V3 34 16  E       35 16  E      455522 2 2 2 1 1 1   552.0  568.0
511  961.632120 3.530E-26 7.690E+00.06520.102 3344.50260.75-.001000            2V3             V3 34 17  E       35 17  E      455522 2 2 2 1 1 1   552.0  568.0
511  961.664230 1.644E-26 7.402E+00.06300.095 3493.84880.75-.001000            2V3             V3 34 18  A1      35 18  A2     455522 2 2 2 1 1 1   552.0  568.0
511  961.664230 1.644E-26 7.402E+00.06300.095 3493.84880.75-.001000            2V3             V3 34 18  A2      35 18  A1     455522 2 2 2 1 1 1   552.0  568.0
511  963.424280 1.171E-26 4.367E+00.06710.104 3460.23630.75-.001000          V6+V3             V6 35 16  E       36 16  E      455522 2 2 2 1 1 1   568.0  584.0
511  963.484020 2.338E-26 4.499E+00.06890.110 3324.10760.75-.001000          V6+V3             V6 35 15  E       36 15  E      455522 2 2 2 1 1 1   568.0  584.0
511  963.509320 3.464E-23 1.009E+01.07360.106 2010.21320.75-.001000             V3         GROUND 39 12  A       40 12  A      455522 3 2 2 1 1 1   632.0  648.0
511  963.531200 2.842E-23 5.125E+00.07490.111 1911.58890.75-.001000             V3         GROUND 39 11  E       40 11  E      455522 3 2 2 1 1 1   632.0  648.0
511  963.540660 4.466E-26 4.621E+00.07070.116 3196.44650.75-.001000          V6+V3             V6 35 14  A1      36 14  A2     455522 2 2 2 1 1 1   568.0  584.0
511  963.540660 4.466E-26 4.621E+00.07070.116 3196.44650.75-.001000          V6+V3             V6 35 14  A2      36 14  A1     455522 2 2 2 1 1 1   568.0  584.0
511  963.549010 4.466E-23 5.198E+00.07620.115 1821.47680.75-.001000             V3         GROUND 39 10  E       40 10  E      455522 3 2 2 1 1 1   632.0  648.0
511  963.563590 1.345E-22 1.053E+01.07740.119 1739.89430.75-.001000             V3         GROUND 39  9  A       40  9  A      455522 3 2 2 1 1 1   632.0  648.0
511  963.575390 9.697E-23 5.323E+00.07830.122 1666.85710.75-.001000             V3         GROUND 39  8  E       40  8  E      455522 3 2 2 1 1 1   632.0  648.0
511  963.585190 1.340E-22 5.377E+00.07930.125 1602.37940.75-.001000             V3         GROUND 39  7  E       40  7  E      455522 3 2 2 1 1 1   632.0  648.0
511  963.593100 3.545E-22 1.084E+01.08000.128 1546.47350.75-.001000             V3         GROUND 39  6  A       40  6  A      455522 3 2 2 1 1 1   632.0  648.0
511  963.596220 8.167E-26 4.736E+00.07230.121 3077.27500.75-.001000          V6+V3             V6 35 13  E       36 13  E      455522 2 2 2 1 1 1   568.0  584.0
511  963.599420 2.247E-22 5.459E+00.08060.130 1499.15030.75-.001000             V3         GROUND 39  5  E       40  5  E      455522 3 2 2 1 1 1   632.0  648.0
511  963.604380 2.728E-22 5.490E+00.08120.132 1460.41890.75-.001000             V3         GROUND 39  4  E       40  4  E      455522 3 2 2 1 1 1   632.0  648.0
511  963.607240 3.172E-22 5.514E+00.08160.133 1430.28670.75-.001000             V3         GROUND 39  3  A1      40  3  A2     455522 3 2 2 1 1 1   632.0  648.0
511  963.608950 3.172E-22 5.514E+00.08160.133 1430.28670.75-.001000             V3         GROUND 39  3  A2      40  3  A1     455522 3 2 2 1 1 1   632.0  648.0
511  963.610680 3.533E-22 5.531E+00.08190.134 1408.75960.75-.001000             V3         GROUND 39  2  E       40  2  E      455522 3 2 2 1 1 1   632.0  648.0
511  963.612200 3.769E-22 5.542E+00.08200.135 1395.84170.75-.001000             V3         GROUND 39  1  E       40  1  E      455522 3 2 2 1 1 1   632.0  648.0
511  963.612710 3.851E-22 5.545E+00.08210.135 1391.53540.75-.001000             V3         GROUND 39  0  A2      40  0  A1     455522 3 2 2 1 1 1   632.0  648.0
511  963.651860 1.430E-25 4.843E+00.07370.126 2966.61410.75-.001000          V6+V3             V6 35 12  E       36 12  E      455522 2 2 2 1 1 1   568.0  584.0
511  963.708380 2.396E-25 4.940E+00.07500.131 2864.48380.75-.001000          V6+V3             V6 35 11  A1      36 11  A2     455522 2 2 2 1 1 1   568.0  584.0
511  963.708380 2.396E-25 4.940E+00.07500.131 2864.48380.75-.001000          V6+V3             V6 35 11  A2      36 11  A1     455522 2 2 2 1 1 1   568.0  584.0
511  963.766320 3.843E-25 5.028E+00.07630.135 2770.90310.75-.001000          V6+V3             V6 35 10  E       36 10  E      455522 2 2 2 1 1 1   568.0  584.0
511  963.795010 2.479E-23 1.014E+01.08230.165 2046.10600.75-.001000            2V3             V3 33  0  A2      34  0  A1     455522 2 2 2 1 1 1   536.0  552.0
511  963.795640 2.426E-23 1.014E+01.08220.165 2050.41780.75-.001000            2V3             V3 33  1  E       34  1  E      455522 2 2 2 1 1 1   536.0  552.0
511  963.797520 2.272E-23 1.011E+01.08210.164 2063.35210.75-.001000            2V3             V3 33  2  E       34  2  E      455522 2 2 2 1 1 1   536.0  552.0
511  963.800140 2.037E-23 1.006E+01.08180.163 2084.90630.75-.001000            2V3             V3 33  3  A1      34  3  A2     455522 2 2 2 1 1 1   536.0  552.0
511  963.801260 2.037E-23 1.006E+01.08180.163 2084.90680.75-.001000            2V3             V3 33  3  A2      34  3  A1     455522 2 2 2 1 1 1   536.0  552.0
511  963.805220 1.749E-23 1.001E+01.08140.162 2115.07700.75-.001000            2V3             V3 33  4  E       34  4  E      455522 2 2 2 1 1 1   536.0  552.0
511  963.811150 1.437E-23 9.927E+00.08090.160 2153.85740.75-.001000            2V3             V3 33  5  E       34  5  E      455522 2 2 2 1 1 1   536.0  552.0
511  963.818570 1.130E-23 9.828E+00.08020.158 2201.24030.75-.001000            2V3             V3 33  6  A1      34  6  A2     455522 2 2 2 1 1 1   536.0  552.0
511  963.818570 1.130E-23 9.828E+00.08020.158 2201.24030.75-.001000            2V3             V3 33  6  A2      34  6  A1     455522 2 2 2 1 1 1   536.0  552.0
511  963.826160 5.902E-25 5.109E+00.07750.139 2685.88960.75-.001000          V6+V3             V6 35  9  E       36  9  E      455522 2 2 2 1 1 1   568.0  584.0
511  963.827590 8.509E-24 9.715E+00.07940.155 2257.21640.75-.001000            2V3             V3 33  7  E       34  7  E      455522 2 2 2 1 1 1   536.0  552.0
511  963.838270 6.133E-24 9.583E+00.07850.152 2321.77490.75-.001000            2V3             V3 33  8  E       34  8  E      455522 2 2 2 1 1 1   536.0  552.0
511  963.851360 4.232E-24 9.436E+00.07760.149 2394.90310.75-.001000            2V3             V3 33  9  A1      34  9  A2     455522 2 2 2 1 1 1   536.0  552.0
511  963.851360 4.232E-24 9.436E+00.07760.149 2394.90310.75-.001000            2V3             V3 33  9  A2      34  9  A1     455522 2 2 2 1 1 1   536.0  552.0
511  963.865900 2.795E-24 9.270E+00.07640.145 2476.58650.75-.001000            2V3             V3 33 10  E       34 10  E      455522 2 2 2 1 1 1   536.0  552.0
511  963.866450 8.678E-25 5.181E+00.07840.142 2609.45950.75-.001000          V6+V3             V6 35  8  A1      36  8  A2     455522 2 2 2 1 1 1   568.0  584.0
511  963.866450 8.678E-25 5.181E+00.07840.142 2609.45950.75-.001000          V6+V3             V6 35  8  A2      36  8  A1     455522 2 2 2 1 1 1   568.0  584.0
511  963.882710 1.767E-24 9.087E+00.07510.141 2566.80910.75-.001000            2V3             V3 33 11  E       34 11  E      455522 2 2 2 1 1 1   536.0  552.0
511  963.901870 1.069E-24 8.884E+00.07370.136 2665.55300.75-.001000            2V3             V3 33 12  A1      34 12  A2     455522 2 2 2 1 1 1   536.0  552.0
511  963.901870 1.069E-24 8.884E+00.07370.136 2665.55300.75-.001000            2V3             V3 33 12  A2      34 12  A1     455522 2 2 2 1 1 1   536.0  552.0
511  963.929820 6.190E-25 8.665E+00.07230.131 2772.79850.75-.001000            2V3             V3 33 13  E       34 13  E      455522 2 2 2 1 1 1   536.0  552.0
511  963.948830 3.431E-25 8.429E+00.07070.126 2888.52420.75-.001000            2V3             V3 33 14  E       34 14  E      455522 2 2 2 1 1 1   536.0  552.0
511  963.951320 1.222E-24 5.248E+00.07940.145 2541.62780.75-.001000          V6+V3             V6 35  7  E       36  7  E      455522 2 2 2 1 1 1   568.0  584.0
511  963.976350 1.819E-25 8.173E+00.06900.120 3012.70660.75-.001000            2V3             V3 33 15  A1      34 15  A2     455522 2 2 2 1 1 1   536.0  552.0
511  963.976350 1.819E-25 8.173E+00.06900.120 3012.70660.75-.001000            2V3             V3 33 15  A2      34 15  A1     455522 2 2 2 1 1 1   536.0  552.0
511  964.007140 9.232E-26 7.904E+00.06720.114 3145.32030.75-.001000            2V3             V3 33 16  E       34 16  E      455522 2 2 2 1 1 1   536.0  552.0
511  964.013830 1.646E-24 5.301E+00.08010.148 2482.40770.75-.001000          V6+V3             V6 35  6  E       36  6  E      455522 2 2 2 1 1 1   568.0  584.0
511  964.041350 4.481E-26 7.614E+00.06530.107 3286.33780.75-.001000            2V3             V3 33 17  E       34 17  E      455522 2 2 2 1 1 1   536.0  552.0
511  964.079190 2.080E-26 7.307E+00.06310.100 3435.72920.75-.001000            2V3             V3 33 18  A1      34 18  A2     455522 2 2 2 1 1 1   536.0  552.0
511  964.079190 2.080E-26 7.307E+00.06310.100 3435.72920.75-.001000            2V3             V3 33 18  A2      34 18  A1     455522 2 2 2 1 1 1   536.0  552.0
511  964.086530 2.124E-24 5.350E+00.08080.150 2431.81100.75-.001000          V6+V3             V6 35  5  A2      36  5  A1     455522 2 2 2 1 1 1   568.0  584.0
511  964.086540 2.124E-24 5.350E+00.08080.150 2431.81100.75-.001000          V6+V3             V6 35  5  A1      36  5  A2     455522 2 2 2 1 1 1   568.0  584.0
511  964.157950 2.623E-24 5.388E+00.08130.152 2389.84780.75-.001000          V6+V3             V6 35  4  E       36  4  E      455522 2 2 2 1 1 1   568.0  584.0
511  964.231880 3.101E-24 5.418E+00.08170.153 2356.52660.75-.001000          V6+V3             V6 35  3  E       36  3  E      455522 2 2 2 1 1 1   568.0  584.0
511  964.287930 3.509E-24 5.440E+00.08200.154 2331.88130.75-.001000          V6+V3             V6 35  2  A1      36  2  A2     455522 2 2 2 1 1 1   568.0  584.0
511  964.328890 3.510E-24 5.440E+00.08200.154 2331.82710.75-.001000          V6+V3             V6 35  2  A2      36  2  A1     455522 2 2 2 1 1 1   568.0  584.0
511  964.353630 3.914E-24 5.454E+00.08210.155 2309.90340.75-.001000          V6+V3             V6 35  1  A2      36  1  A1     455522 2 2 2 1 1 1   568.0  584.0
511  964.387590 3.803E-24 5.454E+00.08210.155 2315.83530.75-.001000          V6+V3             V6 35  1  E       36  1  E      455522 2 2 2 1 1 1   568.0  584.0
511  964.469650 3.945E-24 5.460E+00.08220.155 2308.47370.75-.001000          V6+V3             V6 35  0  E       36  0  E      455522 2 2 2 1 1 1   568.0  584.0
511  964.638130 3.724E-24 5.446E+00.08200.154 2319.73170.75-.001000          V6+V3             V6 35  2  E       36  2  E      455522 2 2 2 1 1 1   568.0  584.0
511  964.727780 3.389E-24 5.426E+00.08170.153 2338.34440.75-.001000          V6+V3             V6 35  3  E       36  3  E      455522 2 2 2 1 1 1   568.0  584.0
511  964.751610 3.921E-24 5.461E+00.08210.155 2309.64290.75-.001000          V6+V3             V6 35  1  A1      36  1  A2     455522 2 2 2 1 1 1   568.0  584.0
511  964.819440 2.953E-24 5.399E+00.08130.152 2365.61100.75-.001000          V6+V3             V6 35  4  A2      36  4  A1     455522 2 2 2 1 1 1   568.0  584.0
511  964.819660 2.953E-24 5.399E+00.08130.152 2365.61100.75-.001000          V6+V3             V6 35  4  A1      36  4  A2     455522 2 2 2 1 1 1   568.0  584.0
511  964.913670 2.463E-24 5.363E+00.08080.150 2401.52550.75-.001000          V6+V3             V6 35  5  E       36  5  E      455522 2 2 2 1 1 1   568.0  584.0
511  965.010090 1.966E-24 5.317E+00.08010.148 2446.08040.75-.001000          V6+V3             V6 35  6  E       36  6  E      455522 2 2 2 1 1 1   568.0  584.0
511  965.109900 1.503E-24 5.265E+00.07940.145 2499.26640.75-.001000          V6+V3             V6 35  7  A1      36  7  A2     455522 2 2 2 1 1 1   568.0  584.0
511  965.109900 1.503E-24 5.265E+00.07940.145 2499.26640.75-.001000          V6+V3             V6 35  7  A2      36  7  A1     455522 2 2 2 1 1 1   568.0  584.0
511  965.210340 1.099E-24 5.200E+00.07840.142 2561.07280.75-.001000          V6+V3             V6 35  8  E       36  8  E      455522 2 2 2 1 1 1   568.0  584.0
511  965.332500 7.701E-25 5.133E+00.07750.139 2631.48670.75-.001000          V6+V3             V6 35  9  E       36  9  E      455522 2 2 2 1 1 1   568.0  584.0
511  965.418920 5.164E-25 5.054E+00.07630.135 2710.49350.75-.001000          V6+V3             V6 35 10  A1      36 10  A2     455522 2 2 2 1 1 1   568.0  584.0
511  965.418920 5.164E-25 5.054E+00.07630.135 2710.49350.75-.001000          V6+V3             V6 35 10  A2      36 10  A1     455522 2 2 2 1 1 1   568.0  584.0
511  965.526060 3.315E-25 4.967E+00.07500.131 2798.07690.75-.001000          V6+V3             V6 35 11  E       36 11  E      455522 2 2 2 1 1 1   568.0  584.0
511  965.634490 2.037E-25 4.872E+00.07370.126 2894.21860.75-.001000          V6+V3             V6 35 12  E       36 12  E      455522 2 2 2 1 1 1   568.0  584.0
511  965.743940 1.198E-25 4.767E+00.07230.121 2998.89870.75-.001000          V6+V3             V6 35 13  A1      36 13  A2     455522 2 2 2 1 1 1   568.0  584.0
511  965.743940 1.198E-25 4.767E+00.07230.121 2998.89870.75-.001000          V6+V3             V6 35 13  A2      36 13  A1     455522 2 2 2 1 1 1   568.0  584.0
511  965.853790 6.747E-26 4.655E+00.07070.116 3112.09530.75-.001000          V6+V3             V6 35 14  E       36 14  E      455522 2 2 2 1 1 1   568.0  584.0
511  965.872780 1.508E-26 4.338E+00.06710.109 3399.91480.75-.001000          V6+V3             V6 34 16  E       35 16  E      455522 2 2 2 1 1 1   552.0  568.0
511  965.928640 3.017E-26 4.477E+00.06890.115 3263.74680.75-.001000          V6+V3             V6 34 15  E       35 15  E      455522 2 2 2 1 1 1   552.0  568.0
511  965.963170 3.636E-26 4.534E+00.06890.110 3233.78490.75-.001000          V6+V3             V6 35 15  E       36 15  E      455522 2 2 2 1 1 1   568.0  584.0
511  965.982170 5.776E-26 4.608E+00.07070.121 3136.04840.75-.001000          V6+V3             V6 34 14  A1      35 14  A2     455522 2 2 2 1 1 1   552.0  568.0
511  965.982170 5.776E-26 4.608E+00.07070.121 3136.04840.75-.001000          V6+V3             V6 34 14  A2      35 14  A1     455522 2 2 2 1 1 1   552.0  568.0
511  966.035270 1.058E-25 4.729E+00.07230.126 3016.84170.75-.001000          V6+V3             V6 34 13  E       35 13  E      455522 2 2 2 1 1 1   552.0  568.0
511  966.049170 4.671E-23 1.011E+01.07360.111 1942.75000.75-.001000             V3         GROUND 38 12  A       39 12  A      455522 3 2 2 1 1 1   616.0  632.0
511  966.067810 3.836E-23 5.139E+00.07490.116 1844.09940.75-.001000             V3         GROUND 38 11  E       39 11  E      455522 3 2 2 1 1 1   616.0  632.0
511  966.070910 1.876E-26 4.405E+00.06710.104 3363.94220.75-.001000          V6+V3             V6 35 16  A1      36 16  A2     455522 2 2 2 1 1 1   568.0  584.0
511  966.070910 1.876E-26 4.405E+00.06710.104 3363.94220.75-.001000          V6+V3             V6 35 16  A2      36 16  A1     455522 2 2 2 1 1 1   568.0  584.0
511  966.082880 6.034E-23 5.216E+00.07620.120 1753.96330.75-.001000             V3         GROUND 38 10  E       39 10  E      455522 3 2 2 1 1 1   616.0  632.0
511  966.089000 1.855E-25 4.842E+00.07370.131 2906.14800.75-.001000          V6+V3             V6 34 12  E       35 12  E      455522 2 2 2 1 1 1   552.0  568.0
511  966.095150 1.818E-22 1.057E+01.07740.124 1672.35900.75-.001000             V3         GROUND 38  9  A       39  9  A      455522 3 2 2 1 1 1   616.0  632.0
511  966.105030 1.312E-22 5.348E+00.07830.127 1599.30230.75-.001000             V3         GROUND 38  8  E       39  8  E      455522 3 2 2 1 1 1   616.0  632.0
511  966.113180 1.814E-22 5.405E+00.07930.130 1534.80730.75-.001000             V3         GROUND 38  7  E       39  7  E      455522 3 2 2 1 1 1   616.0  632.0
511  966.119740 4.803E-22 1.090E+01.08000.133 1478.88640.75-.001000             V3         GROUND 38  6  A       39  6  A      455522 3 2 2 1 1 1   616.0  632.0
511  966.124970 3.045E-22 5.492E+00.08060.135 1431.55060.75-.001000             V3         GROUND 38  5  E       39  5  E      455522 3 2 2 1 1 1   616.0  632.0
511  966.129050 3.698E-22 5.525E+00.08120.137 1392.80870.75-.001000             V3         GROUND 38  4  E       39  4  E      455522 3 2 2 1 1 1   616.0  632.0
511  966.131370 4.301E-22 5.550E+00.08160.138 1362.66850.75-.001000             V3         GROUND 38  3  A2      39  3  A1     455522 3 2 2 1 1 1   616.0  632.0
511  966.132850 4.301E-22 5.550E+00.08160.138 1362.66850.75-.001000             V3         GROUND 38  3  A1      39  3  A2     455522 3 2 2 1 1 1   616.0  632.0
511  966.134230 4.792E-22 5.569E+00.08190.139 1341.13550.75-.001000             V3         GROUND 38  2  E       39  2  E      455522 3 2 2 1 1 1   616.0  632.0
511  966.135480 5.113E-22 5.581E+00.08200.140 1328.21410.75-.001000             V3         GROUND 38  1  E       39  1  E      455522 3 2 2 1 1 1   616.0  632.0
511  966.135900 5.224E-22 5.584E+00.08210.140 1323.90670.75-.001000             V3         GROUND 38  0  A1      39  0  A2     455522 3 2 2 1 1 1   616.0  632.0
511  966.144040 3.113E-25 4.946E+00.07500.136 2803.98720.75-.001000          V6+V3             V6 34 11  A1      35 11  A2     455522 2 2 2 1 1 1   552.0  568.0
511  966.144040 3.113E-25 4.946E+00.07500.136 2803.98720.75-.001000          V6+V3             V6 34 11  A2      35 11  A1     455522 2 2 2 1 1 1   552.0  568.0
511  966.157690 3.183E-23 1.023E+01.08230.170 1989.25200.75-.001000            2V3             V3 32  0  A1      33  0  A2     455522 2 2 2 1 1 1   520.0  536.0
511  966.158370 3.115E-23 1.022E+01.08220.170 1993.56490.75-.001000            2V3             V3 32  1  E       33  1  E      455522 2 2 2 1 1 1   520.0  536.0
511  966.160420 2.917E-23 1.020E+01.08210.169 2006.50250.75-.001000            2V3             V3 32  2  E       33  2  E      455522 2 2 2 1 1 1   520.0  536.0
511  966.163400 2.614E-23 1.015E+01.08180.168 2028.06230.75-.001000            2V3             V3 32  3  A2      33  3  A1     455522 2 2 2 1 1 1   520.0  536.0
511  966.164340 2.614E-23 1.015E+01.08180.168 2028.06270.75-.001000            2V3             V3 32  3  A1      33  3  A2     455522 2 2 2 1 1 1   520.0  536.0
511  966.168780 2.243E-23 1.008E+01.08140.167 2058.24060.75-.001000            2V3             V3 32  4  E       33  4  E      455522 2 2 2 1 1 1   520.0  536.0
511  966.175230 1.842E-23 9.998E+00.08090.165 2097.03100.75-.001000            2V3             V3 32  5  E       33  5  E      455522 2 2 2 1 1 1   520.0  536.0
511  966.183320 1.448E-23 9.896E+00.08020.163 2144.42610.75-.001000            2V3             V3 32  6  A1      33  6  A2     455522 2 2 2 1 1 1   520.0  536.0
511  966.183320 1.448E-23 9.896E+00.08020.163 2144.42610.75-.001000            2V3             V3 32  6  A2      33  6  A1     455522 2 2 2 1 1 1   520.0  536.0
511  966.193160 1.089E-23 9.771E+00.07940.160 2200.41680.75-.001000            2V3             V3 32  7  E       33  7  E      455522 2 2 2 1 1 1   520.0  536.0
511  966.200870 5.001E-25 5.042E+00.07630.140 2710.37840.75-.001000          V6+V3             V6 34 10  E       35 10  E      455522 2 2 2 1 1 1   552.0  568.0
511  966.204840 7.844E-24 9.633E+00.07850.157 2264.99200.75-.001000            2V3             V3 32  8  E       33  8  E      455522 2 2 2 1 1 1   520.0  536.0
511  966.219030 5.406E-24 9.474E+00.07760.154 2338.13930.75-.001000            2V3             V3 32  9  A1      33  9  A2     455522 2 2 2 1 1 1   520.0  536.0
511  966.219030 5.406E-24 9.474E+00.07760.154 2338.13930.75-.001000            2V3             V3 32  9  A2      33  9  A1     455522 2 2 2 1 1 1   520.0  536.0
511  966.235010 3.566E-24 9.297E+00.07640.150 2419.84410.75-.001000            2V3             V3 32 10  E       33 10  E      455522 2 2 2 1 1 1   520.0  536.0
511  966.253510 2.251E-24 9.100E+00.07510.146 2510.09060.75-.001000            2V3             V3 32 11  E       33 11  E      455522 2 2 2 1 1 1   520.0  536.0
511  966.259870 7.688E-25 5.127E+00.07750.144 2625.33930.75-.001000          V6+V3             V6 34  9  E       35  9  E      455522 2 2 2 1 1 1   552.0  568.0
511  966.274660 1.360E-24 8.887E+00.07370.141 2608.86080.75-.001000            2V3             V3 32 12  A1      33 12  A2     455522 2 2 2 1 1 1   520.0  536.0
511  966.274660 1.360E-24 8.887E+00.07370.141 2608.86080.75-.001000            2V3             V3 32 12  A2      33 12  A1     455522 2 2 2 1 1 1   520.0  536.0
511  966.301410 7.858E-25 8.650E+00.07230.136 2716.13520.75-.001000            2V3             V3 32 13  E       33 13  E      455522 2 2 2 1 1 1   520.0  536.0
511  966.326650 4.345E-25 8.396E+00.07070.131 2831.89250.75-.001000            2V3             V3 32 14  E       33 14  E      455522 2 2 2 1 1 1   520.0  536.0
511  966.337200 1.132E-24 5.207E+00.07840.147 2548.88620.75-.001000          V6+V3             V6 34  8  A1      35  8  A2     455522 2 2 2 1 1 1   552.0  568.0
511  966.337200 1.132E-24 5.207E+00.07840.147 2548.88620.75-.001000          V6+V3             V6 34  8  A2      35  8  A1     455522 2 2 2 1 1 1   552.0  568.0
511  966.357480 2.299E-25 8.126E+00.06900.125 2956.10930.75-.001000            2V3             V3 32 15  A1      33 15  A2     455522 2 2 2 1 1 1   520.0  536.0
511  966.357480 2.299E-25 8.126E+00.06900.125 2956.10930.75-.001000            2V3             V3 32 15  A2      33 15  A1     455522 2 2 2 1 1 1   520.0  536.0
511  966.384240 1.594E-24 5.272E+00.07940.150 2481.03380.75-.001000          V6+V3             V6 34  7  E       35  7  E      455522 2 2 2 1 1 1   552.0  568.0
511  966.392200 1.163E-25 7.834E+00.06720.119 3088.76040.75-.001000            2V3             V3 32 16  E       33 16  E      455522 2 2 2 1 1 1   520.0  536.0
511  966.431120 5.627E-26 7.525E+00.06530.112 3229.81850.75-.001000            2V3             V3 32 17  E       33 17  E      455522 2 2 2 1 1 1   520.0  536.0
511  966.474630 2.603E-26 7.197E+00.06310.105 3379.25420.75-.001000            2V3             V3 32 18  A1      33 18  A2     455522 2 2 2 1 1 1   520.0  536.0
511  966.474630 2.603E-26 7.197E+00.06310.105 3379.25420.75-.001000            2V3             V3 32 18  A2      33 18  A1     455522 2 2 2 1 1 1   520.0  536.0
511  966.475030 2.150E-24 5.333E+00.08010.153 2421.79540.75-.001000          V6+V3             V6 34  6  E       35  6  E      455522 2 2 2 1 1 1   552.0  568.0
511  966.519320 2.775E-24 5.383E+00.08080.155 2371.18280.75-.001000          V6+V3             V6 34  5  A1      35  5  A2     455522 2 2 2 1 1 1   552.0  568.0
511  966.519330 2.775E-24 5.383E+00.08080.155 2371.18280.75-.001000          V6+V3             V6 34  5  A2      35  5  A1     455522 2 2 2 1 1 1   552.0  568.0
511  966.523140 1.150E-26 6.847E+00.06090.098 3537.03540.75-.001000            2V3             V3 32 19  E       33 19  E      455522 2 2 2 1 1 1   520.0  536.0
511  966.590880 3.429E-24 5.424E+00.08130.157 2329.20610.75-.001000          V6+V3             V6 34  4  E       35  4  E      455522 2 2 2 1 1 1   552.0  568.0
511  966.665080 4.055E-24 5.456E+00.08170.158 2295.87380.75-.001000          V6+V3             V6 34  3  E       35  3  E      455522 2 2 2 1 1 1   552.0  568.0
511  966.723670 4.591E-24 5.480E+00.08200.159 2271.21670.75-.001000          V6+V3             V6 34  2  A2      35  2  A1     455522 2 2 2 1 1 1   552.0  568.0
511  966.760340 4.592E-24 5.480E+00.08200.159 2271.16840.75-.001000          V6+V3             V6 34  2  A1      35  2  A2     455522 2 2 2 1 1 1   552.0  568.0
511  966.798340 5.122E-24 5.495E+00.08210.160 2249.22530.75-.001000          V6+V3             V6 34  1  A1      35  1  A2     455522 2 2 2 1 1 1   552.0  568.0
511  966.821680 4.976E-24 5.495E+00.08210.160 2255.16730.75-.001000          V6+V3             V6 34  1  E       35  1  E      455522 2 2 2 1 1 1   552.0  568.0
511  966.904350 5.162E-24 5.501E+00.08220.160 2247.80150.75-.001000          V6+V3             V6 34  0  E       35  0  E      455522 2 2 2 1 1 1   552.0  568.0
511  967.074430 4.872E-24 5.486E+00.08200.159 2259.05760.75-.001000          V6+V3             V6 34  2  E       35  2  E      455522 2 2 2 1 1 1   552.0  568.0
511  967.165030 4.433E-24 5.465E+00.08170.158 2277.67290.75-.001000          V6+V3             V6 34  3  E       35  3  E      455522 2 2 2 1 1 1   552.0  568.0
511  967.177790 5.130E-24 5.501E+00.08210.160 2248.97250.75-.001000          V6+V3             V6 34  1  A2      35  1  A1     455522 2 2 2 1 1 1   552.0  568.0
511  967.257790 3.861E-24 5.436E+00.08130.157 2304.94430.75-.001000          V6+V3             V6 34  4  A1      35  4  A2     455522 2 2 2 1 1 1   552.0  568.0
511  967.257970 3.861E-24 5.436E+00.08130.157 2304.94430.75-.001000          V6+V3             V6 34  4  A2      35  4  A1     455522 2 2 2 1 1 1   552.0  568.0
511  967.353220 3.218E-24 5.396E+00.08080.155 2340.86560.75-.001000          V6+V3             V6 34  5  E       35  5  E      455522 2 2 2 1 1 1   552.0  568.0
511  967.451050 2.568E-24 5.348E+00.08010.153 2385.42970.75-.001000          V6+V3             V6 34  6  E       35  6  E      455522 2 2 2 1 1 1   552.0  568.0
511  967.552150 1.961E-24 5.291E+00.07940.150 2438.62700.75-.001000          V6+V3             V6 34  7  A1      35  7  A2     455522 2 2 2 1 1 1   552.0  568.0
511  967.552150 1.961E-24 5.291E+00.07940.150 2438.62700.75-.001000          V6+V3             V6 34  7  A2      35  7  A1     455522 2 2 2 1 1 1   552.0  568.0
511  967.654540 1.434E-24 5.226E+00.07840.147 2500.44680.75-.001000          V6+V3             V6 34  8  E       35  8  E      455522 2 2 2 1 1 1   552.0  568.0
511  967.763000 1.003E-24 5.149E+00.07750.144 2570.87640.75-.001000          V6+V3             V6 34  9  E       35  9  E      455522 2 2 2 1 1 1   552.0  568.0
511  967.867450 6.722E-25 5.068E+00.07630.140 2649.90120.75-.001000          V6+V3             V6 34 10  A1      35 10  A2     455522 2 2 2 1 1 1   552.0  568.0
511  967.867450 6.722E-25 5.068E+00.07630.140 2649.90120.75-.001000          V6+V3             V6 34 10  A2      35 10  A1     455522 2 2 2 1 1 1   552.0  568.0
511  967.977220 4.309E-25 4.974E+00.07500.136 2737.50470.75-.001000          V6+V3             V6 34 11  E       35 11  E      455522 2 2 2 1 1 1   552.0  568.0
511  968.088690 2.644E-25 4.872E+00.07370.131 2833.66880.75-.001000          V6+V3             V6 34 12  E       35 12  E      455522 2 2 2 1 1 1   552.0  568.0
511  968.201690 1.553E-25 4.761E+00.07230.126 2938.37350.75-.001000          V6+V3             V6 34 13  A1      35 13  A2     455522 2 2 2 1 1 1   552.0  568.0
511  968.201690 1.553E-25 4.761E+00.07230.126 2938.37350.75-.001000          V6+V3             V6 34 13  A2      35 13  A1     455522 2 2 2 1 1 1   552.0  568.0
511  968.302230 1.922E-26 4.302E+00.06720.114 3341.24770.75-.001000          V6+V3             V6 33 16  E       34 16  E      455522 2 2 2 1 1 1   536.0  552.0
511  968.315670 8.729E-26 4.641E+00.07070.121 3051.59710.75-.001000          V6+V3             V6 34 14  E       35 14  E      455522 2 2 2 1 1 1   552.0  568.0
511  968.354200 3.854E-26 4.450E+00.06900.120 3205.04170.75-.001000          V6+V3             V6 33 15  E       34 15  E      455522 2 2 2 1 1 1   536.0  552.0
511  968.404580 7.395E-26 4.589E+00.07070.126 3077.30730.75-.001000          V6+V3             V6 33 14  A1      34 14  A2     455522 2 2 2 1 1 1   536.0  552.0
511  968.404580 7.395E-26 4.589E+00.07070.126 3077.30730.75-.001000          V6+V3             V6 33 14  A2      34 14  A1     455522 2 2 2 1 1 1   536.0  552.0
511  968.429940 4.695E-26 4.512E+00.06890.115 3173.31610.75-.001000          V6+V3             V6 34 15  E       35 15  E      455522 2 2 2 1 1 1   552.0  568.0
511  968.455200 1.357E-25 4.718E+00.07230.131 2958.06660.75-.001000          V6+V3             V6 33 13  E       34 13  E      455522 2 2 2 1 1 1   536.0  552.0
511  968.501100 4.051E-23 1.032E+01.08230.178 1934.05330.75-.001000            2V3             V3 31  0  A2      32  0  A1     455522 2 2 2 1 1 1   504.0  520.0
511  968.501830 3.963E-23 1.031E+01.08220.178 1938.36720.75-.001000            2V3             V3 31  1  E       32  1  E      455522 2 2 2 1 1 1   504.0  520.0
511  968.504040 3.711E-23 1.028E+01.08210.177 1951.30810.75-.001000            2V3             V3 31  2  E       32  2  E      455522 2 2 2 1 1 1   504.0  520.0
511  968.506990 2.384E-25 4.839E+00.07370.136 2847.34100.75-.001000          V6+V3             V6 33 12  E       34 12  E      455522 2 2 2 1 1 1   536.0  552.0
511  968.507380 3.325E-23 1.023E+01.08180.176 1972.87320.75-.001000            2V3             V3 31  3  A1      32  3  A2     455522 2 2 2 1 1 1   504.0  520.0
511  968.508150 3.325E-23 1.023E+01.08180.176 1972.87360.75-.001000            2V3             V3 31  3  A2      32  3  A1     455522 2 2 2 1 1 1   504.0  520.0
511  968.513060 2.851E-23 1.016E+01.08140.175 2003.05910.75-.001000            2V3             V3 31  4  E       32  4  E      455522 2 2 2 1 1 1   504.0  520.0
511  968.520030 2.340E-23 1.007E+01.08090.173 2041.85920.75-.001000            2V3             V3 31  5  E       32  5  E      455522 2 2 2 1 1 1   504.0  520.0
511  968.528770 1.838E-23 9.959E+00.08020.171 2089.26620.75-.001000            2V3             V3 31  6  A1      32  6  A2     455522 2 2 2 1 1 1   504.0  520.0
511  968.528770 1.838E-23 9.959E+00.08020.171 2089.26620.75-.001000            2V3             V3 31  6  A2      32  6  A1     455522 2 2 2 1 1 1   504.0  520.0
511  968.539410 1.382E-23 9.832E+00.07940.168 2145.27090.75-.001000            2V3             V3 31  7  E       32  7  E      455522 2 2 2 1 1 1   504.0  520.0
511  968.543470 2.417E-26 4.375E+00.06710.109 3303.50520.75-.001000          V6+V3             V6 34 16  A1      35 16  A2     455522 2 2 2 1 1 1   552.0  568.0
511  968.543470 2.417E-26 4.375E+00.06710.109 3303.50520.75-.001000          V6+V3             V6 34 16  A2      35 16  A1     455522 2 2 2 1 1 1   552.0  568.0
511  968.552070 9.939E-24 9.679E+00.07850.165 2209.86250.75-.001000            2V3             V3 31  8  E       32  8  E      455522 2 2 2 1 1 1   504.0  520.0
511  968.560520 4.007E-25 4.950E+00.07510.141 2745.15080.75-.001000          V6+V3             V6 33 11  A1      34 11  A2     455522 2 2 2 1 1 1   536.0  552.0
511  968.560520 4.007E-25 4.950E+00.07510.141 2745.15080.75-.001000          V6+V3             V6 33 11  A2      34 11  A1     455522 2 2 2 1 1 1   536.0  552.0
511  968.567370 6.841E-24 9.508E+00.07760.162 2283.02830.75-.001000            2V3             V3 31  9  A1      32  9  A2     455522 2 2 2 1 1 1   504.0  520.0
511  968.567370 6.841E-24 9.508E+00.07760.162 2283.02830.75-.001000            2V3             V3 31  9  A2      32  9  A1     455522 2 2 2 1 1 1   504.0  520.0
511  968.570070 6.242E-23 1.012E+01.07360.116 1876.94870.75-.001000             V3         GROUND 37 12  A       38 12  A      455522 3 2 2 1 1 1   600.0  616.0
511  968.584750 4.506E-24 9.317E+00.07640.158 2364.75410.75-.001000            2V3             V3 31 10  E       32 10  E      455522 2 2 2 1 1 1   504.0  520.0
511  968.585440 5.131E-23 5.151E+00.07490.121 1778.27250.75-.001000             V3         GROUND 37 11  E       38 11  E      455522 3 2 2 1 1 1   600.0  616.0
511  968.597760 8.079E-23 5.233E+00.07620.125 1688.11290.75-.001000             V3         GROUND 37 10  E       38 10  E      455522 3 2 2 1 1 1   600.0  616.0
511  968.604910 2.840E-24 9.107E+00.07510.154 2455.02380.75-.001000            2V3             V3 31 11  E       32 11  E      455522 2 2 2 1 1 1   504.0  520.0
511  968.607700 2.437E-22 1.061E+01.07740.129 1606.48730.75-.001000             V3         GROUND 37  9  A       38  9  A      455522 3 2 2 1 1 1   600.0  616.0
511  968.615650 1.760E-22 5.374E+00.07830.132 1533.41160.75-.001000             V3         GROUND 37  8  E       38  8  E      455522 3 2 2 1 1 1   600.0  616.0
511  968.616210 6.446E-25 5.052E+00.07640.145 2651.51480.75-.001000          V6+V3             V6 33 10  E       34 10  E      455522 2 2 2 1 1 1   536.0  552.0
511  968.622160 2.434E-22 5.432E+00.07930.135 1468.89970.75-.001000             V3         GROUND 37  7  E       38  7  E      455522 3 2 2 1 1 1   600.0  616.0
511  968.627360 6.448E-22 1.096E+01.08000.138 1412.96430.75-.001000             V3         GROUND 37  6  A       38  6  A      455522 3 2 2 1 1 1   600.0  616.0
511  968.628020 1.712E-24 8.875E+00.07370.149 2553.81970.75-.001000            2V3             V3 31 12  A1      32 12  A2     455522 2 2 2 1 1 1   504.0  520.0
511  968.628020 1.712E-24 8.875E+00.07370.149 2553.81970.75-.001000            2V3             V3 31 12  A2      32 12  A1     455522 2 2 2 1 1 1   504.0  520.0
511  968.631490 4.090E-22 5.525E+00.08060.140 1365.61600.75-.001000             V3         GROUND 37  5  E       38  5  E      455522 3 2 2 1 1 1   600.0  616.0
511  968.634700 4.969E-22 5.560E+00.08120.142 1326.86400.75-.001000             V3         GROUND 37  4  E       38  4  E      455522 3 2 2 1 1 1   600.0  616.0
511  968.636460 5.782E-22 5.588E+00.08160.143 1296.71580.75-.001000             V3         GROUND 37  3  A1      38  3  A2     455522 3 2 2 1 1 1   600.0  616.0
511  968.637730 5.782E-22 5.588E+00.08160.143 1296.71580.75-.001000             V3         GROUND 37  3  A2      38  3  A1     455522 3 2 2 1 1 1   600.0  616.0
511  968.638750 6.442E-22 5.607E+00.08190.144 1275.17730.75-.001000             V3         GROUND 37  2  E       38  2  E      455522 3 2 2 1 1 1   600.0  616.0
511  968.639730 6.874E-22 5.618E+00.08200.145 1262.25250.75-.001000             V3         GROUND 37  1  E       38  1  E      455522 3 2 2 1 1 1   600.0  616.0
511  968.640050 7.025E-22 5.623E+00.08210.145 1257.94390.75-.001000             V3         GROUND 37  0  A2      38  0  A1     455522 3 2 2 1 1 1   600.0  616.0
511  968.654860 1.190E-26 4.226E+00.06520.102 3442.13740.75-.001000          V6+V3             V6 34 17  E       35 17  E      455522 2 2 2 1 1 1   552.0  568.0
511  968.655980 9.874E-25 8.624E+00.07230.144 2661.12230.75-.001000            2V3             V3 31 13  E       32 13  E      455522 2 2 2 1 1 1   504.0  520.0
511  968.674360 9.923E-25 5.144E+00.07760.149 2566.45090.75-.001000          V6+V3             V6 33  9  E       34  9  E      455522 2 2 2 1 1 1   536.0  552.0
511  968.684980 5.447E-25 8.352E+00.07070.139 2776.91030.75-.001000            2V3             V3 31 14  E       32 14  E      455522 2 2 2 1 1 1   504.0  520.0
511  968.719080 2.873E-25 8.060E+00.06900.133 2901.16070.75-.001000            2V3             V3 31 15  A1      32 15  A2     455522 2 2 2 1 1 1   504.0  520.0
511  968.719080 2.873E-25 8.060E+00.06900.133 2901.16070.75-.001000            2V3             V3 31 15  A2      32 15  A1     455522 2 2 2 1 1 1   504.0  520.0
511  968.739790 1.462E-24 5.226E+00.07850.152 2489.97530.75-.001000          V6+V3             V6 33  8  A1      34  8  A2     455522 2 2 2 1 1 1   536.0  552.0
511  968.739790 1.462E-24 5.226E+00.07850.152 2489.97530.75-.001000          V6+V3             V6 33  8  A2      34  8  A1     455522 2 2 2 1 1 1   536.0  552.0
511  968.757680 1.449E-25 7.748E+00.06720.127 3033.84830.75-.001000            2V3             V3 31 16  E       32 16  E      455522 2 2 2 1 1 1   504.0  520.0
511  968.797860 2.061E-24 5.298E+00.07940.155 2422.10280.75-.001000          V6+V3             V6 33  7  E       34  7  E      455522 2 2 2 1 1 1   536.0  552.0
511  968.801260 6.986E-26 7.417E+00.06530.120 3174.94630.75-.001000            2V3             V3 31 17  E       32 17  E      455522 2 2 2 1 1 1   504.0  520.0
511  968.850380 3.217E-26 7.064E+00.06310.113 3324.42530.75-.001000            2V3             V3 31 18  A1      32 18  A2     455522 2 2 2 1 1 1   504.0  520.0
511  968.850380 3.217E-26 7.064E+00.06310.113 3324.42530.75-.001000            2V3             V3 31 18  A2      32 18  A1     455522 2 2 2 1 1 1   504.0  520.0
511  968.866280 2.782E-24 5.362E+00.08020.158 2362.84670.75-.001000          V6+V3             V6 33  6  E       34  6  E      455522 2 2 2 1 1 1   536.0  552.0
511  968.905720 1.415E-26 6.693E+00.06090.106 3482.25400.75-.001000            2V3             V3 31 19  E       32 19  E      455522 2 2 2 1 1 1   504.0  520.0
511  968.932760 3.593E-24 5.415E+00.08090.160 2312.21880.75-.001000          V6+V3             V6 33  5  A1      34  5  A2     455522 2 2 2 1 1 1   536.0  552.0
511  968.932760 3.593E-24 5.415E+00.08090.160 2312.21880.75-.001000          V6+V3             V6 33  5  A2      34  5  A1     455522 2 2 2 1 1 1   536.0  552.0
511  969.004430 4.442E-24 5.460E+00.08140.162 2270.22900.75-.001000          V6+V3             V6 33  4  E       34  4  E      455522 2 2 2 1 1 1   536.0  552.0
511  969.078890 5.256E-24 5.494E+00.08180.163 2236.88590.75-.001000          V6+V3             V6 33  3  E       34  3  E      455522 2 2 2 1 1 1   536.0  552.0
511  969.139810 5.952E-24 5.519E+00.08210.164 2212.21760.75-.001000          V6+V3             V6 33  2  A1      34  2  A2     455522 2 2 2 1 1 1   536.0  552.0
511  969.172540 5.953E-24 5.520E+00.08210.164 2212.17470.75-.001000          V6+V3             V6 33  2  A2      34  2  A1     455522 2 2 2 1 1 1   536.0  552.0
511  969.223460 6.642E-24 5.535E+00.08220.165 2190.21250.75-.001000          V6+V3             V6 33  1  A2      34  1  A1     455522 2 2 2 1 1 1   536.0  552.0
511  969.236330 6.452E-24 5.535E+00.08220.165 2196.16460.75-.001000          V6+V3             V6 33  1  E       34  1  E      455522 2 2 2 1 1 1   536.0  552.0
511  969.319570 6.694E-24 5.542E+00.08230.165 2188.79480.75-.001000          V6+V3             V6 33  0  E       34  0  E      455522 2 2 2 1 1 1   536.0  552.0
511  969.491250 6.317E-24 5.525E+00.08210.164 2200.04910.75-.001000          V6+V3             V6 33  2  E       34  2  E      455522 2 2 2 1 1 1   536.0  552.0
511  969.582760 5.746E-24 5.503E+00.08180.163 2218.66700.75-.001000          V6+V3             V6 33  3  E       34  3  E      455522 2 2 2 1 1 1   536.0  552.0
511  969.584600 6.652E-24 5.541E+00.08220.165 2189.96800.75-.001000          V6+V3             V6 33  1  A1      34  1  A2     455522 2 2 2 1 1 1   536.0  552.0
511  969.676600 5.002E-24 5.471E+00.08140.162 2245.94300.75-.001000          V6+V3             V6 33  4  A2      34  4  A1     455522 2 2 2 1 1 1   536.0  552.0
511  969.676740 5.002E-24 5.471E+00.08140.162 2245.94300.75-.001000          V6+V3             V6 33  4  A1      34  4  A2     455522 2 2 2 1 1 1   536.0  552.0
511  969.773220 4.168E-24 5.429E+00.08090.160 2281.87110.75-.001000          V6+V3             V6 33  5  E       34  5  E      455522 2 2 2 1 1 1   536.0  552.0
511  969.872430 3.324E-24 5.379E+00.08020.158 2326.44400.75-.001000          V6+V3             V6 33  6  E       34  6  E      455522 2 2 2 1 1 1   536.0  552.0
511  969.974870 2.537E-24 5.318E+00.07940.155 2379.65230.75-.001000          V6+V3             V6 33  7  A1      34  7  A2     455522 2 2 2 1 1 1   536.0  552.0
511  969.974870 2.537E-24 5.318E+00.07940.155 2379.65230.75-.001000          V6+V3             V6 33  7  A2      34  7  A1     455522 2 2 2 1 1 1   536.0  552.0
511  970.079150 1.853E-24 5.247E+00.07850.152 2441.48530.75-.001000          V6+V3             V6 33  8  E       34  8  E      455522 2 2 2 1 1 1   536.0  552.0
511  970.188120 1.295E-24 5.166E+00.07760.149 2511.93010.75-.001000          V6+V3             V6 33  9  E       34  9  E      455522 2 2 2 1 1 1   536.0  552.0
511  970.296350 8.667E-25 5.078E+00.07640.145 2590.97230.75-.001000          V6+V3             V6 33 10  A1      34 10  A2     455522 2 2 2 1 1 1   536.0  552.0
511  970.296350 8.667E-25 5.078E+00.07640.145 2590.97230.75-.001000          V6+V3             V6 33 10  A2      34 10  A1     455522 2 2 2 1 1 1   536.0  552.0
511  970.408740 5.549E-25 4.978E+00.07510.141 2678.59530.75-.001000          V6+V3             V6 33 11  E       34 11  E      455522 2 2 2 1 1 1   536.0  552.0
511  970.523270 3.400E-25 4.870E+00.07370.136 2774.78120.75-.001000          V6+V3             V6 33 12  E       34 12  E      455522 2 2 2 1 1 1   536.0  552.0
511  970.639800 1.993E-25 4.750E+00.07230.131 2879.50990.75-.001000          V6+V3             V6 33 13  A1      34 13  A2     455522 2 2 2 1 1 1   536.0  552.0
511  970.639800 1.993E-25 4.750E+00.07230.131 2879.50990.75-.001000          V6+V3             V6 33 13  A2      34 13  A1     455522 2 2 2 1 1 1   536.0  552.0
511  970.655150 1.152E-26 4.090E+00.06530.112 3428.92940.75-.001000          V6+V3             V6 32 17  A1      33 17  A2     455522 2 2 2 1 1 1   520.0  536.0
511  970.655150 1.152E-26 4.090E+00.06530.112 3428.92940.75-.001000          V6+V3             V6 32 17  A2      33 17  A1     455522 2 2 2 1 1 1   520.0  536.0
511  970.712460 2.423E-26 4.258E+00.06720.119 3284.23670.75-.001000          V6+V3             V6 32 16  E       33 16  E      455522 2 2 2 1 1 1   520.0  536.0
511  970.757930 1.118E-25 4.622E+00.07070.126 2992.75980.75-.001000          V6+V3             V6 33 14  E       34 14  E      455522 2 2 2 1 1 1   536.0  552.0
511  970.760520 4.873E-26 4.416E+00.06900.125 3147.99410.75-.001000          V6+V3             V6 32 15  E       33 15  E      455522 2 2 2 1 1 1   520.0  536.0
511  970.807740 9.373E-26 4.565E+00.07070.131 3020.22490.75-.001000          V6+V3             V6 32 14  A1      33 14  A2     455522 2 2 2 1 1 1   520.0  536.0
511  970.807740 9.373E-26 4.565E+00.07070.131 3020.22490.75-.001000          V6+V3             V6 32 14  A2      33 14  A1     455522 2 2 2 1 1 1   520.0  536.0
511  970.825140 5.109E-23 1.041E+01.08240.195 1880.51130.75-.001000            2V3             V3 30  0  A1      31  0  A2     455522 2 2 2 1 1 1   488.0  504.0
511  970.825920 4.997E-23 1.040E+01.08230.195 1884.82620.75-.001000            2V3             V3 30  1  E       31  1  E      455522 2 2 2 1 1 1   488.0  504.0
511  970.828290 4.678E-23 1.037E+01.08210.194 1897.77020.75-.001000            2V3             V3 30  2  E       31  2  E      455522 2 2 2 1 1 1   488.0  504.0
511  970.831960 4.190E-23 1.031E+01.08190.193 1919.34070.75-.001000            2V3             V3 30  3  A2      31  3  A1     455522 2 2 2 1 1 1   488.0  504.0
511  970.832600 4.190E-23 1.031E+01.08190.193 1919.34100.75-.001000            2V3             V3 30  3  A1      31  3  A2     455522 2 2 2 1 1 1   488.0  504.0
511  970.837960 3.592E-23 1.024E+01.08150.192 1949.53380.75-.001000            2V3             V3 30  4  E       31  4  E      455522 2 2 2 1 1 1   488.0  504.0
511  970.845430 2.946E-23 1.014E+01.08100.190 1988.34340.75-.001000            2V3             V3 30  5  E       31  5  E      455522 2 2 2 1 1 1   488.0  504.0
511  970.854800 2.312E-23 1.002E+01.08030.188 2035.76200.75-.001000            2V3             V3 30  6  A1      31  6  A2     455522 2 2 2 1 1 1   488.0  504.0
511  970.854800 2.312E-23 1.002E+01.08030.188 2035.76200.75-.001000            2V3             V3 30  6  A2      31  6  A1     455522 2 2 2 1 1 1   488.0  504.0
511  970.855860 1.724E-25 4.703E+00.07230.136 2900.95130.75-.001000          V6+V3             V6 32 13  E       33 13  E      455522 2 2 2 1 1 1   520.0  536.0
511  970.866230 1.736E-23 9.881E+00.07950.185 2091.78040.75-.001000            2V3             V3 30  7  E       31  7  E      455522 2 2 2 1 1 1   488.0  504.0
511  970.877080 6.002E-26 4.486E+00.06900.120 3114.50730.75-.001000          V6+V3             V6 33 15  E       34 15  E      455522 2 2 2 1 1 1   536.0  552.0
511  970.879860 1.247E-23 9.717E+00.07860.182 2156.38780.75-.001000            2V3             V3 30  8  E       31  8  E      455522 2 2 2 1 1 1   488.0  504.0
511  970.896240 8.575E-24 9.536E+00.07770.179 2229.57180.75-.001000            2V3             V3 30  9  A1      31  9  A2     455522 2 2 2 1 1 1   488.0  504.0
511  970.896240 8.575E-24 9.536E+00.07770.179 2229.57180.75-.001000            2V3             V3 30  9  A2      31  9  A1     455522 2 2 2 1 1 1   488.0  504.0
511  970.905670 3.035E-25 4.833E+00.07370.141 2790.19500.75-.001000          V6+V3             V6 32 12  E       33 12  E      455522 2 2 2 1 1 1   520.0  536.0
511  970.915010 5.639E-24 9.331E+00.07650.175 2311.31790.75-.001000            2V3             V3 30 10  E       31 10  E      455522 2 2 2 1 1 1   488.0  504.0
511  970.936790 3.547E-24 9.104E+00.07520.171 2401.61020.75-.001000            2V3             V3 30 11  E       31 11  E      455522 2 2 2 1 1 1   488.0  504.0
511  970.957680 5.109E-25 4.951E+00.07510.146 2687.97620.75-.001000          V6+V3             V6 32 11  A1      33 11  A2     455522 2 2 2 1 1 1   520.0  536.0
511  970.957680 5.109E-25 4.951E+00.07510.146 2687.97620.75-.001000          V6+V3             V6 32 11  A2      33 11  A1     455522 2 2 2 1 1 1   520.0  536.0
511  970.961830 2.134E-24 8.855E+00.07390.166 2500.43110.75-.001000            2V3             V3 30 12  A1      31 12  A2     455522 2 2 2 1 1 1   488.0  504.0
511  970.961830 2.134E-24 8.855E+00.07390.166 2500.43110.75-.001000            2V3             V3 30 12  A2      31 12  A1     455522 2 2 2 1 1 1   488.0  504.0
511  970.991530 1.228E-24 8.586E+00.07240.161 2607.76120.75-.001000            2V3             V3 30 13  E       31 13  E      455522 2 2 2 1 1 1   488.0  504.0
511  970.996440 3.081E-26 4.337E+00.06720.114 3244.72730.75-.001000          V6+V3             V6 33 16  A1      34 16  A2     455522 2 2 2 1 1 1   536.0  552.0
511  970.996440 3.081E-26 4.337E+00.06720.114 3244.72730.75-.001000          V6+V3             V6 33 16  A2      34 16  A1     455522 2 2 2 1 1 1   536.0  552.0
511  971.011620 1.428E-23 9.457E+00.06880.105 2159.82730.75-.001000             V3         GROUND 36 15  A       37 15  A      455522 3 2 2 1 1 1   584.0  600.0
511  971.012210 8.230E-25 5.059E+00.07640.150 2594.31390.75-.001000          V6+V3             V6 32 10  E       33 10  E      455522 2 2 2 1 1 1   520.0  536.0
511  971.023690 6.755E-25 8.294E+00.07080.156 2723.57930.75-.001000            2V3             V3 30 14  E       31 14  E      455522 2 2 2 1 1 1   488.0  504.0
511  971.038090 1.339E-23 4.850E+00.07060.111 2035.69140.75-.001000             V3         GROUND 36 14  E       37 14  E      455522 3 2 2 1 1 1   584.0  600.0
511  971.056310 2.403E-23 4.961E+00.07220.116 1920.01190.75-.001000             V3         GROUND 36 13  E       37 13  E      455522 3 2 2 1 1 1   584.0  600.0
511  971.061000 3.552E-25 7.980E+00.06910.150 2847.86240.75-.001000            2V3             V3 30 15  A1      31 15  A2     455522 2 2 2 1 1 1   488.0  504.0
511  971.061000 3.552E-25 7.980E+00.06910.150 2847.86240.75-.001000            2V3             V3 30 15  A2      31 15  A1     455522 2 2 2 1 1 1   488.0  504.0
511  971.069480 1.269E-24 5.159E+00.07760.154 2509.22600.75-.001000          V6+V3             V6 32  9  E       33  9  E      455522 2 2 2 1 1 1   520.0  536.0
511  971.071850 8.262E-23 1.013E+01.07360.121 1812.81110.75-.001000             V3         GROUND 36 12  A       37 12  A      455522 3 2 2 1 1 1   584.0  600.0
511  971.083950 6.800E-23 5.160E+00.07490.126 1714.11000.75-.001000             V3         GROUND 36 11  E       37 11  E      455522 3 2 2 1 1 1   584.0  600.0
511  971.093510 1.072E-22 5.248E+00.07620.130 1623.92750.75-.001000             V3         GROUND 36 10  E       37 10  E      455522 3 2 2 1 1 1   584.0  600.0
511  971.101110 3.236E-22 1.065E+01.07740.134 1542.28120.75-.001000             V3         GROUND 36  9  A       37  9  A      455522 3 2 2 1 1 1   584.0  600.0
511  971.103430 1.785E-25 7.645E+00.06730.144 2980.58570.75-.001000            2V3             V3 30 16  E       31 16  E      455522 2 2 2 1 1 1   488.0  504.0
511  971.107120 2.339E-22 5.397E+00.07830.137 1469.18680.75-.001000             V3         GROUND 36  8  E       37  8  E      455522 3 2 2 1 1 1   584.0  600.0
511  971.111990 3.237E-22 5.459E+00.07930.140 1404.65860.75-.001000             V3         GROUND 36  7  E       37  7  E      455522 3 2 2 1 1 1   584.0  600.0
511  971.114830 1.513E-26 4.180E+00.06530.107 3383.39290.75-.001000          V6+V3             V6 33 17  E       34 17  E      455522 2 2 2 1 1 1   536.0  552.0
511  971.115840 8.581E-22 1.102E+01.08000.143 1348.70880.75-.001000             V3         GROUND 36  6  A       37  6  A      455522 3 2 2 1 1 1   584.0  600.0
511  971.118860 5.446E-22 5.558E+00.08060.145 1301.34850.75-.001000             V3         GROUND 36  5  E       37  5  E      455522 3 2 2 1 1 1   584.0  600.0
511  971.121200 6.619E-22 5.595E+00.08120.147 1262.58660.75-.001000             V3         GROUND 36  4  E       37  4  E      455522 3 2 2 1 1 1   584.0  600.0
511  971.122380 7.703E-22 5.624E+00.08160.148 1232.43080.75-.001000             V3         GROUND 36  3  A2      37  3  A1     455522 3 2 2 1 1 1   584.0  600.0
511  971.123470 7.703E-22 5.624E+00.08160.148 1232.43080.75-.001000             V3         GROUND 36  3  A1      37  3  A2     455522 3 2 2 1 1 1   584.0  600.0
511  971.124120 8.585E-22 5.644E+00.08190.149 1210.88670.75-.001000             V3         GROUND 36  2  E       37  2  E      455522 3 2 2 1 1 1   584.0  600.0
511  971.124820 9.162E-22 5.657E+00.08200.150 1197.95860.75-.001000             V3         GROUND 36  1  E       37  1  E      455522 3 2 2 1 1 1   584.0  600.0
511  971.125050 9.363E-22 5.661E+00.08210.150 1193.64890.75-.001000             V3         GROUND 36  0  A1      37  0  A2     455522 3 2 2 1 1 1   584.0  600.0
511  971.131900 1.871E-24 5.245E+00.07850.157 2432.72860.75-.001000          V6+V3             V6 32  8  A1      33  8  A2     455522 2 2 2 1 1 1   520.0  536.0
511  971.131900 1.871E-24 5.245E+00.07850.157 2432.72860.75-.001000          V6+V3             V6 32  8  A2      33  8  A1     455522 2 2 2 1 1 1   520.0  536.0
511  971.151590 8.569E-26 7.289E+00.06530.137 3121.72250.75-.001000            2V3             V3 30 17  E       31 17  E      455522 2 2 2 1 1 1   488.0  504.0
511  971.192070 2.641E-24 5.323E+00.07940.160 2364.83670.75-.001000          V6+V3             V6 32  7  E       33  7  E      455522 2 2 2 1 1 1   520.0  536.0
511  971.206260 3.927E-26 6.910E+00.06320.130 3271.24390.75-.001000            2V3             V3 30 18  A1      31 18  A2     455522 2 2 2 1 1 1   488.0  504.0
511  971.206260 3.927E-26 6.910E+00.06320.130 3271.24390.75-.001000            2V3             V3 30 18  A2      31 18  A1     455522 2 2 2 1 1 1   488.0  504.0
511  971.258960 3.567E-24 5.390E+00.08020.163 2305.56350.75-.001000          V6+V3             V6 32  6  E       33  6  E      455522 2 2 2 1 1 1   520.0  536.0
511  971.268350 1.717E-26 6.509E+00.06100.123 3429.11910.75-.001000            2V3             V3 30 19  E       31 19  E      455522 2 2 2 1 1 1   488.0  504.0
511  971.326730 4.611E-24 5.448E+00.08090.165 2254.92060.75-.001000          V6+V3             V6 32  5  A1      33  5  A2     455522 2 2 2 1 1 1   520.0  536.0
511  971.326730 4.611E-24 5.448E+00.08090.165 2254.92060.75-.001000          V6+V3             V6 32  5  A2      33  5  A1     455522 2 2 2 1 1 1   520.0  536.0
511  971.398500 5.703E-24 5.495E+00.08140.167 2212.91820.75-.001000          V6+V3             V6 32  4  E       33  4  E      455522 2 2 2 1 1 1   520.0  536.0
511  971.473180 6.751E-24 5.532E+00.08180.168 2179.56460.75-.001000          V6+V3             V6 32  3  E       33  3  E      455522 2 2 2 1 1 1   520.0  536.0
511  971.536260 7.648E-24 5.559E+00.08210.169 2154.88560.75-.001000          V6+V3             V6 32  2  A2      33  2  A1     455522 2 2 2 1 1 1   520.0  536.0
511  971.565370 7.649E-24 5.559E+00.08210.169 2154.84760.75-.001000          V6+V3             V6 32  2  A1      33  2  A2     455522 2 2 2 1 1 1   520.0  536.0
511  971.628870 8.536E-24 5.576E+00.08220.170 2132.86680.75-.001000          V6+V3             V6 32  1  A1      33  1  A2     455522 2 2 2 1 1 1   520.0  536.0
511  971.631420 8.292E-24 5.576E+00.08220.170 2138.82900.75-.001000          V6+V3             V6 32  1  E       33  1  E      455522 2 2 2 1 1 1   520.0  536.0
511  971.715210 8.603E-24 5.582E+00.08230.170 2131.45530.75-.001000          V6+V3             V6 32  0  E       33  0  E      455522 2 2 2 1 1 1   520.0  536.0
511  971.888460 8.117E-24 5.565E+00.08210.169 2142.70800.75-.001000          V6+V3             V6 32  2  E       33  2  E      455522 2 2 2 1 1 1   520.0  536.0
511  971.971930 8.549E-24 5.582E+00.08220.170 2132.63090.75-.001000          V6+V3             V6 32  1  A2      33  1  A1     455522 2 2 2 1 1 1   520.0  536.0
511  971.980860 7.381E-24 5.541E+00.08180.168 2161.32830.75-.001000          V6+V3             V6 32  3  E       33  3  E      455522 2 2 2 1 1 1   520.0  536.0
511  972.075750 6.423E-24 5.506E+00.08140.167 2188.60870.75-.001000          V6+V3             V6 32  4  A1      33  4  A2     455522 2 2 2 1 1 1   520.0  536.0
511  972.075860 6.423E-24 5.506E+00.08140.167 2188.60870.75-.001000          V6+V3             V6 32  4  A2      33  4  A1     455522 2 2 2 1 1 1   520.0  536.0
511  972.173550 5.349E-24 5.462E+00.08090.165 2224.54340.75-.001000          V6+V3             V6 32  5  E       33  5  E      455522 2 2 2 1 1 1   520.0  536.0
511  972.274110 4.263E-24 5.407E+00.08020.163 2269.12490.75-.001000          V6+V3             V6 32  6  E       33  6  E      455522 2 2 2 1 1 1   520.0  536.0
511  972.377930 3.251E-24 5.342E+00.07940.160 2322.34390.75-.001000          V6+V3             V6 32  7  A1      33  7  A2     455522 2 2 2 1 1 1   520.0  536.0
511  972.377930 3.251E-24 5.342E+00.07940.160 2322.34390.75-.001000          V6+V3             V6 32  7  A2      33  7  A1     455522 2 2 2 1 1 1   520.0  536.0
511  972.484040 2.372E-24 5.266E+00.07850.157 2384.18970.75-.001000          V6+V3             V6 32  8  E       33  8  E      455522 2 2 2 1 1 1   520.0  536.0
511  972.594440 1.657E-24 5.182E+00.07760.154 2454.64940.75-.001000          V6+V3             V6 32  9  E       33  9  E      455522 2 2 2 1 1 1   520.0  536.0
511  972.705500 1.107E-24 5.086E+00.07640.150 2533.70840.75-.001000          V6+V3             V6 32 10  A1      33 10  A2     455522 2 2 2 1 1 1   520.0  536.0
511  972.705500 1.107E-24 5.086E+00.07640.150 2533.70840.75-.001000          V6+V3             V6 32 10  A2      33 10  A1     455522 2 2 2 1 1 1   520.0  536.0
511  972.820500 7.077E-25 4.979E+00.07510.146 2621.35050.75-.001000          V6+V3             V6 32 11  E       33 11  E      455522 2 2 2 1 1 1   520.0  536.0
511  972.938060 4.329E-25 4.863E+00.07370.141 2717.55750.75-.001000          V6+V3             V6 32 12  E       33 12  E      455522 2 2 2 1 1 1   520.0  536.0
511  973.049170 1.431E-26 4.025E+00.06530.120 3373.61300.75-.001000          V6+V3             V6 31 17  A1      32 17  A2     455522 2 2 2 1 1 1   504.0  520.0
511  973.049170 1.431E-26 4.025E+00.06530.120 3373.61300.75-.001000          V6+V3             V6 31 17  A2      32 17  A1     455522 2 2 2 1 1 1   504.0  520.0
511  973.058130 2.533E-25 4.736E+00.07230.136 2822.30960.75-.001000          V6+V3             V6 32 13  A1      33 13  A2     455522 2 2 2 1 1 1   520.0  536.0
511  973.058130 2.533E-25 4.736E+00.07230.136 2822.30960.75-.001000          V6+V3             V6 32 13  A2      33 13  A1     455522 2 2 2 1 1 1   520.0  536.0
511  973.103290 3.021E-26 4.205E+00.06720.127 3228.88360.75-.001000          V6+V3             V6 31 16  E       32 16  E      455522 2 2 2 1 1 1   504.0  520.0
511  973.129700 6.384E-23 1.050E+01.08260.204 1828.62750.75-.001000            2V3             V3 29  0  A2      30  0  A1     455522 2 2 2 1 1 1   472.0  488.0
511  973.130540 6.244E-23 1.049E+01.08240.204 1832.94350.75-.001000            2V3             V3 29  1  E       30  1  E      455522 2 2 2 1 1 1   472.0  488.0
511  973.133060 5.844E-23 1.046E+01.08220.203 1845.89050.75-.001000            2V3             V3 29  2  E       30  2  E      455522 2 2 2 1 1 1   472.0  488.0
511  973.137050 5.233E-23 1.040E+01.08200.202 1867.46610.75-.001000            2V3             V3 29  3  A1      30  3  A2     455522 2 2 2 1 1 1   472.0  488.0
511  973.137570 5.233E-23 1.040E+01.08200.202 1867.46630.75-.001000            2V3             V3 29  3  A2      30  3  A1     455522 2 2 2 1 1 1   472.0  488.0
511  973.143360 4.483E-23 1.032E+01.08160.201 1897.66630.75-.001000            2V3             V3 29  4  E       30  4  E      455522 2 2 2 1 1 1   472.0  488.0
511  973.147430 6.096E-26 4.376E+00.06900.133 3092.60570.75-.001000          V6+V3             V6 31 15  E       32 15  E      455522 2 2 2 1 1 1   504.0  520.0
511  973.151320 3.674E-23 1.021E+01.08110.199 1936.48510.75-.001000            2V3             V3 29  5  E       30  5  E      455522 2 2 2 1 1 1   472.0  488.0
511  973.161320 2.881E-23 1.008E+01.08040.197 1983.91490.75-.001000            2V3             V3 29  6  A1      30  6  A2     455522 2 2 2 1 1 1   472.0  488.0
511  973.161320 2.881E-23 1.008E+01.08040.197 1983.91490.75-.001000            2V3             V3 29  6  A2      30  6  A1     455522 2 2 2 1 1 1   472.0  488.0
511  973.173520 2.161E-23 9.931E+00.07960.194 2039.94670.75-.001000            2V3             V3 29  7  E       30  7  E      455522 2 2 2 1 1 1   472.0  488.0
511  973.180400 1.418E-25 4.599E+00.07070.131 2935.58490.75-.001000          V6+V3             V6 32 14  E       33 14  E      455522 2 2 2 1 1 1   520.0  536.0
511  973.188090 1.551E-23 9.758E+00.07870.191 2104.56960.75-.001000            2V3             V3 29  8  E       30  8  E      455522 2 2 2 1 1 1   472.0  488.0
511  973.191490 1.176E-25 4.536E+00.07070.139 2964.80280.75-.001000          V6+V3             V6 31 14  A1      32 14  A2     455522 2 2 2 1 1 1   504.0  520.0
511  973.191490 1.176E-25 4.536E+00.07070.139 2964.80280.75-.001000          V6+V3             V6 31 14  A2      32 14  A1     455522 2 2 2 1 1 1   504.0  520.0
511  973.205540 1.064E-23 9.555E+00.07770.188 2177.77120.75-.001000            2V3             V3 29  9  A1      30  9  A2     455522 2 2 2 1 1 1   472.0  488.0
511  973.205540 1.064E-23 9.555E+00.07770.188 2177.77120.75-.001000            2V3             V3 29  9  A2      30  9  A1     455522 2 2 2 1 1 1   472.0  488.0
511  973.225660 6.988E-24 9.339E+00.07660.184 2259.53700.75-.001000            2V3             V3 29 10  E       30 10  E      455522 2 2 2 1 1 1   472.0  488.0
511  973.237080 2.168E-25 4.683E+00.07230.144 2845.49750.75-.001000          V6+V3             V6 31 13  E       32 13  E      455522 2 2 2 1 1 1   504.0  520.0
511  973.249030 4.387E-24 9.094E+00.07530.180 2349.85140.75-.001000            2V3             V3 29 11  E       30 11  E      455522 2 2 2 1 1 1   472.0  488.0
511  973.275950 2.633E-24 8.826E+00.07400.175 2448.69660.75-.001000            2V3             V3 29 12  A1      30 12  A2     455522 2 2 2 1 1 1   472.0  488.0
511  973.275950 2.633E-24 8.826E+00.07400.175 2448.69660.75-.001000            2V3             V3 29 12  A2      30 12  A1     455522 2 2 2 1 1 1   472.0  488.0
511  973.284920 3.824E-25 4.821E+00.07370.149 2734.71150.75-.001000          V6+V3             V6 31 12  E       32 12  E      455522 2 2 2 1 1 1   504.0  520.0
511  973.304450 7.591E-26 4.451E+00.06900.125 3057.36020.75-.001000          V6+V3             V6 32 15  E       33 15  E      455522 2 2 2 1 1 1   520.0  536.0
511  973.307590 1.511E-24 8.535E+00.07250.170 2556.05340.75-.001000            2V3             V3 29 13  E       30 13  E      455522 2 2 2 1 1 1   472.0  488.0
511  973.335390 6.450E-25 4.947E+00.07510.154 2632.46500.75-.001000          V6+V3             V6 31 11  A1      32 11  A2     455522 2 2 2 1 1 1   504.0  520.0
511  973.335390 6.450E-25 4.947E+00.07510.154 2632.46500.75-.001000          V6+V3             V6 31 11  A2      32 11  A1     455522 2 2 2 1 1 1   504.0  520.0
511  973.342630 8.287E-25 8.221E+00.07090.165 2671.90070.75-.001000            2V3             V3 29 14  E       30 14  E      455522 2 2 2 1 1 1   472.0  488.0
511  973.383100 4.342E-25 7.883E+00.06920.159 2796.21570.75-.001000            2V3             V3 29 15  A1      30 15  A2     455522 2 2 2 1 1 1   472.0  488.0
511  973.383100 4.342E-25 7.883E+00.06920.159 2796.21570.75-.001000            2V3             V3 29 15  A2      30 15  A1     455522 2 2 2 1 1 1   472.0  488.0
511  973.388730 1.041E-24 5.064E+00.07640.158 2538.77730.75-.001000          V6+V3             V6 31 10  E       32 10  E      455522 2 2 2 1 1 1   504.0  520.0
511  973.429290 2.173E-25 7.523E+00.06740.153 2928.97380.75-.001000            2V3             V3 29 16  E       30 16  E      455522 2 2 2 1 1 1   472.0  488.0
511  973.429650 3.887E-26 4.294E+00.06720.119 3187.61030.75-.001000          V6+V3             V6 32 16  A1      33 16  A2     455522 2 2 2 1 1 1   520.0  536.0
511  973.429650 3.887E-26 4.294E+00.06720.119 3187.61030.75-.001000          V6+V3             V6 32 16  A2      33 16  A1     455522 2 2 2 1 1 1   520.0  536.0
511  973.445120 1.607E-24 5.170E+00.07760.162 2453.66620.75-.001000          V6+V3             V6 31  9  E       32  9  E      455522 2 2 2 1 1 1   504.0  520.0
511  973.481960 1.038E-25 7.138E+00.06540.146 3070.14850.75-.001000            2V3             V3 29 17  E       30 17  E      455522 2 2 2 1 1 1   472.0  488.0
511  973.505930 2.373E-24 5.263E+00.07850.165 2377.14780.75-.001000          V6+V3             V6 31  8  A1      32  8  A2     455522 2 2 2 1 1 1   504.0  520.0
511  973.505930 2.373E-24 5.263E+00.07850.165 2377.14780.75-.001000          V6+V3             V6 31  8  A2      32  8  A1     455522 2 2 2 1 1 1   504.0  520.0
511  973.508180 1.864E-23 9.419E+00.06890.110 2097.44070.75-.001000             V3         GROUND 35 15  A       36 15  A      455522 3 2 2 1 1 1   568.0  584.0
511  973.528830 1.750E-23 4.836E+00.07070.116 1973.27430.75-.001000             V3         GROUND 35 14  E       36 14  E      455522 3 2 2 1 1 1   568.0  584.0
511  973.542090 4.730E-26 6.730E+00.06330.139 3219.71140.75-.001000            2V3             V3 29 18  A1      30 18  A2     455522 2 2 2 1 1 1   472.0  488.0
511  973.542090 4.730E-26 6.730E+00.06330.139 3219.71140.75-.001000            2V3             V3 29 18  A2      30 18  A1     455522 2 2 2 1 1 1   472.0  488.0
511  973.542750 3.147E-23 4.956E+00.07230.121 1857.56630.75-.001000             V3         GROUND 35 13  E       36 13  E      455522 3 2 2 1 1 1   568.0  584.0
511  973.554380 1.084E-22 1.014E+01.07370.126 1750.33920.75-.001000             V3         GROUND 35 12  A       36 12  A      455522 3 2 2 1 1 1   568.0  584.0
511  973.555060 1.902E-26 4.124E+00.06530.112 3326.30830.75-.001000          V6+V3             V6 32 17  E       33 17  E      455522 2 2 2 1 1 1   520.0  536.0
511  973.563190 8.929E-23 5.167E+00.07500.131 1651.61360.75-.001000             V3         GROUND 35 11  E       36 11  E      455522 3 2 2 1 1 1   568.0  584.0
511  973.566740 3.352E-24 5.345E+00.07940.168 2309.23700.75-.001000          V6+V3             V6 31  7  E       32  7  E      455522 2 2 2 1 1 1   504.0  520.0
511  973.569980 1.409E-22 5.260E+00.07630.135 1561.40890.75-.001000             V3         GROUND 35 10  E       36 10  E      455522 3 2 2 1 1 1   568.0  584.0
511  973.575260 4.258E-22 1.069E+01.07750.139 1479.74240.75-.001000             V3         GROUND 35  9  A       36  9  A      455522 3 2 2 1 1 1   568.0  584.0
511  973.579320 3.080E-22 5.418E+00.07840.142 1406.62990.75-.001000             V3         GROUND 35  8  E       36  8  E      455522 3 2 2 1 1 1   568.0  584.0
511  973.582540 4.266E-22 5.484E+00.07940.145 1342.08560.75-.001000             V3         GROUND 35  7  E       36  7  E      455522 3 2 2 1 1 1   568.0  584.0
511  973.585030 1.132E-21 1.109E+01.08010.148 1286.12200.75-.001000             V3         GROUND 35  6  A       36  6  A      455522 3 2 2 1 1 1   568.0  584.0
511  973.586950 7.186E-22 5.590E+00.08080.150 1238.74990.75-.001000             V3         GROUND 35  5  E       36  5  E      455522 3 2 2 1 1 1   568.0  584.0
511  973.588410 8.737E-22 5.629E+00.08130.152 1199.97840.75-.001000             V3         GROUND 35  4  E       36  4  E      455522 3 2 2 1 1 1   568.0  584.0
511  973.589020 1.017E-21 5.659E+00.08170.153 1169.81500.75-.001000             V3         GROUND 35  3  A1      36  3  A2     455522 3 2 2 1 1 1   568.0  584.0
511  973.589950 1.017E-21 5.659E+00.08170.153 1169.81500.75-.001000             V3         GROUND 35  3  A2      36  3  A1     455522 3 2 2 1 1 1   568.0  584.0
511  973.590210 1.134E-21 5.682E+00.08200.154 1148.26560.75-.001000             V3         GROUND 35  2  E       36  2  E      455522 3 2 2 1 1 1   568.0  584.0
511  973.590640 1.210E-21 5.694E+00.08210.155 1135.33430.75-.001000             V3         GROUND 35  1  E       36  1  E      455522 3 2 2 1 1 1   568.0  584.0
511  973.590780 1.237E-21 5.700E+00.08220.155 1131.02360.75-.001000             V3         GROUND 35  0  A2      36  0  A1     455522 3 2 2 1 1 1   568.0  584.0
511  973.610850 2.055E-26 6.301E+00.06110.132 3377.63200.75-.001000            2V3             V3 29 19  E       30 19  E      455522 2 2 2 1 1 1   472.0  488.0
511  973.632960 4.532E-24 5.418E+00.08020.171 2249.94720.75-.001000          V6+V3             V6 31  6  E       32  6  E      455522 2 2 2 1 1 1   504.0  520.0
511  973.701120 5.862E-24 5.479E+00.08090.173 2199.28990.75-.001000          V6+V3             V6 31  5  A2      32  5  A1     455522 2 2 2 1 1 1   504.0  520.0
511  973.701130 5.862E-24 5.479E+00.08090.173 2199.28990.75-.001000          V6+V3             V6 31  5  A1      32  5  A2     455522 2 2 2 1 1 1   504.0  520.0
511  973.772970 7.256E-24 5.530E+00.08140.175 2157.27520.75-.001000          V6+V3             V6 31  4  E       32  4  E      455522 2 2 2 1 1 1   504.0  520.0
511  973.847860 8.593E-24 5.569E+00.08180.176 2123.91150.75-.001000          V6+V3             V6 31  3  E       32  3  E      455522 2 2 2 1 1 1   504.0  520.0
511  973.912920 9.737E-24 5.598E+00.08210.177 2099.22230.75-.001000          V6+V3             V6 31  2  A1      32  2  A2     455522 2 2 2 1 1 1   504.0  520.0
511  973.938710 9.739E-24 5.599E+00.08210.177 2099.18880.75-.001000          V6+V3             V6 31  2  A2      32  2  A1     455522 2 2 2 1 1 1   504.0  520.0
511  974.006850 1.056E-23 5.616E+00.08220.178 2083.16210.75-.001000          V6+V3             V6 31  1  E       32  1  E      455522 2 2 2 1 1 1   504.0  520.0
511  974.014450 1.087E-23 5.616E+00.08220.178 2077.18980.75-.001000          V6+V3             V6 31  1  A2      32  1  A1     455522 2 2 2 1 1 1   504.0  520.0
511  974.091170 1.096E-23 5.625E+00.08230.178 2075.78460.75-.001000          V6+V3             V6 31  0  E       32  0  E      455522 2 2 2 1 1 1   504.0  520.0
511  974.265960 1.034E-23 5.607E+00.08210.177 2087.03560.75-.001000          V6+V3             V6 31  2  E       32  2  E      455522 2 2 2 1 1 1   504.0  520.0
511  974.339700 1.089E-23 5.624E+00.08220.178 2076.96290.75-.001000          V6+V3             V6 31  1  A1      32  1  A2     455522 2 2 2 1 1 1   504.0  520.0
511  974.359230 9.396E-24 5.579E+00.08180.176 2105.65840.75-.001000          V6+V3             V6 31  3  E       32  3  E      455522 2 2 2 1 1 1   504.0  520.0
511  974.455140 8.173E-24 5.542E+00.08140.175 2132.94320.75-.001000          V6+V3             V6 31  4  A2      32  4  A1     455522 2 2 2 1 1 1   504.0  520.0
511  974.455230 8.173E-24 5.542E+00.08140.175 2132.94320.75-.001000          V6+V3             V6 31  4  A1      32  4  A2     455522 2 2 2 1 1 1   504.0  520.0
511  974.554090 6.802E-24 5.494E+00.08090.173 2168.88430.75-.001000          V6+V3             V6 31  5  E       32  5  E      455522 2 2 2 1 1 1   504.0  520.0
511  974.655980 5.417E-24 5.435E+00.08020.171 2213.47420.75-.001000          V6+V3             V6 31  6  E       32  6  E      455522 2 2 2 1 1 1   504.0  520.0
511  974.761200 4.127E-24 5.365E+00.07940.168 2266.70360.75-.001000          V6+V3             V6 31  7  A1      32  7  A2     455522 2 2 2 1 1 1   504.0  520.0
511  974.761200 4.127E-24 5.365E+00.07940.168 2266.70360.75-.001000          V6+V3             V6 31  7  A2      32  7  A1     455522 2 2 2 1 1 1   504.0  520.0
511  974.869100 3.009E-24 5.285E+00.07850.165 2328.56170.75-.001000          V6+V3             V6 31  8  E       32  8  E      455522 2 2 2 1 1 1   504.0  520.0
511  974.981170 2.099E-24 5.194E+00.07760.162 2399.03580.75-.001000          V6+V3             V6 31  9  E       32  9  E      455522 2 2 2 1 1 1   504.0  520.0
511  975.094770 1.400E-24 5.089E+00.07640.158 2478.11130.75-.001000          V6+V3             V6 31 10  A1      32 10  A2     455522 2 2 2 1 1 1   504.0  520.0
511  975.094770 1.400E-24 5.089E+00.07640.158 2478.11130.75-.001000          V6+V3             V6 31 10  A2      32 10  A1     455522 2 2 2 1 1 1   504.0  520.0
511  975.212360 8.938E-25 4.976E+00.07510.154 2565.77190.75-.001000          V6+V3             V6 31 11  E       32 11  E      455522 2 2 2 1 1 1   504.0  520.0
511  975.332940 5.457E-25 4.851E+00.07370.149 2661.99940.75-.001000          V6+V3             V6 31 12  E       32 12  E      455522 2 2 2 1 1 1   504.0  520.0
511  975.414700 7.904E-23 1.059E+01.08270.227 1778.40340.75-.001000            2V3             V3 28  0  A1      29  0  A2     455522 2 2 2 1 1 1   456.0  472.0
511  975.415580 7.731E-23 1.058E+01.08260.227 1782.72040.75-.001000            2V3             V3 28  1  E       29  1  E      455522 2 2 2 1 1 1   456.0  472.0
511  975.418250 7.233E-23 1.054E+01.08230.226 1795.67040.75-.001000            2V3             V3 28  2  E       29  2  E      455522 2 2 2 1 1 1   456.0  472.0
511  975.422540 6.474E-23 1.048E+01.08200.225 1817.25090.75-.001000            2V3             V3 28  3  A2      29  3  A1     455522 2 2 2 1 1 1   456.0  472.0
511  975.422970 1.756E-26 3.949E+00.06530.137 3319.95460.75-.001000          V6+V3             V6 30 17  A1      31 17  A2     455522 2 2 2 1 1 1   488.0  504.0
511  975.422970 1.756E-26 3.949E+00.06530.137 3319.95460.75-.001000          V6+V3             V6 30 17  A2      31 17  A1     455522 2 2 2 1 1 1   488.0  504.0
511  975.422970 6.474E-23 1.048E+01.08200.225 1817.25110.75-.001000            2V3             V3 28  3  A1      29  3  A2     455522 2 2 2 1 1 1   456.0  472.0
511  975.429170 5.543E-23 1.039E+01.08170.224 1847.45810.75-.001000            2V3             V3 28  4  E       29  4  E      455522 2 2 2 1 1 1   456.0  472.0
511  975.437600 4.540E-23 1.028E+01.08120.222 1886.28570.75-.001000            2V3             V3 28  5  E       29  5  E      455522 2 2 2 1 1 1   456.0  472.0
511  975.448210 3.556E-23 1.014E+01.08040.220 1933.72650.75-.001000            2V3             V3 28  6  A1      29  6  A2     455522 2 2 2 1 1 1   456.0  472.0
511  975.448210 3.556E-23 1.014E+01.08040.220 1933.72650.75-.001000            2V3             V3 28  6  A2      29  6  A1     455522 2 2 2 1 1 1   456.0  472.0
511  975.456520 3.187E-25 4.716E+00.07230.144 2766.77410.75-.001000          V6+V3             V6 31 13  A1      32 13  A2     455522 2 2 2 1 1 1   504.0  520.0
511  975.456520 3.187E-25 4.716E+00.07230.144 2766.77410.75-.001000          V6+V3             V6 31 13  A2      32 13  A1     455522 2 2 2 1 1 1   504.0  520.0
511  975.461160 2.664E-23 9.975E+00.07970.217 1989.77120.75-.001000            2V3             V3 28  7  E       29  7  E      455522 2 2 2 1 1 1   456.0  472.0
511  975.474540 3.724E-26 4.144E+00.06730.144 3175.18990.75-.001000          V6+V3             V6 30 16  E       31 16  E      455522 2 2 2 1 1 1   488.0  504.0
511  975.476650 1.909E-23 9.787E+00.07880.214 2054.40910.75-.001000            2V3             V3 28  8  E       29  8  E      455522 2 2 2 1 1 1   456.0  472.0
511  975.495160 1.308E-23 9.573E+00.07780.211 2127.62780.75-.001000            2V3             V3 28  9  A1      29  9  A2     455522 2 2 2 1 1 1   456.0  472.0
511  975.495160 1.308E-23 9.573E+00.07780.211 2127.62780.75-.001000            2V3             V3 28  9  A2      29  9  A1     455522 2 2 2 1 1 1   456.0  472.0
511  975.514780 7.541E-26 4.326E+00.06910.150 3038.87800.75-.001000          V6+V3             V6 30 15  E       31 15  E      455522 2 2 2 1 1 1   488.0  504.0
511  975.516580 8.572E-24 9.336E+00.07670.207 2209.41290.75-.001000            2V3             V3 28 10  E       29 10  E      455522 2 2 2 1 1 1   456.0  472.0
511  975.541510 5.369E-24 9.072E+00.07540.203 2299.74860.75-.001000            2V3             V3 28 11  E       29 11  E      455522 2 2 2 1 1 1   456.0  472.0
511  975.555660 1.459E-25 4.497E+00.07080.156 2911.04270.75-.001000          V6+V3             V6 30 14  A1      31 14  A2     455522 2 2 2 1 1 1   488.0  504.0
511  975.555660 1.459E-25 4.497E+00.07080.156 2911.04270.75-.001000          V6+V3             V6 30 14  A2      31 14  A1     455522 2 2 2 1 1 1   488.0  504.0
511  975.570280 3.214E-24 8.782E+00.07410.198 2398.61750.75-.001000            2V3             V3 28 12  A1      29 12  A2     455522 2 2 2 1 1 1   456.0  472.0
511  975.570280 3.214E-24 8.782E+00.07410.198 2398.61750.75-.001000            2V3             V3 28 12  A2      29 12  A1     455522 2 2 2 1 1 1   456.0  472.0
511  975.582930 1.779E-25 4.567E+00.07070.139 2880.07420.75-.001000          V6+V3             V6 31 14  E       32 14  E      455522 2 2 2 1 1 1   504.0  520.0
511  975.598730 2.698E-25 4.656E+00.07240.161 2791.70680.75-.001000          V6+V3             V6 30 13  E       31 13  E      455522 2 2 2 1 1 1   488.0  504.0
511  975.603890 1.839E-24 8.469E+00.07260.193 2506.00030.75-.001000            2V3             V3 28 13  E       29 13  E      455522 2 2 2 1 1 1   456.0  472.0
511  975.641670 1.005E-24 8.130E+00.07100.188 2621.87600.75-.001000            2V3             V3 28 14  E       29 14  E      455522 2 2 2 1 1 1   456.0  472.0
511  975.644580 4.770E-25 4.804E+00.07390.166 2680.89210.75-.001000          V6+V3             V6 30 12  E       31 12  E      455522 2 2 2 1 1 1   488.0  504.0
511  975.685230 5.245E-25 7.766E+00.06930.182 2746.22210.75-.001000            2V3             V3 28 15  A1      29 15  A2     455522 2 2 2 1 1 1   456.0  472.0
511  975.685230 5.245E-25 7.766E+00.06930.182 2746.22210.75-.001000            2V3             V3 28 15  A2      29 15  A1     455522 2 2 2 1 1 1   456.0  472.0
511  975.693490 8.063E-25 4.940E+00.07520.171 2578.61900.75-.001000          V6+V3             V6 30 11  A1      31 11  A2     455522 2 2 2 1 1 1   488.0  504.0
511  975.693490 8.063E-25 4.940E+00.07520.171 2578.61900.75-.001000          V6+V3             V6 30 11  A2      31 11  A1     455522 2 2 2 1 1 1   488.0  504.0
511  975.711870 9.500E-26 4.410E+00.06900.133 3001.87650.75-.001000          V6+V3             V6 31 15  E       32 15  E      455522 2 2 2 1 1 1   504.0  520.0
511  975.735110 2.612E-25 7.376E+00.06750.176 2879.01400.75-.001000            2V3             V3 28 16  E       29 16  E      455522 2 2 2 1 1 1   456.0  472.0
511  975.745650 1.303E-24 5.062E+00.07650.175 2484.90670.75-.001000          V6+V3             V6 30 10  E       31 10  E      455522 2 2 2 1 1 1   488.0  504.0
511  975.792220 1.241E-25 6.962E+00.06550.169 3020.22570.75-.001000            2V3             V3 28 17  E       29 17  E      455522 2 2 2 1 1 1   456.0  472.0
511  975.801130 2.015E-24 5.176E+00.07770.179 2399.77300.75-.001000          V6+V3             V6 30  9  E       31  9  E      455522 2 2 2 1 1 1   488.0  504.0
511  975.842910 4.848E-26 4.240E+00.06720.127 3132.15570.75-.001000          V6+V3             V6 31 16  A1      32 16  A2     455522 2 2 2 1 1 1   504.0  520.0
511  975.842910 4.848E-26 4.240E+00.06720.127 3132.15570.75-.001000          V6+V3             V6 31 16  A2      32 16  A1     455522 2 2 2 1 1 1   504.0  520.0
511  975.857710 5.617E-26 6.522E+00.06350.162 3169.82910.75-.001000            2V3             V3 28 18  A1      29 18  A2     455522 2 2 2 1 1 1   456.0  472.0
511  975.857710 5.617E-26 6.522E+00.06350.162 3169.82910.75-.001000            2V3             V3 28 18  A2      29 18  A1     455522 2 2 2 1 1 1   456.0  472.0
511  975.860790 2.980E-24 5.278E+00.07860.182 2323.23430.75-.001000          V6+V3             V6 30  8  A1      31  8  A2     455522 2 2 2 1 1 1   488.0  504.0
511  975.860790 2.980E-24 5.278E+00.07860.182 2323.23430.75-.001000          V6+V3             V6 30  8  A2      31  8  A1     455522 2 2 2 1 1 1   488.0  504.0
511  975.921750 4.215E-24 5.366E+00.07950.185 2255.30540.75-.001000          V6+V3             V6 30  7  E       31  7  E      455522 2 2 2 1 1 1   488.0  504.0
511  975.933030 2.420E-26 6.056E+00.06120.155 3327.79420.75-.001000            2V3             V3 28 19  E       29 19  E      455522 2 2 2 1 1 1   456.0  472.0
511  975.975380 2.364E-26 4.059E+00.06530.120 3270.88520.75-.001000          V6+V3             V6 31 17  E       32 17  E      455522 2 2 2 1 1 1   504.0  520.0
511  975.987520 5.704E-24 5.444E+00.08030.188 2195.99940.75-.001000          V6+V3             V6 30  6  E       31  6  E      455522 2 2 2 1 1 1   488.0  504.0
511  976.009780 4.081E-23 4.946E+00.07230.126 1796.78740.75-.001000             V3         GROUND 34 13  E       35 13  E      455522 3 2 2 1 1 1   552.0  568.0
511  976.017480 1.407E-22 1.012E+01.07370.131 1689.53450.75-.001000             V3         GROUND 34 12  A       35 12  A      455522 3 2 2 1 1 1   552.0  568.0
511  976.023020 1.161E-22 5.169E+00.07500.136 1590.78530.75-.001000             V3         GROUND 34 11  E       35 11  E      455522 3 2 2 1 1 1   552.0  568.0
511  976.027040 1.835E-22 5.270E+00.07630.140 1500.55890.75-.001000             V3         GROUND 34 10  E       35 10  E      455522 3 2 2 1 1 1   552.0  568.0
511  976.029990 5.551E-22 1.072E+01.07750.144 1418.87270.75-.001000             V3         GROUND 34  9  A       35  9  A      455522 3 2 2 1 1 1   552.0  568.0
511  976.032100 4.019E-22 5.438E+00.07840.147 1345.74260.75-.001000             V3         GROUND 34  8  E       35  8  E      455522 3 2 2 1 1 1   552.0  568.0
511  976.033680 5.572E-22 5.509E+00.07940.150 1281.18270.75-.001000             V3         GROUND 34  7  E       35  7  E      455522 3 2 2 1 1 1   552.0  568.0
511  976.034820 1.479E-21 1.114E+01.08010.153 1225.20560.75-.001000             V3         GROUND 34  6  A       35  6  A      455522 3 2 2 1 1 1   552.0  568.0
511  976.035640 9.397E-22 5.621E+00.08080.155 1177.82200.75-.001000             V3         GROUND 34  5  E       35  5  E      455522 3 2 2 1 1 1   552.0  568.0
511  976.036230 1.143E-21 5.663E+00.08130.157 1139.04120.75-.001000             V3         GROUND 34  4  E       35  4  E      455522 3 2 2 1 1 1   552.0  568.0
511  976.036250 1.331E-21 5.695E+00.08170.158 1108.87050.75-.001000             V3         GROUND 34  3  A2      35  3  A1     455522 3 2 2 1 1 1   552.0  568.0
511  976.036910 1.484E-21 5.718E+00.08200.159 1087.31590.75-.001000             V3         GROUND 34  2  E       35  2  E      455522 3 2 2 1 1 1   552.0  568.0
511  976.037030 1.331E-21 5.695E+00.08170.158 1108.87050.75-.001000             V3         GROUND 34  3  A1      35  3  A2     455522 3 2 2 1 1 1   552.0  568.0
511  976.037060 1.585E-21 5.735E+00.08210.160 1074.38140.75-.001000             V3         GROUND 34  1  E       35  1  E      455522 3 2 2 1 1 1   552.0  568.0
511  976.037110 1.620E-21 5.740E+00.08220.160 1070.06960.75-.001000             V3         GROUND 34  0  A1      35  0  A2     455522 3 2 2 1 1 1   552.0  568.0
511  976.055810 7.385E-24 5.510E+00.08100.190 2145.32820.75-.001000          V6+V3             V6 30  5  A1      31  5  A2     455522 2 2 2 1 1 1   488.0  504.0
511  976.055820 7.385E-24 5.510E+00.08100.190 2145.32820.75-.001000          V6+V3             V6 30  5  A2      31  5  A1     455522 2 2 2 1 1 1   488.0  504.0
511  976.108250 1.101E-26 3.867E+00.06310.113 3418.03640.75-.001000          V6+V3             V6 31 18  E       32 18  E      455522 2 2 2 1 1 1   504.0  520.0
511  976.127720 9.146E-24 5.564E+00.08150.192 2103.30160.75-.001000          V6+V3             V6 30  4  E       31  4  E      455522 2 2 2 1 1 1   488.0  504.0
511  976.202800 1.084E-23 5.608E+00.08190.193 2069.92820.75-.001000          V6+V3             V6 30  3  E       31  3  E      455522 2 2 2 1 1 1   488.0  504.0
511  976.269670 1.229E-23 5.640E+00.08210.194 2045.22930.75-.001000          V6+V3             V6 30  2  A2      31  2  A1     455522 2 2 2 1 1 1   488.0  504.0
511  976.292440 1.229E-23 5.639E+00.08210.194 2045.19980.75-.001000          V6+V3             V6 30  2  A1      31  2  A2     455522 2 2 2 1 1 1   488.0  504.0
511  976.362500 1.333E-23 5.658E+00.08230.195 2029.16540.75-.001000          V6+V3             V6 30  1  E       31  1  E      455522 2 2 2 1 1 1   488.0  504.0
511  976.380070 1.372E-23 5.657E+00.08230.195 2023.18310.75-.001000          V6+V3             V6 30  1  A1      31  1  A2     455522 2 2 2 1 1 1   488.0  504.0
511  976.447330 1.383E-23 5.665E+00.08240.195 2021.78430.75-.001000          V6+V3             V6 30  0  E       31  0  E      455522 2 2 2 1 1 1   488.0  504.0
511  976.623620 1.304E-23 5.643E+00.08210.194 2033.03380.75-.001000          V6+V3             V6 30  2  E       31  2  E      455522 2 2 2 1 1 1   488.0  504.0
511  976.687780 1.374E-23 5.663E+00.08230.195 2022.96550.75-.001000          V6+V3             V6 30  1  A2      31  1  A1     455522 2 2 2 1 1 1   488.0  504.0
511  976.717730 1.185E-23 5.615E+00.08190.193 2051.65890.75-.001000          V6+V3             V6 30  3  E       31  3  E      455522 2 2 2 1 1 1   488.0  504.0
511  976.814650 1.030E-23 5.574E+00.08150.192 2078.94800.75-.001000          V6+V3             V6 30  4  A1      31  4  A2     455522 2 2 2 1 1 1   488.0  504.0
511  976.814720 1.030E-23 5.574E+00.08150.192 2078.94800.75-.001000          V6+V3             V6 30  4  A2      31  4  A1     455522 2 2 2 1 1 1   488.0  504.0
511  976.914720 8.570E-24 5.525E+00.08100.190 2114.89520.75-.001000          V6+V3             V6 30  5  E       31  5  E      455522 2 2 2 1 1 1   488.0  504.0
511  977.017930 6.819E-24 5.461E+00.08030.188 2159.49330.75-.001000          V6+V3             V6 30  6  E       31  6  E      455522 2 2 2 1 1 1   488.0  504.0
511  977.124550 5.191E-24 5.386E+00.07950.185 2212.73280.75-.001000          V6+V3             V6 30  7  A1      31  7  A2     455522 2 2 2 1 1 1   488.0  504.0
511  977.124550 5.191E-24 5.386E+00.07950.185 2212.73280.75-.001000          V6+V3             V6 30  7  A2      31  7  A1     455522 2 2 2 1 1 1   488.0  504.0
511  977.234190 3.780E-24 5.300E+00.07860.182 2274.60290.75-.001000          V6+V3             V6 30  8  E       31  8  E      455522 2 2 2 1 1 1   488.0  504.0
511  977.348010 2.633E-24 5.201E+00.07770.179 2345.09100.75-.001000          V6+V3             V6 30  9  E       31  9  E      455522 2 2 2 1 1 1   488.0  504.0
511  977.464030 1.754E-24 5.090E+00.07650.175 2424.18240.75-.001000          V6+V3             V6 30 10  A1      31 10  A2     455522 2 2 2 1 1 1   488.0  504.0
511  977.464030 1.754E-24 5.090E+00.07650.175 2424.18240.75-.001000          V6+V3             V6 30 10  A2      31 10  A1     455522 2 2 2 1 1 1   488.0  504.0
511  977.584190 1.118E-24 4.970E+00.07520.171 2511.86090.75-.001000          V6+V3             V6 30 11  E       31 11  E      455522 2 2 2 1 1 1   488.0  504.0
511  977.680020 9.696E-23 1.068E+01.08270.244 1729.84040.75-.001000            2V3             V3 27  0  A2      28  0  A1     455522 2 2 2 1 1 1   440.0  456.0
511  977.680950 9.483E-23 1.067E+01.08270.244 1734.15830.75-.001000            2V3             V3 27  1  E       28  1  E      455522 2 2 2 1 1 1   440.0  456.0
511  977.683770 8.870E-23 1.063E+01.08240.243 1747.11120.75-.001000            2V3             V3 27  2  E       28  2  E      455522 2 2 2 1 1 1   440.0  456.0
511  977.688340 7.935E-23 1.056E+01.08210.242 1768.69650.75-.001000            2V3             V3 27  3  A1      28  3  A2     455522 2 2 2 1 1 1   440.0  456.0
511  977.688690 7.935E-23 1.056E+01.08210.242 1768.69670.75-.001000            2V3             V3 27  3  A2      28  3  A1     455522 2 2 2 1 1 1   440.0  456.0
511  977.695280 6.790E-23 1.047E+01.08170.241 1798.91040.75-.001000            2V3             V3 27  4  E       28  4  E      455522 2 2 2 1 1 1   440.0  456.0
511  977.704180 5.556E-23 1.034E+01.08120.239 1837.74670.75-.001000            2V3             V3 27  5  E       28  5  E      455522 2 2 2 1 1 1   440.0  456.0
511  977.707760 6.810E-25 4.834E+00.07390.166 2608.10840.75-.001000          V6+V3             V6 30 12  E       31 12  E      455522 2 2 2 1 1 1   488.0  504.0
511  977.715370 4.347E-23 1.019E+01.08050.237 1885.19800.75-.001000            2V3             V3 27  6  A1      28  6  A2     455522 2 2 2 1 1 1   440.0  456.0
511  977.715370 4.347E-23 1.019E+01.08050.237 1885.19800.75-.001000            2V3             V3 27  6  A2      28  6  A1     455522 2 2 2 1 1 1   440.0  456.0
511  977.729050 3.253E-23 1.002E+01.07980.234 1941.25530.75-.001000            2V3             V3 27  7  E       28  7  E      455522 2 2 2 1 1 1   440.0  456.0
511  977.745430 2.327E-23 9.811E+00.07890.231 2005.90780.75-.001000            2V3             V3 27  8  E       28  8  E      455522 2 2 2 1 1 1   440.0  456.0
511  977.764970 1.592E-23 9.583E+00.07790.228 2079.14300.75-.001000            2V3             V3 27  9  A1      28  9  A2     455522 2 2 2 1 1 1   440.0  456.0
511  977.764970 1.592E-23 9.583E+00.07790.228 2079.14300.75-.001000            2V3             V3 27  9  A2      28  9  A1     455522 2 2 2 1 1 1   440.0  456.0
511  977.776020 2.128E-26 3.861E+00.06540.146 3267.95580.75-.001000          V6+V3             V6 29 17  A1      30 17  A2     455522 2 2 2 1 1 1   472.0  488.0
511  977.776020 2.128E-26 3.861E+00.06540.146 3267.95580.75-.001000          V6+V3             V6 29 17  A2      30 17  A1     455522 2 2 2 1 1 1   472.0  488.0
511  977.787670 1.041E-23 9.326E+00.07680.224 2160.94670.75-.001000            2V3             V3 27 10  E       28 10  E      455522 2 2 2 1 1 1   440.0  456.0
511  977.814110 6.502E-24 9.038E+00.07560.220 2251.30320.75-.001000            2V3             V3 27 11  E       28 11  E      455522 2 2 2 1 1 1   440.0  456.0
511  977.826030 4.535E-26 4.070E+00.06740.153 3123.15730.75-.001000          V6+V3             V6 29 16  E       30 16  E      455522 2 2 2 1 1 1   472.0  488.0
511  977.834840 3.967E-25 4.688E+00.07240.161 2712.90500.75-.001000          V6+V3             V6 30 13  A1      31 13  A2     455522 2 2 2 1 1 1   488.0  504.0
511  977.834840 3.967E-25 4.688E+00.07240.161 2712.90500.75-.001000          V6+V3             V6 30 13  A2      31 13  A1     455522 2 2 2 1 1 1   488.0  504.0
511  977.844670 3.881E-24 8.725E+00.07420.215 2350.19510.75-.001000            2V3             V3 27 12  A1      28 12  A2     455522 2 2 2 1 1 1   440.0  456.0
511  977.844670 3.881E-24 8.725E+00.07420.215 2350.19510.75-.001000            2V3             V3 27 12  A2      28 12  A1     455522 2 2 2 1 1 1   440.0  456.0
511  977.862400 9.223E-26 4.267E+00.06920.159 2986.81270.75-.001000          V6+V3             V6 29 15  E       30 15  E      455522 2 2 2 1 1 1   472.0  488.0
511  977.880280 2.213E-24 8.386E+00.07270.210 2457.60310.75-.001000            2V3             V3 27 13  E       28 13  E      455522 2 2 2 1 1 1   440.0  456.0
511  977.900110 1.791E-25 4.451E+00.07090.165 2858.94620.75-.001000          V6+V3             V6 29 14  A1      30 14  A2     455522 2 2 2 1 1 1   472.0  488.0
511  977.900110 1.791E-25 4.451E+00.07090.165 2858.94620.75-.001000          V6+V3             V6 29 14  A2      30 14  A1     455522 2 2 2 1 1 1   472.0  488.0
511  977.920680 1.204E-24 8.016E+00.07110.205 2573.50650.75-.001000            2V3             V3 27 14  E       28 14  E      455522 2 2 2 1 1 1   440.0  456.0
511  977.940650 3.322E-25 4.622E+00.07250.170 2739.58080.75-.001000          V6+V3             V6 29 13  E       30 13  E      455522 2 2 2 1 1 1   472.0  488.0
511  977.965360 2.209E-25 4.530E+00.07080.156 2826.22920.75-.001000          V6+V3             V6 30 14  E       31 14  E      455522 2 2 2 1 1 1   488.0  504.0
511  977.967260 6.256E-25 7.624E+00.06940.199 2697.88280.75-.001000            2V3             V3 27 15  A1      28 15  A2     455522 2 2 2 1 1 1   440.0  456.0
511  977.967260 6.256E-25 7.624E+00.06940.199 2697.88280.75-.001000            2V3             V3 27 15  A2      28 15  A1     455522 2 2 2 1 1 1   440.0  456.0
511  977.984500 5.889E-25 4.781E+00.07400.175 2628.73830.75-.001000          V6+V3             V6 29 12  E       30 12  E      455522 2 2 2 1 1 1   472.0  488.0
511  978.020740 3.099E-25 7.204E+00.06760.193 2830.70770.75-.001000            2V3             V3 27 16  E       28 16  E      455522 2 2 2 1 1 1   440.0  456.0
511  978.031860 9.977E-25 4.927E+00.07530.180 2526.43950.75-.001000          V6+V3             V6 29 11  A1      30 11  A2     455522 2 2 2 1 1 1   472.0  488.0
511  978.031860 9.977E-25 4.927E+00.07530.180 2526.43950.75-.001000          V6+V3             V6 29 11  A2      30 11  A1     455522 2 2 2 1 1 1   472.0  488.0
511  978.082190 1.462E-25 6.754E+00.06560.186 2971.95540.75-.001000            2V3             V3 27 17  E       28 17  E      455522 2 2 2 1 1 1   440.0  456.0
511  978.082810 1.616E-24 5.060E+00.07660.184 2432.70350.75-.001000          V6+V3             V6 29 10  E       30 10  E      455522 2 2 2 1 1 1   472.0  488.0
511  978.099180 1.176E-25 4.361E+00.06910.150 2948.05750.75-.001000          V6+V3             V6 30 15  E       31 15  E      455522 2 2 2 1 1 1   488.0  504.0
511  978.137390 2.503E-24 5.182E+00.07770.188 2347.54810.75-.001000          V6+V3             V6 29  9  E       30  9  E      455522 2 2 2 1 1 1   472.0  488.0
511  978.152950 6.566E-26 6.278E+00.06360.179 3121.59820.75-.001000            2V3             V3 27 18  A1      28 18  A2     455522 2 2 2 1 1 1   440.0  456.0
511  978.152950 6.566E-26 6.278E+00.06360.179 3121.59820.75-.001000            2V3             V3 27 18  A2      28 18  A1     455522 2 2 2 1 1 1   440.0  456.0
511  978.196110 3.707E-24 5.290E+00.07870.191 2270.98980.75-.001000          V6+V3             V6 29  8  A1      30  8  A2     455522 2 2 2 1 1 1   472.0  488.0
511  978.196110 3.707E-24 5.290E+00.07870.191 2270.98980.75-.001000          V6+V3             V6 29  8  A2      30  8  A1     455522 2 2 2 1 1 1   472.0  488.0
511  978.234700 2.801E-26 5.774E+00.06130.172 3279.60670.75-.001000            2V3             V3 27 19  E       28 19  E      455522 2 2 2 1 1 1   440.0  456.0
511  978.236060 5.979E-26 4.178E+00.06730.144 3078.36510.75-.001000          V6+V3             V6 30 16  A1      31 16  A2     455522 2 2 2 1 1 1   488.0  504.0
511  978.236060 5.979E-26 4.178E+00.06730.144 3078.36510.75-.001000          V6+V3             V6 30 16  A2      31 16  A1     455522 2 2 2 1 1 1   488.0  504.0
511  978.256970 5.250E-24 5.385E+00.07960.194 2203.04320.75-.001000          V6+V3             V6 29  7  E       30  7  E      455522 2 2 2 1 1 1   472.0  488.0
511  978.322370 7.113E-24 5.469E+00.08040.197 2143.72180.75-.001000          V6+V3             V6 29  6  E       30  6  E      455522 2 2 2 1 1 1   472.0  488.0
511  978.329500 1.133E-26 5.244E+00.05900.164 3445.94970.75-.001000            2V3             V3 27 20  E       28 20  E      455522 2 2 2 1 1 1   440.0  456.0
511  978.375580 2.904E-26 3.985E+00.06530.137 3217.12500.75-.001000          V6+V3             V6 30 17  E       31 17  E      455522 2 2 2 1 1 1   488.0  504.0
511  978.390690 9.216E-24 5.540E+00.08110.199 2093.03700.75-.001000          V6+V3             V6 29  5  A2      30  5  A1     455522 2 2 2 1 1 1   472.0  488.0
511  978.390700 9.216E-24 5.540E+00.08110.199 2093.03700.75-.001000          V6+V3             V6 29  5  A1      30  5  A2     455522 2 2 2 1 1 1   472.0  488.0
511  978.461020 1.811E-22 1.012E+01.07370.136 1630.39900.75-.001000             V3         GROUND 33 12  A       34 12  A      455522 3 2 2 1 1 1   536.0  552.0
511  978.462640 1.142E-23 5.597E+00.08160.201 2050.99900.75-.001000          V6+V3             V6 29  4  E       30  4  E      455522 2 2 2 1 1 1   472.0  488.0
511  978.463280 1.496E-22 5.171E+00.07510.141 1531.62670.75-.001000             V3         GROUND 33 11  E       34 11  E      455522 3 2 2 1 1 1   536.0  552.0
511  978.463930 2.102E-21 5.778E+00.08230.165 1010.78890.75-.001000             V3         GROUND 33  0  A2      34  0  A1     455522 3 2 2 1 1 1   536.0  552.0
511  978.463950 1.727E-21 5.733E+00.08180.163 1049.59890.75-.001000             V3         GROUND 33  3  A1      34  3  A2     455522 3 2 2 1 1 1   536.0  552.0
511  978.463970 2.056E-21 5.771E+00.08220.165 1015.10160.75-.001000             V3         GROUND 33  1  E       34  1  E      455522 3 2 2 1 1 1   536.0  552.0
511  978.464090 1.926E-21 5.757E+00.08210.164 1028.03910.75-.001000             V3         GROUND 33  2  E       34  2  E      455522 3 2 2 1 1 1   536.0  552.0
511  978.464520 1.482E-21 5.696E+00.08140.162 1079.77660.75-.001000             V3         GROUND 33  4  E       34  4  E      455522 3 2 2 1 1 1   536.0  552.0
511  978.464550 2.367E-22 5.276E+00.07640.145 1441.37920.75-.001000             V3         GROUND 33 10  E       34 10  E      455522 3 2 2 1 1 1   536.0  552.0
511  978.464610 1.727E-21 5.733E+00.08180.163 1049.59890.75-.001000             V3         GROUND 33  3  A2      34  3  A1     455522 3 2 2 1 1 1   536.0  552.0
511  978.464800 1.218E-21 5.653E+00.08090.160 1118.56660.75-.001000             V3         GROUND 33  5  E       34  5  E      455522 3 2 2 1 1 1   536.0  552.0
511  978.465070 1.915E-21 1.119E+01.08020.158 1165.96130.75-.001000             V3         GROUND 33  6  A       34  6  A      455522 3 2 2 1 1 1   536.0  552.0
511  978.465170 7.170E-22 1.074E+01.07760.149 1359.67390.75-.001000             V3         GROUND 33  9  A       34  9  A      455522 3 2 2 1 1 1   536.0  552.0
511  978.465280 7.211E-22 5.532E+00.07940.155 1221.95160.75-.001000             V3         GROUND 33  7  E       34  7  E      455522 3 2 2 1 1 1   536.0  552.0
511  978.465330 5.197E-22 5.457E+00.07850.152 1286.52660.75-.001000             V3         GROUND 33  8  E       34  8  E      455522 3 2 2 1 1 1   536.0  552.0
511  978.517080 1.346E-26 3.778E+00.06320.130 3364.30900.75-.001000          V6+V3             V6 30 18  E       31 18  E      455522 2 2 2 1 1 1   488.0  504.0
511  978.537890 1.354E-23 5.642E+00.08200.202 2017.61620.75-.001000          V6+V3             V6 29  3  E       30  3  E      455522 2 2 2 1 1 1   472.0  488.0
511  978.606420 1.536E-23 5.677E+00.08220.203 1992.90800.75-.001000          V6+V3             V6 29  2  A1      30  2  A2     455522 2 2 2 1 1 1   472.0  488.0
511  978.626450 1.536E-23 5.677E+00.08220.203 1992.88210.75-.001000          V6+V3             V6 29  2  A2      30  2  A1     455522 2 2 2 1 1 1   472.0  488.0
511  978.698270 1.666E-23 5.696E+00.08240.204 1976.84050.75-.001000          V6+V3             V6 29  1  E       30  1  E      455522 2 2 2 1 1 1   472.0  488.0
511  978.725620 1.715E-23 5.696E+00.08240.204 1970.84830.75-.001000          V6+V3             V6 29  1  A2      30  1  A1     455522 2 2 2 1 1 1   472.0  488.0
511  978.783580 1.729E-23 5.704E+00.08260.204 1969.45590.75-.001000          V6+V3             V6 29  0  E       30  0  E      455522 2 2 2 1 1 1   472.0  488.0
511  978.961350 1.630E-23 5.682E+00.08220.203 1980.70390.75-.001000          V6+V3             V6 29  2  E       30  2  E      455522 2 2 2 1 1 1   472.0  488.0
511  979.016100 1.718E-23 5.703E+00.08240.204 1970.64010.75-.001000          V6+V3             V6 29  1  A1      30  1  A2     455522 2 2 2 1 1 1   472.0  488.0
511  979.056280 1.481E-23 5.653E+00.08200.202 1999.33120.75-.001000          V6+V3             V6 29  3  E       30  3  E      455522 2 2 2 1 1 1   472.0  488.0
511  979.154170 1.287E-23 5.610E+00.08160.201 2026.62450.75-.001000          V6+V3             V6 29  4  A2      30  4  A1     455522 2 2 2 1 1 1   472.0  488.0
511  979.154220 1.287E-23 5.610E+00.08160.201 2026.62450.75-.001000          V6+V3             V6 29  4  A1      30  4  A2     455522 2 2 2 1 1 1   472.0  488.0
511  979.255350 1.070E-23 5.556E+00.08110.199 2062.57780.75-.001000          V6+V3             V6 29  5  E       30  5  E      455522 2 2 2 1 1 1   472.0  488.0
511  979.359830 8.504E-24 5.486E+00.08040.197 2107.18370.75-.001000          V6+V3             V6 29  6  E       30  6  E      455522 2 2 2 1 1 1   472.0  488.0
511  979.467860 6.467E-24 5.406E+00.07960.194 2160.43300.75-.001000          V6+V3             V6 29  7  A1      30  7  A2     455522 2 2 2 1 1 1   472.0  488.0
511  979.467860 6.467E-24 5.406E+00.07960.194 2160.43300.75-.001000          V6+V3             V6 29  7  A2      30  7  A1     455522 2 2 2 1 1 1   472.0  488.0
511  979.579200 4.703E-24 5.312E+00.07870.191 2222.31480.75-.001000          V6+V3             V6 29  8  E       30  8  E      455522 2 2 2 1 1 1   472.0  488.0
511  979.694800 3.271E-24 5.206E+00.07770.188 2292.81640.75-.001000          V6+V3             V6 29  9  E       30  9  E      455522 2 2 2 1 1 1   472.0  488.0
511  979.813140 2.176E-24 5.088E+00.07660.184 2371.92330.75-.001000          V6+V3             V6 29 10  A1      30 10  A2     455522 2 2 2 1 1 1   472.0  488.0
511  979.813140 2.176E-24 5.088E+00.07660.184 2371.92330.75-.001000          V6+V3             V6 29 10  A2      30 10  A1     455522 2 2 2 1 1 1   472.0  488.0
511  979.925570 1.178E-22 1.077E+01.08290.271 1682.93980.75-.001000            2V3             V3 26  0  A1      27  0  A2     455522 2 2 2 1 1 1   424.0  440.0
511  979.926550 1.152E-22 1.076E+01.08290.271 1687.25860.75-.001000            2V3             V3 26  1  E       27  1  E      455522 2 2 2 1 1 1   424.0  440.0
511  979.929510 1.077E-22 1.071E+01.08270.270 1700.21430.75-.001000            2V3             V3 26  2  E       27  2  E      455522 2 2 2 1 1 1   424.0  440.0
511  979.934350 9.634E-23 1.064E+01.08230.269 1721.80430.75-.001000            2V3             V3 26  3  A2      27  3  A1     455522 2 2 2 1 1 1   424.0  440.0
511  979.934630 9.634E-23 1.064E+01.08230.269 1721.80440.75-.001000            2V3             V3 26  3  A1      27  3  A2     455522 2 2 2 1 1 1   424.0  440.0
511  979.935840 1.383E-24 4.954E+00.07530.180 2459.61920.75-.001000          V6+V3             V6 29 11  E       30 11  E      455522 2 2 2 1 1 1   472.0  488.0
511  979.941590 8.237E-23 1.054E+01.08190.267 1752.02460.75-.001000            2V3             V3 26  4  E       27  4  E      455522 2 2 2 1 1 1   424.0  440.0
511  979.950940 6.734E-23 1.041E+01.08140.266 1790.86920.75-.001000            2V3             V3 26  5  E       27  5  E      455522 2 2 2 1 1 1   424.0  440.0
511  979.962700 5.263E-23 1.024E+01.08080.263 1838.33090.75-.001000            2V3             V3 26  6  A1      27  6  A2     455522 2 2 2 1 1 1   424.0  440.0
511  979.962700 5.263E-23 1.024E+01.08080.263 1838.33090.75-.001000            2V3             V3 26  6  A2      27  6  A1     455522 2 2 2 1 1 1   424.0  440.0
511  979.977080 3.933E-23 1.005E+01.08000.260 1894.40040.75-.001000            2V3             V3 26  7  E       27  7  E      455522 2 2 2 1 1 1   424.0  440.0
511  979.994340 2.809E-23 9.832E+00.07910.257 1959.06690.75-.001000            2V3             V3 26  8  E       27  8  E      455522 2 2 2 1 1 1   424.0  440.0
511  980.014860 1.917E-23 9.580E+00.07810.253 2032.31820.75-.001000            2V3             V3 26  9  A1      27  9  A2     455522 2 2 2 1 1 1   424.0  440.0
511  980.014860 1.917E-23 9.580E+00.07810.253 2032.31820.75-.001000            2V3             V3 26  9  A2      27  9  A1     455522 2 2 2 1 1 1   424.0  440.0
511  980.038800 1.250E-23 9.298E+00.07690.249 2114.14000.75-.001000            2V3             V3 26 10  E       27 10  E      455522 2 2 2 1 1 1   424.0  440.0
511  980.062380 8.409E-25 4.811E+00.07400.175 2555.88600.75-.001000          V6+V3             V6 29 12  E       30 12  E      455522 2 2 2 1 1 1   472.0  488.0
511  980.066710 7.789E-24 8.991E+00.07580.244 2204.51660.75-.001000            2V3             V3 26 11  E       27 11  E      455522 2 2 2 1 1 1   424.0  440.0
511  980.099020 4.634E-24 8.652E+00.07440.239 2303.43070.75-.001000            2V3             V3 26 12  A1      27 12  A2     455522 2 2 2 1 1 1   424.0  440.0
511  980.099020 4.634E-24 8.652E+00.07440.239 2303.43070.75-.001000            2V3             V3 26 12  A2      27 12  A1     455522 2 2 2 1 1 1   424.0  440.0
511  980.107520 2.546E-26 3.761E+00.06550.169 3217.61820.75-.001000          V6+V3             V6 28 17  A1      29 17  A2     455522 2 2 2 1 1 1   456.0  472.0
511  980.107520 2.546E-26 3.761E+00.06550.169 3217.61820.75-.001000          V6+V3             V6 28 17  A2      29 17  A1     455522 2 2 2 1 1 1   456.0  472.0
511  980.127990 1.132E-26 3.522E+00.06350.162 3370.87850.75-.001000          V6+V3             V6 28 18  E       29 18  E      455522 2 2 2 1 1 1   456.0  472.0
511  980.136600 2.631E-24 8.281E+00.07290.234 2410.86320.75-.001000            2V3             V3 26 13  E       27 13  E      455522 2 2 2 1 1 1   424.0  440.0
511  980.157580 5.455E-26 3.986E+00.06750.176 3072.78730.75-.001000          V6+V3             V6 28 16  E       29 16  E      455522 2 2 2 1 1 1   456.0  472.0
511  980.179520 1.426E-24 7.886E+00.07130.228 2526.79340.75-.001000            2V3             V3 26 14  E       27 14  E      455522 2 2 2 1 1 1   424.0  440.0
511  980.190110 1.115E-25 4.199E+00.06930.182 2936.41130.75-.001000          V6+V3             V6 28 15  E       29 15  E      455522 2 2 2 1 1 1   456.0  472.0
511  980.192920 4.886E-25 4.654E+00.07250.170 2660.70390.75-.001000          V6+V3             V6 29 13  A1      30 13  A2     455522 2 2 2 1 1 1   472.0  488.0
511  980.192920 4.886E-25 4.654E+00.07250.170 2660.70390.75-.001000          V6+V3             V6 29 13  A2      30 13  A1     455522 2 2 2 1 1 1   472.0  488.0
511  980.224670 2.173E-25 4.395E+00.07100.188 2808.51470.75-.001000          V6+V3             V6 28 14  A1      29 14  A2     455522 2 2 2 1 1 1   456.0  472.0
511  980.224670 2.173E-25 4.395E+00.07100.188 2808.51470.75-.001000          V6+V3             V6 28 14  A2      29 14  A1     455522 2 2 2 1 1 1   456.0  472.0
511  980.229030 7.364E-25 7.456E+00.06960.222 2651.19900.75-.001000            2V3             V3 26 15  A1      27 15  A2     455522 2 2 2 1 1 1   424.0  440.0
511  980.229030 7.364E-25 7.456E+00.06960.222 2651.19900.75-.001000            2V3             V3 26 15  A2      27 15  A1     455522 2 2 2 1 1 1   424.0  440.0
511  980.262690 4.045E-25 4.579E+00.07260.193 2689.12090.75-.001000          V6+V3             V6 28 13  E       29 13  E      455522 2 2 2 1 1 1   456.0  472.0
511  980.286030 3.623E-25 6.998E+00.06770.215 2784.05590.75-.001000            2V3             V3 26 16  E       27 16  E      455522 2 2 2 1 1 1   424.0  440.0
511  980.304550 7.192E-25 4.750E+00.07410.198 2578.25180.75-.001000          V6+V3             V6 28 12  E       29 12  E      455522 2 2 2 1 1 1   456.0  472.0
511  980.327530 2.713E-25 4.484E+00.07090.165 2774.05130.75-.001000          V6+V3             V6 29 14  E       30 14  E      455522 2 2 2 1 1 1   472.0  488.0
511  980.350360 1.222E-24 4.909E+00.07540.203 2475.92810.75-.001000          V6+V3             V6 28 11  A1      29 11  A2     455522 2 2 2 1 1 1   456.0  472.0
511  980.350360 1.222E-24 4.909E+00.07540.203 2475.92810.75-.001000          V6+V3             V6 28 11  A2      29 11  A1     455522 2 2 2 1 1 1   456.0  472.0
511  980.351720 1.696E-25 6.511E+00.06580.207 2925.33860.75-.001000            2V3             V3 26 17  E       27 17  E      455522 2 2 2 1 1 1   424.0  440.0
511  980.400110 1.983E-24 5.051E+00.07670.207 2382.16930.75-.001000          V6+V3             V6 28 10  E       29 10  E      455522 2 2 2 1 1 1   456.0  472.0
511  980.427630 7.543E-26 5.995E+00.06370.200 3075.01990.75-.001000            2V3             V3 26 18  A1      27 18  A2     455522 2 2 2 1 1 1   424.0  440.0
511  980.427630 7.543E-26 5.995E+00.06370.200 3075.01990.75-.001000            2V3             V3 26 18  A2      27 18  A1     455522 2 2 2 1 1 1   424.0  440.0
511  980.453780 3.078E-24 5.182E+00.07780.211 2296.99300.75-.001000          V6+V3             V6 28  9  E       29  9  E      455522 2 2 2 1 1 1   456.0  472.0
511  980.466200 1.439E-25 4.302E+00.06920.159 2895.90500.75-.001000          V6+V3             V6 29 15  E       30 15  E      455522 2 2 2 1 1 1   472.0  488.0
511  980.511650 4.566E-24 5.299E+00.07880.214 2220.41570.75-.001000          V6+V3             V6 28  8  A1      29  8  A2     455522 2 2 2 1 1 1   456.0  472.0
511  980.511650 4.566E-24 5.299E+00.07880.214 2220.41570.75-.001000          V6+V3             V6 28  8  A2      29  8  A1     455522 2 2 2 1 1 1   456.0  472.0
511  980.515690 3.179E-26 5.449E+00.06150.192 3233.07080.75-.001000            2V3             V3 26 19  E       27 19  E      455522 2 2 2 1 1 1   424.0  440.0
511  980.572290 6.476E-24 5.402E+00.07970.217 2152.45220.75-.001000          V6+V3             V6 28  7  E       29  7  E      455522 2 2 2 1 1 1   456.0  472.0
511  980.608910 7.286E-26 4.106E+00.06740.153 3026.23990.75-.001000          V6+V3             V6 29 16  A1      30 16  A2     455522 2 2 2 1 1 1   472.0  488.0
511  980.608910 7.286E-26 4.106E+00.06740.153 3026.23990.75-.001000          V6+V3             V6 29 16  A2      30 16  A1     455522 2 2 2 1 1 1   472.0  488.0
511  980.618320 1.266E-26 4.873E+00.05920.183 3399.46100.75-.001000            2V3             V3 26 20  E       27 20  E      455522 2 2 2 1 1 1   424.0  440.0
511  980.637350 8.784E-24 5.492E+00.08040.220 2093.11570.75-.001000          V6+V3             V6 28  6  E       29  6  E      455522 2 2 2 1 1 1   456.0  472.0
511  980.705640 1.139E-23 5.567E+00.08120.222 2042.41800.75-.001000          V6+V3             V6 28  5  A1      29  5  A2     455522 2 2 2 1 1 1   456.0  472.0
511  980.705640 1.139E-23 5.567E+00.08120.222 2042.41800.75-.001000          V6+V3             V6 28  5  A2      29  5  A1     455522 2 2 2 1 1 1   456.0  472.0
511  980.755480 3.521E-26 3.896E+00.06540.146 3165.02950.75-.001000          V6+V3             V6 29 17  E       30 17  E      455522 2 2 2 1 1 1   472.0  488.0
511  980.777620 1.413E-23 5.630E+00.08170.224 2000.36890.75-.001000          V6+V3             V6 28  4  E       29  4  E      455522 2 2 2 1 1 1   456.0  472.0
511  980.853030 1.676E-23 5.678E+00.08200.225 1966.97690.75-.001000          V6+V3             V6 28  3  E       29  3  E      455522 2 2 2 1 1 1   456.0  472.0
511  980.871110 2.703E-21 5.816E+00.08230.170  953.18290.75-.001000             V3         GROUND 32  0  A1      33  0  A2     455522 3 2 2 1 1 1   520.0  536.0
511  980.871240 2.644E-21 5.809E+00.08220.170  957.49670.75-.001000             V3         GROUND 32  1  E       33  1  E      455522 3 2 2 1 1 1   520.0  536.0
511  980.871630 2.476E-21 5.794E+00.08210.169  970.43720.75-.001000             V3         GROUND 32  2  E       33  2  E      455522 3 2 2 1 1 1   520.0  536.0
511  980.872000 2.219E-21 5.766E+00.08180.168  992.00180.75-.001000             V3         GROUND 32  3  A2      33  3  A1     455522 3 2 2 1 1 1   520.0  536.0
511  980.872560 2.219E-21 5.766E+00.08180.168  992.00180.75-.001000             V3         GROUND 32  3  A1      33  3  A2     455522 3 2 2 1 1 1   520.0  536.0
511  980.873170 1.904E-21 5.729E+00.08140.167 1022.18650.75-.001000             V3         GROUND 32  4  E       33  4  E      455522 3 2 2 1 1 1   520.0  536.0
511  980.874310 1.564E-21 5.683E+00.08090.165 1060.98530.75-.001000             V3         GROUND 32  5  E       33  5  E      455522 3 2 2 1 1 1   520.0  536.0
511  980.875670 2.458E-21 1.125E+01.08020.163 1108.39090.75-.001000             V3         GROUND 32  6  A       33  6  A      455522 3 2 2 1 1 1   520.0  536.0
511  980.877220 9.245E-22 5.553E+00.07940.160 1164.39400.75-.001000             V3         GROUND 32  7  E       33  7  E      455522 3 2 2 1 1 1   520.0  536.0
511  980.878890 6.657E-22 5.474E+00.07850.157 1228.98370.75-.001000             V3         GROUND 32  8  E       33  8  E      455522 3 2 2 1 1 1   520.0  536.0
511  980.880660 9.174E-22 1.076E+01.07760.154 1302.14760.75-.001000             V3         GROUND 32  9  A       33  9  A      455522 3 2 2 1 1 1   520.0  536.0
511  980.882360 3.025E-22 5.281E+00.07640.150 1383.87150.75-.001000             V3         GROUND 32 10  E       33 10  E      455522 3 2 2 1 1 1   520.0  536.0
511  980.883830 1.909E-22 5.168E+00.07510.146 1474.13960.75-.001000             V3         GROUND 32 11  E       33 11  E      455522 3 2 2 1 1 1   520.0  536.0
511  980.905620 1.623E-26 3.675E+00.06330.139 3312.24520.75-.001000          V6+V3             V6 29 18  E       30 18  E      455522 2 2 2 1 1 1   472.0  488.0
511  980.923070 1.902E-23 5.715E+00.08230.226 1942.25990.75-.001000          V6+V3             V6 28  2  A2      29  2  A1     455522 2 2 2 1 1 1   456.0  472.0
511  980.940610 1.902E-23 5.715E+00.08230.226 1942.23730.75-.001000          V6+V3             V6 28  2  A1      29  2  A2     455522 2 2 2 1 1 1   456.0  472.0
511  981.014050 2.064E-23 5.737E+00.08260.227 1926.18880.75-.001000          V6+V3             V6 28  1  E       29  1  E      455522 2 2 2 1 1 1   456.0  472.0
511  981.050980 2.125E-23 5.737E+00.08260.227 1920.18680.75-.001000          V6+V3             V6 28  1  A1      29  1  A2     455522 2 2 2 1 1 1   456.0  472.0
511  981.099810 2.142E-23 5.745E+00.08270.227 1918.80080.75-.001000          V6+V3             V6 28  0  E       29  0  E      455522 2 2 2 1 1 1   456.0  472.0
511  981.279020 2.019E-23 5.721E+00.08230.226 1930.04740.75-.001000          V6+V3             V6 28  2  E       29  2  E      455522 2 2 2 1 1 1   456.0  472.0
511  981.324540 2.128E-23 5.743E+00.08260.227 1919.98830.75-.001000          V6+V3             V6 28  1  A2      29  1  A1     455522 2 2 2 1 1 1   456.0  472.0
511  981.374740 1.833E-23 5.688E+00.08200.225 1948.67700.75-.001000          V6+V3             V6 28  3  E       29  3  E      455522 2 2 2 1 1 1   456.0  472.0
511  981.473580 1.592E-23 5.642E+00.08170.224 1975.97430.75-.001000          V6+V3             V6 28  4  A1      29  4  A2     455522 2 2 2 1 1 1   456.0  472.0
511  981.473620 1.592E-23 5.642E+00.08170.224 1975.97430.75-.001000          V6+V3             V6 28  4  A2      29  4  A1     455522 2 2 2 1 1 1   456.0  472.0
511  981.575850 1.323E-23 5.585E+00.08120.222 2011.93340.75-.001000          V6+V3             V6 28  5  E       29  5  E      455522 2 2 2 1 1 1   456.0  472.0
511  981.681580 1.050E-23 5.507E+00.08040.220 2056.54700.75-.001000          V6+V3             V6 28  6  E       29  6  E      455522 2 2 2 1 1 1   456.0  472.0
511  981.791000 7.979E-24 5.423E+00.07970.217 2109.80570.75-.001000          V6+V3             V6 28  7  A1      29  7  A2     455522 2 2 2 1 1 1   456.0  472.0
511  981.791000 7.979E-24 5.423E+00.07970.217 2109.80570.75-.001000          V6+V3             V6 28  7  A2      29  7  A1     455522 2 2 2 1 1 1   456.0  472.0
511  981.904000 5.795E-24 5.322E+00.07880.214 2171.69890.75-.001000          V6+V3             V6 28  8  E       29  8  E      455522 2 2 2 1 1 1   456.0  472.0
511  982.021390 4.024E-24 5.208E+00.07780.211 2242.21360.75-.001000          V6+V3             V6 28  9  E       29  9  E      455522 2 2 2 1 1 1   456.0  472.0
511  982.141970 2.671E-24 5.079E+00.07670.207 2321.33540.75-.001000          V6+V3             V6 28 10  A1      29 10  A2     455522 2 2 2 1 1 1   456.0  472.0
511  982.141970 2.671E-24 5.079E+00.07670.207 2321.33540.75-.001000          V6+V3             V6 28 10  A2      29 10  A1     455522 2 2 2 1 1 1   456.0  472.0
511  982.151260 1.418E-22 1.086E+01.08300.294 1637.70280.75-.001000            2V3             V3 25  0  A2      26  0  A1     455522 2 2 2 1 1 1   408.0  424.0
511  982.152280 1.387E-22 1.085E+01.08300.294 1642.02250.75-.001000            2V3             V3 25  1  E       26  1  E      455522 2 2 2 1 1 1   408.0  424.0
511  982.155370 1.296E-22 1.080E+01.08280.293 1654.98090.75-.001000            2V3             V3 25  2  E       26  2  E      455522 2 2 2 1 1 1   408.0  424.0
511  982.160470 1.159E-22 1.073E+01.08240.292 1676.57540.75-.001000            2V3             V3 25  3  A1      26  3  A2     455522 2 2 2 1 1 1   408.0  424.0
511  982.160690 1.159E-22 1.073E+01.08240.292 1676.57550.75-.001000            2V3             V3 25  3  A2      26  3  A1     455522 2 2 2 1 1 1   408.0  424.0
511  982.168010 9.898E-23 1.061E+01.08200.290 1706.80200.75-.001000            2V3             V3 25  4  E       26  4  E      455522 2 2 2 1 1 1   408.0  424.0
511  982.177790 8.083E-23 1.047E+01.08150.288 1745.65470.75-.001000            2V3             V3 25  5  E       26  5  E      455522 2 2 2 1 1 1   408.0  424.0
511  982.190100 6.309E-23 1.029E+01.08090.285 1793.12630.75-.001000            2V3             V3 25  6  A1      26  6  A2     455522 2 2 2 1 1 1   408.0  424.0
511  982.190100 6.309E-23 1.029E+01.08090.285 1793.12630.75-.001000            2V3             V3 25  6  A2      26  6  A1     455522 2 2 2 1 1 1   408.0  424.0
511  982.205160 4.706E-23 1.008E+01.08010.282 1849.20750.75-.001000            2V3             V3 25  7  E       26  7  E      455522 2 2 2 1 1 1   408.0  424.0
511  982.223260 3.354E-23 9.838E+00.07920.279 1913.88770.75-.001000            2V3             V3 25  8  E       26  8  E      455522 2 2 2 1 1 1   408.0  424.0
511  982.244740 2.284E-23 9.566E+00.07820.275 1987.15450.75-.001000            2V3             V3 25  9  A1      26  9  A2     455522 2 2 2 1 1 1   408.0  424.0
511  982.244740 2.284E-23 9.566E+00.07820.275 1987.15450.75-.001000            2V3             V3 25  9  A2      26  9  A1     455522 2 2 2 1 1 1   408.0  424.0
511  982.267190 1.695E-24 4.938E+00.07540.203 2409.04810.75-.001000          V6+V3             V6 28 11  E       29 11  E      455522 2 2 2 1 1 1   456.0  472.0
511  982.269870 1.486E-23 9.265E+00.07700.270 2068.99380.75-.001000            2V3             V3 25 10  E       26 10  E      455522 2 2 2 1 1 1   408.0  424.0
511  982.299190 9.224E-24 8.925E+00.07590.265 2159.39000.75-.001000            2V3             V3 25 11  E       26 11  E      455522 2 2 2 1 1 1   408.0  424.0
511  982.333190 5.467E-24 8.557E+00.07450.259 2258.32560.75-.001000            2V3             V3 25 12  A1      26 12  A2     455522 2 2 2 1 1 1   408.0  424.0
511  982.333190 5.467E-24 8.557E+00.07450.259 2258.32560.75-.001000            2V3             V3 25 12  A2      26 12  A1     455522 2 2 2 1 1 1   408.0  424.0
511  982.372720 3.090E-24 8.155E+00.07300.253 2365.78180.75-.001000            2V3             V3 25 13  E       26 13  E      455522 2 2 2 1 1 1   408.0  424.0
511  982.396650 1.027E-24 4.779E+00.07410.198 2505.33360.75-.001000          V6+V3             V6 28 12  E       29 12  E      455522 2 2 2 1 1 1   456.0  472.0
511  982.416050 3.001E-26 3.643E+00.06560.186 3168.94330.75-.001000          V6+V3             V6 27 17  A1      28 17  A2     455522 2 2 2 1 1 1   440.0  456.0
511  982.416050 3.001E-26 3.643E+00.06560.186 3168.94330.75-.001000          V6+V3             V6 27 17  A2      28 17  A1     455522 2 2 2 1 1 1   440.0  456.0
511  982.418060 1.665E-24 7.721E+00.07140.247 2481.73800.75-.001000            2V3             V3 25 14  E       26 14  E      455522 2 2 2 1 1 1   408.0  424.0
511  982.449970 1.324E-26 3.386E+00.06360.179 3322.23510.75-.001000          V6+V3             V6 27 18  E       28 18  E      455522 2 2 2 1 1 1   440.0  456.0
511  982.469020 6.474E-26 3.887E+00.06760.193 3024.08130.75-.001000          V6+V3             V6 27 16  E       28 16  E      455522 2 2 2 1 1 1   440.0  456.0
511  982.470430 8.546E-25 7.257E+00.06970.240 2606.17200.75-.001000            2V3             V3 25 15  A1      26 15  A2     455522 2 2 2 1 1 1   408.0  424.0
511  982.470430 8.546E-25 7.257E+00.06970.240 2606.17200.75-.001000            2V3             V3 25 15  A2      26 15  A1     455522 2 2 2 1 1 1   408.0  424.0
511  982.497750 1.330E-25 4.115E+00.06940.199 2887.67520.75-.001000          V6+V3             V6 27 15  E       28 15  E      455522 2 2 2 1 1 1   440.0  456.0
511  982.529180 2.606E-25 4.330E+00.07110.205 2759.74980.75-.001000          V6+V3             V6 27 14  A1      28 14  A2     455522 2 2 2 1 1 1   440.0  456.0
511  982.529180 2.606E-25 4.330E+00.07110.205 2759.74980.75-.001000          V6+V3             V6 27 14  A2      28 14  A1     455522 2 2 2 1 1 1   440.0  456.0
511  982.530630 5.952E-25 4.612E+00.07260.193 2610.17210.75-.001000          V6+V3             V6 28 13  A1      29 13  A2     455522 2 2 2 1 1 1   456.0  472.0
511  982.530630 5.952E-25 4.612E+00.07260.193 2610.17210.75-.001000          V6+V3             V6 28 13  A2      29 13  A1     455522 2 2 2 1 1 1   456.0  472.0
511  982.530850 4.172E-25 6.760E+00.06780.233 2739.06010.75-.001000            2V3             V3 25 16  E       26 16  E      455522 2 2 2 1 1 1   408.0  424.0
511  982.564700 4.870E-25 4.528E+00.07270.210 2640.32870.75-.001000          V6+V3             V6 27 13  E       28 13  E      455522 2 2 2 1 1 1   440.0  456.0
511  982.600670 1.934E-25 6.229E+00.06590.225 2880.37680.75-.001000            2V3             V3 25 17  E       26 17  E      455522 2 2 2 1 1 1   408.0  424.0
511  982.604590 8.688E-25 4.713E+00.07420.215 2529.43390.75-.001000          V6+V3             V6 27 12  E       28 12  E      455522 2 2 2 1 1 1   440.0  456.0
511  982.648840 1.480E-24 4.882E+00.07560.220 2427.08640.75-.001000          V6+V3             V6 27 11  A1      28 11  A2     455522 2 2 2 1 1 1   440.0  456.0
511  982.648840 1.480E-24 4.882E+00.07560.220 2427.08640.75-.001000          V6+V3             V6 27 11  A2      28 11  A1     455522 2 2 2 1 1 1   440.0  456.0
511  982.669280 3.293E-25 4.428E+00.07100.188 2723.54210.75-.001000          V6+V3             V6 28 14  E       29 14  E      455522 2 2 2 1 1 1   456.0  472.0
511  982.681590 8.498E-26 5.668E+00.06380.216 3030.09530.75-.001000            2V3             V3 25 18  A1      26 18  A2     455522 2 2 2 1 1 1   408.0  424.0
511  982.681590 8.498E-26 5.668E+00.06380.216 3030.09530.75-.001000            2V3             V3 25 18  A2      26 18  A1     455522 2 2 2 1 1 1   408.0  424.0
511  982.697390 2.409E-24 5.038E+00.07680.224 2333.30540.75-.001000          V6+V3             V6 27 10  E       28 10  E      455522 2 2 2 1 1 1   440.0  456.0
511  982.750150 3.747E-24 5.179E+00.07790.228 2248.10900.75-.001000          V6+V3             V6 27  9  E       28  9  E      455522 2 2 2 1 1 1   440.0  456.0
511  982.775810 3.527E-26 5.074E+00.06170.207 3188.18760.75-.001000            2V3             V3 25 19  E       26 19  E      455522 2 2 2 1 1 1   408.0  424.0
511  982.807250 5.569E-24 5.305E+00.07890.231 2171.51340.75-.001000          V6+V3             V6 27  8  A1      28  8  A2     455522 2 2 2 1 1 1   440.0  456.0
511  982.807250 5.569E-24 5.305E+00.07890.231 2171.51340.75-.001000          V6+V3             V6 27  8  A2      28  8  A1     455522 2 2 2 1 1 1   440.0  456.0
511  982.812780 1.739E-25 4.230E+00.06930.182 2845.42030.75-.001000          V6+V3             V6 28 15  E       29 15  E      455522 2 2 2 1 1 1   456.0  472.0
511  982.867590 7.911E-24 5.416E+00.07980.234 2103.53360.75-.001000          V6+V3             V6 27  7  E       28  7  E      455522 2 2 2 1 1 1   440.0  456.0
511  982.886110 1.376E-26 4.446E+00.05930.198 3354.62390.75-.001000            2V3             V3 25 20  E       26 20  E      455522 2 2 2 1 1 1   408.0  424.0
511  982.932320 1.074E-23 5.511E+00.08050.237 2044.18270.75-.001000          V6+V3             V6 27  6  E       28  6  E      455522 2 2 2 1 1 1   440.0  456.0
511  982.961270 8.767E-26 4.020E+00.06750.176 2975.78170.75-.001000          V6+V3             V6 28 16  A1      29 16  A2     455522 2 2 2 1 1 1   456.0  472.0
511  982.961270 8.767E-26 4.020E+00.06750.176 2975.78170.75-.001000          V6+V3             V6 28 16  A2      29 16  A1     455522 2 2 2 1 1 1   456.0  472.0
511  983.000550 1.395E-23 5.595E+00.08120.239 1993.47240.75-.001000          V6+V3             V6 27  5  A1      28  5  A2     455522 2 2 2 1 1 1   440.0  456.0
511  983.000550 1.395E-23 5.595E+00.08120.239 1993.47240.75-.001000          V6+V3             V6 27  5  A2      28  5  A1     455522 2 2 2 1 1 1   440.0  456.0
511  983.072540 1.732E-23 5.663E+00.08170.241 1951.41270.75-.001000          V6+V3             V6 27  4  E       28  4  E      455522 2 2 2 1 1 1   440.0  456.0
511  983.114880 4.214E-26 3.795E+00.06550.169 3114.59990.75-.001000          V6+V3             V6 28 17  E       29 17  E      455522 2 2 2 1 1 1   456.0  472.0
511  983.148090 2.056E-23 5.716E+00.08210.242 1918.01190.75-.001000          V6+V3             V6 27  3  E       28  3  E      455522 2 2 2 1 1 1   440.0  456.0
511  983.219510 2.334E-23 5.755E+00.08240.243 1893.28640.75-.001000          V6+V3             V6 27  2  A1      28  2  A2     455522 2 2 2 1 1 1   440.0  456.0
511  983.234800 2.334E-23 5.755E+00.08240.243 1893.26690.75-.001000          V6+V3             V6 27  2  A2      28  2  A1     455522 2 2 2 1 1 1   440.0  456.0
511  983.258550 3.444E-21 5.853E+00.08230.178  897.25350.75-.001000             V3         GROUND 31  0  A2      32  0  A1     455522 3 2 2 1 1 1   504.0  520.0
511  983.258770 3.369E-21 5.847E+00.08220.178  901.56820.75-.001000             V3         GROUND 31  1  E       32  1  E      455522 3 2 2 1 1 1   504.0  520.0
511  983.259420 3.154E-21 5.830E+00.08210.177  914.51160.75-.001000             V3         GROUND 31  2  E       32  2  E      455522 3 2 2 1 1 1   504.0  520.0
511  983.260290 2.826E-21 5.801E+00.08180.176  936.08100.75-.001000             V3         GROUND 31  3  A1      32  3  A2     455522 3 2 2 1 1 1   504.0  520.0
511  983.260750 2.826E-21 5.801E+00.08180.176  936.08100.75-.001000             V3         GROUND 31  3  A2      32  3  A1     455522 3 2 2 1 1 1   504.0  520.0
511  983.262060 2.424E-21 5.762E+00.08140.175  966.27240.75-.001000             V3         GROUND 31  4  E       32  4  E      455522 3 2 2 1 1 1   504.0  520.0
511  983.264050 1.989E-21 5.710E+00.08090.173 1005.07990.75-.001000             V3         GROUND 31  5  E       32  5  E      455522 3 2 2 1 1 1   504.0  520.0
511  983.266490 3.125E-21 1.130E+01.08020.171 1052.49590.75-.001000             V3         GROUND 31  6  A       32  6  A      455522 3 2 2 1 1 1   504.0  520.0
511  983.269360 1.174E-21 5.572E+00.07940.168 1108.51140.75-.001000             V3         GROUND 31  7  E       32  7  E      455522 3 2 2 1 1 1   504.0  520.0
511  983.272650 8.447E-22 5.488E+00.07850.165 1173.11550.75-.001000             V3         GROUND 31  8  E       32  8  E      455522 3 2 2 1 1 1   504.0  520.0
511  983.273650 1.929E-26 3.555E+00.06350.162 3261.84640.75-.001000          V6+V3             V6 28 18  E       29 18  E      455522 2 2 2 1 1 1   456.0  472.0
511  983.276330 1.163E-21 1.078E+01.07760.162 1246.29560.75-.001000             V3         GROUND 31  9  A       32  9  A      455522 3 2 2 1 1 1   504.0  520.0
511  983.280330 3.829E-22 5.283E+00.07640.158 1328.03750.75-.001000             V3         GROUND 31 10  E       32 10  E      455522 3 2 2 1 1 1   504.0  520.0
511  983.284530 2.413E-22 5.163E+00.07510.154 1418.32550.75-.001000             V3         GROUND 31 11  E       32 11  E      455522 3 2 2 1 1 1   504.0  520.0
511  983.288770 2.909E-22 1.006E+01.07370.149 1517.14200.75-.001000             V3         GROUND 31 12  A       32 12  A      455522 3 2 2 1 1 1   504.0  520.0
511  983.309720 2.533E-23 5.777E+00.08270.244 1877.21180.75-.001000          V6+V3             V6 27  1  E       28  1  E      455522 2 2 2 1 1 1   440.0  456.0
511  983.356030 2.608E-23 5.777E+00.08270.244 1871.20000.75-.001000          V6+V3             V6 27  1  A2      28  1  A1     455522 2 2 2 1 1 1   440.0  456.0
511  983.395930 2.629E-23 5.786E+00.08270.244 1869.82060.75-.001000          V6+V3             V6 27  0  E       28  0  E      455522 2 2 2 1 1 1   440.0  456.0
511  983.576530 2.477E-23 5.759E+00.08240.243 1881.06580.75-.001000          V6+V3             V6 27  2  E       28  2  E      455522 2 2 2 1 1 1   440.0  456.0
511  983.613010 2.612E-23 5.784E+00.08270.244 1871.01140.75-.001000          V6+V3             V6 27  1  A1      28  1  A2     455522 2 2 2 1 1 1   440.0  456.0
511  983.673030 2.249E-23 5.726E+00.08210.242 1899.69760.75-.001000          V6+V3             V6 27  3  E       28  3  E      455522 2 2 2 1 1 1   440.0  456.0
511  983.772790 1.952E-23 5.676E+00.08170.241 1926.99870.75-.001000          V6+V3             V6 27  4  A2      28  4  A1     455522 2 2 2 1 1 1   440.0  456.0
511  983.772820 1.952E-23 5.676E+00.08170.241 1926.99870.75-.001000          V6+V3             V6 27  4  A1      28  4  A2     455522 2 2 2 1 1 1   440.0  456.0
511  983.876110 1.620E-23 5.612E+00.08120.239 1962.96350.75-.001000          V6+V3             V6 27  5  E       28  5  E      455522 2 2 2 1 1 1   440.0  456.0
511  983.983060 1.285E-23 5.531E+00.08050.237 2007.58450.75-.001000          V6+V3             V6 27  6  E       28  6  E      455522 2 2 2 1 1 1   440.0  456.0
511  984.093850 9.748E-24 5.437E+00.07980.234 2060.85240.75-.001000          V6+V3             V6 27  7  A1      28  7  A2     455522 2 2 2 1 1 1   440.0  456.0
511  984.093850 9.748E-24 5.437E+00.07980.234 2060.85240.75-.001000          V6+V3             V6 27  7  A2      28  7  A1     455522 2 2 2 1 1 1   440.0  456.0
511  984.208480 7.068E-24 5.327E+00.07890.231 2122.75650.75-.001000          V6+V3             V6 27  8  E       28  8  E      455522 2 2 2 1 1 1   440.0  456.0
511  984.327640 4.899E-24 5.204E+00.07790.228 2193.28390.75-.001000          V6+V3             V6 27  9  E       28  9  E      455522 2 2 2 1 1 1   440.0  456.0
511  984.356990 1.691E-22 1.096E+01.08320.308 1594.13080.75-.001000            2V3             V3 24  0  A1      25  0  A2     455522 2 2 2 1 1 1   392.0  408.0
511  984.358050 1.653E-22 1.094E+01.08310.308 1598.45140.75-.001000            2V3             V3 24  1  E       25  1  E      455522 2 2 2 1 1 1   392.0  408.0
511  984.361270 1.545E-22 1.089E+01.08300.307 1611.41230.75-.001000            2V3             V3 24  2  E       25  2  E      455522 2 2 2 1 1 1   392.0  408.0
511  984.366610 1.380E-22 1.080E+01.08270.306 1633.01110.75-.001000            2V3             V3 24  3  A2      25  3  A1     455522 2 2 2 1 1 1   392.0  408.0
511  984.366780 1.380E-22 1.080E+01.08270.306 1633.01120.75-.001000            2V3             V3 24  3  A1      25  3  A2     455522 2 2 2 1 1 1   392.0  408.0
511  984.374430 1.178E-22 1.068E+01.08220.304 1663.24380.75-.001000            2V3             V3 24  4  E       25  4  E      455522 2 2 2 1 1 1   392.0  408.0
511  984.384630 9.606E-23 1.052E+01.08170.302 1702.10440.75-.001000            2V3             V3 24  5  E       25  5  E      455522 2 2 2 1 1 1   392.0  408.0
511  984.397460 7.486E-23 1.033E+01.08100.299 1749.58550.75-.001000            2V3             V3 24  6  A1      25  6  A2     455522 2 2 2 1 1 1   392.0  408.0
511  984.397460 7.486E-23 1.033E+01.08100.299 1749.58550.75-.001000            2V3             V3 24  6  A2      25  6  A1     455522 2 2 2 1 1 1   392.0  408.0
511  984.413170 5.574E-23 1.010E+01.08020.295 1805.67810.75-.001000            2V3             V3 24  7  E       25  7  E      455522 2 2 2 1 1 1   392.0  408.0
511  984.432130 3.964E-23 9.838E+00.07940.291 1870.37140.75-.001000            2V3             V3 24  8  E       25  8  E      455522 2 2 2 1 1 1   392.0  408.0
511  984.450410 3.245E-24 5.065E+00.07680.224 2272.42020.75-.001000          V6+V3             V6 27 10  A1      28 10  A2     455522 2 2 2 1 1 1   440.0  456.0
511  984.450410 3.245E-24 5.065E+00.07680.224 2272.42020.75-.001000          V6+V3             V6 27 10  A2      28 10  A1     455522 2 2 2 1 1 1   440.0  456.0
511  984.454490 2.692E-23 9.541E+00.07830.287 1943.65330.75-.001000            2V3             V3 24  9  A1      25  9  A2     455522 2 2 2 1 1 1   392.0  408.0
511  984.454490 2.692E-23 9.541E+00.07830.287 1943.65330.75-.001000            2V3             V3 24  9  A2      25  9  A1     455522 2 2 2 1 1 1   392.0  408.0
511  984.480770 1.745E-23 9.207E+00.07710.282 2025.50950.75-.001000            2V3             V3 24 10  E       25 10  E      455522 2 2 2 1 1 1   392.0  408.0
511  984.511450 1.080E-23 8.844E+00.07590.277 2115.92450.75-.001000            2V3             V3 24 11  E       25 11  E      455522 2 2 2 1 1 1   392.0  408.0
511  984.547080 6.370E-24 8.439E+00.07450.271 2214.88100.75-.001000            2V3             V3 24 12  A1      25 12  A2     455522 2 2 2 1 1 1   392.0  408.0
511  984.547080 6.370E-24 8.439E+00.07450.271 2214.88100.75-.001000            2V3             V3 24 12  A2      25 12  A1     455522 2 2 2 1 1 1   392.0  408.0
511  984.578110 2.054E-24 4.912E+00.07560.220 2360.14920.75-.001000          V6+V3             V6 27 11  E       28 11  E      455522 2 2 2 1 1 1   440.0  456.0
511  984.588490 3.582E-24 8.002E+00.07300.264 2322.36020.75-.001000            2V3             V3 24 13  E       25 13  E      455522 2 2 2 1 1 1   392.0  408.0
511  984.636170 1.918E-24 7.530E+00.07140.257 2438.34150.75-.001000            2V3             V3 24 14  E       25 14  E      455522 2 2 2 1 1 1   392.0  408.0
511  984.691300 9.765E-25 7.021E+00.06960.250 2562.80300.75-.001000            2V3             V3 24 15  A1      25 15  A2     455522 2 2 2 1 1 1   392.0  408.0
511  984.691300 9.765E-25 7.021E+00.06960.250 2562.80300.75-.001000            2V3             V3 24 15  A2      25 15  A1     455522 2 2 2 1 1 1   392.0  408.0
511  984.698670 3.483E-26 3.507E+00.06580.207 3121.93260.75-.001000          V6+V3             V6 26 17  A1      27 17  A2     455522 2 2 2 1 1 1   424.0  440.0
511  984.698670 3.483E-26 3.507E+00.06580.207 3121.93260.75-.001000          V6+V3             V6 26 17  A2      27 17  A1     455522 2 2 2 1 1 1   424.0  440.0
511  984.710450 1.242E-24 4.745E+00.07420.215 2456.45270.75-.001000          V6+V3             V6 27 12  E       28 12  E      455522 2 2 2 1 1 1   440.0  456.0
511  984.751850 1.522E-26 3.230E+00.06370.200 3275.25450.75-.001000          V6+V3             V6 26 18  E       27 18  E      455522 2 2 2 1 1 1   424.0  440.0
511  984.755040 4.721E-25 6.478E+00.06780.241 2695.72120.75-.001000            2V3             V3 24 16  E       25 16  E      455522 2 2 2 1 1 1   392.0  408.0
511  984.760170 7.573E-26 3.771E+00.06770.215 2977.04100.75-.001000          V6+V3             V6 26 16  E       27 16  E      455522 2 2 2 1 1 1   424.0  440.0
511  984.785170 1.566E-25 4.018E+00.06960.222 2840.60600.75-.001000          V6+V3             V6 26 15  E       27 15  E      455522 2 2 2 1 1 1   424.0  440.0
511  984.813490 3.085E-25 4.250E+00.07130.228 2712.65300.75-.001000          V6+V3             V6 26 14  A1      27 14  A2     455522 2 2 2 1 1 1   424.0  440.0
511  984.813490 3.085E-25 4.250E+00.07130.228 2712.65300.75-.001000          V6+V3             V6 26 14  A2      27 14  A1     455522 2 2 2 1 1 1   424.0  440.0
511  984.828860 2.163E-25 5.901E+00.06580.233 2837.07090.75-.001000            2V3             V3 24 17  E       25 17  E      455522 2 2 2 1 1 1   392.0  408.0
511  984.846540 5.793E-25 4.466E+00.07290.234 2593.20550.75-.001000          V6+V3             V6 26 13  E       27 13  E      455522 2 2 2 1 1 1   424.0  440.0
511  984.847810 7.168E-25 4.560E+00.07270.210 2561.31110.75-.001000          V6+V3             V6 27 13  A1      28 13  A2     455522 2 2 2 1 1 1   440.0  456.0
511  984.847810 7.168E-25 4.560E+00.07270.210 2561.31110.75-.001000          V6+V3             V6 27 13  A2      28 13  A1     455522 2 2 2 1 1 1   440.0  456.0
511  984.884460 1.038E-24 4.667E+00.07440.239 2482.28610.75-.001000          V6+V3             V6 26 12  E       27 12  E      455522 2 2 2 1 1 1   424.0  440.0
511  984.914660 9.358E-26 5.287E+00.06370.224 2986.82570.75-.001000            2V3             V3 24 18  A1      25 18  A2     455522 2 2 2 1 1 1   392.0  408.0
511  984.914660 9.358E-26 5.287E+00.06370.224 2986.82570.75-.001000            2V3             V3 24 18  A2      25 18  A1     455522 2 2 2 1 1 1   392.0  408.0
511  984.927170 1.774E-24 4.850E+00.07580.244 2379.91560.75-.001000          V6+V3             V6 26 11  A1      27 11  A2     455522 2 2 2 1 1 1   424.0  440.0
511  984.927170 1.774E-24 4.850E+00.07580.244 2379.91560.75-.001000          V6+V3             V6 26 11  A2      27 11  A1     455522 2 2 2 1 1 1   424.0  440.0
511  984.974540 2.895E-24 5.017E+00.07690.249 2286.11350.75-.001000          V6+V3             V6 26 10  E       27 10  E      455522 2 2 2 1 1 1   424.0  440.0
511  984.990470 3.950E-25 4.362E+00.07110.205 2674.70290.75-.001000          V6+V3             V6 27 14  E       28 14  E      455522 2 2 2 1 1 1   440.0  456.0
511  985.014880 3.806E-26 4.639E+00.06140.214 3144.95810.75-.001000            2V3             V3 24 19  E       25 19  E      455522 2 2 2 1 1 1   392.0  408.0
511  985.026390 4.514E-24 5.170E+00.07810.253 2200.89760.75-.001000          V6+V3             V6 26  9  E       27  9  E      455522 2 2 2 1 1 1   424.0  440.0
511  985.082750 6.723E-24 5.307E+00.07910.257 2124.28440.75-.001000          V6+V3             V6 26  8  A1      27  8  A2     455522 2 2 2 1 1 1   424.0  440.0
511  985.082750 6.723E-24 5.307E+00.07910.257 2124.28440.75-.001000          V6+V3             V6 26  8  A2      27  8  A1     455522 2 2 2 1 1 1   424.0  440.0
511  985.132680 1.444E-26 3.954E+00.05910.204 3311.43940.75-.001000            2V3             V3 24 20  E       25 20  E      455522 2 2 2 1 1 1   392.0  408.0
511  985.138750 2.077E-25 4.149E+00.06940.199 2796.60480.75-.001000          V6+V3             V6 27 15  E       28 15  E      455522 2 2 2 1 1 1   440.0  456.0
511  985.142750 9.567E-24 5.427E+00.08000.260 2056.28880.75-.001000          V6+V3             V6 26  7  E       27  7  E      455522 2 2 2 1 1 1   424.0  440.0
511  985.207170 1.301E-23 5.531E+00.08080.263 1996.92400.75-.001000          V6+V3             V6 26  6  E       27  6  E      455522 2 2 2 1 1 1   424.0  440.0
511  985.275300 1.692E-23 5.622E+00.08140.266 1946.20160.75-.001000          V6+V3             V6 26  5  A1      27  5  A2     455522 2 2 2 1 1 1   424.0  440.0
511  985.275300 1.692E-23 5.622E+00.08140.266 1946.20160.75-.001000          V6+V3             V6 26  5  A2      27  5  A1     455522 2 2 2 1 1 1   424.0  440.0
511  985.292980 1.041E-25 3.921E+00.06760.193 2926.99190.75-.001000          V6+V3             V6 27 16  A1      28 16  A2     455522 2 2 2 1 1 1   440.0  456.0
511  985.292980 1.041E-25 3.921E+00.06760.193 2926.99190.75-.001000          V6+V3             V6 27 16  A2      28 16  A1     455522 2 2 2 1 1 1   440.0  456.0
511  985.347300 2.102E-23 5.694E+00.08190.267 1904.13170.75-.001000          V6+V3             V6 26  4  E       27  4  E      455522 2 2 2 1 1 1   424.0  440.0
511  985.422980 2.497E-23 5.751E+00.08230.269 1870.72240.75-.001000          V6+V3             V6 26  3  E       27  3  E      455522 2 2 2 1 1 1   424.0  440.0
511  985.453580 4.970E-26 3.677E+00.06560.186 3065.83770.75-.001000          V6+V3             V6 27 17  E       28 17  E      455522 2 2 2 1 1 1   440.0  456.0
511  985.495650 2.836E-23 5.792E+00.08270.270 1845.98900.75-.001000          V6+V3             V6 26  2  A2      27  2  A1     455522 2 2 2 1 1 1   424.0  440.0
511  985.508920 2.836E-23 5.792E+00.08270.270 1845.97210.75-.001000          V6+V3             V6 26  2  A1      27  2  A2     455522 2 2 2 1 1 1   424.0  440.0
511  985.585190 3.080E-23 5.819E+00.08290.271 1829.91080.75-.001000          V6+V3             V6 26  1  E       27  1  E      455522 2 2 2 1 1 1   424.0  440.0
511  985.620970 2.258E-26 3.419E+00.06360.179 3213.11390.75-.001000          V6+V3             V6 27 18  E       28 18  E      455522 2 2 2 1 1 1   440.0  456.0
511  985.626120 4.349E-21 5.892E+00.08240.195  843.00220.75-.001000             V3         GROUND 30  0  A1      31  0  A2     455522 3 2 2 1 1 1   488.0  504.0
511  985.626430 4.254E-21 5.885E+00.08230.195  847.31780.75-.001000             V3         GROUND 30  1  E       31  1  E      455522 3 2 2 1 1 1   488.0  504.0
511  985.627350 3.982E-21 5.867E+00.08210.194  860.26390.75-.001000             V3         GROUND 30  2  E       31  2  E      455522 3 2 2 1 1 1   488.0  504.0
511  985.628700 3.567E-21 5.837E+00.08190.193  881.83800.75-.001000             V3         GROUND 30  3  A2      31  3  A1     455522 3 2 2 1 1 1   488.0  504.0
511  985.629080 3.567E-21 5.837E+00.08190.193  881.83800.75-.001000             V3         GROUND 30  3  A1      31  3  A2     455522 3 2 2 1 1 1   488.0  504.0
511  985.631070 3.057E-21 5.793E+00.08150.192  912.03590.75-.001000             V3         GROUND 30  4  E       31  4  E      455522 3 2 2 1 1 1   488.0  504.0
511  985.633900 2.507E-21 5.737E+00.08100.190  950.85180.75-.001000             V3         GROUND 30  5  E       31  5  E      455522 3 2 2 1 1 1   488.0  504.0
511  985.637400 3.936E-21 1.134E+01.08030.188  998.27800.75-.001000             V3         GROUND 30  6  A       31  6  A      455522 3 2 2 1 1 1   488.0  504.0
511  985.640660 3.171E-23 5.819E+00.08290.271 1823.88950.75-.001000          V6+V3             V6 26  1  A1      27  1  A2     455522 2 2 2 1 1 1   424.0  440.0
511  985.641590 1.478E-21 5.593E+00.07950.185 1054.30560.75-.001000             V3         GROUND 30  7  E       31  7  E      455522 3 2 2 1 1 1   488.0  504.0
511  985.646460 1.062E-21 5.502E+00.07860.182 1118.92350.75-.001000             V3         GROUND 30  8  E       31  8  E      455522 3 2 2 1 1 1   488.0  504.0
511  985.652060 1.459E-21 1.079E+01.07770.179 1192.11930.75-.001000             V3         GROUND 30  9  A       31  9  A      455522 3 2 2 1 1 1   488.0  504.0
511  985.658320 4.798E-22 5.279E+00.07650.175 1273.87880.75-.001000             V3         GROUND 30 10  E       31 10  E      455522 3 2 2 1 1 1   488.0  504.0
511  985.665230 3.018E-22 5.151E+00.07520.171 1364.18610.75-.001000             V3         GROUND 30 11  E       31 11  E      455522 3 2 2 1 1 1   488.0  504.0
511  985.671820 3.197E-23 5.828E+00.08290.271 1822.51650.75-.001000          V6+V3             V6 26  0  E       27  0  E      455522 2 2 2 1 1 1   424.0  440.0
511  985.672690 3.631E-22 1.002E+01.07390.166 1463.02370.75-.001000             V3         GROUND 30 12  A       31 12  A      455522 3 2 2 1 1 1   488.0  504.0
511  985.680520 1.044E-22 4.854E+00.07240.161 1570.37240.75-.001000             V3         GROUND 30 13  E       31 13  E      455522 3 2 2 1 1 1   488.0  504.0
511  985.688860 5.745E-23 4.691E+00.07080.156 1686.21130.75-.001000             V3         GROUND 30 14  E       31 14  E      455522 3 2 2 1 1 1   488.0  504.0
511  985.696580 6.042E-23 9.027E+00.06910.150 1810.51790.75-.001000             V3         GROUND 30 15  A       31 15  A      455522 3 2 2 1 1 1   488.0  504.0
511  985.853770 3.011E-23 5.799E+00.08270.270 1833.76050.75-.001000          V6+V3             V6 26  2  E       27  2  E      455522 2 2 2 1 1 1   424.0  440.0
511  985.881410 3.175E-23 5.824E+00.08290.271 1823.71080.75-.001000          V6+V3             V6 26  1  A2      27  1  A1     455522 2 2 2 1 1 1   424.0  440.0
511  985.951020 2.732E-23 5.762E+00.08230.269 1852.39430.75-.001000          V6+V3             V6 26  3  E       27  3  E      455522 2 2 2 1 1 1   424.0  440.0
511  986.051680 2.369E-23 5.706E+00.08190.267 1879.69930.75-.001000          V6+V3             V6 26  4  A1      27  4  A2     455522 2 2 2 1 1 1   424.0  440.0
511  986.051700 2.369E-23 5.706E+00.08190.267 1879.69930.75-.001000          V6+V3             V6 26  4  A2      27  4  A1     455522 2 2 2 1 1 1   424.0  440.0
511  986.156020 1.964E-23 5.636E+00.08140.266 1915.66950.75-.001000          V6+V3             V6 26  5  E       27  5  E      455522 2 2 2 1 1 1   424.0  440.0
511  986.264150 1.557E-23 5.551E+00.08080.263 1960.29770.75-.001000          V6+V3             V6 26  6  E       27  6  E      455522 2 2 2 1 1 1   424.0  440.0
511  986.376300 1.179E-23 5.448E+00.08000.260 2013.57440.75-.001000          V6+V3             V6 26  7  A1      27  7  A2     455522 2 2 2 1 1 1   424.0  440.0
511  986.376300 1.179E-23 5.448E+00.08000.260 2013.57440.75-.001000          V6+V3             V6 26  7  A2      27  7  A1     455522 2 2 2 1 1 1   424.0  440.0
511  986.492510 8.535E-24 5.330E+00.07910.257 2075.48900.75-.001000          V6+V3             V6 26  8  E       27  8  E      455522 2 2 2 1 1 1   424.0  440.0
511  986.542660 1.997E-22 1.105E+01.08340.338 1552.22490.75-.001000            2V3             V3 23  0  A2      24  0  A1     455522 2 2 2 1 1 1   376.0  392.0
511  986.543770 1.952E-22 1.103E+01.08330.338 1556.54630.75-.001000            2V3             V3 23  1  E       24  1  E      455522 2 2 2 1 1 1   376.0  392.0
511  986.547100 1.823E-22 1.097E+01.08310.337 1569.50980.75-.001000            2V3             V3 23  2  E       24  2  E      455522 2 2 2 1 1 1   376.0  392.0
511  986.552670 1.627E-22 1.088E+01.08290.335 1591.11280.75-.001000            2V3             V3 23  3  A1      24  3  A2     455522 2 2 2 1 1 1   376.0  392.0
511  986.552800 1.627E-22 1.088E+01.08290.335 1591.11280.75-.001000            2V3             V3 23  3  A2      24  3  A1     455522 2 2 2 1 1 1   376.0  392.0
511  986.560770 1.387E-22 1.074E+01.08240.334 1621.35120.75-.001000            2V3             V3 23  4  E       24  4  E      455522 2 2 2 1 1 1   376.0  392.0
511  986.571360 1.130E-22 1.057E+01.08190.331 1660.21940.75-.001000            2V3             V3 23  5  E       24  5  E      455522 2 2 2 1 1 1   376.0  392.0
511  986.584700 8.792E-23 1.036E+01.08120.328 1707.70980.75-.001000            2V3             V3 23  6  A1      24  6  A2     455522 2 2 2 1 1 1   376.0  392.0
511  986.584700 8.792E-23 1.036E+01.08120.328 1707.70980.75-.001000            2V3             V3 23  6  A2      24  6  A1     455522 2 2 2 1 1 1   376.0  392.0
511  986.601030 6.532E-23 1.011E+01.08040.324 1763.81330.75-.001000            2V3             V3 23  7  E       24  7  E      455522 2 2 2 1 1 1   376.0  392.0
511  986.613410 5.903E-24 5.195E+00.07810.253 2146.02870.75-.001000          V6+V3             V6 26  9  E       27  9  E      455522 2 2 2 1 1 1   424.0  440.0
511  986.618350 4.634E-23 9.826E+00.07950.320 1828.52170.75-.001000            2V3             V3 23  8  E       24  8  E      455522 2 2 2 1 1 1   376.0  392.0
511  986.644000 3.137E-23 9.499E+00.07850.315 1901.81570.75-.001000            2V3             V3 23  9  A1      24  9  A2     455522 2 2 2 1 1 1   376.0  392.0
511  986.644000 3.137E-23 9.499E+00.07850.315 1901.81570.75-.001000            2V3             V3 23  9  A2      24  9  A1     455522 2 2 2 1 1 1   376.0  392.0
511  986.671360 2.027E-23 9.139E+00.07740.310 1983.68820.75-.001000            2V3             V3 23 10  E       24 10  E      455522 2 2 2 1 1 1   376.0  392.0
511  986.703380 1.248E-23 8.733E+00.07610.304 2074.12140.75-.001000            2V3             V3 23 11  E       24 11  E      455522 2 2 2 1 1 1   376.0  392.0
511  986.738320 3.901E-24 5.045E+00.07690.249 2225.17900.75-.001000          V6+V3             V6 26 10  A1      27 10  A2     455522 2 2 2 1 1 1   424.0  440.0
511  986.738320 3.901E-24 5.045E+00.07690.249 2225.17900.75-.001000          V6+V3             V6 26 10  A2      27 10  A1     455522 2 2 2 1 1 1   424.0  440.0
511  986.740570 7.325E-24 8.294E+00.07470.298 2173.09800.75-.001000            2V3             V3 23 12  A1      24 12  A2     455522 2 2 2 1 1 1   376.0  392.0
511  986.740570 7.325E-24 8.294E+00.07470.298 2173.09800.75-.001000            2V3             V3 23 12  A2      24 12  A1     455522 2 2 2 1 1 1   376.0  392.0
511  986.783810 4.093E-24 7.815E+00.07320.291 2280.59930.75-.001000            2V3             V3 23 13  E       24 13  E      455522 2 2 2 1 1 1   376.0  392.0
511  986.833720 2.174E-24 7.296E+00.07160.283 2396.60500.75-.001000            2V3             V3 23 14  E       24 14  E      455522 2 2 2 1 1 1   376.0  392.0
511  986.868450 2.462E-24 4.879E+00.07580.244 2312.92370.75-.001000          V6+V3             V6 26 11  E       27 11  E      455522 2 2 2 1 1 1   424.0  440.0
511  986.891520 1.097E-24 6.744E+00.06980.275 2521.09310.75-.001000            2V3             V3 23 15  A1      24 15  A2     455522 2 2 2 1 1 1   376.0  392.0
511  986.891520 1.097E-24 6.744E+00.06980.275 2521.09310.75-.001000            2V3             V3 23 15  A2      24 15  A1     455522 2 2 2 1 1 1   376.0  392.0
511  986.947630 3.973E-26 3.350E+00.06590.225 3076.58760.75-.001000          V6+V3             V6 25 17  A1      26 17  A2     455522 2 2 2 1 1 1   408.0  424.0
511  986.947630 3.973E-26 3.350E+00.06590.225 3076.58760.75-.001000          V6+V3             V6 25 17  A2      26 17  A1     455522 2 2 2 1 1 1   408.0  424.0
511  986.958460 5.240E-25 6.148E+00.06800.266 2654.04040.75-.001000            2V3             V3 23 16  E       24 16  E      455522 2 2 2 1 1 1   376.0  392.0
511  987.003630 1.483E-24 4.695E+00.07440.239 2409.24470.75-.001000          V6+V3             V6 26 12  E       27 12  E      455522 2 2 2 1 1 1   424.0  440.0
511  987.030840 8.723E-26 3.637E+00.06780.233 2931.66760.75-.001000          V6+V3             V6 25 16  E       26 16  E      455522 2 2 2 1 1 1   408.0  424.0
511  987.033380 1.715E-26 3.048E+00.06380.216 3229.93800.75-.001000          V6+V3             V6 25 18  E       26 18  E      455522 2 2 2 1 1 1   408.0  424.0
511  987.036160 2.364E-25 5.515E+00.06600.257 2795.42200.75-.001000            2V3             V3 23 17  E       24 17  E      455522 2 2 2 1 1 1   376.0  392.0
511  987.052180 1.818E-25 3.905E+00.06970.240 2795.20510.75-.001000          V6+V3             V6 25 15  E       26 15  E      455522 2 2 2 1 1 1   408.0  424.0
511  987.077450 3.605E-25 4.157E+00.07140.247 2667.22550.75-.001000          V6+V3             V6 25 14  A1      26 14  A2     455522 2 2 2 1 1 1   408.0  424.0
511  987.077450 3.605E-25 4.157E+00.07140.247 2667.22550.75-.001000          V6+V3             V6 25 14  A2      26 14  A1     455522 2 2 2 1 1 1   408.0  424.0
511  987.108050 6.806E-25 4.391E+00.07300.253 2547.75290.75-.001000          V6+V3             V6 25 13  E       26 13  E      455522 2 2 2 1 1 1   408.0  424.0
511  987.126690 1.002E-25 4.843E+00.06390.247 2945.21210.75-.001000            2V3             V3 23 18  A1      24 18  A2     455522 2 2 2 1 1 1   376.0  392.0
511  987.126690 1.002E-25 4.843E+00.06390.247 2945.21210.75-.001000            2V3             V3 23 18  A2      24 18  A1     455522 2 2 2 1 1 1   376.0  392.0
511  987.144030 1.225E-24 4.609E+00.07450.259 2436.80980.75-.001000          V6+V3             V6 25 12  E       26 12  E      455522 2 2 2 1 1 1   408.0  424.0
511  987.144330 8.529E-25 4.497E+00.07290.234 2514.12230.75-.001000          V6+V3             V6 26 13  A1      27 13  A2     455522 2 2 2 1 1 1   424.0  440.0
511  987.144330 8.529E-25 4.497E+00.07290.234 2514.12230.75-.001000          V6+V3             V6 26 13  A2      27 13  A1     455522 2 2 2 1 1 1   424.0  440.0
511  987.185230 2.102E-24 4.809E+00.07590.265 2334.41720.75-.001000          V6+V3             V6 25 11  A1      26 11  A2     455522 2 2 2 1 1 1   408.0  424.0
511  987.185230 2.102E-24 4.809E+00.07590.265 2334.41720.75-.001000          V6+V3             V6 25 11  A2      26 11  A1     455522 2 2 2 1 1 1   408.0  424.0
511  987.231410 3.442E-24 4.991E+00.07700.270 2240.59470.75-.001000          V6+V3             V6 25 10  E       26 10  E      455522 2 2 2 1 1 1   408.0  424.0
511  987.232730 3.964E-26 4.134E+00.06170.237 3103.38350.75-.001000            2V3             V3 23 19  E       24 19  E      455522 2 2 2 1 1 1   376.0  392.0
511  987.282370 5.380E-24 5.155E+00.07820.275 2155.36020.75-.001000          V6+V3             V6 25  9  E       26  9  E      455522 2 2 2 1 1 1   408.0  424.0
511  987.290940 4.679E-25 4.283E+00.07130.228 2627.53510.75-.001000          V6+V3             V6 26 14  E       27 14  E      455522 2 2 2 1 1 1   424.0  440.0
511  987.338020 8.032E-24 5.304E+00.07920.279 2078.73010.75-.001000          V6+V3             V6 25  8  A1      26  8  A2     455522 2 2 2 1 1 1   408.0  424.0
511  987.338020 8.032E-24 5.304E+00.07920.279 2078.73010.75-.001000          V6+V3             V6 25  8  A2      26  8  A1     455522 2 2 2 1 1 1   408.0  424.0
511  987.357820 1.445E-26 3.386E+00.05930.226 3269.90860.75-.001000            2V3             V3 23 20  E       24 20  E      455522 2 2 2 1 1 1   376.0  392.0
511  987.397640 1.145E-23 5.433E+00.08010.282 2010.71930.75-.001000          V6+V3             V6 25  7  E       26  7  E      455522 2 2 2 1 1 1   408.0  424.0
511  987.443930 2.446E-25 4.051E+00.06960.222 2749.45990.75-.001000          V6+V3             V6 26 15  E       27 15  E      455522 2 2 2 1 1 1   424.0  440.0
511  987.461760 1.560E-23 5.547E+00.08090.285 1951.34120.75-.001000          V6+V3             V6 25  6  E       26  6  E      455522 2 2 2 1 1 1   408.0  424.0
511  987.529790 2.031E-23 5.644E+00.08150.288 1900.60710.75-.001000          V6+V3             V6 25  5  A1      26  5  A2     455522 2 2 2 1 1 1   408.0  424.0
511  987.529790 2.031E-23 5.644E+00.08150.288 1900.60710.75-.001000          V6+V3             V6 25  5  A2      26  5  A1     455522 2 2 2 1 1 1   408.0  424.0
511  987.601790 2.527E-23 5.725E+00.08200.290 1858.52730.75-.001000          V6+V3             V6 25  4  E       26  4  E      455522 2 2 2 1 1 1   408.0  424.0
511  987.603860 1.218E-25 3.803E+00.06770.215 2879.87180.75-.001000          V6+V3             V6 26 16  A1      27 16  A2     455522 2 2 2 1 1 1   424.0  440.0
511  987.603860 1.218E-25 3.803E+00.06770.215 2879.87180.75-.001000          V6+V3             V6 26 16  A2      27 16  A1     455522 2 2 2 1 1 1   424.0  440.0
511  987.677590 3.004E-23 5.786E+00.08240.292 1825.10990.75-.001000          V6+V3             V6 25  3  E       26  3  E      455522 2 2 2 1 1 1   408.0  424.0
511  987.751390 3.414E-23 5.831E+00.08280.293 1800.36890.75-.001000          V6+V3             V6 25  2  A1      26  2  A2     455522 2 2 2 1 1 1   408.0  424.0
511  987.762840 3.414E-23 5.831E+00.08280.293 1800.35440.75-.001000          V6+V3             V6 25  2  A2      26  2  A1     455522 2 2 2 1 1 1   408.0  424.0
511  987.771390 5.771E-26 3.541E+00.06580.207 3018.74430.75-.001000          V6+V3             V6 26 17  E       27 17  E      455522 2 2 2 1 1 1   424.0  440.0
511  987.840350 3.708E-23 5.858E+00.08300.294 1784.28720.75-.001000          V6+V3             V6 25  1  E       26  1  E      455522 2 2 2 1 1 1   408.0  424.0
511  987.904750 3.819E-23 5.860E+00.08300.294 1778.25650.75-.001000          V6+V3             V6 25  1  A2      26  1  A1     455522 2 2 2 1 1 1   408.0  424.0
511  987.927390 3.850E-23 5.869E+00.08300.294 1776.88990.75-.001000          V6+V3             V6 25  0  E       26  0  E      455522 2 2 2 1 1 1   408.0  424.0
511  987.947350 2.596E-26 3.260E+00.06370.200 3166.04920.75-.001000          V6+V3             V6 26 18  E       27 18  E      455522 2 2 2 1 1 1   424.0  440.0
511  987.973720 5.440E-21 5.929E+00.08260.204  790.43040.75-.001000             V3         GROUND 29  0  A2      30  0  A1     455522 3 2 2 1 1 1   472.0  488.0
511  987.974110 5.321E-21 5.922E+00.08240.204  794.74700.75-.001000             V3         GROUND 29  1  E       30  1  E      455522 3 2 2 1 1 1   472.0  488.0
511  987.975290 4.980E-21 5.903E+00.08220.203  807.69580.75-.001000             V3         GROUND 29  2  E       30  2  E      455522 3 2 2 1 1 1   472.0  488.0
511  987.977110 4.459E-21 5.870E+00.08200.202  829.27440.75-.001000             V3         GROUND 29  3  A1      30  3  A2     455522 3 2 2 1 1 1   472.0  488.0
511  987.977430 4.459E-21 5.870E+00.08200.202  829.27440.75-.001000             V3         GROUND 29  3  A2      30  3  A1     455522 3 2 2 1 1 1   472.0  488.0
511  987.980070 3.820E-21 5.824E+00.08160.201  859.47860.75-.001000             V3         GROUND 29  4  E       30  4  E      455522 3 2 2 1 1 1   472.0  488.0
511  987.983730 3.131E-21 5.765E+00.08110.199  898.30260.75-.001000             V3         GROUND 29  5  E       30  5  E      455522 3 2 2 1 1 1   472.0  488.0
511  987.988280 4.910E-21 1.139E+01.08040.197  945.73870.75-.001000             V3         GROUND 29  6  A       30  6  A      455522 3 2 2 1 1 1   472.0  488.0
511  987.993770 1.842E-21 5.609E+00.07960.194 1001.77790.75-.001000             V3         GROUND 29  7  E       30  7  E      455522 3 2 2 1 1 1   472.0  488.0
511  988.000220 1.321E-21 5.507E+00.07870.191 1066.40930.75-.001000             V3         GROUND 29  8  E       30  8  E      455522 3 2 2 1 1 1   472.0  488.0
511  988.007690 1.814E-21 1.079E+01.07770.188 1139.62040.75-.001000             V3         GROUND 29  9  A       30  9  A      455522 3 2 2 1 1 1   472.0  488.0
511  988.016210 5.953E-22 5.272E+00.07660.184 1221.39680.75-.001000             V3         GROUND 29 10  E       30 10  E      455522 3 2 2 1 1 1   472.0  488.0
511  988.025790 3.737E-22 5.134E+00.07530.180 1311.72290.75-.001000             V3         GROUND 29 11  E       30 11  E      455522 3 2 2 1 1 1   472.0  488.0
511  988.036430 4.486E-22 9.965E+00.07400.175 1410.58100.75-.001000             V3         GROUND 29 12  A       30 12  A      455522 3 2 2 1 1 1   472.0  488.0
511  988.048060 1.287E-22 4.818E+00.07250.170 1517.95180.75-.001000             V3         GROUND 29 13  E       30 13  E      455522 3 2 2 1 1 1   472.0  488.0
511  988.060880 7.057E-23 4.640E+00.07090.165 1633.81470.75-.001000             V3         GROUND 29 14  E       30 14  E      455522 3 2 2 1 1 1   472.0  488.0
511  988.110640 3.624E-23 5.837E+00.08280.293 1788.13270.75-.001000          V6+V3             V6 25  2  E       26  2  E      455522 2 2 2 1 1 1   408.0  424.0
511  988.129650 3.823E-23 5.864E+00.08300.294 1778.08780.75-.001000          V6+V3             V6 25  1  A1      26  1  A2     455522 2 2 2 1 1 1   408.0  424.0
511  988.132810 1.107E-26 2.965E+00.06150.192 3321.75690.75-.001000          V6+V3             V6 26 19  A1      27 19  A2     455522 2 2 2 1 1 1   424.0  440.0
511  988.132810 1.107E-26 2.965E+00.06150.192 3321.75690.75-.001000          V6+V3             V6 26 19  A2      27 19  A1     455522 2 2 2 1 1 1   424.0  440.0
511  988.208610 3.286E-23 5.795E+00.08240.292 1806.76860.75-.001000          V6+V3             V6 25  3  E       26  3  E      455522 2 2 2 1 1 1   408.0  424.0
511  988.310130 2.848E-23 5.737E+00.08200.290 1834.07720.75-.001000          V6+V3             V6 25  4  A2      26  4  A1     455522 2 2 2 1 1 1   408.0  424.0
511  988.310150 2.848E-23 5.737E+00.08200.290 1834.07720.75-.001000          V6+V3             V6 25  4  A1      26  4  A2     455522 2 2 2 1 1 1   408.0  424.0
511  988.415480 2.359E-23 5.661E+00.08150.288 1870.05270.75-.001000          V6+V3             V6 25  5  E       26  5  E      455522 2 2 2 1 1 1   408.0  424.0
511  988.524750 1.867E-23 5.567E+00.08090.285 1914.68780.75-.001000          V6+V3             V6 25  6  E       26  6  E      455522 2 2 2 1 1 1   408.0  424.0
511  988.638230 1.412E-23 5.456E+00.08010.282 1967.97310.75-.001000          V6+V3             V6 25  7  A1      26  7  A2     455522 2 2 2 1 1 1   408.0  424.0
511  988.638230 1.412E-23 5.456E+00.08010.282 1967.97310.75-.001000          V6+V3             V6 25  7  A2      26  7  A1     455522 2 2 2 1 1 1   408.0  424.0
511  988.708190 2.334E-22 1.114E+01.08360.363 1511.98620.75-.001000            2V3             V3 22  0  A1      23  0  A2     455522 2 2 2 1 1 1   360.0  376.0
511  988.709330 2.282E-22 1.113E+01.08360.363 1516.30850.75-.001000            2V3             V3 22  1  E       23  1  E      455522 2 2 2 1 1 1   360.0  376.0
511  988.712780 2.130E-22 1.106E+01.08340.362 1529.27430.75-.001000            2V3             V3 22  2  E       23  2  E      455522 2 2 2 1 1 1   360.0  376.0
511  988.718560 1.899E-22 1.095E+01.08310.360 1550.88130.75-.001000            2V3             V3 22  3  A2      23  3  A1     455522 2 2 2 1 1 1   360.0  376.0
511  988.718670 1.899E-22 1.095E+01.08310.360 1550.88140.75-.001000            2V3             V3 22  3  A1      23  3  A2     455522 2 2 2 1 1 1   360.0  376.0
511  988.726930 1.618E-22 1.081E+01.08270.358 1581.12550.75-.001000            2V3             V3 22  4  E       23  4  E      455522 2 2 2 1 1 1   360.0  376.0
511  988.737890 1.316E-22 1.062E+01.08210.356 1620.00080.75-.001000            2V3             V3 22  5  E       23  5  E      455522 2 2 2 1 1 1   360.0  376.0
511  988.751700 1.022E-22 1.039E+01.08150.352 1667.50010.75-.001000            2V3             V3 22  6  A1      23  6  A2     455522 2 2 2 1 1 1   360.0  376.0
511  988.751700 1.022E-22 1.039E+01.08150.352 1667.50010.75-.001000            2V3             V3 22  6  A2      23  6  A1     455522 2 2 2 1 1 1   360.0  376.0
511  988.755980 1.020E-23 5.327E+00.07920.279 2029.89790.75-.001000          V6+V3             V6 25  8  E       26  8  E      455522 2 2 2 1 1 1   408.0  424.0
511  988.768630 7.573E-23 1.011E+01.08080.348 1723.61430.75-.001000            2V3             V3 22  7  E       23  7  E      455522 2 2 2 1 1 1   360.0  376.0
511  988.788860 5.356E-23 9.799E+00.07980.344 1788.33270.75-.001000            2V3             V3 22  8  E       23  8  E      455522 2 2 2 1 1 1   360.0  376.0
511  988.813180 3.614E-23 9.443E+00.07870.339 1861.64290.75-.001000            2V3             V3 22  9  A1      23  9  A2     455522 2 2 2 1 1 1   360.0  376.0
511  988.813180 3.614E-23 9.443E+00.07870.339 1861.64290.75-.001000            2V3             V3 22  9  A2      23  9  A1     455522 2 2 2 1 1 1   360.0  376.0
511  988.841610 2.324E-23 9.042E+00.07770.333 1943.53110.75-.001000            2V3             V3 22 10  E       23 10  E      455522 2 2 2 1 1 1   360.0  376.0
511  988.874860 1.424E-23 8.600E+00.07640.327 2033.98180.75-.001000            2V3             V3 22 11  E       23 11  E      455522 2 2 2 1 1 1   360.0  376.0
511  988.878600 7.038E-24 5.181E+00.07820.275 2100.44940.75-.001000          V6+V3             V6 25  9  E       26  9  E      455522 2 2 2 1 1 1   408.0  424.0
511  988.913550 8.306E-24 8.117E+00.07500.320 2132.97780.75-.001000            2V3             V3 22 12  A1      23 12  A2     455522 2 2 2 1 1 1   360.0  376.0
511  988.913550 8.306E-24 8.117E+00.07500.320 2132.97780.75-.001000            2V3             V3 22 12  A2      23 12  A1     455522 2 2 2 1 1 1   360.0  376.0
511  988.958540 4.605E-24 7.590E+00.07350.312 2240.50040.75-.001000            2V3             V3 22 13  E       23 13  E      455522 2 2 2 1 1 1   360.0  376.0
511  989.005570 4.638E-24 5.018E+00.07700.270 2179.61320.75-.001000          V6+V3             V6 25 10  A1      26 10  A2     455522 2 2 2 1 1 1   408.0  424.0
511  989.005570 4.638E-24 5.018E+00.07700.270 2179.61320.75-.001000          V6+V3             V6 25 10  A2      26 10  A1     455522 2 2 2 1 1 1   408.0  424.0
511  989.010600 2.424E-24 7.023E+00.07180.304 2356.52950.75-.001000            2V3             V3 22 14  E       23 14  E      455522 2 2 2 1 1 1   360.0  376.0
511  989.070960 1.208E-24 6.412E+00.07010.296 2481.04330.75-.001000            2V3             V3 22 15  A1      23 15  A2     455522 2 2 2 1 1 1   360.0  376.0
511  989.070960 1.208E-24 6.412E+00.07010.296 2481.04330.75-.001000            2V3             V3 22 15  A2      23 15  A1     455522 2 2 2 1 1 1   360.0  376.0
511  989.137000 4.444E-26 3.168E+00.06580.233 3032.90970.75-.001000          V6+V3             V6 24 17  A1      25 17  A2     455522 2 2 2 1 1 1   392.0  408.0
511  989.137000 4.444E-26 3.168E+00.06580.233 3032.90970.75-.001000          V6+V3             V6 24 17  A2      25 17  A1     455522 2 2 2 1 1 1   392.0  408.0
511  989.138090 2.917E-24 4.836E+00.07590.265 2267.37300.75-.001000          V6+V3             V6 25 11  E       26 11  E      455522 2 2 2 1 1 1   408.0  424.0
511  989.140980 5.685E-25 5.760E+00.06820.286 2614.01870.75-.001000            2V3             V3 22 16  E       23 16  E      455522 2 2 2 1 1 1   360.0  376.0
511  989.222420 2.514E-25 5.066E+00.06630.276 2755.43130.75-.001000            2V3             V3 22 17  E       23 17  E      455522 2 2 2 1 1 1   360.0  376.0
511  989.276060 1.751E-24 4.638E+00.07450.259 2363.71090.75-.001000          V6+V3             V6 25 12  E       26 12  E      455522 2 2 2 1 1 1   408.0  424.0
511  989.280870 9.875E-26 3.481E+00.06780.241 2887.96260.75-.001000          V6+V3             V6 24 16  E       25 16  E      455522 2 2 2 1 1 1   392.0  408.0
511  989.294320 1.889E-26 2.839E+00.06370.224 3186.28710.75-.001000          V6+V3             V6 24 18  E       25 18  E      455522 2 2 2 1 1 1   392.0  408.0
511  989.298640 2.078E-25 3.773E+00.06960.250 2751.47370.75-.001000          V6+V3             V6 24 15  E       25 15  E      455522 2 2 2 1 1 1   392.0  408.0
511  989.317510 1.037E-25 4.329E+00.06420.266 2905.25540.75-.001000            2V3             V3 22 18  A1      23 18  A2     455522 2 2 2 1 1 1   360.0  376.0
511  989.317510 1.037E-25 4.329E+00.06420.266 2905.25540.75-.001000            2V3             V3 22 18  A2      23 18  A1     455522 2 2 2 1 1 1   360.0  376.0
511  989.320900 4.153E-25 4.047E+00.07140.257 2623.46870.75-.001000          V6+V3             V6 24 14  A1      25 14  A2     455522 2 2 2 1 1 1   392.0  408.0
511  989.320900 4.153E-25 4.047E+00.07140.257 2623.46870.75-.001000          V6+V3             V6 24 14  A2      25 14  A1     455522 2 2 2 1 1 1   392.0  408.0
511  989.349100 7.890E-25 4.302E+00.07300.264 2503.97200.75-.001000          V6+V3             V6 24 13  E       25 13  E      455522 2 2 2 1 1 1   392.0  408.0
511  989.383170 1.427E-24 4.537E+00.07450.271 2393.00620.75-.001000          V6+V3             V6 24 12  E       25 12  E      455522 2 2 2 1 1 1   392.0  408.0
511  989.420030 1.002E-24 4.420E+00.07300.253 2468.60710.75-.001000          V6+V3             V6 25 13  A1      26 13  A2     455522 2 2 2 1 1 1   408.0  424.0
511  989.420030 1.002E-24 4.420E+00.07300.253 2468.60710.75-.001000          V6+V3             V6 25 13  A2      26 13  A1     455522 2 2 2 1 1 1   408.0  424.0
511  989.422870 2.461E-24 4.757E+00.07590.277 2290.59250.75-.001000          V6+V3             V6 24 11  A1      25 11  A2     455522 2 2 2 1 1 1   392.0  408.0
511  989.422870 2.461E-24 4.757E+00.07590.277 2290.59250.75-.001000          V6+V3             V6 24 11  A2      25 11  A1     455522 2 2 2 1 1 1   392.0  408.0
511  989.429180 3.938E-26 3.548E+00.06200.255 3063.46470.75-.001000            2V3             V3 22 19  E       23 19  E      455522 2 2 2 1 1 1   360.0  376.0
511  989.467900 4.045E-24 4.955E+00.07710.282 2196.75040.75-.001000          V6+V3             V6 24 10  E       25 10  E      455522 2 2 2 1 1 1   392.0  408.0
511  989.517970 6.343E-24 5.134E+00.07830.287 2111.49800.75-.001000          V6+V3             V6 24  9  E       25  9  E      455522 2 2 2 1 1 1   392.0  408.0
511  989.561340 1.346E-26 2.726E+00.05960.243 3230.03240.75-.001000            2V3             V3 22 20  E       23 20  E      455522 2 2 2 1 1 1   360.0  376.0
511  989.570520 5.468E-25 4.188E+00.07140.247 2582.04020.75-.001000          V6+V3             V6 25 14  E       26 14  E      455522 2 2 2 1 1 1   408.0  424.0
511  989.572930 9.495E-24 5.296E+00.07940.291 2034.85170.75-.001000          V6+V3             V6 24  8  A1      25  8  A2     455522 2 2 2 1 1 1   392.0  408.0
511  989.572930 9.495E-24 5.296E+00.07940.291 2034.85170.75-.001000          V6+V3             V6 24  8  A2      25  8  A1     455522 2 2 2 1 1 1   392.0  408.0
511  989.632170 1.357E-23 5.438E+00.08020.295 1966.82640.75-.001000          V6+V3             V6 24  7  E       25  7  E      455522 2 2 2 1 1 1   392.0  408.0
511  989.695990 1.852E-23 5.562E+00.08100.299 1907.43530.75-.001000          V6+V3             V6 24  6  E       25  6  E      455522 2 2 2 1 1 1   392.0  408.0
511  989.728170 2.841E-25 3.938E+00.06970.240 2703.98700.75-.001000          V6+V3             V6 25 15  E       26 15  E      455522 2 2 2 1 1 1   408.0  424.0
511  989.763900 2.415E-23 5.668E+00.08170.302 1856.69020.75-.001000          V6+V3             V6 24  5  A1      25  5  A2     455522 2 2 2 1 1 1   392.0  408.0
511  989.763900 2.415E-23 5.668E+00.08170.302 1856.69020.75-.001000          V6+V3             V6 24  5  A2      25  5  A1     455522 2 2 2 1 1 1   392.0  408.0
511  989.835890 3.008E-23 5.754E+00.08220.304 1814.60090.75-.001000          V6+V3             V6 24  4  E       25  4  E      455522 2 2 2 1 1 1   392.0  408.0
511  989.893710 1.404E-25 3.670E+00.06780.233 2834.42280.75-.001000          V6+V3             V6 25 16  A1      26 16  A2     455522 2 2 2 1 1 1   408.0  424.0
511  989.893710 1.404E-25 3.670E+00.06780.233 2834.42280.75-.001000          V6+V3             V6 25 16  A2      26 16  A1     455522 2 2 2 1 1 1   408.0  424.0
511  989.911800 3.579E-23 5.821E+00.08270.306 1781.17570.75-.001000          V6+V3             V6 24  3  E       25  3  E      455522 2 2 2 1 1 1   392.0  408.0
511  989.986630 4.070E-23 5.870E+00.08300.307 1756.42740.75-.001000          V6+V3             V6 24  2  A2      25  2  A1     455522 2 2 2 1 1 1   392.0  408.0
511  989.996460 4.070E-23 5.870E+00.08300.307 1756.41500.75-.001000          V6+V3             V6 24  2  A1      25  2  A2     455522 2 2 2 1 1 1   392.0  408.0
511  990.068110 6.585E-26 3.382E+00.06590.225 2973.32100.75-.001000          V6+V3             V6 25 17  E       26 17  E      455522 2 2 2 1 1 1   408.0  424.0
511  990.075090 4.422E-23 5.899E+00.08310.308 1740.34230.75-.001000          V6+V3             V6 24  1  E       25  1  E      455522 2 2 2 1 1 1   392.0  408.0
511  990.148180 4.554E-23 5.900E+00.08310.308 1734.30230.75-.001000          V6+V3             V6 24  1  A1      25  1  A2     455522 2 2 2 1 1 1   392.0  408.0
511  990.162520 4.592E-23 5.910E+00.08320.308 1732.94210.75-.001000          V6+V3             V6 24  0  E       25  0  E      455522 2 2 2 1 1 1   392.0  408.0
511  990.252580 2.927E-26 3.078E+00.06380.216 3120.65360.75-.001000          V6+V3             V6 25 18  E       26 18  E      455522 2 2 2 1 1 1   408.0  424.0
511  990.301220 6.743E-21 5.968E+00.08270.227  739.53990.75-.001000             V3         GROUND 28  0  A1      29  0  A2     455522 3 2 2 1 1 1   456.0  472.0
511  990.301700 6.595E-21 5.960E+00.08260.227  743.85730.75-.001000             V3         GROUND 28  1  E       29  1  E      455522 3 2 2 1 1 1   456.0  472.0
511  990.303130 6.171E-21 5.940E+00.08230.226  756.80880.75-.001000             V3         GROUND 28  2  E       29  2  E      455522 3 2 2 1 1 1   456.0  472.0
511  990.305410 5.523E-21 5.904E+00.08200.225  778.39170.75-.001000             V3         GROUND 28  3  A2      29  3  A1     455522 3 2 2 1 1 1   456.0  472.0
511  990.305670 5.523E-21 5.904E+00.08200.225  778.39170.75-.001000             V3         GROUND 28  3  A1      29  3  A2     455522 3 2 2 1 1 1   456.0  472.0
511  990.308960 4.729E-21 5.855E+00.08170.224  808.60200.75-.001000             V3         GROUND 28  4  E       29  4  E      455522 3 2 2 1 1 1   456.0  472.0
511  990.313440 3.873E-21 5.791E+00.08120.222  847.43380.75-.001000             V3         GROUND 28  5  E       29  5  E      455522 3 2 2 1 1 1   456.0  472.0
511  990.319020 6.067E-21 1.143E+01.08040.220  894.87960.75-.001000             V3         GROUND 28  6  A       29  6  A      455522 3 2 2 1 1 1   456.0  472.0
511  990.325780 2.273E-21 5.621E+00.07970.217  950.93010.75-.001000             V3         GROUND 28  7  E       29  7  E      455522 3 2 2 1 1 1   456.0  472.0
511  990.333780 1.629E-21 5.516E+00.07880.214 1015.57450.75-.001000             V3         GROUND 28  8  E       29  8  E      455522 3 2 2 1 1 1   456.0  472.0
511  990.343100 2.232E-21 1.079E+01.07780.211 1088.80020.75-.001000             V3         GROUND 28  9  A       29  9  A      455522 3 2 2 1 1 1   456.0  472.0
511  990.347030 4.321E-23 5.876E+00.08300.307 1744.18390.75-.001000          V6+V3             V6 24  2  E       25  2  E      455522 2 2 2 1 1 1   392.0  408.0
511  990.353840 7.311E-22 5.259E+00.07670.207 1170.59320.75-.001000             V3         GROUND 28 10  E       29 10  E      455522 3 2 2 1 1 1   456.0  472.0
511  990.357630 4.559E-23 5.904E+00.08310.308 1734.14370.75-.001000          V6+V3             V6 24  1  A2      25  1  A1     455522 2 2 2 1 1 1   392.0  408.0
511  990.366060 4.579E-22 5.110E+00.07540.203 1260.93730.75-.001000             V3         GROUND 28 11  E       29 11  E      455522 3 2 2 1 1 1   456.0  472.0
511  990.379850 5.483E-22 9.896E+00.07410.198 1359.81520.75-.001000             V3         GROUND 28 12  A       29 12  A      455522 3 2 2 1 1 1   456.0  472.0
511  990.395230 1.568E-22 4.770E+00.07260.193 1467.20760.75-.001000             V3         GROUND 28 13  E       29 13  E      455522 3 2 2 1 1 1   456.0  472.0
511  990.412500 8.570E-23 4.579E+00.07100.188 1583.09360.75-.001000             V3         GROUND 28 14  E       29 14  E      455522 3 2 2 1 1 1   456.0  472.0
511  990.445700 3.915E-23 5.830E+00.08270.306 1762.82170.75-.001000          V6+V3             V6 24  3  E       25  3  E      455522 2 2 2 1 1 1   392.0  408.0
511  990.448760 1.229E-26 2.756E+00.06170.207 3276.39100.75-.001000          V6+V3             V6 25 19  A1      26 19  A2     455522 2 2 2 1 1 1   408.0  424.0
511  990.448760 1.229E-26 2.756E+00.06170.207 3276.39100.75-.001000          V6+V3             V6 25 19  A2      26 19  A1     455522 2 2 2 1 1 1   408.0  424.0
511  990.548060 3.390E-23 5.766E+00.08220.304 1790.13380.75-.001000          V6+V3             V6 24  4  A1      25  4  A2     455522 2 2 2 1 1 1   392.0  408.0
511  990.548070 3.390E-23 5.766E+00.08220.304 1790.13380.75-.001000          V6+V3             V6 24  4  A2      25  4  A1     455522 2 2 2 1 1 1   392.0  408.0
511  990.654380 2.804E-23 5.682E+00.08170.302 1826.11440.75-.001000          V6+V3             V6 24  5  E       25  5  E      455522 2 2 2 1 1 1   392.0  408.0
511  990.764710 2.216E-23 5.580E+00.08100.299 1870.75620.75-.001000          V6+V3             V6 24  6  E       25  6  E      455522 2 2 2 1 1 1   392.0  408.0
511  990.853480 2.702E-22 1.124E+01.08390.385 1473.41600.75-.001000            2V3             V3 21  0  A2      22  0  A1     455522 2 2 2 1 1 1   344.0  360.0
511  990.854660 2.640E-22 1.121E+01.08390.385 1477.73900.75-.001000            2V3             V3 21  1  E       22  1  E      455522 2 2 2 1 1 1   344.0  360.0
511  990.858220 2.464E-22 1.115E+01.08370.384 1490.70720.75-.001000            2V3             V3 21  2  E       22  2  E      455522 2 2 2 1 1 1   344.0  360.0
511  990.864190 2.195E-22 1.103E+01.08340.382 1512.31800.75-.001000            2V3             V3 21  3  A1      22  3  A2     455522 2 2 2 1 1 1   344.0  360.0
511  990.864270 2.195E-22 1.103E+01.08340.382 1512.31810.75-.001000            2V3             V3 21  3  A2      22  3  A1     455522 2 2 2 1 1 1   344.0  360.0
511  990.872810 1.867E-22 1.087E+01.08300.380 1542.56750.75-.001000            2V3             V3 21  4  E       22  4  E      455522 2 2 2 1 1 1   344.0  360.0
511  990.879530 1.673E-23 5.459E+00.08020.295 1924.04970.75-.001000          V6+V3             V6 24  7  A1      25  7  A2     455522 2 2 2 1 1 1   392.0  408.0
511  990.879530 1.673E-23 5.459E+00.08020.295 1924.04970.75-.001000          V6+V3             V6 24  7  A2      25  7  A1     455522 2 2 2 1 1 1   392.0  408.0
511  990.884130 1.516E-22 1.066E+01.08240.377 1581.44990.75-.001000            2V3             V3 21  5  E       22  5  E      455522 2 2 2 1 1 1   344.0  360.0
511  990.898390 1.174E-22 1.040E+01.08170.373 1628.95770.75-.001000            2V3             V3 21  6  A1      22  6  A2     455522 2 2 2 1 1 1   344.0  360.0
511  990.898390 1.174E-22 1.040E+01.08170.373 1628.95770.75-.001000            2V3             V3 21  6  A2      22  6  A1     455522 2 2 2 1 1 1   344.0  360.0
511  990.915870 8.680E-23 1.010E+01.08100.369 1685.08200.75-.001000            2V3             V3 21  7  E       22  7  E      455522 2 2 2 1 1 1   344.0  360.0
511  990.936840 6.119E-23 9.756E+00.08000.365 1749.81220.75-.001000            2V3             V3 21  8  E       22  8  E      455522 2 2 2 1 1 1   344.0  360.0
511  990.961930 4.111E-23 9.362E+00.07890.359 1823.13580.75-.001000            2V3             V3 21  9  A1      22  9  A2     455522 2 2 2 1 1 1   344.0  360.0
511  990.961930 4.111E-23 9.362E+00.07890.359 1823.13580.75-.001000            2V3             V3 21  9  A2      22  9  A1     455522 2 2 2 1 1 1   344.0  360.0
511  990.991350 2.631E-23 8.922E+00.07790.353 1905.03910.75-.001000            2V3             V3 21 10  E       22 10  E      455522 2 2 2 1 1 1   344.0  360.0
511  990.998780 1.206E-23 5.319E+00.07940.291 1985.98430.75-.001000          V6+V3             V6 24  8  E       25  8  E      455522 2 2 2 1 1 1   392.0  408.0
511  991.025780 1.602E-23 8.434E+00.07650.346 1995.50660.75-.001000            2V3             V3 21 11  E       22 11  E      455522 2 2 2 1 1 1   344.0  360.0
511  991.065900 9.274E-24 7.901E+00.07510.339 2094.52130.75-.001000            2V3             V3 21 12  A1      22 12  A2     455522 2 2 2 1 1 1   344.0  360.0
511  991.065900 9.274E-24 7.901E+00.07510.339 2094.52130.75-.001000            2V3             V3 21 12  A2      22 12  A1     455522 2 2 2 1 1 1   344.0  360.0
511  991.112570 5.095E-24 7.322E+00.07360.331 2202.06450.75-.001000            2V3             V3 21 13  E       22 13  E      455522 2 2 2 1 1 1   344.0  360.0
511  991.123070 8.299E-24 5.159E+00.07830.287 2056.54720.75-.001000          V6+V3             V6 24  9  E       25  9  E      455522 2 2 2 1 1 1   392.0  408.0
511  991.166680 2.650E-24 6.695E+00.07190.322 2318.11620.75-.001000            2V3             V3 21 14  E       22 14  E      455522 2 2 2 1 1 1   344.0  360.0
511  991.229480 1.301E-24 6.022E+00.07020.313 2442.65470.75-.001000            2V3             V3 21 15  A1      22 15  A2     455522 2 2 2 1 1 1   344.0  360.0
511  991.229480 1.301E-24 6.022E+00.07020.313 2442.65470.75-.001000            2V3             V3 21 15  A2      22 15  A1     455522 2 2 2 1 1 1   344.0  360.0
511  991.251990 5.451E-24 4.981E+00.07710.282 2135.72400.75-.001000          V6+V3             V6 24 10  A1      25 10  A2     455522 2 2 2 1 1 1   392.0  408.0
511  991.251990 5.451E-24 4.981E+00.07710.282 2135.72400.75-.001000          V6+V3             V6 24 10  A2      25 10  A1     455522 2 2 2 1 1 1   392.0  408.0
511  991.302460 6.000E-25 5.302E+00.06830.303 2575.65730.75-.001000            2V3             V3 21 16  E       22 16  E      455522 2 2 2 1 1 1   344.0  360.0
511  991.386910 3.416E-24 4.784E+00.07590.277 2223.49840.75-.001000          V6+V3             V6 24 11  E       25 11  E      455522 2 2 2 1 1 1   392.0  408.0
511  991.387480 2.581E-25 4.537E+00.06630.293 2717.09960.75-.001000            2V3             V3 21 17  E       22 17  E      455522 2 2 2 1 1 1   344.0  360.0
511  991.486960 1.022E-25 3.723E+00.06410.281 2866.95660.75-.001000            2V3             V3 21 18  A1      22 18  A2     455522 2 2 2 1 1 1   344.0  360.0
511  991.486960 1.022E-25 3.723E+00.06410.281 2866.95660.75-.001000            2V3             V3 21 18  A2      22 18  A1     455522 2 2 2 1 1 1   344.0  360.0
511  991.510080 1.096E-25 3.298E+00.06800.266 2845.92740.75-.001000          V6+V3             V6 23 16  E       24 16  E      455522 2 2 2 1 1 1   376.0  392.0
511  991.524380 2.335E-25 3.618E+00.06980.275 2709.41330.75-.001000          V6+V3             V6 23 15  E       24 15  E      455522 2 2 2 1 1 1   376.0  392.0
511  991.527590 2.041E-24 4.567E+00.07450.271 2319.85250.75-.001000          V6+V3             V6 24 12  E       25 12  E      455522 2 2 2 1 1 1   392.0  408.0
511  991.534420 2.024E-26 2.597E+00.06390.247 3144.30330.75-.001000          V6+V3             V6 23 18  E       24 18  E      455522 2 2 2 1 1 1   376.0  392.0
511  991.543690 4.710E-25 3.917E+00.07160.283 2581.38410.75-.001000          V6+V3             V6 23 14  A1      24 14  A2     455522 2 2 2 1 1 1   376.0  392.0
511  991.543690 4.710E-25 3.917E+00.07160.283 2581.38410.75-.001000          V6+V3             V6 23 14  A2      24 14  A1     455522 2 2 2 1 1 1   376.0  392.0
511  991.569530 9.018E-25 4.196E+00.07320.291 2461.86430.75-.001000          V6+V3             V6 23 13  E       24 13  E      455522 2 2 2 1 1 1   376.0  392.0
511  991.601730 1.642E-24 4.454E+00.07470.298 2350.87680.75-.001000          V6+V3             V6 23 12  E       24 12  E      455522 2 2 2 1 1 1   376.0  392.0
511  991.604050 3.642E-26 2.864E+00.06190.269 3025.20260.75-.001000            2V3             V3 21 19  E       22 19  E      455522 2 2 2 1 1 1   344.0  360.0
511  991.639970 2.845E-24 4.691E+00.07610.304 2248.44270.75-.001000          V6+V3             V6 23 11  A1      24 11  A2     455522 2 2 2 1 1 1   376.0  392.0
511  991.639970 2.845E-24 4.691E+00.07610.304 2248.44270.75-.001000          V6+V3             V6 23 11  A2      24 11  A1     455522 2 2 2 1 1 1   376.0  392.0
511  991.674770 1.162E-24 4.331E+00.07300.264 2424.76660.75-.001000          V6+V3             V6 24 13  A1      25 13  A2     455522 2 2 2 1 1 1   392.0  408.0
511  991.674770 1.162E-24 4.331E+00.07300.264 2424.76660.75-.001000          V6+V3             V6 24 13  A2      25 13  A1     455522 2 2 2 1 1 1   392.0  408.0
511  991.683860 4.697E-24 4.908E+00.07740.310 2154.58190.75-.001000          V6+V3             V6 23 10  E       24 10  E      455522 2 2 2 1 1 1   376.0  392.0
511  991.733070 7.394E-24 5.105E+00.07850.315 2069.31230.75-.001000          V6+V3             V6 23  9  E       24  9  E      455522 2 2 2 1 1 1   376.0  392.0
511  991.736110 4.861E-26 2.961E+00.06600.257 2990.90010.75-.001000          V6+V3             V6 23 17  A1      24 17  A2     455522 2 2 2 1 1 1   376.0  392.0
511  991.736110 4.861E-26 2.961E+00.06600.257 2990.90010.75-.001000          V6+V3             V6 23 17  A2      24 17  A1     455522 2 2 2 1 1 1   376.0  392.0
511  991.743060 1.107E-26 1.957E+00.05950.257 3191.81170.75-.001000            2V3             V3 21 20  E       22 20  E      455522 2 2 2 1 1 1   344.0  360.0
511  991.787370 1.110E-23 5.280E+00.07950.320 1992.65050.75-.001000          V6+V3             V6 23  8  A1      24  8  A2     455522 2 2 2 1 1 1   376.0  392.0
511  991.787370 1.110E-23 5.280E+00.07950.320 1992.65050.75-.001000          V6+V3             V6 23  8  A2      24  8  A1     455522 2 2 2 1 1 1   376.0  392.0
511  991.829080 6.301E-25 4.078E+00.07140.257 2538.21920.75-.001000          V6+V3             V6 24 14  E       25 14  E      455522 2 2 2 1 1 1   392.0  408.0
511  991.846210 1.591E-23 5.438E+00.08040.324 1924.61120.75-.001000          V6+V3             V6 23  7  E       24  7  E      455522 2 2 2 1 1 1   376.0  392.0
511  991.909740 2.176E-23 5.573E+00.08120.328 1865.20790.75-.001000          V6+V3             V6 23  6  E       24  6  E      455522 2 2 2 1 1 1   376.0  392.0
511  991.977530 2.841E-23 5.686E+00.08190.331 1814.45200.75-.001000          V6+V3             V6 23  5  A1      24  5  A2     455522 2 2 2 1 1 1   376.0  392.0
511  991.977530 2.841E-23 5.686E+00.08190.331 1814.45200.75-.001000          V6+V3             V6 23  5  A2      24  5  A1     455522 2 2 2 1 1 1   376.0  392.0
511  991.991290 3.248E-25 3.804E+00.06960.250 2660.18730.75-.001000          V6+V3             V6 24 15  E       25 15  E      455522 2 2 2 1 1 1   392.0  408.0
511  992.049510 3.544E-23 5.781E+00.08240.334 1772.35360.75-.001000          V6+V3             V6 23  4  E       24  4  E      455522 2 2 2 1 1 1   376.0  392.0
511  992.125520 4.222E-23 5.855E+00.08290.335 1738.92090.75-.001000          V6+V3             V6 23  3  E       24  3  E      455522 2 2 2 1 1 1   376.0  392.0
511  992.162370 1.590E-25 3.512E+00.06780.241 2790.64610.75-.001000          V6+V3             V6 24 16  A1      25 16  A2     455522 2 2 2 1 1 1   392.0  408.0
511  992.162370 1.590E-25 3.512E+00.06780.241 2790.64610.75-.001000          V6+V3             V6 24 16  A2      25 16  A1     455522 2 2 2 1 1 1   392.0  408.0
511  992.201280 4.804E-23 5.908E+00.08310.337 1714.16580.75-.001000          V6+V3             V6 23  2  A1      24  2  A2     455522 2 2 2 1 1 1   376.0  392.0
511  992.209660 4.804E-23 5.908E+00.08310.337 1714.15530.75-.001000          V6+V3             V6 23  2  A2      24  2  A1     455522 2 2 2 1 1 1   376.0  392.0
511  992.289310 5.222E-23 5.940E+00.08330.338 1698.07730.75-.001000          V6+V3             V6 23  1  E       24  1  E      455522 2 2 2 1 1 1   376.0  392.0
511  992.343550 7.369E-26 3.199E+00.06580.233 2929.56920.75-.001000          V6+V3             V6 24 17  E       25 17  E      455522 2 2 2 1 1 1   392.0  408.0
511  992.370850 5.379E-23 5.942E+00.08330.338 1692.02830.75-.001000          V6+V3             V6 23  1  A2      24  1  A1     455522 2 2 2 1 1 1   376.0  392.0
511  992.377110 5.423E-23 5.951E+00.08340.338 1690.67440.75-.001000          V6+V3             V6 23  0  E       24  0  E      455522 2 2 2 1 1 1   376.0  392.0
511  992.536440 3.226E-26 2.867E+00.06370.224 3076.92840.75-.001000          V6+V3             V6 24 18  E       25 18  E      455522 2 2 2 1 1 1   392.0  408.0
511  992.562840 5.100E-23 5.913E+00.08310.337 1701.91510.75-.001000          V6+V3             V6 23  2  E       24  2  E      455522 2 2 2 1 1 1   376.0  392.0
511  992.565260 5.384E-23 5.945E+00.08330.338 1691.87970.75-.001000          V6+V3             V6 23  1  A1      24  1  A2     455522 2 2 2 1 1 1   376.0  392.0
511  992.608520 8.280E-21 6.006E+00.08270.244  690.33190.75-.001000             V3         GROUND 27  0  A2      28  0  A1     455522 3 2 2 1 1 1   440.0  456.0
511  992.609080 8.098E-21 5.999E+00.08270.244  694.65020.75-.001000             V3         GROUND 27  1  E       28  1  E      455522 3 2 2 1 1 1   440.0  456.0
511  992.610760 7.574E-21 5.975E+00.08240.243  707.60420.75-.001000             V3         GROUND 27  2  E       28  2  E      455522 3 2 2 1 1 1   440.0  456.0
511  992.613490 6.776E-21 5.937E+00.08210.242  729.19130.75-.001000             V3         GROUND 27  3  A1      28  3  A2     455522 3 2 2 1 1 1   440.0  456.0
511  992.613700 6.776E-21 5.937E+00.08210.242  729.19130.75-.001000             V3         GROUND 27  3  A2      28  3  A1     455522 3 2 2 1 1 1   440.0  456.0
511  992.617620 5.798E-21 5.884E+00.08170.241  759.40750.75-.001000             V3         GROUND 27  4  E       28  4  E      455522 3 2 2 1 1 1   440.0  456.0
511  992.622900 4.744E-21 5.815E+00.08120.239  798.24690.75-.001000             V3         GROUND 27  5  E       28  5  E      455522 3 2 2 1 1 1   440.0  456.0
511  992.629490 7.425E-21 1.146E+01.08050.237  845.70190.75-.001000             V3         GROUND 27  6  A       28  6  A      455522 3 2 2 1 1 1   440.0  456.0
511  992.637500 2.778E-21 5.632E+00.07980.234  901.76340.75-.001000             V3         GROUND 27  7  E       28  7  E      455522 3 2 2 1 1 1   440.0  456.0
511  992.647020 1.987E-21 5.516E+00.07890.231  966.42040.75-.001000             V3         GROUND 27  8  E       28  8  E      455522 3 2 2 1 1 1   440.0  456.0
511  992.658170 2.718E-21 1.077E+01.07790.228 1039.66040.75-.001000             V3         GROUND 27  9  A       28  9  A      455522 3 2 2 1 1 1   440.0  456.0
511  992.662180 4.618E-23 5.863E+00.08290.335 1720.55480.75-.001000          V6+V3             V6 23  3  E       24  3  E      455522 2 2 2 1 1 1   376.0  392.0
511  992.671090 8.885E-22 5.241E+00.07680.224 1121.46920.75-.001000             V3         GROUND 27 10  E       28 10  E      455522 3 2 2 1 1 1   440.0  456.0
511  992.685910 5.551E-22 5.080E+00.07560.220 1211.83090.75-.001000             V3         GROUND 27 11  E       28 11  E      455522 3 2 2 1 1 1   440.0  456.0
511  992.702800 6.627E-22 9.809E+00.07420.215 1310.72800.75-.001000             V3         GROUND 27 12  A       28 12  A      455522 3 2 2 1 1 1   440.0  456.0
511  992.721910 1.889E-22 4.713E+00.07270.210 1418.14120.75-.001000             V3         GROUND 27 13  E       28 13  E      455522 3 2 2 1 1 1   440.0  456.0
511  992.743260 1.327E-26 2.516E+00.06140.214 3232.69430.75-.001000          V6+V3             V6 24 19  A1      25 19  A2     455522 2 2 2 1 1 1   392.0  408.0
511  992.743260 1.327E-26 2.516E+00.06140.214 3232.69430.75-.001000          V6+V3             V6 24 19  A2      25 19  A1     455522 2 2 2 1 1 1   392.0  408.0
511  992.743550 1.028E-22 4.506E+00.07110.205 1534.04960.75-.001000             V3         GROUND 27 14  E       28 14  E      455522 3 2 2 1 1 1   440.0  456.0
511  992.765350 3.995E-23 5.794E+00.08240.334 1747.87030.75-.001000          V6+V3             V6 23  4  A2      24  4  A1     455522 2 2 2 1 1 1   376.0  392.0
511  992.765360 3.995E-23 5.794E+00.08240.334 1747.87030.75-.001000          V6+V3             V6 23  4  A1      24  4  A2     455522 2 2 2 1 1 1   376.0  392.0
511  992.767620 1.068E-22 8.569E+00.06940.199 1658.43060.75-.001000             V3         GROUND 27 15  A       28 15  A      455522 3 2 2 1 1 1   440.0  456.0
511  992.872600 3.300E-23 5.702E+00.08190.331 1783.85580.75-.001000          V6+V3             V6 23  5  E       24  5  E      455522 2 2 2 1 1 1   376.0  392.0
511  992.978440 3.096E-22 1.134E+01.08430.400 1436.51510.75-.001000            2V3             V3 20  0  A1      21  0  A2     455522 2 2 2 1 1 1   328.0  344.0
511  992.979660 3.024E-22 1.131E+01.08410.400 1440.83890.75-.001000            2V3             V3 20  1  E       21  1  E      455522 2 2 2 1 1 1   328.0  344.0
511  992.983320 2.820E-22 1.123E+01.08390.399 1453.80930.75-.001000            2V3             V3 20  2  E       21  2  E      455522 2 2 2 1 1 1   328.0  344.0
511  992.986420 2.604E-23 5.591E+00.08120.328 1828.50160.75-.001000          V6+V3             V6 23  6  E       24  6  E      455522 2 2 2 1 1 1   376.0  392.0
511  992.989480 2.510E-22 1.110E+01.08370.397 1475.42380.75-.001000            2V3             V3 20  3  A2      21  3  A1     455522 2 2 2 1 1 1   328.0  344.0
511  992.989540 2.510E-22 1.110E+01.08370.397 1475.42390.75-.001000            2V3             V3 20  3  A1      21  3  A2     455522 2 2 2 1 1 1   328.0  344.0
511  992.998340 2.132E-22 1.093E+01.08330.395 1505.67850.75-.001000            2V3             V3 20  4  E       21  4  E      455522 2 2 2 1 1 1   328.0  344.0
511  993.009980 1.727E-22 1.069E+01.08270.392 1544.56760.75-.001000            2V3             V3 20  5  E       21  5  E      455522 2 2 2 1 1 1   328.0  344.0
511  993.024660 1.335E-22 1.041E+01.08200.388 1592.08360.75-.001000            2V3             V3 20  6  A1      21  6  A2     455522 2 2 2 1 1 1   328.0  344.0
511  993.024660 1.335E-22 1.041E+01.08200.388 1592.08360.75-.001000            2V3             V3 20  6  A2      21  6  A1     455522 2 2 2 1 1 1   328.0  344.0
511  993.042660 9.834E-23 1.008E+01.08130.383 1648.21770.75-.001000            2V3             V3 20  7  E       21  7  E      455522 2 2 2 1 1 1   328.0  344.0
511  993.064300 6.904E-23 9.692E+00.08030.378 1712.95910.75-.001000            2V3             V3 20  8  E       21  8  E      455522 2 2 2 1 1 1   328.0  344.0
511  993.090130 4.616E-23 9.256E+00.07930.372 1786.29560.75-.001000            2V3             V3 20  9  A1      21  9  A2     455522 2 2 2 1 1 1   328.0  344.0
511  993.090130 4.616E-23 9.256E+00.07930.372 1786.29560.75-.001000            2V3             V3 20  9  A2      21  9  A1     455522 2 2 2 1 1 1   328.0  344.0
511  993.100090 1.961E-23 5.457E+00.08040.324 1881.80540.75-.001000          V6+V3             V6 23  7  A1      24  7  A2     455522 2 2 2 1 1 1   376.0  392.0
511  993.100090 1.961E-23 5.457E+00.08040.324 1881.80540.75-.001000          V6+V3             V6 23  7  A2      24  7  A1     455522 2 2 2 1 1 1   376.0  392.0
511  993.120490 2.937E-23 8.770E+00.07810.366 1868.21340.75-.001000            2V3             V3 20 10  E       21 10  E      455522 2 2 2 1 1 1   328.0  344.0
511  993.156050 1.775E-23 8.229E+00.07680.359 1958.69710.75-.001000            2V3             V3 20 11  E       21 11  E      455522 2 2 2 1 1 1   328.0  344.0
511  993.197510 1.018E-23 7.638E+00.07540.351 2057.72970.75-.001000            2V3             V3 20 12  A1      21 12  A2     455522 2 2 2 1 1 1   328.0  344.0
511  993.197510 1.018E-23 7.638E+00.07540.351 2057.72970.75-.001000            2V3             V3 20 12  A2      21 12  A1     455522 2 2 2 1 1 1   328.0  344.0
511  993.220780 1.410E-23 5.304E+00.07950.320 1943.74950.75-.001000          V6+V3             V6 23  8  E       24  8  E      455522 2 2 2 1 1 1   376.0  392.0
511  993.245790 5.528E-24 6.997E+00.07390.343 2165.29260.75-.001000            2V3             V3 20 13  E       21 13  E      455522 2 2 2 1 1 1   328.0  344.0
511  993.301830 2.832E-24 6.303E+00.07230.333 2281.36600.75-.001000            2V3             V3 20 14  E       21 14  E      455522 2 2 2 1 1 1   328.0  344.0
511  993.346710 9.676E-24 5.130E+00.07850.315 2014.32340.75-.001000          V6+V3             V6 23  9  E       24  9  E      455522 2 2 2 1 1 1   376.0  392.0
511  993.366970 1.363E-24 5.558E+00.07050.324 2405.92830.75-.001000            2V3             V3 20 15  A1      21 15  A2     455522 2 2 2 1 1 1   328.0  344.0
511  993.366970 1.363E-24 5.558E+00.07050.324 2405.92830.75-.001000            2V3             V3 20 15  A2      21 15  A1     455522 2 2 2 1 1 1   328.0  344.0
511  993.442770 6.116E-25 4.762E+00.06850.313 2538.95690.75-.001000            2V3             V3 20 16  E       21 16  E      455522 2 2 2 1 1 1   328.0  344.0
511  993.475120 6.333E-24 4.935E+00.07740.310 2093.51270.75-.001000          V6+V3             V6 23 10  A1      24 10  A2     455522 2 2 2 1 1 1   376.0  392.0
511  993.475120 6.333E-24 4.935E+00.07740.310 2093.51270.75-.001000          V6+V3             V6 23 10  A2      24 10  A1     455522 2 2 2 1 1 1   376.0  392.0
511  993.531220 2.527E-25 3.915E+00.06650.302 2680.42800.75-.001000            2V3             V3 20 17  E       21 17  E      455522 2 2 2 1 1 1   328.0  344.0
511  993.614770 3.951E-24 4.719E+00.07610.304 2181.30110.75-.001000          V6+V3             V6 23 11  E       24 11  E      455522 2 2 2 1 1 1   376.0  392.0
511  993.634890 9.387E-26 3.014E+00.06440.290 2830.31680.75-.001000            2V3             V3 20 18  A1      21 18  A2     455522 2 2 2 1 1 1   328.0  344.0
511  993.634890 9.387E-26 3.014E+00.06440.290 2830.31680.75-.001000            2V3             V3 20 18  A2      21 18  A1     455522 2 2 2 1 1 1   328.0  344.0
511  993.718290 1.190E-25 3.087E+00.06820.286 2805.56310.75-.001000          V6+V3             V6 22 16  E       23 16  E      455522 2 2 2 1 1 1   360.0  376.0
511  993.729240 2.572E-25 3.436E+00.07010.296 2669.02500.75-.001000          V6+V3             V6 22 15  E       23 15  E      455522 2 2 2 1 1 1   360.0  376.0
511  993.745670 5.251E-25 3.764E+00.07180.304 2540.97270.75-.001000          V6+V3             V6 22 14  A1      23 14  A2     455522 2 2 2 1 1 1   360.0  376.0
511  993.745670 5.251E-25 3.764E+00.07180.304 2540.97270.75-.001000          V6+V3             V6 22 14  A2      23 14  A1     455522 2 2 2 1 1 1   360.0  376.0
511  993.753480 2.094E-26 2.317E+00.06420.266 3103.98770.75-.001000          V6+V3             V6 22 18  E       23 18  E      455522 2 2 2 1 1 1   360.0  376.0
511  993.757190 2.974E-26 2.061E+00.06220.277 2988.59810.75-.001000            2V3             V3 20 19  E       21 19  E      455522 2 2 2 1 1 1   328.0  344.0
511  993.758110 2.349E-24 4.483E+00.07470.298 2277.67080.75-.001000          V6+V3             V6 23 12  E       24 12  E      455522 2 2 2 1 1 1   376.0  392.0
511  993.769200 1.015E-24 4.070E+00.07350.312 2421.43090.75-.001000          V6+V3             V6 22 13  E       23 13  E      455522 2 2 2 1 1 1   360.0  376.0
511  993.799590 1.862E-24 4.353E+00.07500.320 2310.42260.75-.001000          V6+V3             V6 22 12  E       23 12  E      455522 2 2 2 1 1 1   360.0  376.0
511  993.836390 3.247E-24 4.613E+00.07640.327 2207.96920.75-.001000          V6+V3             V6 22 11  A1      23 11  A2     455522 2 2 2 1 1 1   360.0  376.0
511  993.836390 3.247E-24 4.613E+00.07640.327 2207.96920.75-.001000          V6+V3             V6 22 11  A2      23 11  A1     455522 2 2 2 1 1 1   360.0  376.0
511  993.840900 5.169E-26 2.714E+00.06630.276 2950.56020.75-.001000          V6+V3             V6 22 17  A1      23 17  A2     455522 2 2 2 1 1 1   360.0  376.0
511  993.840900 5.169E-26 2.714E+00.06630.276 2950.56020.75-.001000          V6+V3             V6 22 17  A2      23 17  A1     455522 2 2 2 1 1 1   360.0  376.0
511  993.879170 5.388E-24 4.851E+00.07770.333 2114.09040.75-.001000          V6+V3             V6 22 10  E       23 10  E      455522 2 2 2 1 1 1   360.0  376.0
511  993.908420 1.329E-24 4.226E+00.07320.291 2382.60210.75-.001000          V6+V3             V6 23 13  A1      24 13  A2     455522 2 2 2 1 1 1   376.0  392.0
511  993.908420 1.329E-24 4.226E+00.07320.291 2382.60210.75-.001000          V6+V3             V6 23 13  A2      24 13  A1     455522 2 2 2 1 1 1   376.0  392.0
511  993.927550 8.517E-24 5.066E+00.07870.339 2028.80440.75-.001000          V6+V3             V6 22  9  E       23  9  E      455522 2 2 2 1 1 1   360.0  376.0
511  993.981210 1.283E-23 5.258E+00.07980.344 1952.12770.75-.001000          V6+V3             V6 22  8  A1      23  8  A2     455522 2 2 2 1 1 1   360.0  376.0
511  993.981210 1.283E-23 5.258E+00.07980.344 1952.12770.75-.001000          V6+V3             V6 22  8  A2      23  8  A1     455522 2 2 2 1 1 1   360.0  376.0
511  994.039650 1.844E-23 5.429E+00.08080.348 1884.07510.75-.001000          V6+V3             V6 22  7  E       23  7  E      455522 2 2 2 1 1 1   360.0  376.0
511  994.066450 7.149E-25 3.947E+00.07160.283 2496.07350.75-.001000          V6+V3             V6 23 14  E       24 14  E      455522 2 2 2 1 1 1   376.0  392.0
511  994.102900 2.529E-23 5.579E+00.08150.352 1824.65990.75-.001000          V6+V3             V6 22  6  E       23  6  E      455522 2 2 2 1 1 1   360.0  376.0
511  994.170560 3.309E-23 5.704E+00.08210.356 1773.89380.75-.001000          V6+V3             V6 22  5  A1      23  5  A2     455522 2 2 2 1 1 1   360.0  376.0
511  994.170570 3.309E-23 5.704E+00.08210.356 1773.89380.75-.001000          V6+V3             V6 22  5  A2      23  5  A1     455522 2 2 2 1 1 1   360.0  376.0
511  994.233140 3.650E-25 3.648E+00.06980.275 2618.06210.75-.001000          V6+V3             V6 23 15  E       24 15  E      455522 2 2 2 1 1 1   376.0  392.0
511  994.242530 4.133E-23 5.807E+00.08270.358 1731.78670.75-.001000          V6+V3             V6 22  4  E       23  4  E      455522 2 2 2 1 1 1   360.0  376.0
511  994.318640 4.929E-23 5.887E+00.08310.360 1698.34680.75-.001000          V6+V3             V6 22  3  E       23  3  E      455522 2 2 2 1 1 1   360.0  376.0
511  994.395230 5.614E-23 5.945E+00.08340.362 1673.58520.75-.001000          V6+V3             V6 22  2  A2      23  2  A1     455522 2 2 2 1 1 1   360.0  376.0
511  994.402330 5.614E-23 5.945E+00.08340.362 1673.57630.75-.001000          V6+V3             V6 22  2  A1      23  2  A2     455522 2 2 2 1 1 1   360.0  376.0
511  994.409660 1.765E-25 3.327E+00.06800.266 2748.54300.75-.001000          V6+V3             V6 23 16  A1      24 16  A2     455522 2 2 2 1 1 1   376.0  392.0
511  994.409660 1.765E-25 3.327E+00.06800.266 2748.54300.75-.001000          V6+V3             V6 23 16  A2      24 16  A1     455522 2 2 2 1 1 1   376.0  392.0
511  994.482910 6.106E-23 5.981E+00.08360.363 1657.49350.75-.001000          V6+V3             V6 22  1  E       23  1  E      455522 2 2 2 1 1 1   360.0  376.0
511  994.571070 6.342E-23 5.994E+00.08360.363 1650.08790.75-.001000          V6+V3             V6 22  0  E       23  0  E      455522 2 2 2 1 1 1   360.0  376.0
511  994.572650 6.289E-23 5.983E+00.08360.363 1651.43560.75-.001000          V6+V3             V6 22  1  A1      23  1  A2     455522 2 2 2 1 1 1   360.0  376.0
511  994.597510 8.059E-26 2.986E+00.06600.257 2887.48990.75-.001000          V6+V3             V6 23 17  E       24 17  E      455522 2 2 2 1 1 1   376.0  392.0
511  994.752450 6.294E-23 5.985E+00.08360.363 1651.29690.75-.001000          V6+V3             V6 22  1  A2      23  1  A1     455522 2 2 2 1 1 1   360.0  376.0
511  994.757960 5.961E-23 5.952E+00.08340.362 1661.32760.75-.001000          V6+V3             V6 22  2  E       23  2  E      455522 2 2 2 1 1 1   360.0  376.0
511  994.798720 3.458E-26 2.624E+00.06390.247 3034.87480.75-.001000          V6+V3             V6 23 18  E       24 18  E      455522 2 2 2 1 1 1   376.0  392.0
511  994.857950 5.393E-23 5.897E+00.08310.360 1679.96920.75-.001000          V6+V3             V6 22  3  E       23  3  E      455522 2 2 2 1 1 1   360.0  376.0
511  994.895500 1.007E-20 6.044E+00.08290.271  642.80790.75-.001000             V3         GROUND 26  0  A1      27  0  A2     455522 3 2 2 1 1 1   424.0  440.0
511  994.896140 9.848E-21 6.036E+00.08290.271  647.12700.75-.001000             V3         GROUND 26  1  E       27  1  E      455522 3 2 2 1 1 1   424.0  440.0
511  994.898070 9.209E-21 6.011E+00.08270.270  660.08340.75-.001000             V3         GROUND 26  2  E       27  2  E      455522 3 2 2 1 1 1   424.0  440.0
511  994.901230 8.234E-21 5.970E+00.08230.269  681.67470.75-.001000             V3         GROUND 26  3  A2      27  3  A1     455522 3 2 2 1 1 1   424.0  440.0
511  994.901400 8.234E-21 5.970E+00.08230.269  681.67470.75-.001000             V3         GROUND 26  3  A1      27  3  A2     455522 3 2 2 1 1 1   424.0  440.0
511  994.905940 7.040E-21 5.912E+00.08190.267  711.89660.75-.001000             V3         GROUND 26  4  E       27  4  E      455522 3 2 2 1 1 1   424.0  440.0
511  994.911990 5.755E-21 5.837E+00.08140.266  750.74330.75-.001000             V3         GROUND 26  5  E       27  5  E      455522 3 2 2 1 1 1   424.0  440.0
511  994.919580 8.997E-21 1.149E+01.08080.263  798.20720.75-.001000             V3         GROUND 26  6  A       27  6  A      455522 3 2 2 1 1 1   424.0  440.0
511  994.928810 3.361E-21 5.639E+00.08000.260  854.27920.75-.001000             V3         GROUND 26  7  E       27  7  E      455522 3 2 2 1 1 1   424.0  440.0
511  994.939820 2.400E-21 5.514E+00.07910.257  918.94840.75-.001000             V3         GROUND 26  8  E       27  8  E      455522 3 2 2 1 1 1   424.0  440.0
511  994.952760 3.277E-21 1.075E+01.07810.253  992.20220.75-.001000             V3         GROUND 26  9  A       27  9  A      455522 3 2 2 1 1 1   424.0  440.0
511  994.961900 4.659E-23 5.819E+00.08270.358 1707.28790.75-.001000          V6+V3             V6 22  4  A1      23  4  A2     455522 2 2 2 1 1 1   360.0  376.0
511  994.961910 4.659E-23 5.819E+00.08270.358 1707.28790.75-.001000          V6+V3             V6 22  4  A2      23  4  A1     455522 2 2 2 1 1 1   360.0  376.0
511  994.967820 1.068E-21 5.215E+00.07690.249 1074.02640.75-.001000             V3         GROUND 26 10  E       27 10  E      455522 3 2 2 1 1 1   424.0  440.0
511  994.985190 6.656E-22 5.043E+00.07580.244 1164.40510.75-.001000             V3         GROUND 26 11  E       27 11  E      455522 3 2 2 1 1 1   424.0  440.0
511  995.005130 7.919E-22 9.704E+00.07440.239 1263.32070.75-.001000             V3         GROUND 26 12  A       27 12  A      455522 3 2 2 1 1 1   424.0  440.0
511  995.016090 1.384E-26 2.240E+00.06170.237 3190.66820.75-.001000          V6+V3             V6 23 19  A1      24 19  A2     455522 2 2 2 1 1 1   376.0  392.0
511  995.016090 1.384E-26 2.240E+00.06170.237 3190.66820.75-.001000          V6+V3             V6 23 19  A2      24 19  A1     455522 2 2 2 1 1 1   376.0  392.0
511  995.027880 2.249E-22 4.646E+00.07290.234 1370.75390.75-.001000             V3         GROUND 26 13  E       27 13  E      455522 3 2 2 1 1 1   424.0  440.0
511  995.053860 1.218E-22 4.421E+00.07130.228 1486.68400.75-.001000             V3         GROUND 26 14  E       27 14  E      455522 3 2 2 1 1 1   424.0  440.0
511  995.070060 3.843E-23 5.719E+00.08210.356 1743.27810.75-.001000          V6+V3             V6 22  5  E       23  5  E      455522 2 2 2 1 1 1   360.0  376.0
511  995.083000 3.510E-22 1.143E+01.08460.433 1401.28470.75-.001000            2V3             V3 19  0  A2      20  0  A1     455522 2 2 2 1 1 1   312.0  328.0
511  995.084240 3.428E-22 1.140E+01.08460.433 1405.60920.75-.001000            2V3             V3 19  1  E       20  1  E      455522 2 2 2 1 1 1   312.0  328.0
511  995.088000 3.195E-22 1.132E+01.08440.432 1418.58170.75-.001000            2V3             V3 19  2  E       20  2  E      455522 2 2 2 1 1 1   312.0  328.0
511  995.094320 2.840E-22 1.118E+01.08400.430 1440.19980.75-.001000            2V3             V3 19  3  A1      20  3  A2     455522 2 2 2 1 1 1   312.0  328.0
511  995.094370 2.840E-22 1.118E+01.08400.430 1440.19980.75-.001000            2V3             V3 19  3  A2      20  3  A1     455522 2 2 2 1 1 1   312.0  328.0
511  995.103400 2.407E-22 1.097E+01.08360.427 1470.45950.75-.001000            2V3             V3 19  4  E       20  4  E      455522 2 2 2 1 1 1   312.0  328.0
511  995.115350 1.946E-22 1.072E+01.08310.424 1509.35490.75-.001000            2V3             V3 19  5  E       20  5  E      455522 2 2 2 1 1 1   312.0  328.0
511  995.130430 1.499E-22 1.040E+01.08230.420 1556.87880.75-.001000            2V3             V3 19  6  A1      20  6  A2     455522 2 2 2 1 1 1   312.0  328.0
511  995.130430 1.499E-22 1.040E+01.08230.420 1556.87880.75-.001000            2V3             V3 19  6  A2      20  6  A1     455522 2 2 2 1 1 1   312.0  328.0
511  995.148920 1.101E-22 1.004E+01.08160.415 1613.02210.75-.001000            2V3             V3 19  7  E       20  7  E      455522 2 2 2 1 1 1   312.0  328.0
511  995.171160 7.691E-23 9.606E+00.08060.410 1677.77430.75-.001000            2V3             V3 19  8  E       20  8  E      455522 2 2 2 1 1 1   312.0  328.0
511  995.182720 3.026E-23 5.596E+00.08150.352 1787.93230.75-.001000          V6+V3             V6 22  6  E       23  6  E      455522 2 2 2 1 1 1   360.0  376.0
511  995.197700 5.112E-23 9.121E+00.07960.404 1751.12320.75-.001000            2V3             V3 19  9  A1      20  9  A2     455522 2 2 2 1 1 1   312.0  328.0
511  995.197700 5.112E-23 9.121E+00.07960.404 1751.12320.75-.001000            2V3             V3 19  9  A2      20  9  A1     455522 2 2 2 1 1 1   312.0  328.0
511  995.228940 3.228E-23 8.577E+00.07840.397 1833.05490.75-.001000            2V3             V3 19 10  E       20 10  E      455522 2 2 2 1 1 1   312.0  328.0
511  995.265550 1.934E-23 7.979E+00.07710.389 1923.55410.75-.001000            2V3             V3 19 11  E       20 11  E      455522 2 2 2 1 1 1   312.0  328.0
511  995.299790 2.274E-23 5.450E+00.08080.348 1841.24160.75-.001000          V6+V3             V6 22  7  A1      23  7  A2     455522 2 2 2 1 1 1   360.0  376.0
511  995.299790 2.274E-23 5.450E+00.08080.348 1841.24160.75-.001000          V6+V3             V6 22  7  A2      23  7  A1     455522 2 2 2 1 1 1   360.0  376.0
511  995.308290 1.096E-23 7.319E+00.07570.381 2022.60380.75-.001000            2V3             V3 19 12  A1      20 12  A2     455522 2 2 2 1 1 1   312.0  328.0
511  995.308290 1.096E-23 7.319E+00.07570.381 2022.60380.75-.001000            2V3             V3 19 12  A2      20 12  A1     455522 2 2 2 1 1 1   312.0  328.0
511  995.358070 5.865E-24 6.608E+00.07420.372 2130.18570.75-.001000            2V3             V3 19 13  E       20 13  E      455522 2 2 2 1 1 1   312.0  328.0
511  995.415950 2.946E-24 5.836E+00.07250.362 2246.27980.75-.001000            2V3             V3 19 14  E       20 14  E      455522 2 2 2 1 1 1   312.0  328.0
511  995.421880 1.630E-23 5.281E+00.07980.344 1903.19470.75-.001000          V6+V3             V6 22  8  E       23  8  E      455522 2 2 2 1 1 1   360.0  376.0
511  995.483300 1.379E-24 5.007E+00.07070.352 2370.86490.75-.001000            2V3             V3 19 15  A1      20 15  A2     455522 2 2 2 1 1 1   312.0  328.0
511  995.483300 1.379E-24 5.007E+00.07070.352 2370.86490.75-.001000            2V3             V3 19 15  A2      20 15  A1     455522 2 2 2 1 1 1   312.0  328.0
511  995.549400 1.115E-23 5.092E+00.07870.339 1973.77910.75-.001000          V6+V3             V6 22  9  E       23  9  E      455522 2 2 2 1 1 1   360.0  376.0
511  995.561770 5.945E-25 4.122E+00.06880.341 2503.91860.75-.001000            2V3             V3 19 16  E       20 16  E      455522 2 2 2 1 1 1   312.0  328.0
511  995.653470 2.304E-25 3.178E+00.06660.329 2645.41730.75-.001000            2V3             V3 19 17  E       20 17  E      455522 2 2 2 1 1 1   312.0  328.0
511  995.682490 7.265E-24 4.877E+00.07770.333 2052.98040.75-.001000          V6+V3             V6 22 10  A1      23 10  A2     455522 2 2 2 1 1 1   360.0  376.0
511  995.682490 7.265E-24 4.877E+00.07770.333 2052.98040.75-.001000          V6+V3             V6 22 10  A2      23 10  A1     455522 2 2 2 1 1 1   360.0  376.0
511  995.761140 7.613E-26 2.177E+00.06450.316 2795.33660.75-.001000            2V3             V3 19 18  A1      20 18  A2     455522 2 2 2 1 1 1   312.0  328.0
511  995.761140 7.613E-26 2.177E+00.06450.316 2795.33660.75-.001000            2V3             V3 19 18  A2      20 18  A1     455522 2 2 2 1 1 1   312.0  328.0
511  995.821540 4.510E-24 4.641E+00.07640.327 2140.78240.75-.001000          V6+V3             V6 22 11  E       23 11  E      455522 2 2 2 1 1 1   360.0  376.0
511  995.888410 1.810E-26 1.118E+00.06220.303 2953.65210.75-.001000            2V3             V3 19 19  E       20 19  E      455522 2 2 2 1 1 1   312.0  328.0
511  995.905330 1.256E-25 2.837E+00.06830.303 2766.87100.75-.001000          V6+V3             V6 21 16  E       22 16  E      455522 2 2 2 1 1 1   344.0  360.0
511  995.913060 2.770E-25 3.222E+00.07020.313 2630.31020.75-.001000          V6+V3             V6 21 15  E       22 15  E      455522 2 2 2 1 1 1   344.0  360.0
511  995.926700 5.741E-25 3.583E+00.07190.322 2502.23580.75-.001000          V6+V3             V6 21 14  A1      22 14  A2     455522 2 2 2 1 1 1   344.0  360.0
511  995.926700 5.741E-25 3.583E+00.07190.322 2502.23580.75-.001000          V6+V3             V6 21 14  A2      22 14  A1     455522 2 2 2 1 1 1   344.0  360.0
511  995.947990 1.123E-24 3.920E+00.07360.331 2382.67300.75-.001000          V6+V3             V6 21 13  E       22 13  E      455522 2 2 2 1 1 1   344.0  360.0
511  995.951270 2.066E-26 1.991E+00.06410.281 3065.34170.75-.001000          V6+V3             V6 21 18  E       22 18  E      455522 2 2 2 1 1 1   344.0  360.0
511  995.967460 2.664E-24 4.381E+00.07500.320 2237.16710.75-.001000          V6+V3             V6 22 12  E       23 12  E      455522 2 2 2 1 1 1   360.0  376.0
511  995.976600 2.079E-24 4.230E+00.07510.339 2271.64490.75-.001000          V6+V3             V6 21 12  E       22 12  E      455522 2 2 2 1 1 1   344.0  360.0
511  995.993310 5.308E-26 2.427E+00.06630.293 2911.89130.75-.001000          V6+V3             V6 21 17  A1      22 17  A2     455522 2 2 2 1 1 1   344.0  360.0
511  995.993310 5.308E-26 2.427E+00.06630.293 2911.89130.75-.001000          V6+V3             V6 21 17  A2      22 17  A1     455522 2 2 2 1 1 1   344.0  360.0
511  996.012010 3.653E-24 4.517E+00.07650.346 2169.17300.75-.001000          V6+V3             V6 21 11  A1      22 11  A2     455522 2 2 2 1 1 1   344.0  360.0
511  996.012010 3.653E-24 4.517E+00.07650.346 2169.17300.75-.001000          V6+V3             V6 21 11  A2      22 11  A1     455522 2 2 2 1 1 1   344.0  360.0
511  996.053720 6.100E-24 4.780E+00.07790.353 2075.27710.75-.001000          V6+V3             V6 21 10  E       22 10  E      455522 2 2 2 1 1 1   344.0  360.0
511  996.101280 9.691E-24 5.016E+00.07890.359 1989.97540.75-.001000          V6+V3             V6 21  9  E       22  9  E      455522 2 2 2 1 1 1   344.0  360.0
511  996.120820 1.496E-24 4.098E+00.07350.312 2342.11480.75-.001000          V6+V3             V6 22 13  A1      23 13  A2     455522 2 2 2 1 1 1   360.0  376.0
511  996.120820 1.496E-24 4.098E+00.07350.312 2342.11480.75-.001000          V6+V3             V6 22 13  A2      23 13  A1     455522 2 2 2 1 1 1   360.0  376.0
511  996.154330 1.466E-23 5.228E+00.08000.365 1913.28440.75-.001000          V6+V3             V6 21  8  A1      22  8  A2     455522 2 2 2 1 1 1   344.0  360.0
511  996.154330 1.466E-23 5.228E+00.08000.365 1913.28440.75-.001000          V6+V3             V6 21  8  A2      22  8  A1     455522 2 2 2 1 1 1   344.0  360.0
511  996.212380 2.114E-23 5.416E+00.08100.369 1845.21910.75-.001000          V6+V3             V6 21  7  E       22  7  E      455522 2 2 2 1 1 1   344.0  360.0
511  996.275360 2.907E-23 5.579E+00.08170.373 1785.79260.75-.001000          V6+V3             V6 21  6  E       22  6  E      455522 2 2 2 1 1 1   344.0  360.0
511  996.282490 7.972E-25 3.793E+00.07180.304 2455.60430.75-.001000          V6+V3             V6 22 14  E       23 14  E      455522 2 2 2 1 1 1   360.0  376.0
511  996.342910 3.812E-23 5.717E+00.08240.377 1735.01670.75-.001000          V6+V3             V6 21  5  A1      22  5  A2     455522 2 2 2 1 1 1   344.0  360.0
511  996.342910 3.812E-23 5.717E+00.08240.377 1735.01670.75-.001000          V6+V3             V6 21  5  A2      22  5  A1     455522 2 2 2 1 1 1   344.0  360.0
511  996.414860 4.770E-23 5.830E+00.08300.380 1692.90130.75-.001000          V6+V3             V6 21  4  E       22  4  E      455522 2 2 2 1 1 1   344.0  360.0
511  996.453560 4.023E-25 3.465E+00.07010.296 2577.61250.75-.001000          V6+V3             V6 22 15  E       23 15  E      455522 2 2 2 1 1 1   360.0  376.0
511  996.491060 5.697E-23 5.919E+00.08340.382 1659.45460.75-.001000          V6+V3             V6 21  3  E       22  3  E      455522 2 2 2 1 1 1   344.0  360.0
511  996.568400 6.494E-23 5.983E+00.08370.384 1634.68690.75-.001000          V6+V3             V6 21  2  A1      22  2  A2     455522 2 2 2 1 1 1   344.0  360.0
511  996.574370 6.494E-23 5.983E+00.08370.384 1634.67940.75-.001000          V6+V3             V6 21  2  A2      22  2  A1     455522 2 2 2 1 1 1   344.0  360.0
511  996.635390 1.916E-25 3.113E+00.06820.286 2708.11470.75-.001000          V6+V3             V6 22 16  A1      23 16  A2     455522 2 2 2 1 1 1   360.0  376.0
511  996.635390 1.916E-25 3.113E+00.06820.286 2708.11470.75-.001000          V6+V3             V6 22 16  A2      23 16  A1     455522 2 2 2 1 1 1   360.0  376.0
511  996.655790 7.067E-23 6.022E+00.08390.385 1618.59190.75-.001000          V6+V3             V6 21  1  E       22  1  E      455522 2 2 2 1 1 1   344.0  360.0
511  996.744300 7.342E-23 6.036E+00.08390.385 1611.18380.75-.001000          V6+V3             V6 21  0  E       22  0  E      455522 2 2 2 1 1 1   344.0  360.0
511  996.753460 7.279E-23 6.024E+00.08390.385 1612.52550.75-.001000          V6+V3             V6 21  1  A2      22  1  A1     455522 2 2 2 1 1 1   344.0  360.0
511  996.829800 8.574E-26 2.738E+00.06630.276 2847.08450.75-.001000          V6+V3             V6 22 17  E       23 17  E      455522 2 2 2 1 1 1   360.0  376.0
511  996.919110 7.285E-23 6.027E+00.08390.385 1612.39660.75-.001000          V6+V3             V6 21  1  A1      22  1  A2     455522 2 2 2 1 1 1   344.0  360.0
511  996.932300 6.896E-23 5.990E+00.08370.384 1622.42270.75-.001000          V6+V3             V6 21  2  E       22  2  E      455522 2 2 2 1 1 1   344.0  360.0
511  997.032910 6.233E-23 5.929E+00.08340.382 1641.06600.75-.001000          V6+V3             V6 21  3  E       22  3  E      455522 2 2 2 1 1 1   344.0  360.0
511  997.039190 3.578E-26 2.340E+00.06420.266 2994.49400.75-.001000          V6+V3             V6 22 18  E       23 18  E      455522 2 2 2 1 1 1   360.0  376.0
511  997.137610 5.378E-23 5.843E+00.08300.380 1668.38780.75-.001000          V6+V3             V6 21  4  A1      22  4  A2     455522 2 2 2 1 1 1   344.0  360.0
511  997.137610 5.378E-23 5.843E+00.08300.380 1668.38780.75-.001000          V6+V3             V6 21  4  A2      22  4  A1     455522 2 2 2 1 1 1   344.0  360.0
511  997.162060 1.213E-20 6.082E+00.08300.294  596.96930.75-.001000             V3         GROUND 25  0  A2      26  0  A1     455522 3 2 2 1 1 1   408.0  424.0
511  997.162780 1.186E-20 6.072E+00.08300.294  601.28910.75-.001000             V3         GROUND 25  1  E       26  1  E      455522 3 2 2 1 1 1   408.0  424.0
511  997.164950 1.109E-20 6.047E+00.08280.293  614.24790.75-.001000             V3         GROUND 25  2  E       26  2  E      455522 3 2 2 1 1 1   408.0  424.0
511  997.167060 3.938E-22 1.153E+01.08510.455 1367.72570.75-.001000            2V3             V3 18  0  A1      19  0  A2     455522 2 2 2 1 1 1   296.0  312.0
511  997.168330 3.845E-22 1.150E+01.08500.455 1372.05080.75-.001000            2V3             V3 18  1  E       19  1  E      455522 2 2 2 1 1 1   296.0  312.0
511  997.168530 9.910E-21 6.002E+00.08240.292  635.84310.75-.001000             V3         GROUND 25  3  A1      26  3  A2     455522 3 2 2 1 1 1   408.0  424.0
511  997.168670 9.910E-21 6.002E+00.08240.292  635.84310.75-.001000             V3         GROUND 25  3  A2      26  3  A1     455522 3 2 2 1 1 1   408.0  424.0
511  997.172170 3.580E-22 1.140E+01.08480.453 1385.02540.75-.001000            2V3             V3 18  2  E       19  2  E      455522 2 2 2 1 1 1   296.0  312.0
511  997.173790 8.466E-21 5.939E+00.08200.290  666.07050.75-.001000             V3         GROUND 25  4  E       26  4  E      455522 3 2 2 1 1 1   408.0  424.0
511  997.178650 3.178E-22 1.124E+01.08450.452 1406.64690.75-.001000            2V3             V3 18  3  A2      19  3  A1     455522 2 2 2 1 1 1   296.0  312.0
511  997.178680 3.178E-22 1.124E+01.08450.452 1406.64690.75-.001000            2V3             V3 18  3  A1      19  3  A2     455522 2 2 2 1 1 1   296.0  312.0
511  997.180610 6.914E-21 5.859E+00.08150.288  704.92430.75-.001000             V3         GROUND 25  5  E       26  5  E      455522 3 2 2 1 1 1   408.0  424.0
511  997.187930 2.688E-22 1.102E+01.08400.449 1436.91130.75-.001000            2V3             V3 18  4  E       19  4  E      455522 2 2 2 1 1 1   296.0  312.0
511  997.189170 1.079E-20 1.152E+01.08090.285  752.39690.75-.001000             V3         GROUND 25  6  A       26  6  A      455522 3 2 2 1 1 1   408.0  424.0
511  997.199590 4.025E-21 5.642E+00.08010.282  808.47910.75-.001000             V3         GROUND 25  7  E       26  7  E      455522 3 2 2 1 1 1   408.0  424.0
511  997.200160 2.167E-22 1.073E+01.08350.446 1475.81280.75-.001000            2V3             V3 18  5  E       19  5  E      455522 2 2 2 1 1 1   296.0  312.0
511  997.212050 2.869E-21 5.508E+00.07920.279  873.16000.75-.001000             V3         GROUND 25  8  E       26  8  E      455522 3 2 2 1 1 1   408.0  424.0
511  997.215600 1.664E-22 1.038E+01.08280.441 1523.34420.75-.001000            2V3             V3 18  6  A1      19  6  A2     455522 2 2 2 1 1 1   296.0  312.0
511  997.215600 1.664E-22 1.038E+01.08280.441 1523.34420.75-.001000            2V3             V3 18  6  A2      19  6  A1     455522 2 2 2 1 1 1   296.0  312.0
511  997.226740 3.907E-21 1.071E+01.07820.275  946.42710.75-.001000             V3         GROUND 25  9  A       26  9  A      455522 3 2 2 1 1 1   408.0  424.0
511  997.234540 1.216E-22 9.969E+00.08190.436 1579.49640.75-.001000            2V3             V3 18  7  E       19  7  E      455522 2 2 2 1 1 1   296.0  312.0
511  997.243900 1.271E-21 5.186E+00.07700.270 1028.26610.75-.001000             V3         GROUND 25 10  E       26 10  E      455522 3 2 2 1 1 1   408.0  424.0
511  997.246630 4.429E-23 5.733E+00.08240.377 1704.38260.75-.001000          V6+V3             V6 21  5  E       22  5  E      455522 2 2 2 1 1 1   344.0  360.0
511  997.257340 8.448E-23 9.489E+00.08100.431 1644.25900.75-.001000            2V3             V3 18  8  E       19  8  E      455522 2 2 2 1 1 1   296.0  312.0
511  997.263770 7.890E-22 4.996E+00.07590.265 1118.66110.75-.001000             V3         GROUND 25 11  E       26 11  E      455522 3 2 2 1 1 1   408.0  424.0
511  997.266980 1.375E-26 1.919E+00.06200.255 3150.31370.75-.001000          V6+V3             V6 22 19  A1      23 19  A2     455522 2 2 2 1 1 1   360.0  376.0
511  997.266980 1.375E-26 1.919E+00.06200.255 3150.31370.75-.001000          V6+V3             V6 22 19  A2      23 19  A1     455522 2 2 2 1 1 1   360.0  376.0
511  997.284550 5.576E-23 8.947E+00.07990.424 1717.61960.75-.001000            2V3             V3 18  9  A1      19  9  A2     455522 2 2 2 1 1 1   296.0  312.0
511  997.284550 5.576E-23 8.947E+00.07990.424 1717.61960.75-.001000            2V3             V3 18  9  A2      19  9  A1     455522 2 2 2 1 1 1   296.0  312.0
511  997.286700 9.351E-22 9.578E+00.07450.259 1217.59460.75-.001000             V3         GROUND 25 12  A       26 12  A      455522 3 2 2 1 1 1   408.0  424.0
511  997.313020 2.643E-22 4.564E+00.07300.253 1325.04720.75-.001000             V3         GROUND 25 13  E       26 13  E      455522 3 2 2 1 1 1   408.0  424.0
511  997.316600 3.490E-23 8.341E+00.07870.417 1799.56450.75-.001000            2V3             V3 18 10  E       19 10  E      455522 2 2 2 1 1 1   296.0  312.0
511  997.343270 1.424E-22 4.321E+00.07140.247 1440.99810.75-.001000             V3         GROUND 25 14  E       26 14  E      455522 3 2 2 1 1 1   408.0  424.0
511  997.354200 2.067E-23 7.670E+00.07740.409 1890.07850.75-.001000            2V3             V3 18 11  E       19 11  E      455522 2 2 2 1 1 1   296.0  312.0
511  997.360250 3.479E-23 5.597E+00.08170.373 1749.04270.75-.001000          V6+V3             V6 21  6  E       22  6  E      455522 2 2 2 1 1 1   344.0  360.0
511  997.377840 1.462E-22 8.123E+00.06970.240 1565.42460.75-.001000             V3         GROUND 25 15  A       26 15  A      455522 3 2 2 1 1 1   408.0  424.0
511  997.398120 1.155E-23 6.938E+00.07590.400 1989.14460.75-.001000            2V3             V3 18 12  A1      19 12  A2     455522 2 2 2 1 1 1   296.0  312.0
511  997.398120 1.155E-23 6.938E+00.07590.400 1989.14460.75-.001000            2V3             V3 18 12  A2      19 12  A1     455522 2 2 2 1 1 1   296.0  312.0
511  997.449320 6.056E-24 6.138E+00.07430.391 2096.74460.75-.001000            2V3             V3 18 13  E       19 13  E      455522 2 2 2 1 1 1   296.0  312.0
511  997.478540 2.607E-23 5.436E+00.08100.369 1802.35920.75-.001000          V6+V3             V6 21  7  A1      22  7  A2     455522 2 2 2 1 1 1   344.0  360.0
511  997.478540 2.607E-23 5.436E+00.08100.369 1802.35920.75-.001000          V6+V3             V6 21  7  A2      22  7  A1     455522 2 2 2 1 1 1   344.0  360.0
511  997.508920 2.960E-24 5.276E+00.07260.381 2212.85860.75-.001000            2V3             V3 18 14  E       19 14  E      455522 2 2 2 1 1 1   296.0  312.0
511  997.578340 1.332E-24 4.351E+00.07070.370 2337.46560.75-.001000            2V3             V3 18 15  A1      19 15  A2     455522 2 2 2 1 1 1   296.0  312.0
511  997.578340 1.332E-24 4.351E+00.07070.370 2337.46560.75-.001000            2V3             V3 18 15  A2      19 15  A1     455522 2 2 2 1 1 1   296.0  312.0
511  997.601970 1.863E-23 5.251E+00.08000.365 1864.32100.75-.001000          V6+V3             V6 21  8  E       22  8  E      455522 2 2 2 1 1 1   344.0  360.0
511  997.659340 5.384E-25 3.359E+00.06880.358 2470.54320.75-.001000            2V3             V3 18 16  E       19 16  E      455522 2 2 2 1 1 1   296.0  312.0
511  997.731020 1.269E-23 5.043E+00.07890.359 1934.91560.75-.001000          V6+V3             V6 21  9  E       22  9  E      455522 2 2 2 1 1 1   344.0  360.0
511  997.754120 1.856E-25 2.304E+00.06660.345 2612.06830.75-.001000            2V3             V3 18 17  E       19 17  E      455522 2 2 2 1 1 1   296.0  312.0
511  997.865580 4.602E-26 1.185E+00.06440.332 2762.01700.75-.001000            2V3             V3 18 18  A1      19 18  A2     455522 2 2 2 1 1 1   296.0  312.0
511  997.865580 4.602E-26 1.185E+00.06440.332 2762.01700.75-.001000            2V3             V3 18 18  A2      19 18  A1     455522 2 2 2 1 1 1   296.0  312.0
511  997.865850 8.226E-24 4.805E+00.07790.353 2014.12840.75-.001000          V6+V3             V6 21 10  A1      22 10  A2     455522 2 2 2 1 1 1   344.0  360.0
511  997.865850 8.226E-24 4.805E+00.07790.353 2014.12840.75-.001000          V6+V3             V6 21 10  A2      22 10  A1     455522 2 2 2 1 1 1   344.0  360.0
511  998.007110 5.075E-24 4.544E+00.07650.346 2101.94330.75-.001000          V6+V3             V6 21 11  E       22 11  E      455522 2 2 2 1 1 1   344.0  360.0
511  998.071040 1.280E-25 2.544E+00.06850.313 2729.85240.75-.001000          V6+V3             V6 20 16  E       21 16  E      455522 2 2 2 1 1 1   328.0  344.0
511  998.075690 2.903E-25 2.970E+00.07050.324 2593.27000.75-.001000          V6+V3             V6 20 15  E       21 15  E      455522 2 2 2 1 1 1   328.0  344.0
511  998.086620 6.137E-25 3.369E+00.07230.333 2465.17470.75-.001000          V6+V3             V6 20 14  A1      21 14  A2     455522 2 2 2 1 1 1   328.0  344.0
511  998.086620 6.137E-25 3.369E+00.07230.333 2465.17470.75-.001000          V6+V3             V6 20 14  A2      21 14  A1     455522 2 2 2 1 1 1   328.0  344.0
511  998.105740 1.218E-24 3.739E+00.07390.343 2345.59190.75-.001000          V6+V3             V6 20 13  E       21 13  E      455522 2 2 2 1 1 1   328.0  344.0
511  998.127580 1.897E-26 1.609E+00.06440.290 3028.36670.75-.001000          V6+V3             V6 20 18  E       21 18  E      455522 2 2 2 1 1 1   328.0  344.0
511  998.132640 2.283E-24 4.086E+00.07540.351 2234.54490.75-.001000          V6+V3             V6 20 12  E       21 12  E      455522 2 2 2 1 1 1   328.0  344.0
511  998.145610 5.197E-26 2.091E+00.06650.302 2874.89460.75-.001000          V6+V3             V6 20 17  A1      21 17  A2     455522 2 2 2 1 1 1   328.0  344.0
511  998.145610 5.197E-26 2.091E+00.06650.302 2874.89460.75-.001000          V6+V3             V6 20 17  A2      21 17  A1     455522 2 2 2 1 1 1   328.0  344.0
511  998.155520 2.976E-24 4.259E+00.07510.339 2198.34230.75-.001000          V6+V3             V6 21 12  E       22 12  E      455522 2 2 2 1 1 1   344.0  360.0
511  998.166710 4.047E-24 4.401E+00.07680.359 2132.05540.75-.001000          V6+V3             V6 20 11  A1      21 11  A2     455522 2 2 2 1 1 1   328.0  344.0
511  998.166710 4.047E-24 4.401E+00.07680.359 2132.05540.75-.001000          V6+V3             V6 20 11  A2      21 11  A1     455522 2 2 2 1 1 1   328.0  344.0
511  998.207390 6.809E-24 4.691E+00.07810.366 2038.14320.75-.001000          V6+V3             V6 20 10  E       21 10  E      455522 2 2 2 1 1 1   328.0  344.0
511  998.254160 1.088E-23 4.952E+00.07930.372 1952.82650.75-.001000          V6+V3             V6 20  9  E       21  9  E      455522 2 2 2 1 1 1   328.0  344.0
511  998.306620 1.655E-23 5.189E+00.08030.378 1876.12190.75-.001000          V6+V3             V6 20  8  A1      21  8  A2     455522 2 2 2 1 1 1   328.0  344.0
511  998.306620 1.655E-23 5.189E+00.08030.378 1876.12190.75-.001000          V6+V3             V6 20  8  A2      21  8  A1     455522 2 2 2 1 1 1   328.0  344.0
511  998.311840 1.656E-24 3.948E+00.07360.331 2303.30590.75-.001000          V6+V3             V6 21 13  A1      22 13  A2     455522 2 2 2 1 1 1   344.0  360.0
511  998.311840 1.656E-24 3.948E+00.07360.331 2303.30590.75-.001000          V6+V3             V6 21 13  A2      22 13  A1     455522 2 2 2 1 1 1   344.0  360.0
511  998.364300 2.395E-23 5.394E+00.08130.383 1808.04440.75-.001000          V6+V3             V6 20  7  E       21  7  E      455522 2 2 2 1 1 1   328.0  344.0
511  998.427020 3.304E-23 5.574E+00.08200.388 1748.60720.75-.001000          V6+V3             V6 20  6  E       21  6  E      455522 2 2 2 1 1 1   328.0  344.0
511  998.477050 8.719E-25 3.611E+00.07190.322 2416.81270.75-.001000          V6+V3             V6 21 14  E       22 14  E      455522 2 2 2 1 1 1   344.0  360.0
511  998.494450 4.344E-23 5.727E+00.08270.392 1697.82190.75-.001000          V6+V3             V6 20  5  A1      21  5  A2     455522 2 2 2 1 1 1   328.0  344.0
511  998.494450 4.344E-23 5.727E+00.08270.392 1697.82190.75-.001000          V6+V3             V6 20  5  A2      21  5  A1     455522 2 2 2 1 1 1   328.0  344.0
511  998.566390 5.447E-23 5.852E+00.08330.395 1655.69850.75-.001000          V6+V3             V6 20  4  E       21  4  E      455522 2 2 2 1 1 1   328.0  344.0
511  998.642680 6.515E-23 5.950E+00.08370.397 1622.24530.75-.001000          V6+V3             V6 20  3  E       21  3  E      455522 2 2 2 1 1 1   328.0  344.0
511  998.652380 4.334E-25 3.249E+00.07020.313 2538.83970.75-.001000          V6+V3             V6 21 15  E       22 15  E      455522 2 2 2 1 1 1   344.0  360.0
511  998.720700 7.435E-23 6.021E+00.08390.399 1597.47180.75-.001000          V6+V3             V6 20  2  A2      21  2  A1     455522 2 2 2 1 1 1   328.0  344.0
511  998.725680 7.435E-23 6.021E+00.08390.399 1597.46560.75-.001000          V6+V3             V6 20  2  A1      21  2  A2     455522 2 2 2 1 1 1   328.0  344.0
511  998.807850 8.096E-23 6.064E+00.08410.400 1581.37370.75-.001000          V6+V3             V6 20  1  E       21  1  E      455522 2 2 2 1 1 1   328.0  344.0
511  998.839400 2.023E-25 2.861E+00.06830.303 2669.36230.75-.001000          V6+V3             V6 21 16  A1      22 16  A2     455522 2 2 2 1 1 1   344.0  360.0
511  998.839400 2.023E-25 2.861E+00.06830.303 2669.36230.75-.001000          V6+V3             V6 21 16  A2      22 16  A1     455522 2 2 2 1 1 1   344.0  360.0
511  998.896690 8.412E-23 6.078E+00.08430.400 1573.96330.75-.001000          V6+V3             V6 20  0  E       21  0  E      455522 2 2 2 1 1 1   328.0  344.0
511  998.913190 8.339E-23 6.065E+00.08410.400 1575.29890.75-.001000          V6+V3             V6 20  1  A1      21  1  A2     455522 2 2 2 1 1 1   328.0  344.0
511  999.040220 8.807E-26 2.449E+00.06630.293 2808.35400.75-.001000          V6+V3             V6 21 17  E       22 17  E      455522 2 2 2 1 1 1   344.0  360.0
511  999.065150 8.345E-23 6.068E+00.08410.400 1575.17980.75-.001000          V6+V3             V6 20  1  A2      21  1  A1     455522 2 2 2 1 1 1   328.0  344.0
511  999.085750 7.895E-23 6.027E+00.08390.399 1585.20120.75-.001000          V6+V3             V6 20  2  E       21  2  E      455522 2 2 2 1 1 1   328.0  344.0
511  999.186960 7.129E-23 5.960E+00.08370.397 1603.84620.75-.001000          V6+V3             V6 20  3  E       21  3  E      455522 2 2 2 1 1 1   328.0  344.0
511  999.230540 4.369E-22 1.163E+01.08560.480 1335.83900.75-.001000            2V3             V3 17  0  A2      18  0  A1     455522 2 2 2 1 1 1   280.0  296.0
511  999.231830 4.265E-22 1.159E+01.08560.479 1340.16470.75-.001000            2V3             V3 17  1  E       18  1  E      455522 2 2 2 1 1 1   280.0  296.0
511  999.235760 3.967E-22 1.149E+01.08540.478 1353.14120.75-.001000            2V3             V3 17  2  E       18  2  E      455522 2 2 2 1 1 1   280.0  296.0
511  999.242370 3.516E-22 1.131E+01.08510.475 1374.76590.75-.001000            2V3             V3 17  3  A1      18  3  A2     455522 2 2 2 1 1 1   280.0  296.0
511  999.242390 3.516E-22 1.131E+01.08510.475 1374.76590.75-.001000            2V3             V3 17  3  A2      18  3  A1     455522 2 2 2 1 1 1   280.0  296.0
511  999.251840 2.967E-22 1.106E+01.08460.472 1405.03490.75-.001000            2V3             V3 17  4  E       18  4  E      455522 2 2 2 1 1 1   280.0  296.0
511  999.257640 3.530E-26 2.011E+00.06410.281 2955.78710.75-.001000          V6+V3             V6 21 18  E       22 18  E      455522 2 2 2 1 1 1   344.0  360.0
511  999.264330 2.384E-22 1.073E+01.08400.467 1443.94220.75-.001000            2V3             V3 17  5  E       18  5  E      455522 2 2 2 1 1 1   280.0  296.0
511  999.280090 1.823E-22 1.034E+01.08330.461 1491.48070.75-.001000            2V3             V3 17  6  A1      18  6  A2     455522 2 2 2 1 1 1   280.0  296.0
511  999.280090 1.823E-22 1.034E+01.08330.461 1491.48070.75-.001000            2V3             V3 17  6  A2      18  6  A1     455522 2 2 2 1 1 1   280.0  296.0
511  999.292370 6.142E-23 5.865E+00.08330.395 1631.17110.75-.001000          V6+V3             V6 20  4  A1      21  4  A2     455522 2 2 2 1 1 1   328.0  344.0
511  999.292380 6.142E-23 5.865E+00.08330.395 1631.17110.75-.001000          V6+V3             V6 20  4  A2      21  4  A1     455522 2 2 2 1 1 1   328.0  344.0
511  999.299440 1.325E-22 9.876E+00.08240.454 1547.64140.75-.001000            2V3             V3 17  7  E       18  7  E      455522 2 2 2 1 1 1   280.0  296.0
511  999.322760 9.142E-23 9.336E+00.08150.446 1612.41380.75-.001000            2V3             V3 17  8  E       18  8  E      455522 2 2 2 1 1 1   280.0  296.0
511  999.350570 5.981E-23 8.726E+00.08030.437 1685.78560.75-.001000            2V3             V3 17  9  A1      18  9  A2     455522 2 2 2 1 1 1   280.0  296.0
511  999.350570 5.981E-23 8.726E+00.08030.437 1685.78560.75-.001000            2V3             V3 17  9  A2      18  9  A1     455522 2 2 2 1 1 1   280.0  296.0
511  999.383380 3.702E-23 8.045E+00.07910.427 1767.74320.75-.001000            2V3             V3 17 10  E       18 10  E      455522 2 2 2 1 1 1   280.0  296.0
511  999.402230 5.047E-23 5.743E+00.08270.392 1667.17020.75-.001000          V6+V3             V6 20  5  E       21  5  E      455522 2 2 2 1 1 1   328.0  344.0
511  999.408090 1.447E-20 6.119E+00.08320.308  552.81720.75-.001000             V3         GROUND 24  0  A1      25  0  A2     455522 3 2 2 1 1 1   392.0  408.0
511  999.408890 1.415E-20 6.111E+00.08310.308  557.13790.75-.001000             V3         GROUND 24  1  E       25  1  E      455522 3 2 2 1 1 1   392.0  408.0
511  999.411290 1.322E-20 6.081E+00.08300.307  570.09890.75-.001000             V3         GROUND 24  2  E       25  2  E      455522 3 2 2 1 1 1   392.0  408.0
511  999.415270 1.181E-20 6.034E+00.08270.306  591.69790.75-.001000             V3         GROUND 24  3  A2      25  3  A1     455522 3 2 2 1 1 1   392.0  408.0
511  999.415380 1.181E-20 6.034E+00.08270.306  591.69790.75-.001000             V3         GROUND 24  3  A1      25  3  A2     455522 3 2 2 1 1 1   392.0  408.0
511  999.421080 1.008E-20 5.965E+00.08220.304  621.93060.75-.001000             V3         GROUND 24  4  E       25  4  E      455522 3 2 2 1 1 1   392.0  408.0
511  999.421880 2.161E-23 7.293E+00.07770.416 1858.27130.75-.001000            2V3             V3 17 11  E       18 11  E      455522 2 2 2 1 1 1   280.0  296.0
511  999.428640 8.222E-21 5.877E+00.08170.302  660.79120.75-.001000             V3         GROUND 24  5  E       25  5  E      455522 3 2 2 1 1 1   392.0  408.0
511  999.438140 1.282E-20 1.154E+01.08100.299  708.27210.75-.001000             V3         GROUND 24  6  A       25  6  A      455522 3 2 2 1 1 1   392.0  408.0
511  999.449730 4.771E-21 5.642E+00.08020.295  764.36410.75-.001000             V3         GROUND 24  7  E       25  7  E      455522 3 2 2 1 1 1   392.0  408.0
511  999.463650 3.393E-21 5.496E+00.07940.291  829.05630.75-.001000             V3         GROUND 24  8  E       25  8  E      455522 3 2 2 1 1 1   392.0  408.0
511  999.466900 1.184E-23 6.468E+00.07620.404 1957.35300.75-.001000            2V3             V3 17 12  A1      18 12  A2     455522 2 2 2 1 1 1   280.0  296.0
511  999.466900 1.184E-23 6.468E+00.07620.404 1957.35300.75-.001000            2V3             V3 17 12  A2      18 12  A1     455522 2 2 2 1 1 1   280.0  296.0
511  999.480000 4.609E-21 1.066E+01.07830.287  902.33620.75-.001000             V3         GROUND 24  9  A       25  9  A      455522 3 2 2 1 1 1   392.0  408.0
511  999.495690 1.273E-26 1.547E+00.06190.269 3111.63200.75-.001000          V6+V3             V6 21 19  A1      22 19  A2     455522 2 2 2 1 1 1   344.0  360.0
511  999.495690 1.273E-26 1.547E+00.06190.269 3111.63200.75-.001000          V6+V3             V6 21 19  A2      22 19  A1     455522 2 2 2 1 1 1   344.0  360.0
511  999.499190 1.494E-21 5.144E+00.07710.282  984.18950.75-.001000             V3         GROUND 24 10  E       25 10  E      455522 3 2 2 1 1 1   392.0  408.0
511  999.516790 3.955E-23 5.593E+00.08200.388 1711.83600.75-.001000          V6+V3             V6 20  6  E       21  6  E      455522 2 2 2 1 1 1   328.0  344.0
511  999.519420 6.041E-24 5.569E+00.07450.390 2064.97020.75-.001000            2V3             V3 17 13  E       18 13  E      455522 2 2 2 1 1 1   280.0  296.0
511  999.521510 9.241E-22 4.938E+00.07590.277 1074.60030.75-.001000             V3         GROUND 24 11  E       25 11  E      455522 3 2 2 1 1 1   392.0  408.0
511  999.547350 1.090E-21 9.423E+00.07450.271 1173.55100.75-.001000             V3         GROUND 24 12  A       25 12  A      455522 3 2 2 1 1 1   392.0  408.0
511  999.577180 3.066E-22 4.469E+00.07300.264 1281.02230.75-.001000             V3         GROUND 24 13  E       25 13  E      455522 3 2 2 1 1 1   392.0  408.0
511  999.580630 2.837E-24 4.600E+00.07280.376 2181.10320.75-.001000            2V3             V3 17 14  E       18 14  E      455522 2 2 2 1 1 1   280.0  296.0
511  999.611620 1.642E-22 4.206E+00.07140.257 1396.99320.75-.001000             V3         GROUND 24 14  E       25 14  E      455522 3 2 2 1 1 1   392.0  408.0
511  999.636210 2.955E-23 5.416E+00.08130.383 1765.15950.75-.001000          V6+V3             V6 20  7  A1      21  7  A2     455522 2 2 2 1 1 1   328.0  344.0
511  999.636210 2.955E-23 5.416E+00.08130.383 1765.15950.75-.001000          V6+V3             V6 20  7  A2      21  7  A1     455522 2 2 2 1 1 1   328.0  344.0
511  999.651280 1.672E-22 7.843E+00.06960.250 1521.44130.75-.001000             V3         GROUND 24 15  A       25 15  A      455522 3 2 2 1 1 1   392.0  408.0
511  999.651990 1.197E-24 3.557E+00.07090.361 2305.73110.75-.001000            2V3             V3 17 15  A1      18 15  A2     455522 2 2 2 1 1 1   280.0  296.0
511  999.651990 1.197E-24 3.557E+00.07090.361 2305.73110.75-.001000            2V3             V3 17 15  A2      18 15  A1     455522 2 2 2 1 1 1   280.0  296.0
511  999.697070 4.042E-23 3.618E+00.06780.241 1654.34210.75-.001000             V3         GROUND 24 16  E       25 16  E      455522 3 2 2 1 1 1   392.0  408.0
511  999.735350 4.307E-25 2.445E+00.06880.344 2438.83160.75-.001000            2V3             V3 17 16  E       18 16  E      455522 2 2 2 1 1 1   280.0  296.0
511  999.760940 2.103E-23 5.211E+00.08030.378 1827.12960.75-.001000          V6+V3             V6 20  8  E       21  8  E      455522 2 2 2 1 1 1   328.0  344.0
511  999.833030 1.114E-25 1.259E+00.06660.327 2580.38200.75-.001000            2V3             V3 17 17  E       18 17  E      455522 2 2 2 1 1 1   280.0  296.0
511  999.891460 1.425E-23 4.978E+00.07930.372 1897.73380.75-.001000          V6+V3             V6 20  9  E       21  9  E      455522 2 2 2 1 1 1   328.0  344.0
