391  911.608420 1.000E-26 1.038E-04.10000.400  933.32760.750.000000             V6           2V12 25  1  E2      26  1  E2     622220 1 1 1 1 1 0   408.0  424.0
391  913.576060 1.000E-26 8.860E-05.10000.400  891.63400.750.000000             V6           2V12 24  1  E2      25  1  E2     622220 1 1 1 1 1 0   392.0  408.0
391  915.527400 1.000E-26 7.633E-05.10000.400  851.53620.750.000000             V6           2V12 23  1  E2      24  1  E2     622220 1 1 1 1 1 0   376.0  392.0
391  917.461110 1.000E-26 6.639E-05.10000.400  813.03530.750.000000             V6           2V12 22  1  E2      23  1  E2     622220 1 1 1 1 1 0   360.0  376.0
391  919.377200 1.000E-26 5.831E-05.10000.400  776.13220.750.000000             V6           2V12 21  1  E2      22  1  E2     622220 1 1 1 1 1 0   344.0  360.0
391  921.277050 1.000E-26 5.171E-05.10000.400  740.82750.750.000000             V6           2V12 20  1  E2      21  1  E2     622220 1 1 1 1 1 0   328.0  344.0
391  923.160020 1.000E-26 4.633E-05.10000.400  707.12220.750.000000             V6           2V12 19  1  E2      20  1  E2     622220 1 1 1 1 1 0   312.0  328.0
391  924.146160 1.000E-26 9.835E-05.10000.400  916.71760.750.000000             V6           2V12 25  0  A+      26  0  A+     622220 1 1 1 1 1 0   408.0  424.0
391  925.026510 1.000E-26 4.195E-05.10000.400  675.01700.750.000000             V6           2V12 18  1  E2      19  1  E2     622220 1 1 1 1 1 0   296.0  312.0
391  925.937440 1.000E-26 8.390E-05.10000.400  875.02770.750.000000             V6           2V12 24  0  A+      25  0  A+     622220 1 1 1 1 1 0   392.0  408.0
391  926.876950 1.000E-26 3.838E-05.10000.400  644.51270.750.000000             V6           2V12 17  1  E2      18  1  E2     622220 1 1 1 1 1 0   280.0  296.0
391  927.712820 1.000E-26 7.225E-05.10000.400  834.93350.750.000000             V6           2V12 23  0  A+      24  0  A+     622220 1 1 1 1 1 0   376.0  392.0
391  928.712690 1.000E-26 3.551E-05.10000.400  615.60980.750.000000             V6           2V12 16  1  E2      17  1  E2     622220 1 1 1 1 1 0   264.0  280.0
391  928.847850 1.000E-26 6.428E-03.10000.400 1830.72530.750.000000        V8+2V12           2V12 33 12  E1      34 12  E1     622220 1 1 1 1 1 0   536.0  552.0
391  929.472930 1.000E-26 6.282E-05.10000.400  796.43600.750.000000             V6           2V12 22  0  A+      23  0  A+     622220 1 1 1 1 1 0   360.0  376.0
391  930.531130 1.000E-26 3.323E-05.10000.400  588.30900.750.000000             V6           2V12 15  1  E2      16  1  E2     622220 1 1 1 1 1 0   248.0  264.0
391  931.216710 1.000E-26 5.514E-05.10000.400  759.53610.750.000000             V6           2V12 21  0  A+      22  0  A+     622220 1 1 1 1 1 0   344.0  360.0
391  931.623220 1.000E-26 5.113E-03.10000.400 1776.20990.750.000000        V8+2V12           2V12 32 12  E1      33 12  E1     622220 1 1 1 1 1 0   520.0  536.0
391  932.335660 1.000E-26 3.147E-05.10000.400  562.61110.750.000000             V6           2V12 14  1  E2      15  1  E2     622220 1 1 1 1 1 0   232.0  248.0
391  932.946560 1.000E-26 4.889E-05.10000.400  724.23460.750.000000             V6           2V12 20  0  A+      21  0  A+     622220 1 1 1 1 1 0   328.0  344.0
391  934.124780 1.000E-26 3.018E-05.10000.400  538.51640.750.000000             V6           2V12 13  1  E2      14  1  E2     622220 1 1 1 1 1 0   216.0  232.0
391  934.300970 1.000E-26 4.101E-03.10000.400 1723.26780.750.000000        V8+2V12           2V12 31 12  E1      32 12  E1     622220 1 1 1 1 1 0   504.0  520.0
391  934.662780 1.000E-26 4.379E-05.10000.400  690.53230.750.000000             V6           2V12 19  0  A+      20  0  A+     622220 1 1 1 1 1 0   312.0  328.0
391  935.899870 1.000E-26 2.932E-05.10000.400  516.02570.750.000000             V6           2V12 12  1  E2      13  1  E2     622220 1 1 1 1 1 0   200.0  216.0
391  936.366050 1.000E-26 3.963E-05.10000.400  658.42990.750.000000             V6           2V12 18  0  A+      19  0  A+     622220 1 1 1 1 1 0   296.0  312.0
391  936.881110 1.000E-26 3.318E-03.10000.400 1671.90140.750.000000        V8+2V12           2V12 30 12  E1      31 12  E1     622220 1 1 1 1 1 0   488.0  504.0
391  937.660160 1.000E-26 2.890E-05.10000.400  495.13930.750.000000             V6           2V12 11  1  E2      12  1  E2     622220 1 1 1 1 1 0   184.0  200.0
391  938.057350 1.000E-26 3.625E-05.10000.400  627.92820.750.000000             V6           2V12 17  0  A+      18  0  A+     622220 1 1 1 1 1 0   280.0  296.0
391  939.368810 1.000E-26 2.707E-03.10000.400 1622.11350.750.000000        V8+2V12           2V12 29 12  E1      30 12  E1     622220 1 1 1 1 1 0   472.0  488.0
391  939.406470 1.000E-26 2.893E-05.10000.400  475.85780.750.000000             V6           2V12 10  1  E2      11  1  E2     622220 1 1 1 1 1 0   168.0  184.0
391  939.737920 1.000E-26 3.352E-05.10000.400  599.02780.750.000000             V6           2V12 16  0  A+      17  0  A+     622220 1 1 1 1 1 0   264.0  280.0
391  941.139740 1.000E-26 2.945E-05.10000.400  458.18160.750.000000             V6           2V12  9  1  E2      10  1  E2     622220 1 1 1 1 1 0   152.0  168.0
391  941.408100 1.000E-26 3.136E-05.10000.400  571.72940.750.000000             V6           2V12 15  0  A+      16  0  A+     622220 1 1 1 1 1 0   248.0  264.0
391  941.772720 1.000E-26 2.227E-03.10000.400 1573.90720.750.000000        V8+2V12           2V12 28 12  E1      29 12  E1     622220 1 1 1 1 1 0   456.0  472.0
391  942.488790 1.000E-26 3.891E-03.10000.400 1688.33100.750.000000        V8+2V12           2V12 28 13  E1      29 13  E1     622220 1 1 1 1 1 0   456.0  472.0
391  942.859930 1.000E-26 3.055E-05.10000.400  442.11100.750.000000             V6           2V12  8  1  E2       9  1  E2     622220 1 1 1 1 1 0   136.0  152.0
391  943.069420 1.000E-26 2.969E-05.10000.400  546.03360.750.000000             V6           2V12 14  0  A+      15  0  A+     622220 1 1 1 1 1 0   232.0  248.0
391  944.545120 1.000E-26 4.948E-03.10000.400 1776.23860.750.000000        V8+2V12           2V12 34 11  A-      35 11  A-     622220 1 1 1 1 1 0   552.0  568.0
391  944.565550 1.000E-26 3.238E-05.10000.400  427.64650.750.000000             V6           2V12  7  1  E2       8  1  E2     622220 1 1 1 1 1 0   120.0  136.0
391  944.722860 1.000E-26 2.846E-05.10000.400  521.94110.750.000000             V6           2V12 13  0  A+      14  0  A+     622220 1 1 1 1 1 0   216.0  232.0
391  945.086210 1.000E-26 3.233E-03.10000.400 1641.81860.750.000000        V8+2V12           2V12 27 13  E1      28 13  E1     622220 1 1 1 1 1 0   440.0  456.0
391  946.259510 1.000E-26 3.522E-05.10000.400  414.78830.750.000000             V6           2V12  6  1  E2       7  1  E2     622220 1 1 1 1 1 0   104.0  120.0
391  946.368570 1.000E-26 2.765E-05.10000.400  499.45220.750.000000             V6           2V12 12  0  A+      13  0  A+     622220 1 1 1 1 1 0   200.0  216.0
391  947.078760 1.000E-26 3.912E-03.10000.400 1720.76580.750.000000        V8+2V12           2V12 33 11  A-      34 11  A-     622220 1 1 1 1 1 0   536.0  552.0
391  947.509640 1.000E-26 2.711E-03.10000.400 1596.90230.750.000000        V8+2V12           2V12 26 13  E1      27 13  E1     622220 1 1 1 1 1 0   424.0  440.0
391  947.940660 1.000E-26 3.955E-05.10000.400  403.53680.750.000000             V6           2V12  5  1  E2       6  1  E2     622220 1 1 1 1 1 0    88.0  104.0
391  948.007950 1.000E-26 2.724E-05.10000.400  478.56760.750.000000             V6           2V12 11  0  A+      12  0  A+     622220 1 1 1 1 1 0   184.0  200.0
391  948.339680 1.000E-26 1.366E-04.10000.400  957.08710.750.000000             V5           2V12 23  1  A-      24  1  A-     622220 1 1 1 1 1 0   376.0  392.0
391  949.277720 1.000E-26 1.581E-04.10000.400  995.31580.750.000000             V5           2V12 24  1  A+      25  1  A+     622220 1 1 1 1 1 0   392.0  408.0
391  949.573510 1.000E-26 3.119E-03.10000.400 1666.86270.750.000000        V8+2V12           2V12 32 11  A-      33 11  A-     622220 1 1 1 1 1 0   520.0  536.0
391  949.608700 1.000E-26 4.628E-05.10000.400  393.89220.750.000000             V6           2V12  4  1  E2       5  1  E2     622220 1 1 1 1 1 0    72.0   88.0
391  949.642140 1.000E-26 2.726E-05.10000.400  459.28780.750.000000             V6           2V12 10  0  A+      11  0  A+     622220 1 1 1 1 1 0   168.0  184.0
391  949.800660 1.000E-26 2.293E-03.10000.400 1553.58460.750.000000        V8+2V12           2V12 25 13  E1      26 13  E1     622220 1 1 1 1 1 0   408.0  424.0
391  950.186550 1.000E-26 1.187E-04.10000.400  918.52740.750.000000             V5           2V12 22  1  A-      23  1  A-     622220 1 1 1 1 1 0   360.0  376.0
391  950.915200 1.000E-26 1.361E-04.10000.400  955.30370.750.000000             V5           2V12 23  1  A+      24  1  A+     622220 1 1 1 1 1 0   376.0  392.0
391  951.265130 1.000E-26 5.742E-05.10000.400  385.85460.750.000000             V6           2V12  3  1  E2       4  1  E2     622220 1 1 1 1 1 0    56.0   72.0
391  951.271330 1.000E-26 2.774E-05.10000.400  441.61300.750.000000             V6           2V12  9  0  A+      10  0  A+     622220 1 1 1 1 1 0   152.0  168.0
391  951.996480 1.000E-26 1.957E-03.10000.400 1511.86800.750.000000        V8+2V12           2V12 24 13  E1      25 13  E1     622220 1 1 1 1 1 0   392.0  408.0
391  952.023530 1.000E-26 1.042E-04.10000.400  881.56740.750.000000             V5           2V12 21  1  A-      22  1  A-     622220 1 1 1 1 1 0   344.0  360.0
391  952.024190 1.000E-26 2.508E-03.10000.400 1614.53040.750.000000        V8+2V12           2V12 31 11  A-      32 11  A-     622220 1 1 1 1 1 0   504.0  520.0
391  952.543540 1.000E-26 1.183E-04.10000.400  916.88490.750.000000             V5           2V12 22  1  A+      23  1  A+     622220 1 1 1 1 1 0   360.0  376.0
391  952.896240 1.000E-26 2.877E-05.10000.400  425.54380.750.000000             V6           2V12  8  0  A+       9  0  A+     622220 1 1 1 1 1 0   136.0  152.0
391  952.908200 1.000E-26 7.818E-05.10000.400  379.42440.750.000000             V6           2V12  2  1  E2       3  1  E2     622220 1 1 1 1 1 0    40.0   56.0
391  953.847540 1.000E-26 9.237E-05.10000.400  846.20810.750.000000             V5           2V12 20  1  A-      21  1  A-     622220 1 1 1 1 1 0   328.0  344.0
391  954.126340 1.000E-26 1.687E-03.10000.400 1471.75420.750.000000        V8+2V12           2V12 23 13  E1      24 13  E1     622220 1 1 1 1 1 0   376.0  392.0
391  954.168230 1.000E-26 1.039E-04.10000.400  880.06020.750.000000             V5           2V12 21  1  A+      22  1  A+     622220 1 1 1 1 1 0   344.0  360.0
391  954.424960 1.000E-26 2.034E-03.10000.400 1563.77010.750.000000        V8+2V12           2V12 30 11  A-      31 11  A-     622220 1 1 1 1 1 0   488.0  504.0
391  954.517750 1.000E-26 3.050E-05.10000.400  411.08050.750.000000             V6           2V12  7  0  A+       8  0  A+     622220 1 1 1 1 1 0   120.0  136.0
391  954.539930 1.000E-26 1.277E-04.10000.400  374.60160.750.000000             V6           2V12  1  1  E2       2  1  E2     622220 1 1 1 1 1 0    24.0   40.0
391  955.650920 1.000E-26 5.160E-04.10000.400 1306.47280.750.000000         V8+V12            V12 34  0  A+      35  0  A+     622220 1 1 1 1 1 0   552.0  568.0
391  955.660320 1.000E-26 8.272E-05.10000.400  812.45010.750.000000             V5           2V12 19  1  A-      20  1  A-     622220 1 1 1 1 1 0   312.0  328.0
391  955.791160 1.000E-26 9.212E-05.10000.400  844.83060.750.000000             V5           2V12 20  1  A+      21  1  A+     622220 1 1 1 1 1 0   328.0  344.0
391  956.136100 1.000E-26 3.317E-05.10000.400  398.22340.750.000000             V6           2V12  6  0  A+       7  0  A+     622220 1 1 1 1 1 0   104.0  120.0
391  957.413430 1.000E-26 8.251E-05.10000.400  811.19670.750.000000             V5           2V12 19  1  A+      20  1  A+     622220 1 1 1 1 1 0   312.0  328.0
391  957.463450 1.000E-26 7.485E-05.10000.400  780.29450.750.000000             V5           2V12 18  1  A-      19  1  A-     622220 1 1 1 1 1 0   296.0  312.0
391  957.540870 1.000E-26 4.061E-04.10000.400 1250.36030.750.000000         V8+V12            V12 33  0  A+      34  0  A+     622220 1 1 1 1 1 0   536.0  552.0
391  957.752390 1.000E-26 3.723E-05.10000.400  386.97280.750.000000             V6           2V12  5  0  A+       6  0  A+     622220 1 1 1 1 1 0    88.0  104.0
391  959.035410 1.000E-26 7.467E-05.10000.400  779.15940.750.000000             V5           2V12 18  1  A+      19  1  A+     622220 1 1 1 1 1 0   296.0  312.0
391  959.044720 1.000E-26 1.372E-03.10000.400 1466.96950.750.000000        V8+2V12           2V12 28 11  A-      29 11  A-     622220 1 1 1 1 1 0   456.0  472.0
391  959.256000 1.000E-26 6.845E-05.10000.400  749.74180.750.000000             V5           2V12 17  1  A-      18  1  A-     622220 1 1 1 1 1 0   280.0  296.0
391  959.366270 1.000E-26 4.357E-05.10000.400  377.32890.750.000000             V6           2V12  4  0  A+       5  0  A+     622220 1 1 1 1 1 0    72.0   88.0
391  959.429500 1.000E-26 3.224E-04.10000.400 1195.83830.750.000000         V8+V12            V12 32  0  A+      33  0  A+     622220 1 1 1 1 1 0   520.0  536.0
391  959.509220 1.000E-26 5.022E-04.10000.400 1299.23610.750.000000         V8+V12            V12 34  1  E2      35  1  E2     622220 1 1 1 1 1 0   552.0  568.0
391  960.656500 1.000E-26 6.831E-05.10000.400  748.71940.750.000000             V5           2V12 17  1  A+      18  1  A+     622220 1 1 1 1 1 0   280.0  296.0
391  960.946190 1.000E-26 7.643E-05.10000.400  371.38630.750.000000             V6           2V12  2  1  E2       1  1  E2     622220 1 1 1 1 1 0    40.0   24.0
391  960.978460 1.000E-26 5.404E-05.10000.400  369.29210.750.000000             V6           2V12  3  0  A+       4  0  A+     622220 1 1 1 1 1 0    56.0   72.0
391  961.041080 1.000E-26 6.330E-05.10000.400  720.79300.750.000000             V5           2V12 16  1  A-      17  1  A-     622220 1 1 1 1 1 0   264.0  280.0
391  961.094010 1.000E-26 1.042E-03.10000.400 1448.68840.750.000000         V8+V12            V12 34  7  A-      35  7  A-     622220 1 1 1 1 1 0   552.0  568.0
391  961.238800 1.000E-26 1.142E-03.10000.400 1420.93110.750.000000        V8+2V12           2V12 27 11  A-      28 11  A-     622220 1 1 1 1 1 0   440.0  456.0
391  961.315880 1.000E-26 2.582E-04.10000.400 1142.90800.750.000000         V8+V12            V12 31  0  A+      32  0  A+     622220 1 1 1 1 1 0   504.0  520.0
391  961.466900 1.000E-26 3.953E-04.10000.400 1243.12800.750.000000         V8+V12            V12 33  1  E2      34  1  E2     622220 1 1 1 1 1 0   536.0  552.0
391  961.711170 1.000E-26 4.820E-04.10000.400 1289.88180.750.000000         V7+V12            V12 34  1  E1      35  2  E1     622220 1 1 1 1 1 0   552.0  568.0
391  961.764550 1.000E-26 7.940E-04.10000.400 1392.56320.750.000000         V8+V12            V12 34  5  E2      35  5  E2     622220 1 1 1 1 1 0   552.0  568.0
391  962.278330 1.000E-26 6.318E-05.10000.400  719.87740.750.000000             V5           2V12 16  1  A+      17  1  A+     622220 1 1 1 1 1 0   264.0  280.0
391  962.517320 1.000E-26 5.563E-05.10000.400  374.60160.750.000000             V6           2V12  3  1  E2       2  1  E2     622220 1 1 1 1 1 0    56.0   40.0
391  962.589370 1.000E-26 7.357E-05.10000.400  362.86240.750.000000             V6           2V12  2  0  A+       3  0  A+     622220 1 1 1 1 1 0    40.0   56.0
391  962.816420 1.000E-26 5.921E-05.10000.400  693.44860.750.000000             V5           2V12 15  1  A-      16  1  A-     622220 1 1 1 1 1 0   248.0  264.0
391  963.020750 1.000E-26 8.202E-04.10000.400 1392.65630.750.000000         V8+V12            V12 33  7  A-      34  7  A-     622220 1 1 1 1 1 0   536.0  552.0
391  963.199130 1.000E-26 2.086E-04.10000.400 1091.57050.750.000000         V8+V12            V12 30  0  A+      31  0  A+     622220 1 1 1 1 1 0   488.0  504.0
391  963.306580 1.000E-26 6.447E-04.10000.400 1349.04170.750.000000         V8+V12            V12 34  4  A-      35  4  A-     622220 1 1 1 1 1 0   552.0  568.0
391  963.329210 1.000E-26 9.590E-04.10000.400 1376.46850.750.000000        V8+2V12           2V12 26 11  A-      27 11  A-     622220 1 1 1 1 1 0   424.0  440.0
391  963.374280 1.000E-26 9.389E-04.10000.400 1426.35710.750.000000         V8+V12            V12 34  8  E1      35  8  E1     622220 1 1 1 1 1 0   552.0  568.0
391  963.418210 1.000E-26 3.138E-04.10000.400 1188.61050.750.000000         V8+V12            V12 32  1  E2      33  1  E2     622220 1 1 1 1 1 0   520.0  536.0
391  963.799170 1.000E-26 3.795E-04.10000.400 1233.76670.750.000000         V7+V12            V12 33  1  E1      34  2  E1     622220 1 1 1 1 1 0   536.0  552.0
391  963.824180 1.000E-26 6.248E-04.10000.400 1336.34690.750.000000         V8+V12            V12 33  5  E2      34  5  E2     622220 1 1 1 1 1 0   536.0  552.0
391  963.900860 1.000E-26 5.911E-05.10000.400  692.63410.750.000000             V5           2V12 15  1  A+      16  1  A+     622220 1 1 1 1 1 0   248.0  264.0
391  964.074750 1.000E-26 4.443E-05.10000.400  379.42440.750.000000             V6           2V12  4  1  E2       3  1  E2     622220 1 1 1 1 1 0    72.0   56.0
391  964.199190 1.000E-26 1.202E-04.10000.400  358.04000.750.000000             V6           2V12  1  0  A+       2  0  A+     622220 1 1 1 1 1 0    24.0   40.0
391  964.583030 1.000E-26 5.605E-05.10000.400  667.70930.750.000000             V5           2V12 14  1  A-      15  1  A-     622220 1 1 1 1 1 0   232.0  248.0
391  964.932000 1.000E-26 6.514E-04.10000.400 1338.21050.750.000000         V8+V12            V12 32  7  A-      33  7  A-     622220 1 1 1 1 1 0   520.0  536.0
391  965.058170 1.000E-26 4.792E-04.10000.400 1287.29880.750.000000         V8+V12            V12 34  3  A+      35  3  A+     622220 1 1 1 1 1 0   552.0  568.0
391  965.067880 1.000E-26 4.793E-04.10000.400 1287.32110.750.000000         V8+V12            V12 34  3  A-      35  3  A-     622220 1 1 1 1 1 0   552.0  568.0
391  965.282800 1.000E-26 8.868E-04.10000.400 1413.81580.750.000000         V8+V12            V12 34  7  E1      35  7  E1     622220 1 1 1 1 1 0   552.0  568.0
391  965.287560 1.000E-26 8.123E-04.10000.400 1333.58240.750.000000        V8+2V12           2V12 25 11  A-      26 11  A-     622220 1 1 1 1 1 0   408.0  424.0
391  965.362660 1.000E-26 2.513E-04.10000.400 1135.68500.750.000000         V8+V12            V12 31  1  E2      32  1  E2     622220 1 1 1 1 1 0   504.0  520.0
391  965.396670 1.000E-26 5.440E-04.10000.400 1313.23090.750.000000         V8+V12            V12 34  5  E1      35  5  E1     622220 1 1 1 1 1 0   552.0  568.0
391  965.443170 1.000E-26 5.071E-04.10000.400 1292.70360.750.000000         V8+V12            V12 33  4  A-      34  4  A-     622220 1 1 1 1 1 0   536.0  552.0
391  965.524290 1.000E-26 5.596E-05.10000.400  666.99010.750.000000             V5           2V12 14  1  A+      15  1  A+     622220 1 1 1 1 1 0   232.0  248.0
391  965.622230 1.000E-26 3.763E-05.10000.400  385.85460.750.000000             V6           2V12  5  1  E2       4  1  E2     622220 1 1 1 1 1 0    88.0   72.0
391  965.639470 1.000E-26 2.404E-04.10000.400 1145.16160.750.000000             V7         GROUND 34  5  E2      35  6  E2     622220 1 1 1 1 1 0   552.0  568.0
391  965.671550 1.000E-26 4.967E-04.10000.400 1294.42020.750.000000         V8+V12            V12 34  4  E2      35  4  E2     622220 1 1 1 1 1 0   552.0  568.0
391  965.745850 1.000E-26 5.035E-04.10000.400 1297.17460.750.000000         V8+V12            V12 34  3  E1      35  3  E1     622220 1 1 1 1 1 0   552.0  568.0
391  965.807760 1.000E-26 3.561E-04.10000.400  354.82500.750.000000             V6           2V12  0  0  A+       1  0  A+     622220 1 1 1 1 1 0     8.0   24.0
391  965.873530 1.000E-26 3.014E-04.10000.400 1179.24280.750.000000         V7+V12            V12 32  1  E1      33  2  E1     622220 1 1 1 1 1 0   520.0  536.0
391  965.875000 1.000E-26 4.959E-04.10000.400 1281.72730.750.000000         V8+V12            V12 32  5  E2      33  5  E2     622220 1 1 1 1 1 0   520.0  536.0
391  965.964870 1.000E-26 2.439E-04.10000.400 1147.94420.750.000000             V7         GROUND 34  5  A+      35  6  A+     622220 1 1 1 1 1 0   552.0  568.0
391  965.974040 1.000E-26 2.439E-04.10000.400 1147.94410.750.000000             V7         GROUND 34  5  A-      35  6  A-     622220 1 1 1 1 1 0   552.0  568.0
391  966.126140 1.000E-26 4.863E-04.10000.400 1289.88180.750.000000         V8+V12            V12 34  2  E1      35  2  E1     622220 1 1 1 1 1 0   552.0  568.0
391  966.202740 1.000E-26 4.266E-04.10000.400 1262.91520.750.000000         V8+V12            V12 34  2  E2      35  2  E2     622220 1 1 1 1 1 0   552.0  568.0
391  966.212010 1.000E-26 3.765E-04.10000.400 1237.19930.750.000000         V8+V12            V12 34  1  A-      35  1  A-     622220 1 1 1 1 1 0   552.0  568.0
391  966.227010 1.000E-26 6.619E-04.10000.400 1353.25040.750.000000         V8+V12            V12 34  6  E2      35  6  E2     622220 1 1 1 1 1 0   552.0  568.0
391  966.272670 1.000E-26 1.573E-04.10000.400 1057.60200.750.000000             V8         GROUND 34  3  E2      35  3  E2     622220 1 1 1 1 1 0   552.0  568.0
391  966.340780 1.000E-26 5.373E-05.10000.400  643.57570.750.000000             V5           2V12 13  1  A-      14  1  A-     622220 1 1 1 1 1 0   216.0  232.0
391  966.387360 1.000E-26 1.937E-04.10000.400 1100.35450.750.000000             V8         GROUND 34  5  E2      35  5  E2     622220 1 1 1 1 1 0   552.0  568.0
391  966.422340 1.000E-26 5.989E-04.10000.400 1332.59980.750.000000         V8+V12            V12 34  6  A+      35  6  A+     622220 1 1 1 1 1 0   552.0  568.0
391  966.422530 1.000E-26 5.989E-04.10000.400 1332.59960.750.000000         V8+V12            V12 34  6  A-      35  6  A-     622220 1 1 1 1 1 0   552.0  568.0
391  966.446300 1.000E-26 2.028E-04.10000.400 1109.81100.750.000000             V8         GROUND 34  5  A-      35  5  A-     622220 1 1 1 1 1 0   552.0  568.0
391  966.457760 1.000E-26 2.028E-04.10000.400 1109.80750.750.000000             V8         GROUND 34  5  A+      35  5  A+     622220 1 1 1 1 1 0   552.0  568.0
391  966.566360 1.000E-26 3.733E-04.10000.400 1235.27420.750.000000         V8+V12            V12 34  1  A+      35  1  A+     622220 1 1 1 1 1 0   552.0  568.0
391  966.617390 1.000E-26 9.892E-05.10000.400  891.63400.750.000000             V6           2V12 24  1  E2      25  1  E2     622220 1 1 1 1 1 0   392.0  408.0
391  966.641130 1.000E-26 1.761E-04.10000.400 1080.73390.750.000000             V8         GROUND 34  4  E1      35  4  E1     622220 1 1 1 1 1 0   552.0  568.0
391  966.685770 1.000E-26 1.790E-03.10000.400 1557.78350.750.000000         V8+V12            V12 34 10  E1      35 10  E1     622220 1 1 1 1 1 0   552.0  568.0
391  966.710460 1.000E-26 3.456E-04.10000.400 1219.33620.750.000000         V8+V12            V12 34  0  E1      35  0  E1     622220 1 1 1 1 1 0   552.0  568.0
391  966.714090 1.000E-26 1.431E-04.10000.400 1037.91260.750.000000             V8         GROUND 34  2  E2      35  2  E2     622220 1 1 1 1 1 0   552.0  568.0
391  966.719000 1.000E-26 3.725E-04.10000.400 1234.80110.750.000000         V8+V12            V12 34  3  E2      35  3  E2     622220 1 1 1 1 1 0   552.0  568.0
391  966.721700 1.000E-26 2.900E-04.10000.400 1183.24610.750.000000             V8         GROUND 34  7  A-      35  7  A-     622220 1 1 1 1 1 0   552.0  568.0
391  966.730040 1.000E-26 1.459E-04.10000.400 1041.92540.750.000000             V8         GROUND 34  2  A+      35  2  A+     622220 1 1 1 1 1 0   552.0  568.0
391  966.823060 1.000E-26 1.495E-03.10000.400 1520.55640.750.000000         V8+V12            V12 34  9  E1      35  9  E1     622220 1 1 1 1 1 0   552.0  568.0
391  966.826470 1.000E-26 5.218E-04.10000.400 1285.35220.750.000000         V8+V12            V12 31  7  A-      32  7  A-     622220 1 1 1 1 1 0   504.0  520.0
391  966.873440 1.000E-26 3.354E-04.10000.400 1213.12880.750.000000         V8+V12            V12 34  1  E1      35  1  E1     622220 1 1 1 1 1 0   552.0  568.0
391  966.898470 1.000E-26 4.275E-04.10000.400 1263.04870.750.000000         V8+V12            V12 34  4  E1      35  4  E1     622220 1 1 1 1 1 0   552.0  568.0
391  966.926930 1.000E-26 7.278E-04.10000.400 1372.48780.750.000000         V8+V12            V12 34  7  E2      35  7  E2     622220 1 1 1 1 1 0   552.0  568.0
391  966.941060 1.000E-26 2.012E-04.10000.400 1108.00300.750.000000             V8         GROUND 34  5  E1      35  5  E1     622220 1 1 1 1 1 0   552.0  568.0
391  966.953050 1.000E-26 1.514E-04.10000.400 1049.46230.750.000000             V8         GROUND 34  3  E1      35  3  E1     622220 1 1 1 1 1 0   552.0  568.0
391  966.964470 1.000E-26 3.435E-04.10000.400 1217.97730.750.000000         V8+V12            V12 34  2  A+      35  2  A+     622220 1 1 1 1 1 0   552.0  568.0
391  966.972670 1.000E-26 1.430E-04.10000.400 1037.77590.750.000000             V8         GROUND 34  2  A-      35  2  A-     622220 1 1 1 1 1 0   552.0  568.0
391  966.975050 1.000E-26 1.374E-04.10000.400 1029.46790.750.000000             V8         GROUND 34  1  A-      35  1  A-     622220 1 1 1 1 1 0   552.0  568.0
391  966.987420 1.000E-26 1.518E-04.10000.400 1050.03610.750.000000             V8         GROUND 34  3  A-      35  3  A-     622220 1 1 1 1 1 0   552.0  568.0
391  966.991850 1.000E-26 1.368E-04.10000.400 1028.55590.750.000000             V8         GROUND 34  1  E1      35  1  E1     622220 1 1 1 1 1 0   552.0  568.0
391  967.038500 1.000E-26 1.251E-03.10000.400 1483.81440.750.000000         V8+V12            V12 34  8  A+      35  8  A+     622220 1 1 1 1 1 0   552.0  568.0
391  967.085830 1.000E-26 6.942E-04.10000.400 1292.27350.750.000000        V8+2V12           2V12 24 11  A-      25 11  A-     622220 1 1 1 1 1 0   392.0  408.0
391  967.102490 1.000E-26 2.327E-04.10000.400 1137.86950.750.000000             V8         GROUND 34  6  E1      35  6  E1     622220 1 1 1 1 1 0   552.0  568.0
391  967.112730 1.000E-26 1.681E-04.10000.400 1070.93160.750.000000             V8         GROUND 34  4  A+      35  4  A+     622220 1 1 1 1 1 0   552.0  568.0
391  967.129220 1.000E-26 1.680E-04.10000.400 1070.74840.750.000000             V8         GROUND 34  4  A-      35  4  A-     622220 1 1 1 1 1 0   552.0  568.0
391  967.148990 1.000E-26 5.365E-05.10000.400  642.94600.750.000000             V5           2V12 13  1  A+      14  1  A+     622220 1 1 1 1 1 0   216.0  232.0
391  967.155630 1.000E-26 3.321E-05.10000.400  393.89220.750.000000             V6           2V12  6  1  E2       5  1  E2     622220 1 1 1 1 1 0   104.0   88.0
391  967.179790 1.000E-26 1.508E-04.10000.400 1048.51780.750.000000             V8         GROUND 34  3  A+      35  3  A+     622220 1 1 1 1 1 0   552.0  568.0
391  967.240640 1.000E-26 3.774E-04.10000.400 1231.17660.750.000000         V8+V12            V12 33  3  A+      34  3  A+     622220 1 1 1 1 1 0   536.0  552.0
391  967.249530 1.000E-26 3.774E-04.10000.400 1231.19560.750.000000         V8+V12            V12 33  3  A-      34  3  A-     622220 1 1 1 1 1 0   536.0  552.0
391  967.299400 1.000E-26 2.030E-04.10000.400 1084.35300.750.000000         V8+V12            V12 30  1  E2      31  1  E2     622220 1 1 1 1 1 0   488.0  504.0
391  967.343870 1.000E-26 1.247E-04.10000.400 1009.37240.750.000000             V8         GROUND 34  0  A+      35  0  A+     622220 1 1 1 1 1 0   552.0  568.0
391  967.368260 1.000E-26 1.370E-04.10000.400 1028.71970.750.000000             V8         GROUND 34  2  E1      35  2  E1     622220 1 1 1 1 1 0   552.0  568.0
391  967.430910 1.000E-26 5.191E-04.10000.400 1302.75940.750.000000         V8+V12            V12 34  5  A-      35  5  A-     622220 1 1 1 1 1 0   552.0  568.0
391  967.496990 1.000E-26 3.941E-04.10000.400 1246.05660.750.000000             V8         GROUND 34  8  E1      35  8  E1     622220 1 1 1 1 1 0   552.0  568.0
391  967.517960 1.000E-26 1.273E-04.10000.400 1013.61330.750.000000             V8         GROUND 34  1  A+      35  1  A+     622220 1 1 1 1 1 0   552.0  568.0
391  967.534150 1.000E-26 1.278E-04.10000.400 1014.37100.750.000000             V8         GROUND 34  0  E1      35  0  E1     622220 1 1 1 1 1 0   552.0  568.0
391  967.559010 1.000E-26 4.023E-04.10000.400 1237.96430.750.000000         V8+V12            V12 32  4  A-      33  4  A-     622220 1 1 1 1 1 0   520.0  536.0
391  967.572870 1.000E-26 6.991E-04.10000.400 1357.88040.750.000000         V8+V12            V12 33  7  E1      34  7  E1     622220 1 1 1 1 1 0   536.0  552.0
391  967.617210 1.000E-26 1.263E-04.10000.400 1011.94460.750.000000             V8         GROUND 34  1  E2      35  1  E2     622220 1 1 1 1 1 0   552.0  568.0
391  967.623520 1.000E-26 2.447E-04.10000.400 1147.94410.750.000000             V8         GROUND 34  6  A-      35  6  A-     622220 1 1 1 1 1 0   552.0  568.0
391  967.652910 1.000E-26 1.715E-04.10000.400 1074.82060.750.000000             V8         GROUND 34  4  E2      35  4  E2     622220 1 1 1 1 1 0   552.0  568.0
391  967.677970 1.000E-26 4.279E-04.10000.400 1256.87460.750.000000         V8+V12            V12 33  5  E1      34  5  E1     622220 1 1 1 1 1 0   536.0  552.0
391  967.709860 1.000E-26 1.005E-03.10000.400 1438.63810.750.000000             V8         GROUND 34 11  E1      35 11  E1     622220 1 1 1 1 1 0   552.0  568.0
391  967.764670 1.000E-26 9.969E-04.10000.400 1436.86770.750.000000             V8         GROUND 34 11  E1      35 11  E1     622220 1 1 1 1 1 0   552.0  568.0
391  967.764840 1.000E-26 1.892E-04.10000.400 1088.96310.750.000000             V7         GROUND 33  5  E2      34  6  E2     622220 1 1 1 1 1 0   536.0  552.0
391  967.801050 1.000E-26 5.221E-04.10000.400 1303.79270.750.000000             V8         GROUND 34  9  A+      35  9  A+     622220 1 1 1 1 1 0   552.0  568.0
391  967.811080 1.000E-26 3.063E-04.10000.400 1194.09010.750.000000             V8         GROUND 34  7  E2      35  7  E2     622220 1 1 1 1 1 0   552.0  568.0
391  967.813170 1.000E-26 7.010E-04.10000.400 1364.38540.750.000000             V8         GROUND 34 10  A+      35 10  A+     622220 1 1 1 1 1 0   552.0  568.0
391  967.886510 1.000E-26 3.972E-04.10000.400 1241.47400.750.000000         V8+V12            V12 33  3  E1      34  3  E1     622220 1 1 1 1 1 0   536.0  552.0
391  967.901990 1.000E-26 3.971E-04.10000.400 1228.70580.750.000000         V8+V12            V12 31  5  E2      32  5  E2     622220 1 1 1 1 1 0   504.0  520.0
391  967.913930 1.000E-26 3.910E-04.10000.400 1238.22790.750.000000         V8+V12            V12 33  4  E2      34  4  E2     622220 1 1 1 1 1 0   536.0  552.0
391  967.928220 1.000E-26 2.414E-04.10000.400 1126.31110.750.000000         V7+V12            V12 31  1  E1      32  2  E1     622220 1 1 1 1 1 0   504.0  520.0
391  967.955140 1.000E-26 1.445E-03.10000.400 1513.10460.750.000000             V8         GROUND 34 12  A+      35 12  A+     622220 1 1 1 1 1 0   552.0  568.0
391  968.039920 1.000E-26 7.110E-04.10000.400 1367.20750.750.000000             V8         GROUND 34 10  E1      35 10  E1     622220 1 1 1 1 1 0   552.0  568.0
391  968.041460 1.000E-26 1.024E-03.10000.400 1442.20130.750.000000        V8+2V12           2V12 34  3  E1      35  3  E1     622220 1 1 1 1 1 0   552.0  568.0
391  968.090240 1.000E-26 5.220E-05.10000.400  621.04850.750.000000             V5           2V12 12  1  A-      13  1  A-     622220 1 1 1 1 1 0   200.0  216.0
391  968.101100 1.000E-26 1.920E-04.10000.400 1091.80500.750.000000             V7         GROUND 33  5  A+      34  6  A+     622220 1 1 1 1 1 0   536.0  552.0
391  968.109860 1.000E-26 1.920E-04.10000.400 1091.80490.750.000000             V7         GROUND 33  5  A-      34  6  A-     622220 1 1 1 1 1 0   536.0  552.0
391  968.118180 1.000E-26 3.828E-04.10000.400 1233.76670.750.000000         V8+V12            V12 33  2  E1      34  2  E1     622220 1 1 1 1 1 0   536.0  552.0
391  968.141170 1.000E-26 5.050E-04.10000.400 1296.78980.750.000000             V8         GROUND 34  9  E1      35  9  E1     622220 1 1 1 1 1 0   552.0  568.0
391  968.153270 1.000E-26 7.576E-04.10000.400 1380.21930.750.000000        V8+2V12           2V12 34  1  E2      35  1  E2     622220 1 1 1 1 1 0   552.0  568.0
391  968.238370 1.000E-26 1.000E-03.10000.400 1437.34330.750.000000        V8+2V12           2V12 34  4  A-      35  4  A-     622220 1 1 1 1 1 0   552.0  568.0
391  968.285410 1.000E-26 8.516E-05.10000.400  851.53620.750.000000             V6           2V12 23  1  E2      24  1  E2     622220 1 1 1 1 1 0   376.0  392.0
391  968.297380 1.000E-26 1.411E-03.10000.400 1508.11270.750.000000             V8         GROUND 34 12  E1      35 12  E1     622220 1 1 1 1 1 0   552.0  568.0
391  968.338080 1.000E-26 5.877E-04.10000.400 1315.62880.750.000000         V8+V12            V12 32  8  E1      33  8  E1     622220 1 1 1 1 1 0   520.0  536.0
391  968.366330 1.000E-26 9.593E-04.10000.400 1428.71420.750.000000             V8         GROUND 34 11  A-      35 11  A-     622220 1 1 1 1 1 0   552.0  568.0
391  968.394070 1.000E-26 3.364E-04.10000.400 1207.04930.750.000000         V8+V12            V12 33  2  E2      34  2  E2     622220 1 1 1 1 1 0   536.0  552.0
391  968.440340 1.000E-26 2.967E-04.10000.400 1181.22030.750.000000         V8+V12            V12 33  1  A-      34  1  A-     622220 1 1 1 1 1 0   536.0  552.0
391  968.458080 1.000E-26 4.959E-04.10000.400 1292.90610.750.000000             V8         GROUND 34  9  E2      35  9  E2     622220 1 1 1 1 1 0   552.0  568.0
391  968.534890 1.000E-26 1.238E-04.10000.400 1001.39470.750.000000             V8         GROUND 33  3  E2      34  3  E2     622220 1 1 1 1 1 0   536.0  552.0
391  968.587240 1.000E-26 1.524E-04.10000.400 1044.12200.750.000000             V8         GROUND 33  5  E2      34  5  E2     622220 1 1 1 1 1 0   536.0  552.0
391  968.628170 1.000E-26 3.769E-04.10000.400 1236.38050.750.000000             V8         GROUND 34  8  A+      35  8  A+     622220 1 1 1 1 1 0   552.0  568.0
391  968.636820 1.000E-26 6.773E-04.10000.400 1356.98490.750.000000             V8         GROUND 34 10  E1      35 10  E1     622220 1 1 1 1 1 0   552.0  568.0
391  968.636990 1.000E-26 1.596E-04.10000.400 1053.60540.750.000000             V8         GROUND 33  5  A-      34  5  A-     622220 1 1 1 1 1 0   536.0  552.0
391  968.644740 1.000E-26 4.726E-04.10000.400 1276.89760.750.000000         V8+V12            V12 33  6  A-      34  6  A-     622220 1 1 1 1 1 0   536.0  552.0
391  968.646450 1.000E-26 1.596E-04.10000.400 1053.60270.750.000000             V8         GROUND 33  5  A+      34  5  A+     622220 1 1 1 1 1 0   536.0  552.0
391  968.675390 1.000E-26 3.026E-05.10000.400  403.53680.750.000000             V6           2V12  7  1  E2       6  1  E2     622220 1 1 1 1 1 0   120.0  104.0
391  968.707840 1.000E-26 4.216E-04.10000.400 1234.08270.750.000000         V8+V12            V12 30  7  A-      31  7  A-     622220 1 1 1 1 1 0   488.0  504.0
391  968.775650 1.000E-26 5.213E-05.10000.400  620.50240.750.000000             V5           2V12 12  1  A+      13  1  A+     622220 1 1 1 1 1 0   200.0  216.0
391  968.778770 1.000E-26 2.943E-04.10000.400 1179.39640.750.000000         V8+V12            V12 33  1  A+      34  1  A+     622220 1 1 1 1 1 0   536.0  552.0
391  968.789460 1.000E-26 1.386E-04.10000.400 1024.53040.750.000000             V8         GROUND 33  4  E1      34  4  E1     622220 1 1 1 1 1 0   536.0  552.0
391  968.804990 1.000E-26 5.220E-04.10000.400 1297.28740.750.000000         V8+V12            V12 33  6  E2      34  6  E2     622220 1 1 1 1 1 0   536.0  552.0
391  968.872640 1.000E-26 4.728E-04.10000.400 1276.89780.750.000000         V8+V12            V12 33  6  A+      34  6  A+     622220 1 1 1 1 1 0   536.0  552.0
391  968.926580 1.000E-26 1.148E-04.10000.400  985.59610.750.000000             V8         GROUND 33  2  A+      34  2  A+     622220 1 1 1 1 1 0   536.0  552.0
391  968.932110 1.000E-26 2.283E-04.10000.400 1127.10660.750.000000             V8         GROUND 33  7  A-      34  7  A-     622220 1 1 1 1 1 0   536.0  552.0
391  968.940360 1.000E-26 1.177E-03.10000.400 1464.51700.750.000000         V8+V12            V12 33  9  E1      34  9  E1     622220 1 1 1 1 1 0   536.0  552.0
391  968.941970 1.000E-26 2.724E-04.10000.400 1163.38240.750.000000         V8+V12            V12 33  0  E1      34  0  E1     622220 1 1 1 1 1 0   536.0  552.0
391  968.969050 1.000E-26 2.936E-04.10000.400 1178.82680.750.000000         V8+V12            V12 33  3  E2      34  3  E2     622220 1 1 1 1 1 0   536.0  552.0
391  968.974160 1.000E-26 1.411E-03.10000.400 1501.84910.750.000000         V8+V12            V12 33 10  E1      34 10  E1     622220 1 1 1 1 1 0   536.0  552.0
391  969.021570 1.000E-26 1.185E-04.10000.400  353.21750.750.000000             V6           2V12  1  0  A+       0  0  A+     622220 1 1 1 1 1 0    24.0    8.0
391  969.029570 1.000E-26 2.970E-04.10000.400 1187.22580.750.000000             V8         GROUND 34  7  E1      35  7  E1     622220 1 1 1 1 1 0   552.0  568.0
391  969.062130 1.000E-26 1.267E-03.10000.400 1485.59910.750.000000         V8+V12            V12 34  9  A-      35  9  A-     622220 1 1 1 1 1 0   552.0  568.0
391  969.109420 1.000E-26 2.643E-04.10000.400 1157.16190.750.000000         V8+V12            V12 33  1  E1      34  1  E1     622220 1 1 1 1 1 0   536.0  552.0
391  969.137870 1.000E-26 3.369E-04.10000.400 1207.07930.750.000000         V8+V12            V12 33  4  E1      34  4  E1     622220 1 1 1 1 1 0   536.0  552.0
391  969.140470 1.000E-26 2.711E-04.10000.400 1162.36430.750.000000         V8+V12            V12 33  2  A-      34  2  A-     622220 1 1 1 1 1 0   536.0  552.0
391  969.143220 1.000E-26 1.584E-04.10000.400 1051.85500.750.000000             V8         GROUND 33  5  E1      34  5  E1     622220 1 1 1 1 1 0   536.0  552.0
391  969.144870 1.000E-26 5.740E-04.10000.400 1316.67800.750.000000         V8+V12            V12 33  7  E2      34  7  E2     622220 1 1 1 1 1 0   536.0  552.0
391  969.154620 1.000E-26 1.127E-04.10000.400  981.83210.750.000000             V8         GROUND 33  2  A-      34  2  A-     622220 1 1 1 1 1 0   536.0  552.0
391  969.166690 1.000E-26 1.081E-04.10000.400  973.18470.750.000000             V8         GROUND 33  1  A-      34  1  A-     622220 1 1 1 1 1 0   536.0  552.0
391  969.176040 1.000E-26 1.077E-04.10000.400  972.45460.750.000000             V8         GROUND 33  1  E1      34  1  E1     622220 1 1 1 1 1 0   536.0  552.0
391  969.186580 1.000E-26 1.191E-04.10000.400  993.04170.750.000000             V8         GROUND 33  3  E1      34  3  E1     622220 1 1 1 1 1 0   536.0  552.0
391  969.199780 1.000E-26 2.707E-04.10000.400 1162.02470.750.000000         V8+V12            V12 33  2  A+      34  2  A+     622220 1 1 1 1 1 0   536.0  552.0
391  969.226990 1.000E-26 1.194E-04.10000.400  993.64460.750.000000             V8         GROUND 33  3  A-      34  3  A-     622220 1 1 1 1 1 0   536.0  552.0
391  969.331200 1.000E-26 1.832E-04.10000.400 1081.69220.750.000000             V8         GROUND 33  6  E1      34  6  E1     622220 1 1 1 1 1 0   536.0  552.0
391  969.348690 1.000E-26 1.323E-04.10000.400 1014.59950.750.000000             V8         GROUND 33  4  A+      34  4  A+     622220 1 1 1 1 1 0   536.0  552.0
391  969.359680 1.000E-26 1.322E-04.10000.400 1014.45170.750.000000             V8         GROUND 33  4  A-      34  4  A-     622220 1 1 1 1 1 0   536.0  552.0
391  969.380670 1.000E-26 9.860E-04.10000.400 1427.88680.750.000000         V8+V12            V12 33  8  A+      34  8  A+     622220 1 1 1 1 1 0   536.0  552.0
391  969.395090 1.000E-26 1.187E-04.10000.400  992.34950.750.000000             V8         GROUND 33  3  A+      34  3  A+     622220 1 1 1 1 1 0   536.0  552.0
391  969.409260 1.000E-26 2.997E-04.10000.400 1176.64610.750.000000         V8+V12            V12 32  3  A+      33  3  A+     622220 1 1 1 1 1 0   520.0  536.0
391  969.416120 1.000E-26 2.997E-04.10000.400 1176.66230.750.000000         V8+V12            V12 32  3  A-      33  3  A-     622220 1 1 1 1 1 0   520.0  536.0
391  969.488160 1.000E-26 3.774E-04.10000.400 1236.30710.750.000000             V8         GROUND 34  8  E2      35  8  E2     622220 1 1 1 1 1 0   552.0  568.0
391  969.529530 1.000E-26 9.836E-05.10000.400  953.62470.750.000000             V8         GROUND 33  0  A+      34  0  A+     622220 1 1 1 1 1 0   536.0  552.0
391  969.575830 1.000E-26 1.079E-04.10000.400  972.68540.750.000000             V8         GROUND 33  2  E1      34  2  E1     622220 1 1 1 1 1 0   536.0  552.0
391  969.598310 1.000E-26 1.501E-03.10000.400 1520.32870.750.000000        V8+2V12           2V12 34  0  E1      35  0  E1     622220 1 1 1 1 1 0   552.0  568.0
391  969.620080 1.000E-26 4.091E-04.10000.400 1246.78180.750.000000         V8+V12            V12 33  5  A+      34  5  A+     622220 1 1 1 1 1 0   536.0  552.0
391  969.653800 1.000E-26 3.219E-04.10000.400 1184.82540.750.000000         V8+V12            V12 31  4  A-      32  4  A-     622220 1 1 1 1 1 0   504.0  520.0
391  969.673390 1.000E-26 3.103E-04.10000.400 1189.92000.750.000000             V8         GROUND 33  8  E1      34  8  E1     622220 1 1 1 1 1 0   536.0  552.0
391  969.685950 1.000E-26 1.350E-04.10000.400 1018.64230.750.000000             V8         GROUND 33  4  E2      34  4  E2     622220 1 1 1 1 1 0   536.0  552.0
391  969.699400 1.000E-26 1.866E-03.10000.400 1565.06700.750.000000        V8+2V12           2V12 34  1  E1      35  1  E1     622220 1 1 1 1 1 0   552.0  568.0
391  969.717960 1.000E-26 1.009E-04.10000.400  958.83040.750.000000             V8         GROUND 33  0  E1      34  0  E1     622220 1 1 1 1 1 0   536.0  552.0
391  969.748860 1.000E-26 1.926E-04.10000.400 1091.80490.750.000000             V8         GROUND 33  6  A-      34  6  A-     622220 1 1 1 1 1 0   536.0  552.0
391  969.812070 1.000E-26 9.970E-05.10000.400  956.28170.750.000000             V8         GROUND 33  1  E2      34  1  E2     622220 1 1 1 1 1 0   536.0  552.0
391  969.831090 1.000E-26 5.143E-05.10000.400  600.12810.750.000000             V5           2V12 11  1  A-      12  1  A-     622220 1 1 1 1 1 0   184.0  200.0
391  969.845160 1.000E-26 5.558E-04.10000.400 1303.52440.750.000000         V8+V12            V12 32  7  E1      33  7  E1     622220 1 1 1 1 1 0   520.0  536.0
391  969.866480 1.000E-26 1.502E-04.10000.400 1034.35610.750.000000             V7         GROUND 32  5  E2      33  6  E2     622220 1 1 1 1 1 0   520.0  536.0
391  969.910050 1.000E-26 3.207E-04.10000.400 1177.28330.750.000000         V8+V12            V12 30  5  E2      31  5  E2     622220 1 1 1 1 1 0   488.0  504.0
391  969.912780 1.000E-26 7.919E-04.10000.400 1382.56050.750.000000             V8         GROUND 33 11  E1      34 11  E1     622220 1 1 1 1 1 0   536.0  552.0
391  969.938560 1.000E-26 4.111E-04.10000.400 1247.65420.750.000000             V8         GROUND 33  9  A-      34  9  A-     622220 1 1 1 1 1 0   536.0  552.0
391  969.944500 1.000E-26 3.396E-04.10000.400 1202.11730.750.000000         V8+V12            V12 32  5  E1      33  5  E1     622220 1 1 1 1 1 0   520.0  536.0
391  969.950330 1.000E-26 7.401E-05.10000.400  813.03530.750.000000             V6           2V12 22  1  E2      23  1  E2     622220 1 1 1 1 1 0   360.0  376.0
391  969.964370 1.000E-26 1.950E-04.10000.400 1074.97300.750.000000         V7+V12            V12 30  1  E1      31  2  E1     622220 1 1 1 1 1 0   488.0  504.0
391  969.968440 1.000E-26 7.851E-04.10000.400 1380.75680.750.000000             V8         GROUND 33 11  E1      34 11  E1     622220 1 1 1 1 1 0   536.0  552.0
391  970.003950 1.000E-26 3.161E-04.10000.400 1187.34820.750.000000         V8+V12            V12 32  3  E1      33  3  E1     622220 1 1 1 1 1 0   520.0  536.0
391  970.011700 2.762E-23 1.525E+00.10000.400 1308.29990.750.000000             V8         GROUND 33 10  A+      34 10  A+     642220 1 1 1 1 1 0   536.0  552.0
391  970.011700 4.178E-23 2.307E+00.10000.400 1308.29990.750.000000             V8         GROUND 33 10  A-      34 10  A-     642220 1 1 1 1 1 0   536.0  552.0
391  970.018950 1.118E-22 0.000E+00.10000.400  333.33330.750.000000                                                            622220 1 1 1 1 1 0     0.0    0.0
391  970.085910 2.667E-22 4.421E+00.10000.400 1034.61890.750.000000         V8+V12            V12 29  1  E2      30  1  E2     642220 1 1 1 1 1 0   472.0  488.0
391  970.092630 3.049E-23 9.267E-01.10000.400 1179.24280.750.000000         V8+V12            V12 32  2  E1      33  2  E1     642220 1 1 1 1 1 0   520.0  536.0
391  970.137790 1.963E-22 6.095E+00.10000.400 1183.63220.750.000000         V8+V12            V12 32  4  E2      33  4  E2     642220 1 1 1 1 1 0   520.0  536.0
391  970.166040 1.508E-22 1.716E+01.10000.400 1457.01720.750.000000             V8         GROUND 33 12  A-      34 12  A-     642220 1 1 1 1 1 0   536.0  552.0
391  970.166040 5.630E-23 6.406E+00.10000.400 1457.01720.750.000000             V8         GROUND 33 12  A+      34 12  A+     642220 1 1 1 1 1 0   536.0  552.0
391  970.181710 3.228E-23 1.807E+00.10000.400 1311.08130.750.000000             V8         GROUND 33 10  E1      34 10  E1     642220 1 1 1 1 1 0   536.0  552.0
391  970.181710 5.359E-25 1.516E-03.10000.400  414.78830.750.000000             V6           2V12  8  1  E2       7  1  E2     642220 1 1 1 1 1 0   136.0  120.0
391  970.215440 2.853E-22 4.350E+00.10000.400 1037.25220.750.000000             V7         GROUND 32  5  A+      33  6  A+     642220 1 1 1 1 1 0   520.0  536.0
391  970.223260 3.759E-22 5.731E+00.10000.400 1037.25220.750.000000             V7         GROUND 32  5  A-      33  6  A-     642220 1 1 1 1 1 0   520.0  536.0
391  970.292900 7.122E-23 5.745E+00.10000.400 1386.20620.750.000000        V8+2V12           2V12 33  3  E1      34  3  E1     642220 1 1 1 1 1 0   536.0  552.0
391  970.313140 1.832E-22 7.286E+00.10000.400 1240.69950.750.000000             V8         GROUND 33  9  E1      34  9  E1     642220 1 1 1 1 1 0   536.0  552.0
391  970.403610 8.432E-23 4.332E-01.10000.400  599.65970.750.000000             V5           2V12 11  1  A+      12  1  A+     642220 1 1 1 1 1 0   184.0  200.0
391  970.418220 7.936E-23 4.737E+00.10000.400 1324.20930.750.000000        V8+2V12           2V12 33  1  E2      34  1  E2     642220 1 1 1 1 1 0   536.0  552.0
391  970.492000 1.839E-22 1.449E+01.10000.400 1381.34890.750.000000        V8+2V12           2V12 33  4  A+      34  4  A+     642220 1 1 1 1 1 0   536.0  552.0
391  970.492000 9.682E-23 7.631E+00.10000.400 1381.34850.750.000000        V8+2V12           2V12 33  4  A-      34  4  A-     642220 1 1 1 1 1 0   536.0  552.0
391  970.506070 5.408E-23 6.012E+00.10000.400 1452.08540.750.000000             V8         GROUND 33 12  E1      34 12  E1     642220 1 1 1 1 1 0   536.0  552.0
391  970.561070 1.049E-22 7.927E+00.10000.400 1372.65170.750.000000             V8         GROUND 33 11  A+      34 11  A+     642220 1 1 1 1 1 0   536.0  552.0
391  970.561070 8.529E-23 6.445E+00.10000.400 1372.65170.750.000000             V8         GROUND 33 11  A-      34 11  A-     642220 1 1 1 1 1 0   536.0  552.0
391  970.564670 1.740E-22 4.654E+00.10000.400 1152.76070.750.000000         V8+V12            V12 32  2  E2      33  2  E2     642220 1 1 1 1 1 0   520.0  536.0
391  970.576280 1.313E-22 4.513E+00.10000.400 1184.40310.750.000000         V8+V12            V12 29  7  A+      30  7  A+     642220 1 1 1 1 1 0   472.0  488.0
391  970.576280 7.167E-23 2.463E+00.10000.400 1184.40310.750.000000         V8+V12            V12 29  7  A-      30  7  A-     642220 1 1 1 1 1 0   472.0  488.0
391  970.596450 7.648E-23 1.314E+00.10000.400 1041.82680.750.000000         V7+V12            V12 29  2  A+      30  0  A+     642220 1 1 1 1 1 0   472.0  488.0
391  970.596920 7.993E-23 1.374E+00.10000.400 1041.82680.750.000000         V7+V12            V12 29  2  A+      30  0  A+     642220 1 1 1 1 1 0   472.0  488.0
391  970.626160 1.644E-22 6.419E+00.10000.400 1236.77300.750.000000             V8         GROUND 33  9  E2      34  9  E2     642220 1 1 1 1 1 0   536.0  552.0
391  970.626670 1.759E-25 1.265E-03.10000.400  354.82500.750.000000             V6           2V12  2  0  A+       1  0  A+     642220 1 1 1 1 1 0    40.0   24.0
391  970.651780 2.341E-22 5.521E+00.10000.400 1126.81920.750.000000         V8+V12            V12 32  1  A-      33  1  A-     642220 1 1 1 1 1 0   520.0  536.0
391  970.751480 1.739E-22 5.159E+00.10000.400 1180.21880.750.000000             V8         GROUND 33  8  A+      34  8  A+     642220 1 1 1 1 1 0   536.0  552.0
391  970.751480 2.021E-22 5.995E+00.10000.400 1180.21880.750.000000             V8         GROUND 33  8  A-      34  8  A-     642220 1 1 1 1 1 0   536.0  552.0
391  970.759550 1.000E-26 4.710E-04.10000.400 1262.65010.750.000000         V8+V12            V12 31  8  E1      32  8  E1     622220 1 1 1 1 1 0   504.0  520.0
391  970.769400 8.485E-22 8.342E+00.10000.400  946.78060.750.000000             V8         GROUND 32  3  E2      33  3  E2     642220 1 1 1 1 1 0   520.0  536.0
391  970.769620 1.066E-22 1.290E+00.10000.400  989.48390.750.000000             V8         GROUND 32  5  E2      33  5  E2     642220 1 1 1 1 1 0   520.0  536.0
391  970.810500 4.405E-22 5.583E+00.10000.400  998.99140.750.000000             V8         GROUND 32  5  A-      33  5  A-     642220 1 1 1 1 1 0   520.0  536.0
391  970.818500 3.831E-22 4.855E+00.10000.400  998.98940.750.000000             V8         GROUND 32  5  A+      33  5  A+     642220 1 1 1 1 1 0   520.0  536.0
391  970.818800 9.416E-23 5.022E+00.10000.400 1300.88580.750.000000             V8         GROUND 33 10  E1      34 10  E1     642220 1 1 1 1 1 0   536.0  552.0
391  970.853150 1.791E-22 6.736E+00.10000.400 1222.76590.750.000000         V8+V12            V12 32  6  A-      33  6  A-     642220 1 1 1 1 1 0   520.0  536.0
391  970.853690 2.176E-22 2.395E+00.10000.400  969.91800.750.000000             V8         GROUND 32  4  E1      33  4  E1     642220 1 1 1 1 1 0   520.0  536.0
391  970.940670 9.241E-23 2.246E+00.10000.400 1145.16170.750.000000             V8         GROUND 34  6  E2      35  6  E2     642220 1 1 1 1 1 0   552.0  568.0
391  970.974570 1.878E-22 4.395E+00.10000.400 1125.09410.750.000000         V8+V12            V12 32  1  A+      33  1  A+     642220 1 1 1 1 1 0   520.0  536.0
391  970.984970 2.279E-23 1.635E+00.10000.400 1361.83740.750.000000        V8+2V12           2V12 33  2  E1      34  2  E1     642220 1 1 1 1 1 0   536.0  552.0
391  971.016130 6.245E-23 2.591E+00.10000.400 1242.90480.750.000000         V8+V12            V12 32  6  E2      33  6  E2     642220 1 1 1 1 1 0   520.0  536.0
391  971.037880 6.643E-23 6.212E+00.10000.400 1410.06580.750.000000         V8+V12            V12 32  9  E1      33  9  E1     642220 1 1 1 1 1 0   520.0  536.0
391  971.042870 1.063E-22 4.000E+00.10000.400 1222.76600.750.000000         V8+V12            V12 32  6  A+      33  6  A+     642220 1 1 1 1 1 0   520.0  536.0
391  971.090880 1.229E-22 2.873E+00.10000.400 1131.04210.750.000000             V8         GROUND 33  7  E1      34  7  E1     642220 1 1 1 1 1 0   536.0  552.0
391  971.105930 6.227E-22 5.670E+00.10000.400  930.85900.750.000000             V8         GROUND 32  2  A+      33  2  A+     642220 1 1 1 1 1 0   520.0  536.0
391  971.112350 2.791E-23 2.785E+00.10000.400 1429.65330.750.000000         V8+V12            V12 33  9  A-      34  9  A-     642220 1 1 1 1 1 0   536.0  552.0
391  971.112350 2.867E-23 2.861E+00.10000.400 1429.65330.750.000000         V8+V12            V12 33  9  A+      34  9  A+     642220 1 1 1 1 1 0   536.0  552.0
391  971.125810 3.287E-22 5.960E+00.10000.400 1072.55450.750.000000             V8         GROUND 32  7  A-      33  7  A-     642220 1 1 1 1 1 0   520.0  536.0
391  971.125810 3.304E-22 5.991E+00.10000.400 1072.55450.750.000000             V8         GROUND 32  7  A+      33  7  A+     642220 1 1 1 1 1 0   520.0  536.0
391  971.149170 6.793E-22 6.048E+00.10000.400  926.22550.750.000000             V8         GROUND 32  2  E2      33  2  E2     642220 1 1 1 1 1 0   520.0  536.0
391  971.155950 2.196E-22 4.754E+00.10000.400 1109.00720.750.000000         V8+V12            V12 32  0  E1      33  0  E1     642220 1 1 1 1 1 0   520.0  536.0
391  971.203960 2.403E-22 5.608E+00.10000.400 1124.43290.750.000000         V8+V12            V12 32  3  E2      33  3  E2     642220 1 1 1 1 1 0   520.0  536.0
391  971.243710 1.821E-22 2.044E+01.10000.400 1447.49600.750.000000         V8+V12            V12 32 10  E1      33 10  E1     642220 1 1 1 1 1 0   520.0  536.0
391  971.274090 4.231E-23 5.246E+00.10000.400 1480.28240.750.000000         V8+V12            V12 34  8  E2      35  8  E2     642220 1 1 1 1 1 0   552.0  568.0
391  971.319770 5.950E-22 5.332E+00.10000.400  927.45960.750.000000             V8         GROUND 32  2  A-      33  2  A-     642220 1 1 1 1 1 0   520.0  536.0
391  971.328940 3.083E-22 3.879E+00.10000.400  997.29410.750.000000             V8         GROUND 32  5  E1      33  5  E1     642220 1 1 1 1 1 0   520.0  536.0
391  971.328940 4.712E-22 9.900E+00.10000.400 1102.77450.750.000000         V8+V12            V12 32  1  E1      33  1  E1     642220 1 1 1 1 1 0   520.0  536.0
391  971.333770 2.076E-22 5.118E+00.10000.400 1147.94420.750.000000             V8         GROUND 34  6  A+      35  6  A+     642220 1 1 1 1 1 0   552.0  568.0
391  971.341990 6.251E-22 5.362E+00.10000.400  918.46850.750.000000             V8         GROUND 32  1  A-      33  1  A-     642220 1 1 1 1 1 0   520.0  536.0
391  971.343000 3.215E-23 6.186E+00.10000.400 1570.64600.750.000000         V8+V12            V12 34 10  A+      35 10  A+     642220 1 1 1 1 1 0   552.0  568.0
391  971.343000 3.215E-23 6.186E+00.10000.400 1570.64600.750.000000         V8+V12            V12 34 10  A-      35 10  A-     642220 1 1 1 1 1 0   552.0  568.0
391  971.346040 6.263E-22 5.358E+00.10000.400  917.92090.750.000000             V8         GROUND 32  1  E1      33  1  E1     642220 1 1 1 1 1 0   520.0  536.0
391  971.355480 1.181E-22 5.392E+00.10000.400 1262.43960.750.000000         V8+V12            V12 32  7  E2      33  7  E2     642220 1 1 1 1 1 0   520.0  536.0
391  971.364930 2.398E-22 5.167E+00.10000.400 1107.95330.750.000000         V8+V12            V12 32  2  A-      33  2  A-     642220 1 1 1 1 1 0   520.0  536.0
391  971.364930 3.004E-22 8.045E+00.10000.400 1152.68610.750.000000         V8+V12            V12 32  4  E1      33  4  E1     642220 1 1 1 1 1 0   520.0  536.0
391  971.402810 5.656E-22 5.341E+00.10000.400  938.22310.750.000000             V8         GROUND 32  3  E1      33  3  E1     642220 1 1 1 1 1 0   520.0  536.0
391  971.418280 2.620E-22 5.638E+00.10000.400 1107.65070.750.000000         V8+V12            V12 32  2  A+      33  2  A+     642220 1 1 1 1 1 0   520.0  536.0
391  971.445980 5.636E-22 5.339E+00.10000.400  938.86390.750.000000             V8         GROUND 32  3  A-      33  3  A-     642220 1 1 1 1 1 0   520.0  536.0
391  971.500730 1.689E-22 5.018E+00.10000.400 1180.19340.750.000000             V8         GROUND 33  8  E2      34  8  E2     642220 1 1 1 1 1 0   536.0  552.0
391  971.542400 3.574E-22 5.200E+00.10000.400 1027.10510.750.000000             V8         GROUND 32  6  E1      33  6  E1     642220 1 1 1 1 1 0   520.0  536.0
391  971.562690 2.313E-22 5.554E+00.10000.400 1123.70870.750.000000         V8+V12            V12 31  3  A+      32  3  A+     642220 1 1 1 1 1 0   504.0  520.0
391  971.563350 1.711E-25 8.805E-04.10000.400  580.81500.750.000000             V5           2V12 10  1  A-      11  1  A-     642220 1 1 1 1 1 0   168.0  184.0
391  971.565770 7.600E-22 7.976E+00.10000.400  959.87050.750.000000             V8         GROUND 32  4  A+      33  4  A+     642220 1 1 1 1 1 0   520.0  536.0
391  971.567170 2.313E-22 5.554E+00.10000.400 1123.72230.750.000000         V8+V12            V12 31  3  A-      32  3  A-     642220 1 1 1 1 1 0   504.0  520.0
391  971.571520 5.062E-22 5.309E+00.10000.400  959.75220.750.000000             V8         GROUND 32  4  A-      33  4  A-     642220 1 1 1 1 1 0   520.0  536.0
391  971.594490 5.668E-22 5.343E+00.10000.400  937.76600.750.000000             V8         GROUND 32  3  A+      33  3  A+     642220 1 1 1 1 1 0   520.0  536.0
391  971.612110 1.981E-22 1.287E+00.10000.400  776.13220.750.000000             V6           2V12 21  1  E2      22  1  E2     642220 1 1 1 1 1 0   344.0  360.0
391  971.674640 3.381E-25 9.135E-04.10000.400  427.64650.750.000000             V6           2V12  9  1  E2       8  1  E2     642220 1 1 1 1 1 0   152.0  136.0
391  971.699010 7.277E-22 5.695E+00.10000.400  899.43830.750.000000             V8         GROUND 32  0  A+      33  0  A+     642220 1 1 1 1 1 0   520.0  536.0
391  971.727910 2.434E-22 6.326E+00.10000.400 1133.28860.750.000000         V8+V12            V12 30  4  A-      31  4  A-     642220 1 1 1 1 1 0   488.0  504.0
391  971.727910 2.599E-22 6.754E+00.10000.400 1133.28900.750.000000         V8+V12            V12 30  4  A+      31  4  A+     642220 1 1 1 1 1 0   488.0  504.0
391  971.739370 3.397E-22 3.640E+00.10000.400  964.05370.750.000000             V8         GROUND 32  4  E2      33  4  E2     642220 1 1 1 1 1 0   520.0  536.0
391  971.762950 7.180E-22 6.157E+00.10000.400  918.23140.750.000000             V8         GROUND 32  2  E1      33  2  E1     642220 1 1 1 1 1 0   520.0  536.0
391  971.791490 2.119E-22 6.889E+00.10000.400 1192.38440.750.000000         V8+V12            V12 32  5  A+      33  5  A+     642220 1 1 1 1 1 0   520.0  536.0
391  971.791490 2.537E-22 8.248E+00.10000.400 1192.38450.750.000000         V8+V12            V12 32  5  A-      33  5  A-     642220 1 1 1 1 1 0   520.0  536.0
391  971.833090 2.168E-22 5.343E+00.10000.400 1135.37030.750.000000             V8         GROUND 32  8  E1      33  8  E1     642220 1 1 1 1 1 0   520.0  536.0
391  971.855500 5.430E-23 6.424E+00.10000.400 1464.34550.750.000000        V8+2V12           2V12 33  0  E1      34  0  E1     642220 1 1 1 1 1 0   536.0  552.0
391  971.869290 7.071E-22 5.662E+00.10000.400  904.08040.750.000000             V8         GROUND 32  1  A+      33  1  A+     642220 1 1 1 1 1 0   520.0  536.0
391  971.883350 7.220E-22 5.803E+00.10000.400  904.85490.750.000000             V8         GROUND 32  0  E1      33  0  E1     642220 1 1 1 1 1 0   520.0  536.0
391  971.899030 1.849E-22 4.831E+00.10000.400 1127.46120.750.000000         V8+V12            V12 29  5  E2      30  5  E2     642220 1 1 1 1 1 0   472.0  488.0
391  971.944300 5.362E-22 6.450E+00.10000.400  981.34180.750.000000             V7         GROUND 31  5  E2      32  6  E2     642220 1 1 1 1 1 0   504.0  520.0
391  971.970190 4.188E-23 6.160E+00.10000.400 1509.09900.750.000000        V8+2V12           2V12 33  1  E1      34  1  E1     642220 1 1 1 1 1 0   536.0  552.0
391  971.982910 2.167E-22 3.445E+00.10000.400 1025.22920.750.000000         V7+V12            V12 29  1  E1      30  2  E1     642220 1 1 1 1 1 0   472.0  488.0
391  971.990460 7.598E-22 6.029E+00.10000.400  902.17980.750.000000             V8         GROUND 32  1  E2      33  1  E2     642220 1 1 1 1 1 0   520.0  536.0
391  972.034360 2.550E-25 1.311E-03.10000.400  580.41850.750.000000             V5           2V12 10  1  A+      11  1  A+     642220 1 1 1 1 1 0   168.0  184.0
391  972.042920 2.344E-22 3.195E+00.10000.400  986.45140.750.000000         V8+V12            V12 28  1  E2      29  1  E2     642220 1 1 1 1 1 0   456.0  472.0
391  972.048980 8.312E-23 2.023E+00.10000.400 1126.31110.750.000000         V8+V12            V12 31  2  E1      32  2  E1     642220 1 1 1 1 1 0   504.0  520.0
391  972.063640 1.421E-23 4.638E-01.10000.400 1193.10490.750.000000             V8         GROUND 32  9  A+      33  9  A+     642220 1 1 1 1 1 0   520.0  536.0
391  972.063640 4.468E-24 1.458E-01.10000.400 1193.10490.750.000000             V8         GROUND 32  9  A-      33  9  A-     642220 1 1 1 1 1 0   520.0  536.0
391  972.078630 2.510E-22 4.807E+00.10000.400 1083.40140.750.000000             V8         GROUND 32  7  E2      33  7  E2     642220 1 1 1 1 1 0   520.0  536.0
391  972.098460 4.709E-23 2.962E+00.10000.400 1328.06720.750.000000             V8         GROUND 32 11  E1      33 11  E1     642220 1 1 1 1 1 0   520.0  536.0
391  972.099620 2.455E-23 1.094E+00.10000.400 1250.74930.750.000000         V8+V12            V12 31  7  E1      32  7  E1     642220 1 1 1 1 1 0   504.0  520.0
391  972.101090 2.798E-23 7.098E-01.10000.400 1134.79500.750.000000         V8+V12            V12 31  3  E1      32  3  E1     642220 1 1 1 1 1 0   504.0  520.0
391  972.142770 1.652E-22 0.000E+00.10000.400  333.33330.750.000000                                                            622220 1 1 1 1 1 0     0.0    0.0
391  972.147770 1.000E-26 9.284E-04.10000.400 1420.39760.750.000000         V8+V12            V12 34  6  E1      35  6  E1     622220 1 1 1 1 1 0   552.0  568.0
391  972.153810 8.406E-23 5.242E+00.10000.400 1326.23340.750.000000             V8         GROUND 32 11  E1      33 11  E1     642220 1 1 1 1 1 0   520.0  536.0
391  972.193060 1.308E-22 5.736E+00.10000.400 1253.79870.750.000000             V8         GROUND 32 10  A+      33 10  A+     642220 1 1 1 1 1 0   520.0  536.0
391  972.193060 1.582E-22 6.938E+00.10000.400 1253.79870.750.000000             V8         GROUND 32 10  A-      33 10  A-     642220 1 1 1 1 1 0   520.0  536.0
391  972.196300 1.478E-22 4.017E+00.10000.400 1148.96040.750.000000         V8+V12            V12 31  5  E1      32  5  E1     642220 1 1 1 1 1 0   504.0  520.0
391  972.222000 7.210E-24 1.218E+00.10000.400 1531.30970.750.000000         V8+V12            V12 32 11  E1      33 11  E1     642220 1 1 1 1 1 0   520.0  536.0
391  972.230840 7.253E-23 3.797E-01.10000.400  358.04000.750.000000             V6           2V12  3  0  A+       2  0  A+     642220 1 1 1 1 1 0    56.0   40.0
391  972.306340 2.503E-22 3.056E+00.10000.400  984.28740.750.000000             V7         GROUND 31  5  A+      32  6  A+     642220 1 1 1 1 1 0   504.0  520.0
391  972.311990 9.811E-23 4.361E+00.10000.400 1256.54290.750.000000             V8         GROUND 32 10  E1      33 10  E1     642220 1 1 1 1 1 0   520.0  536.0
391  972.314100 2.431E-22 2.968E+00.10000.400  984.28740.750.000000             V7         GROUND 31  5  A-      32  6  A-     642220 1 1 1 1 1 0   504.0  520.0
391  972.343670 2.853E-22 7.096E+00.10000.400 1130.63430.750.000000         V8+V12            V12 31  4  E2      32  4  E2     642220 1 1 1 1 1 0   504.0  520.0
391  972.348240 2.748E-23 5.386E-01.10000.400 1100.35450.750.000000           3V12         GROUND 34  5  E2      35  5  E2     642220 1 1 1 1 1 0   552.0  568.0
391  972.359080 5.215E-23 4.714E+00.10000.400 1402.51610.750.000000             V8         GROUND 32 12  A+      33 12  A+     642220 1 1 1 1 1 0   520.0  536.0
391  972.359080 6.586E-23 5.953E+00.10000.400 1402.51610.750.000000             V8         GROUND 32 12  A-      33 12  A-     642220 1 1 1 1 1 0   520.0  536.0
391  972.431070 2.173E-22 6.142E+00.10000.400 1136.31480.750.000000         V8+V12            V12 28  7  A+      29  7  A+     642220 1 1 1 1 1 0   456.0  472.0
391  972.431070 4.970E-23 1.405E+00.10000.400 1136.31480.750.000000         V8+V12            V12 28  7  A-      29  7  A-     642220 1 1 1 1 1 0   456.0  472.0
391  972.470460 1.217E-22 3.844E+00.10000.400 1186.18960.750.000000             V8         GROUND 32  9  E1      33  9  E1     642220 1 1 1 1 1 0   520.0  536.0
391  972.527190 5.248E-23 3.365E+00.10000.400 1331.79610.750.000000        V8+2V12           2V12 32  3  E1      33  3  E1     642220 1 1 1 1 1 0   520.0  536.0
391  972.656230 2.000E-22 2.827E+00.10000.400  993.67800.750.000000         V7+V12            V12 28  2  A+      29  0  A+     642220 1 1 1 1 1 0   456.0  472.0
391  972.666590 1.165E-23 5.527E-01.10000.400 1269.78530.750.000000        V8+2V12           2V12 32  1  E2      33  1  E2     642220 1 1 1 1 1 0   520.0  536.0
391  972.667700 3.140E-22 8.829E+01.10000.400 1648.14440.750.000000        V8+2V12           2V12 34  8  E2      35  8  E2     642220 1 1 1 1 1 0   552.0  568.0
391  972.678210 5.788E-23 2.561E+01.10000.400 1741.39810.750.000000        V8+2V12           2V12 34  9  E2      35  9  E2     642220 1 1 1 1 1 0   552.0  568.0
391  972.697470 4.425E-23 3.909E+00.10000.400 1397.63890.750.000000             V8         GROUND 32 12  E1      33 12  E1     642220 1 1 1 1 1 0   520.0  536.0
391  972.720830 3.326E-22 7.135E+00.10000.400 1100.04350.750.000000         V8+V12            V12 31  2  E2      32  2  E2     642220 1 1 1 1 1 0   504.0  520.0
391  972.727125 6.070E-23 0.000E+00.10000.400  333.33330.750.000000                                                            622220 1 1 1 1 1 0     0.0    0.0
391  972.730050 5.548E-23 3.475E+00.10000.400 1326.93880.750.000000        V8+2V12           2V12 32  4  A-      33  4  A-     642220 1 1 1 1 1 0   520.0  536.0
391  972.738712 6.876E-23 0.000E+00.10000.400  333.33330.750.000000                                                            622220 1 1 1 1 1 0     0.0    0.0
391  972.739710 7.292E-23 4.378E+00.10000.400 1318.17260.750.000000             V8         GROUND 32 11  A-      33 11  A-     642220 1 1 1 1 1 0   520.0  536.0
391  972.778880 1.492E-22 4.626E+00.10000.400 1182.22790.750.000000             V8         GROUND 32  9  E2      33  9  E2     642220 1 1 1 1 1 0   520.0  536.0
391  972.825604 1.112E-22 2.126E+00.10000.400 1088.96310.750.000000             V8         GROUND 33  6  E2      34  6  E2     622220 1 1 1 1 1 0   536.0  552.0
391  972.845410 3.386E-22 6.401E+00.10000.400 1073.99760.750.000000         V8+V12            V12 31  1  A-      32  1  A-     642220 1 1 1 1 1 0   504.0  520.0
391  972.866260 4.460E-22 1.051E+01.10000.400 1125.64680.750.000000             V8         GROUND 32  8  A+      33  8  A+     642220 1 1 1 1 1 0   520.0  536.0
391  972.930200 4.703E-22 4.557E+00.10000.400  936.44100.750.000000             V8         GROUND 31  5  E2      32  5  E2     642220 1 1 1 1 1 0   504.0  520.0
391  972.966920 3.815E-22 3.872E+00.10000.400  945.97020.750.000000             V8         GROUND 31  5  A-      32  5  A-     642220 1 1 1 1 1 0   504.0  520.0
391  972.973695 7.100E-22 0.000E+00.10000.400  333.33330.750.000000                                                            622220 1 1 1 1 1 0     0.0    0.0
391  972.978000 6.800E-22 5.355E+00.10000.400  893.76040.750.000000             V8         GROUND 31  3  E2      32  3  E2     642220 1 1 1 1 1 0   504.0  520.0
391  972.983790 1.000E-26 4.237E-04.10000.400 1246.37250.750.000000             V8         GROUND 32 10  E1      33 10  E1     622220 1 1 1 1 1 0   520.0  536.0
391  973.047680 3.115E-23 9.404E-01.10000.400 1170.20550.750.000000         V8+V12            V12 31  6  A-      32  6  A-     642220 1 1 1 1 1 0   504.0  520.0
391  973.121850 1.000E-26 3.807E-04.10000.400 1211.26370.750.000000         V8+V12            V12 30  8  E1      31  8  E1     622220 1 1 1 1 1 0   488.0  504.0
391  973.127480 1.000E-26 7.494E-04.10000.400 1357.20400.750.000000         V8+V12            V12 31  9  E1      32  9  E1     622220 1 1 1 1 1 0   504.0  520.0
391  973.148490 1.222E-23 2.370E-01.10000.400 1091.80500.750.000000             V8         GROUND 33  6  A+      34  6  A+     642220 1 1 1 1 1 0   536.0  552.0
391  973.148490 3.775E-22 7.004E+00.10000.400 1076.44920.750.000000             V8         GROUND 32  7  E1      33  7  E1     642220 1 1 1 1 1 0   520.0  536.0
391  973.152870 4.067E-22 7.633E+00.10000.400 1072.36930.750.000000         V8+V12            V12 31  1  A+      32  1  A+     642220 1 1 1 1 1 0   504.0  520.0
391  973.153750 7.091E-25 1.865E-03.10000.400  442.11100.750.000000             V6           2V12 10  1  E2       9  1  E2     642220 1 1 1 1 1 0   168.0  152.0
391  973.199170 1.686E-22 9.615E+00.10000.400 1307.41890.750.000000        V8+2V12           2V12 32  2  E1      33  2  E1     642220 1 1 1 1 1 0   520.0  536.0
391  973.206360 1.617E-22 4.883E+00.10000.400 1170.20560.750.000000         V8+V12            V12 31  6  A+      32  6  A+     642220 1 1 1 1 1 0   504.0  520.0
391  973.217620 2.037E-22 6.777E+00.10000.400 1190.10440.750.000000         V8+V12            V12 31  6  E2      32  6  E2     642220 1 1 1 1 1 0   504.0  520.0
391  973.268220 8.696E-22 6.338E+00.10000.400  877.71690.750.000000             V8         GROUND 31  2  A+      32  2  A+     642220 1 1 1 1 1 0   504.0  520.0
391  973.271920 1.969E-25 1.134E-03.10000.400  740.82750.750.000000             V6           2V12 20  1  E2      21  1  E2     642220 1 1 1 1 1 0   328.0  344.0
391  973.277750 2.832E-24 1.711E-01.10000.400 1252.54220.750.000000        V8+2V12           2V12 23 11  A-      24 11  A-     642220 1 1 1 1 1 0   376.0  392.0
391  973.277750 3.422E-24 2.067E-01.10000.400 1252.54220.750.000000        V8+2V12           2V12 23 11  A+      24 11  A+     642220 1 1 1 1 1 0   376.0  392.0
391  973.288010 1.258E-25 6.588E-04.10000.400  563.10970.750.000000             V5           2V12  9  1  A-      10  1  A-     642220 1 1 1 1 1 0   152.0  168.0
391  973.302630 3.682E-22 5.348E+00.10000.400 1019.59120.750.000000             V8         GROUND 31  7  A-      32  7  A-     642220 1 1 1 1 1 0   504.0  520.0
391  973.302630 3.773E-22 5.480E+00.10000.400 1019.59120.750.000000             V8         GROUND 31  7  A+      32  7  A+     642220 1 1 1 1 1 0   504.0  520.0
391  973.341140 8.494E-22 6.045E+00.10000.400  872.78380.750.000000             V8         GROUND 31  2  E2      32  2  E2     642220 1 1 1 1 1 0   504.0  520.0
391  973.352920 2.752E-22 4.777E+00.10000.400 1056.21220.750.000000         V8+V12            V12 31  0  E1      32  0  E1     642220 1 1 1 1 1 0   504.0  520.0
391  973.423100 1.000E-26 1.871E-04.10000.400 1071.62120.750.000000         V8+V12            V12 31  3  E2      32  3  E2     622220 1 1 1 1 1 0   504.0  520.0
391  973.468090 7.867E-22 5.651E+00.10000.400  874.66050.750.000000             V8         GROUND 31  2  A-      32  2  A-     642220 1 1 1 1 1 0   504.0  520.0
391  973.484300 5.156E-22 4.548E+00.10000.400  916.89790.750.000000             V8         GROUND 31  4  E1      32  4  E1     642220 1 1 1 1 1 0   504.0  520.0
391  973.494130 3.566E-23 3.209E+00.10000.400 1394.72540.750.000000         V8+V12            V12 31 10  E1      32 10  E1     642220 1 1 1 1 1 0   504.0  520.0
391  973.499460 1.001E-21 1.009E+01.10000.400  944.32170.750.000000             V8         GROUND 31  5  E1      32  5  E1     642220 1 1 1 1 1 0   504.0  520.0
391  973.500020 7.387E-22 5.062E+00.10000.400  864.96120.750.000000             V8         GROUND 31  1  E1      32  1  E1     642220 1 1 1 1 1 0   504.0  520.0
391  973.501170 5.569E-22 3.823E+00.10000.400  865.32310.750.000000             V8         GROUND 31  1  A-      32  1  A-     642220 1 1 1 1 1 0   504.0  520.0
391  973.518570 5.675E-23 1.339E+00.10000.400 1125.66530.750.000000             V8         GROUND 32  8  E2      33  8  E2     642220 1 1 1 1 1 0   520.0  536.0
391  973.530010 3.122E-22 5.259E+00.10000.400 1049.96840.750.000000         V8+V12            V12 31  1  E1      32  1  E1     642220 1 1 1 1 1 0   504.0  520.0
391  973.553990 1.409E-22 5.161E+00.10000.400 1209.77440.750.000000         V8+V12            V12 31  7  E2      32  7  E2     642220 1 1 1 1 1 0   504.0  520.0
391  973.571730 2.778E-22 5.965E+00.10000.400 1099.87840.750.000000         V8+V12            V12 31  4  E1      32  4  E1     642220 1 1 1 1 1 0   504.0  520.0
391  973.571730 2.954E-22 5.103E+00.10000.400 1055.12560.750.000000         V8+V12            V12 31  2  A-      32  2  A-     642220 1 1 1 1 1 0   504.0  520.0
391  973.601350 8.131E-22 6.144E+00.10000.400  885.00830.750.000000             V8         GROUND 31  3  E1      32  3  E1     642220 1 1 1 1 1 0   504.0  520.0
391  973.601950 4.221E-23 4.124E+00.10000.400 1424.24550.750.000000         V8+V12            V12 33  8  E2      34  8  E2     642220 1 1 1 1 1 0   536.0  552.0
391  973.619740 3.069E-22 5.295E+00.10000.400 1054.85700.750.000000         V8+V12            V12 31  2  A+      32  2  A+     642220 1 1 1 1 1 0   504.0  520.0
391  973.646250 8.610E-22 6.528E+00.10000.400  885.69400.750.000000             V8         GROUND 31  3  A-      32  3  A-     642220 1 1 1 1 1 0   504.0  520.0
391  973.667490 1.774E-22 9.282E-01.10000.400  562.77910.750.000000             V5           2V12  9  1  A+      10  1  A+     642220 1 1 1 1 1 0   152.0  168.0
391  973.697930 3.638E-22 7.059E+00.10000.400 1072.36510.750.000000         V8+V12            V12 30  3  A+      31  3  A+     642220 1 1 1 1 1 0   488.0  504.0
391  973.701660 2.346E-22 4.553E+00.10000.400 1072.37660.750.000000         V8+V12            V12 30  3  A-      31  3  A-     642220 1 1 1 1 1 0   488.0  504.0
391  973.736290 4.046E-22 4.715E+00.10000.400  974.10930.750.000000             V8         GROUND 31  6  E1      32  6  E1     642220 1 1 1 1 1 0   504.0  520.0
391  973.764460 7.787E-22 6.542E+00.10000.400  906.74490.750.000000             V8         GROUND 31  4  A+      32  4  A+     642220 1 1 1 1 1 0   504.0  520.0
391  973.764460 7.918E-22 6.649E+00.10000.400  906.65100.750.000000             V8         GROUND 31  4  A-      32  4  A-     642220 1 1 1 1 1 0   504.0  520.0
391  973.775430 8.119E-22 6.130E+00.10000.400  884.76950.750.000000             V8         GROUND 31  3  A+      32  3  A+     642220 1 1 1 1 1 0   504.0  520.0
391  973.780780 2.445E-22 5.175E+00.10000.400 1083.35540.750.000000         V8+V12            V12 29  4  A-      30  4  A-     642220 1 1 1 1 1 0   472.0  488.0
391  973.780780 3.808E-22 8.060E+00.10000.400 1083.35570.750.000000         V8+V12            V12 29  4  A+      30  4  A+     642220 1 1 1 1 1 0   472.0  488.0
391  973.793300 2.054E-23 3.115E+00.10000.400 1514.60320.750.000000         V8+V12            V12 33 10  A+      34 10  A+     642220 1 1 1 1 1 0   536.0  552.0
391  973.793300 2.148E-23 3.257E+00.10000.400 1514.60320.750.000000         V8+V12            V12 33 10  A-      34 10  A-     642220 1 1 1 1 1 0   536.0  552.0
391  973.804290 2.167E-23 4.032E+00.10000.400 1562.71600.750.000000         V8+V12            V12 34  9  E2      35  9  E2     642220 1 1 1 1 1 0   552.0  568.0
391  973.820340 4.149E-22 3.560E+00.10000.400  911.05620.750.000000             V8         GROUND 31  4  E2      32  4  E2     642220 1 1 1 1 1 0   504.0  520.0
391  973.833170 4.416E-23 1.847E-01.10000.400  362.86240.750.000000             V6           2V12  4  0  A+       3  0  A+     642220 1 1 1 1 1 0    72.0   56.0
391  973.850920 9.721E-22 6.104E+00.10000.400  846.81490.750.000000             V8         GROUND 31  0  A+      32  0  A+     642220 1 1 1 1 1 0   504.0  520.0
391  973.861690 4.390E-23 3.210E+00.10000.400 1364.54970.750.000000         V8+V12            V12 33  6  E1      34  6  E1     642220 1 1 1 1 1 0   536.0  552.0
391  973.868200 1.598E-22 3.432E+00.10000.400 1079.24010.750.000000         V8+V12            V12 28  5  E2      29  5  E2     642220 1 1 1 1 1 0   456.0  472.0
391  973.932060 8.149E-22 5.600E+00.10000.400  865.35610.750.000000             V8         GROUND 31  2  E1      32  2  E1     642220 1 1 1 1 1 0   504.0  520.0
391  973.942520 1.708E-22 4.451E+00.10000.400 1139.56820.750.000000         V8+V12            V12 31  5  A-      32  5  A-     642220 1 1 1 1 1 0   504.0  520.0
391  973.942520 3.334E-22 8.688E+00.10000.400 1139.56820.750.000000         V8+V12            V12 31  5  A+      32  5  A+     642220 1 1 1 1 1 0   504.0  520.0
391  973.949410 2.536E-22 2.868E+00.10000.400  939.91210.750.000000         V8+V12            V12 27  1  E2      28  1  E2     642220 1 1 1 1 1 0   440.0  456.0
391  973.976300 3.750E-22 7.402E+00.10000.400 1082.40920.750.000000             V8         GROUND 31  8  E1      32  8  E1     642220 1 1 1 1 1 0   504.0  520.0
391  973.983690 2.572E-24 3.363E-02.10000.400  977.08080.750.000000         V7+V12            V12 28  1  E1      29  2  E1     642220 1 1 1 1 1 0   456.0  472.0
391  973.986000 2.690E-22 5.289E+00.10000.400 1074.97310.750.000000         V8+V12            V12 30  2  E1      31  2  E1     642220 1 1 1 1 1 0   488.0  504.0
391  973.999970 2.844E-22 2.763E+00.10000.400  929.92150.750.000000             V7         GROUND 30  5  E2      31  6  E2     642220 1 1 1 1 1 0   488.0  504.0
391  974.023270 1.262E-21 8.116E+00.10000.400  851.66520.750.000000             V8         GROUND 31  1  A+      32  1  A+     642220 1 1 1 1 1 0   504.0  520.0
391  974.033190 9.883E-22 6.380E+00.10000.400  852.44560.750.000000             V8         GROUND 31  0  E1      32  0  E1     642220 1 1 1 1 1 0   504.0  520.0
391  974.071530 1.537E-25 1.675E-03.10000.400  916.71760.750.000000             V6           2V12 25  0  A+      26  0  A+     642220 1 1 1 1 1 0   408.0  424.0
391  974.102230 5.478E-23 5.152E+00.10000.400 1409.94730.750.000000        V8+2V12           2V12 32  0  E1      33  0  E1     642220 1 1 1 1 1 0   520.0  536.0
391  974.116660 1.154E-22 4.107E+00.10000.400 1203.59370.750.000000             V8         GROUND 31 10  E1      32 10  E1     642220 1 1 1 1 1 0   504.0  520.0
391  974.152370 9.299E-22 5.923E+00.10000.400  849.64070.750.000000             V8         GROUND 31  1  E2      32  1  E2     642220 1 1 1 1 1 0   504.0  520.0
391  974.175100 1.072E-23 2.803E-01.10000.400 1140.14660.750.000000             V8         GROUND 31  9  A-      32  9  A-     642220 1 1 1 1 1 0   504.0  520.0
391  974.194060 3.572E-22 5.479E+00.10000.400 1030.43850.750.000000             V8         GROUND 31  7  E2      32  7  E2     642220 1 1 1 1 1 0   504.0  520.0
391  974.221410 4.225E-23 8.677E-01.10000.400 1083.81420.750.000000         V8+V12            V12 30  3  E1      31  3  E1     642220 1 1 1 1 1 0   488.0  504.0
391  974.221840 6.493E-23 7.592E+00.10000.400 1454.71540.750.000000        V8+2V12           2V12 32  1  E1      33  1  E1     642220 1 1 1 1 1 0   520.0  536.0
391  974.252500 1.152E-23 2.347E+00.10000.400 1575.12650.750.000000         V8+V12            V12 33 11  E1      34 11  E1     642220 1 1 1 1 1 0   536.0  552.0
391  974.266430 1.335E-22 6.729E+00.10000.400 1275.15970.750.000000             V8         GROUND 31 11  E1      32 11  E1     642220 1 1 1 1 1 0   504.0  520.0
391  974.274850 1.890E-22 4.433E+00.10000.400 1089.81870.750.000000         V8+V12            V12 27  7  A-      28  7  A-     642220 1 1 1 1 1 0   440.0  456.0
391  974.274850 2.529E-22 5.931E+00.10000.400 1089.81870.750.000000         V8+V12            V12 27  7  A+      28  7  A+     642220 1 1 1 1 1 0   440.0  456.0
391  974.320560 8.702E-23 4.347E+00.10000.400 1273.29860.750.000000             V8         GROUND 31 11  E1      32 11  E1     642220 1 1 1 1 1 0   504.0  520.0
391  974.336250 1.000E-26 3.605E-04.10000.400 1199.55660.750.000000         V8+V12            V12 30  7  E1      31  7  E1     622220 1 1 1 1 1 0   488.0  504.0
391  974.357890 1.847E-22 6.490E+00.10000.400 1200.88350.750.000000             V8         GROUND 31 10  A+      32 10  A+     642220 1 1 1 1 1 0   504.0  520.0
391  974.357890 1.939E-22 6.813E+00.10000.400 1200.88350.750.000000             V8         GROUND 31 10  A-      32 10  A-     642220 1 1 1 1 1 0   504.0  520.0
391  974.374870 3.952E-22 3.899E+00.10000.400  932.91210.750.000000             V7         GROUND 30  5  A+      31  6  A+     642220 1 1 1 1 1 0   488.0  504.0
391  974.381930 2.614E-22 4.031E+00.10000.400 1044.12200.750.000000           3V12         GROUND 33  5  E2      34  5  E2     642220 1 1 1 1 1 0   536.0  552.0
391  974.382100 1.285E-22 1.268E+00.10000.400  932.91210.750.000000             V7         GROUND 30  5  A-      31  6  A-     642220 1 1 1 1 1 0   488.0  504.0
391  974.392420 2.968E-23 4.022E+00.10000.400 1478.54350.750.000000         V8+V12            V12 31 11  E1      32 11  E1     642220 1 1 1 1 1 0   504.0  520.0
391  974.433580 3.104E-22 6.813E+00.10000.400 1097.40580.750.000000         V8+V12            V12 30  5  E1      31  5  E1     642220 1 1 1 1 1 0   488.0  504.0
391  974.530970 4.621E-22 9.287E+00.10000.400 1079.23510.750.000000         V8+V12            V12 30  4  E2      31  4  E2     642220 1 1 1 1 1 0   488.0  504.0
391  974.533370 2.699E-25 1.955E-02.10000.400 1349.60270.750.000000             V8         GROUND 31 12  A+      32 12  A+     642220 1 1 1 1 1 0   504.0  520.0
391  974.533370 3.681E-25 2.666E-02.10000.400 1349.60270.750.000000             V8         GROUND 31 12  A-      32 12  A-     642220 1 1 1 1 1 0   504.0  520.0
391  974.614200 2.786E-22 7.051E+00.10000.400 1133.26500.750.000000             V8         GROUND 31  9  E1      32  9  E1     642220 1 1 1 1 1 0   504.0  520.0
391  974.618180 5.249E-25 1.367E-03.10000.400  458.18160.750.000000             V6           2V12 11  1  E2      10  1  E2     642220 1 1 1 1 1 0   184.0  168.0
391  974.643680 1.519E-22 2.632E+00.10000.400 1041.82680.750.000000         V8+V12            V12 29  0  A+      30  0  A+     642220 1 1 1 1 1 0   472.0  488.0
391  974.697650 2.130E-22 2.499E+00.10000.400  947.12500.750.000000         V7+V12            V12 27  2  A+      28  0  A+     642220 1 1 1 1 1 0   440.0  456.0
391  974.697650 2.672E-22 3.135E+00.10000.400  947.12500.750.000000         V7+V12            V12 27  2  A+      28  0  A+     642220 1 1 1 1 1 0   440.0  456.0
391  974.710060 1.511E-22 2.292E+00.10000.400 1034.35610.750.000000             V8         GROUND 32  6  E2      33  6  E2     642220 1 1 1 1 1 0   520.0  536.0
391  974.744670 1.195E-22 6.142E+00.10000.400 1278.97230.750.000000        V8+2V12           2V12 31  3  E1      32  3  E1     642220 1 1 1 1 1 0   504.0  520.0
391  974.844840 1.379E-22 2.122E+00.10000.400 1037.25220.750.000000             V8         GROUND 32  6  A-      33  6  A-     642220 1 1 1 1 1 0   520.0  536.0
391  974.860650 2.610E-22 4.529E+00.10000.400 1048.90270.750.000000         V8+V12            V12 30  2  E2      31  2  E2     642220 1 1 1 1 1 0   488.0  504.0
391  974.871770 1.167E-22 8.261E+00.10000.400 1344.77550.750.000000             V8         GROUND 31 12  E1      32 12  E1     642220 1 1 1 1 1 0   504.0  520.0
391  974.896820 1.407E-22 5.351E+00.10000.400 1216.94860.750.000000        V8+2V12           2V12 31  1  E2      32  1  E2     642220 1 1 1 1 1 0   504.0  520.0
391  974.900280 9.634E-26 7.603E-03.10000.400 1373.53980.750.000000         V8+V12            V12 32  8  A+      33  8  A+     642220 1 1 1 1 1 0   520.0  536.0
391  974.900280 9.708E-26 7.661E-03.10000.400 1373.53980.750.000000         V8+V12            V12 32  8  A-      33  8  A-     642220 1 1 1 1 1 0   520.0  536.0
391  974.901540 1.000E-26 4.810E-04.10000.400 1265.27850.750.000000             V8         GROUND 31 11  A-      32 11  A-     622220 1 1 1 1 1 0   504.0  520.0
391  974.917470 1.523E-22 3.783E+00.10000.400 1129.27230.750.000000             V8         GROUND 31  9  E2      32  9  E2     642220 1 1 1 1 1 0   504.0  520.0
391  974.929400 2.724E-25 1.404E-03.10000.400  707.12220.750.000000             V6           2V12 19  1  E2      20  1  E2     642220 1 1 1 1 1 0   312.0  328.0
391  974.943340 6.997E-24 1.444E-01.10000.400 1109.81090.750.000000             V7         GROUND 34  4  A-      35  5  A-     642220 1 1 1 1 1 0   552.0  568.0
391  974.950520 2.595E-23 1.303E+00.10000.400 1274.11570.750.000000        V8+2V12           2V12 31  4  A-      32  4  A-     642220 1 1 1 1 1 0   504.0  520.0
391  974.950520 3.196E-23 1.605E+00.10000.400 1274.11600.750.000000        V8+2V12           2V12 31  4  A+      32  4  A+     642220 1 1 1 1 1 0   504.0  520.0
391  974.970630 1.740E-22 2.678E+00.10000.400 1037.25220.750.000000             V8         GROUND 32  6  A+      33  6  A+     642220 1 1 1 1 1 0   520.0  536.0
391  974.970630 2.462E-22 4.644E+00.10000.400 1072.66590.750.000000             V8         GROUND 31  8  A+      32  8  A+     642220 1 1 1 1 1 0   504.0  520.0
391  974.970710 3.419E-22 6.450E+00.10000.400 1072.66590.750.000000             V8         GROUND 31  8  A-      32  8  A-     642220 1 1 1 1 1 0   504.0  520.0
391  975.004010 1.826E-25 9.917E-04.10000.400  547.01270.750.000000             V5           2V12  8  1  A-       9  1  A-     642220 1 1 1 1 1 0   136.0  152.0
391  975.021790 3.584E-22 5.479E+00.10000.400 1022.75750.750.000000         V8+V12            V12 30  1  A-      31  1  A-     642220 1 1 1 1 1 0   488.0  504.0
391  975.057210 1.015E-23 5.339E-01.10000.400 1214.38890.750.000000        V8+2V12           2V12 22 11  A-      23 11  A-     642220 1 1 1 1 1 0   360.0  376.0
391  975.057210 3.054E-24 1.607E-01.10000.400 1214.38890.750.000000        V8+2V12           2V12 22 11  A+      23 11  A+     642220 1 1 1 1 1 0   360.0  376.0
391  975.073190 6.509E-22 5.094E+00.10000.400  884.99450.750.000000             V8         GROUND 30  5  E2      31  5  E2     642220 1 1 1 1 1 0   488.0  504.0
391  975.106500 4.590E-22 3.763E+00.10000.400  894.54310.750.000000             V8         GROUND 30  5  A-      31  5  A-     622220 1 1 1 1 1 0   488.0  504.0
391  975.112500 5.420E-22 0.000E+00.10000.400  333.33330.750.000000                                                            622220 1 1 1 1 1 0     0.0    0.0
391  975.120970 2.423E-24 7.146E-02.10000.400 1183.24610.750.000000             V7         GROUND 34  6  A-      35  7  A-     642220 1 1 1 1 1 0   552.0  568.0
391  975.120970 5.429E-24 1.601E-01.10000.400 1183.24610.750.000000             V7         GROUND 34  6  A+      35  7  A+     642220 1 1 1 1 1 0   552.0  568.0
391  975.131530 9.127E-23 3.098E+00.10000.400 1193.44640.750.000000             V8         GROUND 31 10  E1      32 10  E1     642220 1 1 1 1 1 0   504.0  520.0
391  975.162150 7.586E-22 4.826E+00.10000.400  842.33490.750.000000             V8         GROUND 30  3  E2      31  3  E2     642220 1 1 1 1 1 0   488.0  504.0
391  975.201130 2.958E-22 4.395E+00.10000.400 1023.44860.750.000000             V8         GROUND 31  7  E1      32  7  E1     642220 1 1 1 1 1 0   504.0  520.0
391  975.207780 1.242E-23 7.523E-01.10000.400 1305.93250.750.000000         V8+V12            V12 30  9  E1      31  9  E1     642220 1 1 1 1 1 0   488.0  504.0
391  975.228320 1.000E-26 2.444E-04.10000.400 1119.21770.750.000000         V8+V12            V12 30  6  A-      31  6  A-     622220 1 1 1 1 1 0   488.0  504.0
391  975.277050 6.601E-24 2.303E+00.10000.400 1685.42800.750.000000        V8+2V12           2V12 33  9  E2      34  9  E2     642220 1 1 1 1 1 0   536.0  552.0
391  975.303200 1.717E-25 9.318E-04.10000.400  546.74210.750.000000             V5           2V12  8  1  A+       9  1  A+     642220 1 1 1 1 1 0   136.0  152.0
391  975.313830 6.168E-22 9.365E+00.10000.400 1021.22350.750.000000         V8+V12            V12 30  1  A+      31  1  A+     642220 1 1 1 1 1 0   488.0  504.0
391  975.367820 2.675E-22 6.540E+00.10000.400 1119.21770.750.000000         V8+V12            V12 30  6  A+      31  6  A+     642220 1 1 1 1 1 0   488.0  504.0
391  975.402510 1.329E-22 3.576E+00.10000.400 1138.88770.750.000000         V8+V12            V12 30  6  E2      31  6  E2     642220 1 1 1 1 1 0   488.0  504.0
391  975.406520 1.444E-22 6.601E+00.10000.400 1254.58680.750.000000        V8+2V12           2V12 31  2  E1      32  2  E1     642220 1 1 1 1 1 0   504.0  520.0
391  975.413460 1.133E-21 6.667E+00.10000.400  826.17160.750.000000             V8         GROUND 30  2  A+      31  2  A+     642220 1 1 1 1 1 0   488.0  504.0
391  975.433210 4.335E-25 1.535E-03.10000.400  369.29210.750.000000             V6           2V12  5  0  A+       4  0  A+     642220 1 1 1 1 1 0    88.0   72.0
391  975.439840 5.420E-24 3.971E+00.10000.400 1844.03970.750.000000        V8+2V12           2V12 34 10  A+      35 10  A+     642220 1 1 1 1 1 0   552.0  568.0
391  975.439840 6.634E-24 4.861E+00.10000.400 1844.03970.750.000000        V8+2V12           2V12 34 10  A-      35 10  A-     642220 1 1 1 1 1 0   552.0  568.0
391  975.462900 4.433E-22 5.203E+00.10000.400  968.21810.750.000000             V8         GROUND 30  7  A-      31  7  A-     642220 1 1 1 1 1 0   488.0  504.0
391  975.462900 5.188E-22 6.089E+00.10000.400  968.21810.750.000000             V8         GROUND 30  7  A+      31  7  A+     642220 1 1 1 1 1 0   488.0  504.0
391  975.468940 7.860E-24 1.743E+00.10000.400 1592.15380.750.000000        V8+2V12           2V12 33  8  E2      34  8  E2     642220 1 1 1 1 1 0   536.0  552.0
391  975.492030 6.542E-22 4.660E+00.10000.400  865.47140.750.000000             V8         GROUND 30  4  E1      31  4  E1     642220 1 1 1 1 1 0   488.0  504.0
391  975.495770 1.988E-22 3.757E+01.10000.400 1565.24830.750.000000        V8+2V12           2V12 34  7  A-      35  7  A-     642220 1 1 1 1 1 0   552.0  568.0
391  975.495770 2.324E-22 4.392E+01.10000.400 1565.24830.750.000000        V8+2V12           2V12 34  7  A+      35  7  A+     642220 1 1 1 1 1 0   552.0  568.0
391  975.516240 9.710E-22 5.571E+00.10000.400  820.94730.750.000000             V8         GROUND 30  2  E2      31  2  E2     642220 1 1 1 1 1 0   488.0  504.0
391  975.532650 4.382E-22 6.151E+00.10000.400 1004.99910.750.000000         V8+V12            V12 30  0  E1      31  0  E1     642220 1 1 1 1 1 0   488.0  504.0
391  975.539130 2.743E-22 5.182E+00.10000.400 1072.72440.750.000000             V8         GROUND 31  8  E2      32  8  E2     642220 1 1 1 1 1 0   504.0  520.0
391  975.582900 1.115E-22 6.479E+00.10000.400 1310.28030.750.000000         V8+V12            V12 32  6  E1      33  6  E1     642220 1 1 1 1 1 0   520.0  536.0
391  975.599730 1.078E-21 6.262E+00.10000.400  823.43690.750.000000             V8         GROUND 30  2  A-      31  2  A-     642220 1 1 1 1 1 0   488.0  504.0
391  975.625890 1.000E-26 1.513E-04.10000.400 1020.39320.750.000000         V8+V12            V12 30  3  E2      31  3  E2     622220 1 1 1 1 1 0   488.0  504.0
391  975.636320 1.134E-21 6.279E+00.10000.400  813.57940.750.000000             V8         GROUND 30  1  E1      31  1  E1     642220 1 1 1 1 1 0   488.0  504.0
391  975.644670 1.141E-21 6.323E+00.10000.400  813.75150.750.000000             V8         GROUND 30  1  A-      31  1  A-     642220 1 1 1 1 1 0   488.0  504.0
391  975.652550 9.031E-22 7.355E+00.10000.400  892.93930.750.000000             V8         GROUND 30  5  E1      31  5  E1     642220 1 1 1 1 1 0   488.0  504.0
391  975.711090 7.664E-23 5.729E+00.10000.400 1355.64810.750.000000             V8         GROUND 31 12  E1      32 12  E1     642220 1 1 1 1 1 0   504.0  520.0
391  975.714450 2.328E-22 3.171E+00.10000.400  998.74520.750.000000         V8+V12            V12 30  1  E1      31  1  E1     642220 1 1 1 1 1 0   488.0  504.0
391  975.725210 5.082E-24 3.700E-01.10000.400 1343.53890.750.000000         V8+V12            V12 30 10  E1      31 10  E1     642220 1 1 1 1 1 0   488.0  504.0
391  975.729080 1.555E-25 1.445E-03.10000.400  875.02770.750.000000             V6           2V12 24  0  A+      25  0  A+     642220 1 1 1 1 1 0   392.0  408.0
391  975.739870 1.154E-22 3.421E+00.10000.400 1158.68370.750.000000         V8+V12            V12 30  7  E2      31  7  E2     642220 1 1 1 1 1 0   488.0  504.0
391  975.761130 3.356E-22 4.688E+00.10000.400 1003.88270.750.000000         V8+V12            V12 30  2  A-      31  2  A-     642220 1 1 1 1 1 0   488.0  504.0
391  975.761130 4.826E-22 8.380E+00.10000.400 1048.65410.750.000000         V8+V12            V12 30  4  E1      31  4  E1     642220 1 1 1 1 1 0   488.0  504.0
391  975.780980 3.293E-23 3.924E+00.10000.400 1451.53590.750.000000        V8+2V12           2V12 31  5  A-      32  5  A-     642220 1 1 1 1 1 0   504.0  520.0
391  975.780980 4.098E-23 4.883E+00.10000.400 1451.53590.750.000000        V8+2V12           2V12 31  5  A+      32  5  A+     642220 1 1 1 1 1 0   504.0  520.0
391  975.782200 8.990E-22 5.483E+00.10000.400  833.39950.750.000000             V8         GROUND 30  3  E1      31  3  E1     642220 1 1 1 1 1 0   488.0  504.0
391  975.803790 2.083E-23 3.053E+00.10000.400 1506.80350.750.000000         V8+V12            V12 33  9  E2      34  9  E2     642220 1 1 1 1 1 0   536.0  552.0
391  975.804090 3.844E-22 5.363E+00.10000.400 1003.64520.750.000000         V8+V12            V12 30  2  A+      31  2  A+     642220 1 1 1 1 1 0   488.0  504.0
391  975.812550 2.393E-22 4.162E+00.10000.400 1035.02720.750.000000         V8+V12            V12 28  4  A-      29  4  A-     642220 1 1 1 1 1 0   456.0  472.0
391  975.812550 3.396E-22 5.907E+00.10000.400 1035.02740.750.000000         V8+V12            V12 28  4  A+      29  4  A+     642220 1 1 1 1 1 0   456.0  472.0
391  975.816570 2.696E-22 4.265E+00.10000.400 1022.61670.750.000000         V8+V12            V12 29  3  A+      30  3  A+     642220 1 1 1 1 1 0   472.0  488.0
391  975.818500 3.500E-22 6.236E+00.10000.400 1032.62140.750.000000         V8+V12            V12 27  5  E2      28  5  E2     642220 1 1 1 1 1 0   440.0  456.0
391  975.819170 4.174E-22 6.604E+00.10000.400 1022.62630.750.000000         V8+V12            V12 29  3  A-      30  3  A-     642220 1 1 1 1 1 0   472.0  488.0
391  975.827050 9.656E-22 5.911E+00.10000.400  834.13490.750.000000             V8         GROUND 30  3  A-      31  3  A-     642220 1 1 1 1 1 0   488.0  504.0
391  975.846120 4.811E-22 4.556E+00.10000.400  894.96170.750.000000         V8+V12            V12 26  1  E2      27  1  E2     642220 1 1 1 1 1 0   424.0  440.0
391  975.903340 9.992E-24 1.601E-01.10000.400 1025.22920.750.000000         V8+V12            V12 29  2  E1      30  2  E1     642220 1 1 1 1 1 0   472.0  488.0
391  975.906050 1.090E-22 8.464E+00.10000.400 1369.79610.750.000000         V8+V12            V12 32  8  E2      33  8  E2     642220 1 1 1 1 1 0   520.0  536.0
391  975.912950 6.932E-22 6.528E+00.10000.400  922.70630.750.000000             V8         GROUND 30  6  E1      31  6  E1     642220 1 1 1 1 1 0   488.0  504.0
391  975.919890 8.588E-22 5.952E+00.10000.400  859.65080.750.000000             V8         GROUND 30  4  E2      31  4  E2     642220 1 1 1 1 1 0   488.0  504.0
391  975.935160 8.726E-22 5.917E+00.10000.400  855.14950.750.000000             V8         GROUND 30  4  A-      31  4  A-     642220 1 1 1 1 1 0   488.0  504.0
391  975.938910 1.039E-21 6.338E+00.10000.400  833.36180.750.000000             V8         GROUND 30  3  A+      31  3  A+     642220 1 1 1 1 1 0   488.0  504.0
391  975.944710 7.998E-22 5.426E+00.10000.400  855.22340.750.000000             V8         GROUND 30  4  A+      31  4  A+     642220 1 1 1 1 1 0   488.0  504.0
391  975.967170 7.028E-24 2.184E-01.10000.400 1161.47090.750.000000         V8+V12            V12 29  8  E1      30  8  E1     642220 1 1 1 1 1 0   472.0  488.0
391  975.967340 2.800E-22 3.038E+00.10000.400  930.52910.750.000000         V7+V12            V12 27  1  E1      28  2  E1     642220 1 1 1 1 1 0   440.0  456.0
391  975.986010 1.119E-21 5.686E+00.10000.400  795.75660.750.000000             V8         GROUND 30  0  A+      31  0  A+     642220 1 1 1 1 1 0   488.0  504.0
391  976.032360 3.302E-22 2.614E+00.10000.400  880.09640.750.000000             V7         GROUND 29  5  E2      30  6  E2     642220 1 1 1 1 1 0   472.0  488.0
391  976.067930 6.043E-25 1.583E-03.10000.400  475.85780.750.000000             V6           2V12 12  1  E2      11  1  E2     642220 1 1 1 1 1 0   200.0  184.0
391  976.073490 2.776E-22 5.849E+00.10000.400 1088.33340.750.000000         V8+V12            V12 30  5  A-      31  5  A-     642220 1 1 1 1 1 0   488.0  504.0
391  976.073490 3.520E-22 7.417E+00.10000.400 1088.33340.750.000000         V8+V12            V12 30  5  A+      31  5  A+     642220 1 1 1 1 1 0   488.0  504.0
391  976.083860 1.101E-21 6.116E+00.10000.400  814.06000.750.000000             V8         GROUND 30  2  E1      31  2  E1     642220 1 1 1 1 1 0   488.0  504.0
391  976.088010 3.209E-22 5.379E+00.10000.400 1034.40350.750.000000         V8+V12            V12 29  3  E1      30  3  E1     642220 1 1 1 1 1 0   472.0  488.0
391  976.102590 3.091E-22 4.930E+00.10000.400 1031.03810.750.000000             V8         GROUND 30  8  E1      31  8  E1     642220 1 1 1 1 1 0   488.0  504.0
391  976.107560 1.869E-22 3.670E+00.10000.400 1044.91600.750.000000         V8+V12            V12 26  7  A-      27  7  A-     642220 1 1 1 1 1 0   424.0  440.0
391  976.107560 2.396E-22 4.705E+00.10000.400 1044.91600.750.000000         V8+V12            V12 26  7  A+      27  7  A+     642220 1 1 1 1 1 0   424.0  440.0
391  976.160240 1.453E-21 7.570E+00.10000.400  800.81970.750.000000             V8         GROUND 30  1  A+      31  1  A+     642220 1 1 1 1 1 0   488.0  504.0
391  976.164220 1.099E-21 5.747E+00.10000.400  801.60380.750.000000             V8         GROUND 30  0  E1      31  0  E1     642220 1 1 1 1 1 0   488.0  504.0
391  976.255490 2.740E-22 7.879E+00.10000.400 1152.23500.750.000000             V8         GROUND 30 10  E1      31 10  E1     642220 1 1 1 1 1 0   488.0  504.0
391  976.271240 1.830E-24 3.866E-02.10000.400 1088.78230.750.000000             V8         GROUND 30  9  A-      31  9  A-     642220 1 1 1 1 1 0   488.0  504.0
391  976.282740 1.318E-23 1.589E+00.10000.400 1460.14950.750.000000         V8+V12            V12 32 10  A-      33 10  A-     642220 1 1 1 1 1 0   520.0  536.0
391  976.282740 4.690E-24 5.654E-01.10000.400 1460.14950.750.000000         V8+V12            V12 32 10  A+      33 10  A+     642220 1 1 1 1 1 0   520.0  536.0
391  976.295950 3.283E-22 4.069E+00.10000.400  979.06530.750.000000             V8         GROUND 30  7  E2      31  7  E2     642220 1 1 1 1 1 0   488.0  504.0
391  976.297740 1.384E-21 7.137E+00.10000.400  798.66540.750.000000             V8         GROUND 30  1  E2      31  1  E2     642220 1 1 1 1 1 0   488.0  504.0
391  976.334720 6.306E-23 4.754E+00.10000.400 1357.13540.750.000000        V8+2V12           2V12 31  0  E1      32  0  E1     642220 1 1 1 1 1 0   504.0  520.0
391  976.404440 1.315E-22 1.609E+00.10000.400  989.48390.750.000000           3V12         GROUND 32  5  E2      33  5  E2     642220 1 1 1 1 1 0   520.0  536.0
391  976.416970 6.562E-23 2.673E+00.10000.400 1223.83950.750.000000             V8         GROUND 30 11  E1      31 11  E1     642220 1 1 1 1 1 0   488.0  504.0
391  976.420400 4.240E-22 3.409E+00.10000.400  883.12770.750.000000             V7         GROUND 29  5  A+      30  6  A+     642220 1 1 1 1 1 0   472.0  488.0
391  976.427100 4.216E-22 3.390E+00.10000.400  883.12770.750.000000             V7         GROUND 29  5  A-      30  6  A-     642220 1 1 1 1 1 0   472.0  488.0
391  976.452900 5.328E-23 4.995E+00.10000.400 1401.91750.750.000000        V8+2V12           2V12 31  1  E1      32  1  E1     642220 1 1 1 1 1 0   504.0  520.0
391  976.462170 9.870E-23 1.406E+00.10000.400  993.67800.750.000000         V8+V12            V12 28  0  A+      29  0  A+     642220 1 1 1 1 1 0   456.0  472.0
391  976.469660 8.880E-23 3.585E+00.10000.400 1221.95400.750.000000             V8         GROUND 30 11  E1      31 11  E1     642220 1 1 1 1 1 0   488.0  504.0
391  976.505170 2.063E-22 5.859E+00.10000.400 1149.55560.750.000000             V8         GROUND 30 10  A+      31 10  A+     642220 1 1 1 1 1 0   488.0  504.0
391  976.505170 2.070E-22 5.879E+00.10000.400 1149.55560.750.000000             V8         GROUND 30 10  A-      31 10  A-     642220 1 1 1 1 1 0   488.0  504.0
391  976.552240 2.595E-23 2.844E+00.10000.400 1427.36150.750.000000         V8+V12            V12 30 11  E1      31 11  E1     642220 1 1 1 1 1 0   488.0  504.0
391  976.555030 1.000E-26 2.942E-04.10000.400 1149.94800.750.000000         V8+V12            V12 29  7  E1      30  7  E1     622220 1 1 1 1 1 0   472.0  488.0
391  976.584860 2.925E-25 1.364E-03.10000.400  675.01700.750.000000             V6           2V12 18  1  E2      19  1  E2     642220 1 1 1 1 1 0   296.0  312.0
391  976.596780 1.637E-22 1.988E+00.10000.400  981.34180.750.000000             V8         GROUND 31  6  E2      32  6  E2     642220 1 1 1 1 1 0   504.0  520.0
391  976.606920 1.008E-22 1.632E+01.10000.400 1520.67350.750.000000         V8+V12            V12 32 11  E1      33 11  E1     642220 1 1 1 1 1 0   520.0  536.0
391  976.655550 4.346E-22 7.771E+00.10000.400 1047.45470.750.000000         V8+V12            V12 29  5  E1      30  5  E1     642220 1 1 1 1 1 0   472.0  488.0
391  976.674870 5.171E-23 5.565E+00.10000.400 1423.55310.750.000000        V8+2V12           2V12 30  8  A+      31  8  A+     642220 1 1 1 1 1 0   488.0  504.0
391  976.674870 8.621E-23 9.277E+00.10000.400 1423.55310.750.000000        V8+2V12           2V12 30  8  A-      31  8  A-     642220 1 1 1 1 1 0   488.0  504.0
391  976.689820 1.508E-22 8.827E+00.10000.400 1298.27840.750.000000             V8         GROUND 30 12  A+      31 12  A+     642220 1 1 1 1 1 0   488.0  504.0
391  976.689820 1.625E-22 9.512E+00.10000.400 1298.27840.750.000000             V8         GROUND 30 12  A-      31 12  A-     642220 1 1 1 1 1 0   488.0  504.0
391  976.700000 3.552E-22 5.819E+00.10000.400 1029.43550.750.000000         V8+V12            V12 29  4  E2      30  4  E2     642220 1 1 1 1 1 0   472.0  488.0
391  976.711500 1.356E-25 7.806E-04.10000.400  532.52420.750.000000             V5           2V12  7  1  A-       8  1  A-     642220 1 1 1 1 1 0   120.0  136.0
391  976.711500 3.162E-22 3.895E+00.10000.400  984.28740.750.000000             V8         GROUND 31  6  A-      32  6  A-     642220 1 1 1 1 1 0   504.0  520.0
391  976.715170 1.957E-23 3.175E-01.10000.400 1053.60540.750.000000             V7         GROUND 33  4  A-      34  5  A-     642220 1 1 1 1 1 0   536.0  552.0
391  976.721620 9.606E-23 9.437E-01.10000.400  902.16870.750.000000         V7+V12            V12 26  2  A+      27  0  A+     642220 1 1 1 1 1 0   424.0  440.0
391  976.721870 4.021E-22 3.950E+00.10000.400  902.16870.750.000000         V7+V12            V12 26  2  A+      27  0  A+     642220 1 1 1 1 1 0   424.0  440.0
391  976.742980 2.670E-22 5.461E+00.10000.400 1081.92760.750.000000             V8         GROUND 30  9  E1      31  9  E1     642220 1 1 1 1 1 0   488.0  504.0
391  976.798420 2.180E-22 2.686E+00.10000.400  984.28740.750.000000             V8         GROUND 31  6  A+      32  6  A+     642220 1 1 1 1 1 0   504.0  520.0
391  976.805110 1.000E-26 1.623E-04.10000.400 1053.60270.750.000000             V7         GROUND 33  4  A+      34  5  A+     622220 1 1 1 1 1 0   536.0  552.0
391  976.860790 1.000E-26 4.172E-04.10000.400 1221.67140.750.000000         V8+V12            V12 29  9  A-      30  9  A-     622220 1 1 1 1 1 0   472.0  488.0
391  976.911050 4.402E-23 2.784E+00.10000.400 1320.77500.750.000000         V8+V12            V12 31  8  A+      32  8  A+     642220 1 1 1 1 1 0   504.0  520.0
391  976.911050 5.507E-23 3.483E+00.10000.400 1320.77500.750.000000         V8+V12            V12 31  8  A-      32  8  A-     642220 1 1 1 1 1 0   504.0  520.0
391  976.920960 2.925E-23 6.787E-01.10000.400 1127.10660.750.000000             V7         GROUND 33  6  A+      34  7  A+     642220 1 1 1 1 1 0   536.0  552.0
391  976.920960 3.080E-23 7.146E-01.10000.400 1127.10660.750.000000             V7         GROUND 33  6  A-      34  7  A-     642220 1 1 1 1 1 0   536.0  552.0
391  976.934690 1.000E-26 4.626E-04.10000.400 1177.81360.750.000000        V8+2V12           2V12 21 11  A-      22 11  A-     622220 1 1 1 1 1 0   344.0  360.0
391  976.941390 1.682E-25 9.676E-04.10000.400  532.30770.750.000000             V5           2V12  7  1  A+       8  1  A+     642220 1 1 1 1 1 0   120.0  136.0
391  976.944570 2.405E-22 9.996E+00.10000.400 1227.73610.750.000000        V8+2V12           2V12 30  3  E1      31  3  E1     642220 1 1 1 1 1 0   488.0  504.0
391  976.983360 3.242E-22 4.591E+00.10000.400  999.34020.750.000000         V8+V12            V12 29  2  E2      30  2  E2     642220 1 1 1 1 1 0   472.0  488.0
391  977.028670 1.932E-22 1.106E+01.10000.400 1293.49660.750.000000             V8         GROUND 30 12  E1      31 12  E1     642220 1 1 1 1 1 0   488.0  504.0
391  977.030210 4.335E-25 1.355E-03.10000.400  377.32890.750.000000             V6           2V12  6  0  A+       5  0  A+     642220 1 1 1 1 1 0   104.0   88.0
391  977.040900 2.692E-22 5.402E+00.10000.400 1077.90730.750.000000             V8         GROUND 30  9  E2      31  9  E2     642220 1 1 1 1 1 0   488.0  504.0
391  977.046570 1.530E-22 5.949E+00.10000.400 1213.97100.750.000000             V8         GROUND 30 11  A-      31 11  A-     642220 1 1 1 1 1 0   488.0  504.0
391  977.046570 1.838E-22 7.147E+00.10000.400 1213.97100.750.000000             V8         GROUND 30 11  A+      31 11  A+     642220 1 1 1 1 1 0   488.0  504.0
391  977.064240 4.415E-22 6.728E+00.10000.400 1021.27730.750.000000             V8         GROUND 30  8  A+      31  8  A+     642220 1 1 1 1 1 0   488.0  504.0
391  977.064240 5.464E-22 8.327E+00.10000.400 1021.27730.750.000000             V8         GROUND 30  8  A-      31  8  A-     642220 1 1 1 1 1 0   488.0  504.0
391  977.109910 1.370E-22 4.213E+00.10000.400 1165.70060.750.000000        V8+2V12           2V12 30  1  E2      31  1  E2     642220 1 1 1 1 1 0   488.0  504.0
391  977.154120 7.817E-23 3.175E+00.10000.400 1222.88030.750.000000        V8+2V12           2V12 30  4  A-      31  4  A-     642220 1 1 1 1 1 0   488.0  504.0
391  977.180760 4.823E-22 6.014E+00.10000.400  973.10040.750.000000         V8+V12            V12 29  1  A-      30  1  A-     642220 1 1 1 1 1 0   472.0  488.0
391  977.197210 6.612E-22 4.217E+00.10000.400  835.14550.750.000000             V8         GROUND 29  5  E2      30  5  E2     642220 1 1 1 1 1 0   472.0  488.0
391  977.229100 6.500E-22 4.343E+00.10000.400  844.71050.750.000000             V8         GROUND 29  5  A+      30  5  A+     642220 1 1 1 1 1 0   472.0  488.0
391  977.234000 5.200E-22 3.474E+00.10000.400  844.71050.750.000000             V8         GROUND 29  5  A+      30  5  A+     642220 1 1 1 1 1 0   472.0  488.0
391  977.247230 5.472E-22 6.567E+00.10000.400  972.04130.750.000000             V8         GROUND 30  7  E1      31  7  E1     642220 1 1 1 1 1 0   488.0  504.0
391  977.262100 8.551E-23 2.346E+00.10000.400 1142.10930.750.000000             V8         GROUND 30 10  E1      31 10  E1     642220 1 1 1 1 1 0   488.0  504.0
391  977.277370 5.962E-23 2.945E+00.10000.400 1256.25260.750.000000         V8+V12            V12 29  9  E1      30  9  E1     642220 1 1 1 1 1 0   472.0  488.0
391  977.318730 8.284E-24 3.857E-01.10000.400 1257.59050.750.000000         V8+V12            V12 31  6  E1      32  6  E1     642220 1 1 1 1 1 0   504.0  520.0
391  977.323440 9.059E-22 4.697E+00.10000.400  792.50480.750.000000             V8         GROUND 29  3  E2      30  3  E2     642220 1 1 1 1 1 0   472.0  488.0
391  977.383730 1.811E-25 1.449E-03.10000.400  834.93350.750.000000             V6           2V12 23  0  A+      24  0  A+     642220 1 1 1 1 1 0   376.0  392.0
391  977.458120 4.209E-22 5.215E+00.10000.400  971.65840.750.000000         V8+V12            V12 29  1  A+      30  1  A+     642220 1 1 1 1 1 0   472.0  488.0
391  977.502000 5.309E-25 1.418E-03.10000.400  495.13930.750.000000             V6           2V12 13  1  E2      12  1  E2     642220 1 1 1 1 1 0   216.0  200.0
391  977.521450 3.712E-22 7.412E+00.10000.400 1069.80350.750.000000         V8+V12            V12 29  6  A+      30  6  A+     642220 1 1 1 1 1 0   472.0  488.0
391  977.541620 1.243E-21 5.957E+00.10000.400  776.22550.750.000000             V8         GROUND 29  2  A+      30  2  A+     642220 1 1 1 1 1 0   472.0  488.0
391  977.548740 1.552E-22 3.099E+00.10000.400 1069.80340.750.000000         V8+V12            V12 29  6  A-      30  6  A-     642220 1 1 1 1 1 0   472.0  488.0
391  977.559440 2.068E-22 3.156E+00.10000.400 1021.37220.750.000000             V8         GROUND 30  8  E2      31  8  E2     642220 1 1 1 1 1 0   488.0  504.0
391  977.570710 1.067E-21 2.342E+01.10000.400 1089.25610.750.000000         V8+V12            V12 29  6  E2      30  6  E2     642220 1 1 1 1 1 0   472.0  488.0
391  977.570710 2.732E-22 1.586E+00.10000.400  815.63960.750.000000             V8         GROUND 29  4  E1      30  4  E1     642220 1 1 1 1 1 0   472.0  488.0
391  977.602170 1.359E-22 5.024E+00.10000.400 1203.34270.750.000000        V8+2V12           2V12 30  2  E1      31  2  E1     642220 1 1 1 1 1 0   488.0  504.0
391  977.606350 6.071E-22 5.809E+00.10000.400  918.43660.750.000000             V8         GROUND 29  7  A-      30  7  A-     642220 1 1 1 1 1 0   472.0  488.0
391  977.606350 6.376E-22 6.101E+00.10000.400  918.43660.750.000000             V8         GROUND 29  7  A+      30  7  A+     642220 1 1 1 1 1 0   472.0  488.0
391  977.674330 1.297E-21 6.053E+00.10000.400  770.71860.750.000000             V8         GROUND 29  2  E2      30  2  E2     642220 1 1 1 1 1 0   472.0  488.0
391  977.694810 5.262E-22 6.026E+00.10000.400  955.36950.750.000000         V8+V12            V12 29  0  E1      30  0  E1     642220 1 1 1 1 1 0   472.0  488.0
391  977.714690 1.270E-21 6.017E+00.10000.400  773.79070.750.000000             V8         GROUND 29  2  A-      30  2  A-     642220 1 1 1 1 1 0   472.0  488.0
391  977.727510 3.719E-22 2.976E+00.10000.400  851.60790.750.000000         V8+V12            V12 25  1  E2      26  1  E2     642220 1 1 1 1 1 0   408.0  424.0
391  977.730540 8.490E-24 5.129E-01.10000.400 1304.33610.750.000000             V8         GROUND 30 12  E1      31 12  E1     642220 1 1 1 1 1 0   488.0  504.0
391  977.750620 3.152E-22 4.700E+00.10000.400  987.60560.750.000000         V8+V12            V12 26  5  E2      27  5  E2     642220 1 1 1 1 1 0   424.0  440.0
391  977.755610 1.513E-21 6.828E+00.10000.400  763.77910.750.000000             V8         GROUND 29  1  E1      30  1  E1     642220 1 1 1 1 1 0   472.0  488.0
391  977.765840 1.190E-23 6.874E+00.10000.400 1788.10040.750.000000        V8+2V12           2V12 33 10  A+      34 10  A+     642220 1 1 1 1 1 0   536.0  552.0
391  977.765840 1.655E-23 9.559E+00.10000.400 1788.10040.750.000000        V8+2V12           2V12 33 10  A-      34 10  A-     642220 1 1 1 1 1 0   536.0  552.0
391  977.771970 1.435E-21 6.476E+00.10000.400  763.75750.750.000000             V8         GROUND 29  1  A-      30  1  A-     642220 1 1 1 1 1 0   472.0  488.0
391  977.789410 8.067E-22 5.355E+00.10000.400  843.14810.750.000000             V8         GROUND 29  5  E1      30  5  E1     642220 1 1 1 1 1 0   472.0  488.0
391  977.798020 3.761E-23 4.381E+00.10000.400 1452.46810.750.000000         V8+V12            V12 32  9  E2      33  9  E2     642220 1 1 1 1 1 0   520.0  536.0
391  977.803560 1.104E-22 1.455E+00.10000.400  977.08080.750.000000         V8+V12            V12 28  2  E1      29  2  E1     642220 1 1 1 1 1 0   456.0  472.0
391  977.823270 3.869E-22 5.580E+00.10000.400  988.30540.750.000000         V8+V12            V12 27  4  A-      28  4  A-     642220 1 1 1 1 1 0   440.0  456.0
391  977.823270 4.110E-22 5.927E+00.10000.400  988.30560.750.000000         V8+V12            V12 27  4  A+      28  4  A+     642220 1 1 1 1 1 0   440.0  456.0
391  977.855400 1.429E-22 2.458E+00.10000.400 1039.01530.750.000000             V8         GROUND 29  9  A-      30  9  A-     642220 1 1 1 1 1 0   472.0  488.0
391  977.855400 1.744E-22 3.000E+00.10000.400 1039.01530.750.000000             V8         GROUND 29  9  A+      30  9  A+     642220 1 1 1 1 1 0   472.0  488.0
391  977.861160 1.122E-23 3.114E+00.10000.400 1631.04430.750.000000        V8+2V12           2V12 32  9  E2      33  9  E2     642220 1 1 1 1 1 0   520.0  536.0
391  977.881280 4.905E-22 5.451E+00.10000.400  949.10620.750.000000         V8+V12            V12 29  1  E1      30  1  E1     642220 1 1 1 1 1 0   472.0  488.0
391  977.912660 1.737E-22 4.203E+00.10000.400 1109.16930.750.000000         V8+V12            V12 29  7  E2      30  7  E2     642220 1 1 1 1 1 0   472.0  488.0
391  977.918170 2.260E-22 2.941E+00.10000.400  974.46410.750.000000         V8+V12            V12 28  3  A+      29  3  A+     642220 1 1 1 1 1 0   456.0  472.0
391  977.919470 5.579E-22 7.260E+00.10000.400  974.47210.750.000000         V8+V12            V12 28  3  A-      29  3  A-     642220 1 1 1 1 1 0   456.0  472.0
391  977.929440 2.903E-22 4.817E+00.10000.400 1001.60780.750.000000         V8+V12            V12 25  7  A-      26  7  A-     642220 1 1 1 1 1 0   408.0  424.0
391  977.929440 3.131E-22 5.196E+00.10000.400 1001.60780.750.000000         V8+V12            V12 25  7  A+      26  7  A+     642220 1 1 1 1 1 0   408.0  424.0
391  977.933070 4.974E-22 7.046E+00.10000.400  999.01500.750.000000         V8+V12            V12 29  4  E1      30  4  E1     642220 1 1 1 1 1 0   472.0  488.0
391  977.933070 5.944E-22 6.773E+00.10000.400  954.22610.750.000000         V8+V12            V12 29  2  A-      30  2  A-     642220 1 1 1 1 1 0   472.0  488.0
391  977.934770 1.722E-22 1.564E+00.10000.400  885.57450.750.000000         V7+V12            V12 26  1  E1      27  2  E1     642220 1 1 1 1 1 0   424.0  440.0
391  977.936790 6.194E-23 3.679E+00.10000.400 1293.93750.750.000000         V8+V12            V12 29 10  E1      30 10  E1     642220 1 1 1 1 1 0   472.0  488.0
391  977.945010 1.198E-21 5.950E+00.10000.400  783.39810.750.000000             V8         GROUND 29  3  E1      30  3  E1     642220 1 1 1 1 1 0   472.0  488.0
391  977.971450 3.326E-22 3.786E+00.10000.400  954.01690.750.000000         V8+V12            V12 29  2  A+      30  2  A+     642220 1 1 1 1 1 0   472.0  488.0
391  977.972360 7.298E-23 7.033E+00.10000.400 1400.33070.750.000000        V8+2V12           2V12 30  5  A-      31  5  A-     642220 1 1 1 1 1 0   488.0  504.0
391  977.972360 7.822E-23 7.538E+00.10000.400 1400.33070.750.000000        V8+2V12           2V12 30  5  A+      31  5  A+     642220 1 1 1 1 1 0   488.0  504.0
391  977.988590 1.149E-21 5.729E+00.10000.400  784.18660.750.000000             V8         GROUND 29  3  A-      30  3  A-     642220 1 1 1 1 1 0   472.0  488.0
391  978.024520 8.683E-22 4.905E+00.10000.400  809.83890.750.000000             V8         GROUND 29  4  E2      30  4  E2     642220 1 1 1 1 1 0   472.0  488.0
391  978.041430 4.076E-22 2.653E+00.10000.400  831.86750.750.000000             V7         GROUND 28  5  E2      29  6  E2     642220 1 1 1 1 1 0   456.0  472.0
391  978.066620 9.825E-22 5.428E+00.10000.400  805.24870.750.000000             V8         GROUND 29  4  A-      30  4  A-     642220 1 1 1 1 1 0   472.0  488.0
391  978.072320 6.357E-22 4.879E+00.10000.400  872.89710.750.000000             V8         GROUND 29  6  E1      30  6  E1     642220 1 1 1 1 1 0   472.0  488.0
391  978.084540 1.325E-21 6.587E+00.10000.400  783.54460.750.000000             V8         GROUND 29  3  A+      30  3  A+     642220 1 1 1 1 1 0   472.0  488.0
391  978.100170 2.646E-22 3.268E+00.10000.400  970.75030.750.000000         V8+V12            V12 29  3  E2      30  3  E2     642220 1 1 1 1 1 0   472.0  488.0
391  978.104030 1.421E-21 5.894E+00.10000.400  746.26510.750.000000             V8         GROUND 29  0  A+      30  0  A+     642220 1 1 1 1 1 0   472.0  488.0
391  978.104470 4.118E-22 5.686E+00.10000.400  986.59590.750.000000         V8+V12            V12 28  3  E1      29  3  E1     642220 1 1 1 1 1 0   456.0  472.0
391  978.106170 1.060E-21 5.858E+00.10000.400  805.30630.750.000000             V8         GROUND 29  4  A+      30  4  A+     642220 1 1 1 1 1 0   472.0  488.0
391  978.182060 3.165E-22 5.439E+00.10000.400 1038.67900.750.000000         V8+V12            V12 29  5  A-      30  5  A-     642220 1 1 1 1 1 0   472.0  488.0
391  978.182060 3.204E-22 5.506E+00.10000.400 1038.67900.750.000000         V8+V12            V12 29  5  A+      30  5  A+     642220 1 1 1 1 1 0   472.0  488.0
391  978.186250 8.522E-23 5.304E+00.10000.400 1316.93480.750.000000         V8+V12            V12 31  8  E2      32  8  E2     642220 1 1 1 1 1 0   504.0  520.0
391  978.212070 4.849E-22 6.304E+00.10000.400  981.25850.750.000000             V8         GROUND 29  8  E1      30  8  E1     642220 1 1 1 1 1 0   472.0  488.0
391  978.218570 1.207E-21 5.467E+00.10000.400  764.34420.750.000000             V8         GROUND 29  2  E1      30  2  E1     642220 1 1 1 1 1 0   472.0  488.0
391  978.232100 1.189E-22 5.071E-01.10000.400  644.51270.750.000000             V6           2V12 17  1  E2      18  1  E2     642220 1 1 1 1 1 0   280.0  296.0
391  978.242890 1.035E-22 1.827E+01.10000.400 1537.75050.750.000000        V8+2V12           2V12 32  8  E2      33  8  E2     642220 1 1 1 1 1 0   520.0  536.0
391  978.273670 2.596E-23 6.637E-01.10000.400 1113.27330.750.000000         V8+V12            V12 28  8  E1      29  8  E1     642220 1 1 1 1 1 0   456.0  472.0
391  978.276500 4.655E-22 5.500E+00.10000.400  947.12500.750.000000         V8+V12            V12 27  0  A+      28  0  A+     642220 1 1 1 1 1 0   440.0  456.0
391  978.277710 1.308E-21 5.589E+00.10000.400  752.33060.750.000000             V8         GROUND 29  0  E1      30  0  E1     642220 1 1 1 1 1 0   472.0  488.0
391  978.280470 1.491E-21 6.347E+00.10000.400  751.54530.750.000000             V8         GROUND 29  1  A+      30  1  A+     642220 1 1 1 1 1 0   472.0  488.0
391  978.378920 3.532E-22 8.280E+00.10000.400 1102.46810.750.000000             V8         GROUND 29 10  E1      30 10  E1     642220 1 1 1 1 1 0   472.0  488.0
391  978.383720 4.296E-22 4.340E+00.10000.400  929.28320.750.000000             V8         GROUND 29  7  E2      30  7  E2     642220 1 1 1 1 1 0   472.0  488.0
391  978.411140 1.113E-25 6.967E-04.10000.400  519.64470.750.000000             V5           2V12  6  1  A-       7  1  A-     642220 1 1 1 1 1 0   104.0  120.0
391  978.414000 1.236E-22 1.211E+00.10000.400  936.44100.750.000000           3V12         GROUND 31  5  E2      32  5  E2     642220 1 1 1 1 1 0   504.0  520.0
391  978.426790 1.648E-21 6.940E+00.10000.400  749.25570.750.000000             V8         GROUND 29  1  E2      30  1  E2     642220 1 1 1 1 1 0   472.0  488.0
391  978.443230 1.509E-22 9.976E-01.10000.400  834.93560.750.000000             V7         GROUND 28  5  A+      29  6  A+     642220 1 1 1 1 1 0   456.0  472.0
391  978.444200 1.334E-22 1.989E+01.10000.400 1509.23740.750.000000        V8+2V12           2V12 33  7  A-      34  7  A-     642220 1 1 1 1 1 0   536.0  552.0
391  978.444200 2.843E-22 4.239E+01.10000.400 1509.23740.750.000000        V8+2V12           2V12 33  7  A+      34  7  A+     642220 1 1 1 1 1 0   536.0  552.0
391  978.449360 4.341E-22 2.870E+00.10000.400  834.93560.750.000000             V7         GROUND 28  5  A-      29  6  A-     642220 1 1 1 1 1 0   456.0  472.0
391  978.482170 1.000E-26 1.287E-04.10000.400  998.99140.750.000000             V7         GROUND 32  4  A-      33  5  A-     622220 1 1 1 1 1 0   520.0  536.0
391  978.484150 2.725E-22 2.671E+00.10000.400  929.92150.750.000000             V8         GROUND 30  6  E2      31  6  E2     642220 1 1 1 1 1 0   488.0  504.0
391  978.494520 1.095E-22 1.058E+01.10000.400 1407.28610.750.000000         V8+V12            V12 31 10  A-      32 10  A-     642220 1 1 1 1 1 0   504.0  520.0
391  978.494520 7.088E-23 6.849E+00.10000.400 1407.28610.750.000000         V8+V12            V12 31 10  A+      32 10  A+     642220 1 1 1 1 1 0   504.0  520.0
391  978.550000 6.788E-23 2.255E+00.10000.400 1174.10820.750.000000             V8         GROUND 29 11  E1      30 11  E1     642220 1 1 1 1 1 0   472.0  488.0
391  978.550870 5.773E-23 3.520E+00.10000.400 1305.91100.750.000000        V8+2V12           2V12 30  0  E1      31  0  E1     642220 1 1 1 1 1 0   488.0  504.0
391  978.551470 2.362E-23 3.040E-01.10000.400  998.98940.750.000000             V7         GROUND 32  4  A+      33  5  A+     642220 1 1 1 1 1 0   520.0  536.0
391  978.551820 2.368E-22 2.356E+00.10000.400  932.91210.750.000000             V8         GROUND 30  6  A-      31  6  A-     642220 1 1 1 1 1 0   488.0  504.0
391  978.582520 1.562E-25 9.774E-04.10000.400  519.47620.750.000000             V5           2V12  6  1  A+       7  1  A+     642220 1 1 1 1 1 0   104.0  120.0
391  978.600160 7.533E-23 2.480E+00.10000.400 1172.20070.750.000000             V8         GROUND 29 11  E1      30 11  E1     642220 1 1 1 1 1 0   472.0  488.0
391  978.625450 1.719E-23 4.896E-02.10000.400  386.97280.750.000000             V6           2V12  7  0  A+       6  0  A+     642220 1 1 1 1 1 0   120.0  104.0
391  978.632960 8.929E-23 8.884E-01.10000.400  932.91210.750.000000             V8         GROUND 30  6  A+      31  6  A+     642220 1 1 1 1 1 0   488.0  504.0
391  978.634770 2.755E-22 6.379E+00.10000.400 1099.81670.750.000000             V8         GROUND 29 10  A+      30 10  A+     642220 1 1 1 1 1 0   472.0  488.0
391  978.634770 3.380E-22 7.826E+00.10000.400 1099.81670.750.000000             V8         GROUND 29 10  A-      30 10  A-     642220 1 1 1 1 1 0   472.0  488.0
391  978.665880 6.554E-24 4.970E-01.10000.400 1350.70660.750.000000        V8+2V12           2V12 30  1  E1      31  1  E1     642220 1 1 1 1 1 0   488.0  504.0
391  978.701150 2.428E-22 2.171E+01.10000.400 1377.76500.750.000000         V8+V12            V12 29 11  E1      30 11  E1     642220 1 1 1 1 1 0   472.0  488.0
391  978.718470 7.040E-23 1.296E+00.10000.400 1072.55450.750.000000             V7         GROUND 32  6  A+      33  7  A+     642220 1 1 1 1 1 0   520.0  536.0
391  978.718470 8.075E-23 1.487E+00.10000.400 1072.55450.750.000000             V7         GROUND 32  6  A-      33  7  A-     642220 1 1 1 1 1 0   520.0  536.0
391  978.727830 2.154E-22 1.788E+00.10000.400  858.81020.750.000000         V7+V12            V12 25  2  A+      26  0  A+     642220 1 1 1 1 1 0   408.0  424.0
391  978.727830 2.315E-22 1.922E+00.10000.400  858.81020.750.000000         V7+V12            V12 25  2  A+      26  0  A+     642220 1 1 1 1 1 0   408.0  424.0
391  978.755960 6.946E-24 1.682E-01.10000.400 1101.92500.750.000000         V8+V12            V12 28  7  E1      29  7  E1     642220 1 1 1 1 1 0   456.0  472.0
391  978.803980 1.453E-22 3.359E+00.10000.400 1099.41580.750.000000        V8+2V12           2V12 29  0  A+      30  0  A+     642220 1 1 1 1 1 0   472.0  488.0
391  978.828260 1.037E-22 4.949E+00.10000.400 1248.54460.750.000000             V8         GROUND 29 12  A-      30 12  A-     642220 1 1 1 1 1 0   472.0  488.0
391  978.828260 8.721E-23 4.162E+00.10000.400 1248.54460.750.000000             V8         GROUND 29 12  A+      30 12  A+     642220 1 1 1 1 1 0   472.0  488.0
391  978.844300 1.850E-23 1.624E+00.10000.400 1373.94240.750.000000        V8+2V12           2V12 29  8  A+      30  8  A+     642220 1 1 1 1 1 0   472.0  488.0
391  978.844300 1.862E-23 1.635E+00.10000.400 1373.94240.750.000000        V8+2V12           2V12 29  8  A-      30  8  A-     642220 1 1 1 1 1 0   472.0  488.0
391  978.850730 4.386E-22 5.909E+00.10000.400  981.23610.750.000000         V8+V12            V12 28  4  E2      29  4  E2     642220 1 1 1 1 1 0   456.0  472.0
391  978.856370 3.019E-22 5.034E+00.10000.400 1032.17940.750.000000             V8         GROUND 29  9  E1      30  9  E1     642220 1 1 1 1 1 0   472.0  488.0
391  978.861530 3.152E-22 4.632E+00.10000.400  999.10920.750.000000         V8+V12            V12 28  5  E1      29  5  E1     642220 1 1 1 1 1 0   456.0  472.0
391  978.873710 1.853E-23 7.613E-01.10000.400 1142.81630.750.000000        V8+2V12           2V12 20 11  A-      21 11  A-     642220 1 1 1 1 1 0   328.0  344.0
391  978.873710 2.160E-23 8.874E-01.10000.400 1142.81630.750.000000        V8+2V12           2V12 20 11  A+      21 11  A+     642220 1 1 1 1 1 0   328.0  344.0
391  978.911030 1.067E-23 5.457E-01.10000.400 1269.59390.750.000000         V8+V12            V12 30  8  A+      31  8  A+     642220 1 1 1 1 1 0   488.0  504.0
391  978.911030 1.502E-23 7.682E-01.10000.400 1269.59390.750.000000         V8+V12            V12 30  8  A-      31  8  A-     642220 1 1 1 1 1 0   488.0  504.0
391  978.921170 4.999E-25 1.380E-03.10000.400  516.02570.750.000000             V6           2V12 14  1  E2      13  1  E2     642220 1 1 1 1 1 0   232.0  216.0
391  978.939290 7.974E-24 1.035E+00.10000.400 1467.81140.750.000000         V8+V12            V12 31 11  E1      32 11  E1     642220 1 1 1 1 1 0   504.0  520.0
391  979.035780 2.255E-25 1.568E-03.10000.400  796.43600.750.000000             V6           2V12 22  0  A+      23  0  A+     642220 1 1 1 1 1 0   360.0  376.0
391  979.084480 1.000E-26 3.765E-04.10000.400 1206.48160.750.000000         V8+V12            V12 30  6  E1      31  6  E1     622220 1 1 1 1 1 0   488.0  504.0
391  979.089160 4.715E-22 5.496E+00.10000.400  951.35770.750.000000         V8+V12            V12 28  2  E2      29  2  E2     642220 1 1 1 1 1 0   456.0  472.0
391  979.120760 8.560E-23 2.940E+00.10000.400 1173.63400.750.000000         V8+V12            V12 28  9  A-      29  9  A-     642220 1 1 1 1 1 0   456.0  472.0
391  979.120760 8.813E-23 3.027E+00.10000.400 1173.63400.750.000000         V8+V12            V12 28  9  A+      29  9  A+     642220 1 1 1 1 1 0   456.0  472.0
391  979.127580 1.455E-22 4.933E+00.10000.400 1178.08870.750.000000        V8+2V12           2V12 29  3  E1      30  3  E1     642220 1 1 1 1 1 0   472.0  488.0
391  979.145960 5.289E-22 6.569E+00.10000.400  971.48220.750.000000             V8         GROUND 29  8  A+      30  8  A+     642220 1 1 1 1 1 0   472.0  488.0
391  979.145960 5.298E-22 6.581E+00.10000.400  971.48220.750.000000             V8         GROUND 29  8  A-      30  8  A-     642220 1 1 1 1 1 0   472.0  488.0
391  979.148350 2.301E-22 3.764E+00.10000.400 1028.13440.750.000000             V8         GROUND 29  9  E2      30  9  E2     642220 1 1 1 1 1 0   472.0  488.0
391  979.168000 1.253E-22 5.848E+00.10000.400 1243.80370.750.000000             V8         GROUND 29 12  E1      30 12  E1     642220 1 1 1 1 1 0   472.0  488.0
391  979.174730 2.084E-22 6.607E+00.10000.400 1164.25160.750.000000             V8         GROUND 29 11  A-      30 11  A-     642220 1 1 1 1 1 0   472.0  488.0
391  979.174730 2.152E-22 6.823E+00.10000.400 1164.25160.750.000000             V8         GROUND 29 11  A+      30 11  A+     642220 1 1 1 1 1 0   472.0  488.0
391  979.192170 7.177E-23 1.982E+00.10000.400 1121.39790.750.000000         V8+V12            V12 27  8  E2      28  8  E2     642220 1 1 1 1 1 0   440.0  456.0
391  979.254210 1.932E-23 2.982E+00.10000.400 1496.71810.750.000000        V8+2V12           2V12 30 10  E1      31 10  E1     642220 1 1 1 1 1 0   488.0  504.0
391  979.285240 4.544E-22 4.444E+00.10000.400  922.22850.750.000000             V8         GROUND 29  7  E1      30  7  E1     642220 1 1 1 1 1 0   472.0  488.0
391  979.302290 1.015E-21 5.322E+00.10000.400  786.89480.750.000000             V8         GROUND 28  5  E2      29  5  E2     642220 1 1 1 1 1 0   456.0  472.0
391  979.306570 1.892E-22 4.747E+00.10000.400 1116.04210.750.000000        V8+2V12           2V12 29  1  E2      30  1  E2     642220 1 1 1 1 1 0   472.0  488.0
391  979.321780 5.602E-22 5.749E+00.10000.400  925.02810.750.000000         V8+V12            V12 28  1  A-      29  1  A-     642220 1 1 1 1 1 0   456.0  472.0
391  979.335400 1.285E-22 5.222E+00.10000.400 1208.16510.750.000000         V8+V12            V12 28  9  E1      29  9  E1     642220 1 1 1 1 1 0   456.0  472.0
391  979.335730 9.359E-22 5.141E+00.10000.400  796.47590.750.000000             V8         GROUND 28  5  A-      29  5  A-     642220 1 1 1 1 1 0   456.0  472.0
391  979.337730 6.000E-22 3.296E+00.10000.400  796.47530.750.000000             V8         GROUND 28  5  A+      29  5  A+     642220 1 1 1 1 1 0   456.0  472.0
391  979.340570 2.491E-22 8.253E+00.10000.400 1173.23390.750.000000        V8+2V12           2V12 29  4  A+      30  4  A+     642220 1 1 1 1 1 0   472.0  488.0
391  979.340570 3.300E-22 1.093E+01.10000.400 1173.23370.750.000000        V8+2V12           2V12 29  4  A-      30  4  A-     642220 1 1 1 1 1 0   472.0  488.0
391  979.375270 1.373E-22 3.070E+00.10000.400 1092.36220.750.000000             V8         GROUND 29 10  E1      30 10  E1     642220 1 1 1 1 1 0   472.0  488.0
391  979.462860 1.356E-21 5.781E+00.10000.400  744.27110.750.000000             V8         GROUND 28  3  E2      29  3  E2     642220 1 1 1 1 1 0   456.0  472.0
391  979.577830 5.399E-22 6.716E+00.10000.400  971.61010.750.000000             V8         GROUND 29  8  E2      30  8  E2     642220 1 1 1 1 1 0   472.0  488.0
391  979.584770 6.682E-22 6.815E+00.10000.400  923.67560.750.000000         V8+V12            V12 28  1  A+      29  1  A+     642220 1 1 1 1 1 0   456.0  472.0
391  979.592690 5.934E-22 4.049E+00.10000.400  809.85230.750.000000         V8+V12            V12 24  1  E2      25  1  E2     642220 1 1 1 1 1 0   392.0  408.0
391  979.652640 1.552E-21 6.112E+00.10000.400  727.88030.750.000000             V8         GROUND 28  2  A+      29  2  A+     642220 1 1 1 1 1 0   456.0  472.0
391  979.658030 1.289E-21 6.152E+00.10000.400  767.40390.750.000000             V8         GROUND 28  4  E1      29  4  E1     642220 1 1 1 1 1 0   456.0  472.0
391  979.664190 4.090E-22 6.728E+00.10000.400 1021.96390.750.000000         V8+V12            V12 28  6  A+      29  6  A+     642220 1 1 1 1 1 0   456.0  472.0
391  979.664600 2.183E-22 2.750E+00.10000.400  944.19350.750.000000         V8+V12            V12 25  5  E2      26  5  E2     642220 1 1 1 1 1 0   408.0  424.0
391  979.677170 2.887E-22 4.749E+00.10000.400 1021.96390.750.000000         V8+V12            V12 28  6  A-      29  6  A-     642220 1 1 1 1 1 0   456.0  472.0
391  979.685780 2.017E-22 2.205E+00.10000.400  930.52910.750.000000         V8+V12            V12 27  2  E1      28  2  E1     642220 1 1 1 1 1 0   440.0  456.0
391  979.719540 2.275E-22 4.110E+00.10000.400 1041.21120.750.000000         V8+V12            V12 28  6  E2      29  6  E2     642220 1 1 1 1 1 0   456.0  472.0
391  979.733230 6.568E-22 5.169E+00.10000.400  870.24800.750.000000             V8         GROUND 28  7  A-      29  7  A-     642220 1 1 1 1 1 0   456.0  472.0
391  979.733230 7.018E-22 5.523E+00.10000.400  870.24800.750.000000             V8         GROUND 28  7  A+      29  7  A+     642220 1 1 1 1 1 0   456.0  472.0
391  979.741070 1.957E-23 2.770E-01.10000.400  959.89510.750.000000         V8+V12            V12 24  7  A-      25  7  A-     642220 1 1 1 1 1 0   392.0  408.0
391  979.741070 4.264E-22 6.035E+00.10000.400  959.89510.750.000000         V8+V12            V12 24  7  A+      25  7  A+     642220 1 1 1 1 1 0   392.0  408.0
391  979.742420 6.087E-23 2.998E+00.10000.400 1254.61280.750.000000             V8         GROUND 29 12  E1      30 12  E1     642220 1 1 1 1 1 0   472.0  488.0
391  979.780980 1.082E-22 3.263E+00.10000.400 1153.68770.750.000000        V8+2V12           2V12 29  2  E1      30  2  E1     642220 1 1 1 1 1 0   472.0  488.0
391  979.786310 1.000E-26 9.337E-04.10000.400 1399.71160.750.000000         V8+V12            V12 31  9  E2      32  9  E2     622220 1 1 1 1 1 0   504.0  520.0
391  979.812970 1.500E-21 1.810E+01.10000.400  943.19120.750.000000         V8+V12            V12 26  4  A-      27  4  A-     642220 1 1 1 1 1 0   424.0  440.0
391  979.812970 3.829E-22 4.620E+00.10000.400  943.19140.750.000000         V8+V12            V12 26  4  A+      27  4  A+     642220 1 1 1 1 1 0   424.0  440.0
391  979.812970 5.416E-22 2.111E+00.10000.400  725.72390.750.000000             V8         GROUND 28  2  A-      29  2  A-     642220 1 1 1 1 1 0   456.0  472.0
391  979.815580 1.289E-21 4.938E+00.10000.400  722.10040.750.000000             V8         GROUND 28  2  E2      29  2  E2     642220 1 1 1 1 1 0   456.0  472.0
391  979.839330 6.745E-22 6.357E+00.10000.400  907.32500.750.000000         V8+V12            V12 28  0  E1      29  0  E1     642220 1 1 1 1 1 0   456.0  472.0
391  979.857650 1.822E-21 6.762E+00.10000.400  715.56310.750.000000             V8         GROUND 28  1  E1      29  1  E1     642220 1 1 1 1 1 0   456.0  472.0
391  979.883200 2.137E-21 7.922E+00.10000.400  715.34450.750.000000             V8         GROUND 28  1  A-      29  1  A-     642220 1 1 1 1 1 0   456.0  472.0
391  979.884080 3.633E-25 1.433E-03.10000.400  615.60980.750.000000             V6           2V12 16  1  E2      17  1  E2     642220 1 1 1 1 1 0   264.0  280.0
391  979.886170 4.095E-25 3.144E-03.10000.400  842.21810.750.000000         V7+V12            V12 25  1  E1      26  2  E1     642220 1 1 1 1 1 0   408.0  424.0
391  979.909930 9.013E-22 4.920E+00.10000.400  794.94970.750.000000             V8         GROUND 28  5  E1      29  5  E1     642220 1 1 1 1 1 0   456.0  472.0
391  979.912330 6.755E-24 2.070E-01.10000.400 1156.95460.750.000000         V8+V12            V12 29  6  E1      30  6  E1     642220 1 1 1 1 1 0   472.0  488.0
391  980.002170 1.274E-22 1.376E+00.10000.400  927.90860.750.000000         V8+V12            V12 27  3  A+      28  3  A+     642220 1 1 1 1 1 0   440.0  456.0
391  980.002470 9.271E-22 1.001E+01.10000.400  927.91510.750.000000         V8+V12            V12 27  3  A-      28  3  A-     642220 1 1 1 1 1 0   440.0  456.0
391  980.025240 3.479E-22 4.923E+00.10000.400  990.85350.750.000000             V8         GROUND 28  9  A-      29  9  A-     642220 1 1 1 1 1 0   456.0  472.0
391  980.025240 3.731E-22 5.280E+00.10000.400  990.85350.750.000000             V8         GROUND 28  9  A+      29  9  A+     642220 1 1 1 1 1 0   456.0  472.0
391  980.028070 4.015E-22 2.167E+00.10000.400  785.23610.750.000000             V7         GROUND 27  5  E2      28  6  E2     642220 1 1 1 1 1 0   440.0  456.0
391  980.030610 7.268E-22 6.647E+00.10000.400  901.05330.750.000000         V8+V12            V12 28  1  E1      29  1  E1     642220 1 1 1 1 1 0   456.0  472.0
391  980.069730 3.450E-22 6.874E+00.10000.400 1061.23290.750.000000         V8+V12            V12 28  7  E2      29  7  E2     642220 1 1 1 1 1 0   456.0  472.0
391  980.072620 9.415E-23 9.312E-01.10000.400  902.16870.750.000000         V8+V12            V12 26  0  A+      27  0  A+     642220 1 1 1 1 1 0   424.0  440.0
391  980.087400 6.267E-22 7.306E+00.10000.400  950.96250.750.000000         V8+V12            V12 28  4  E1      29  4  E1     642220 1 1 1 1 1 0   456.0  472.0
391  980.087400 9.704E-22 9.099E+00.10000.400  906.15720.750.000000         V8+V12            V12 28  2  A-      29  2  A-     642220 1 1 1 1 1 0   456.0  472.0
391  980.089610 1.130E-21 4.611E+00.10000.400  735.00550.750.000000             V8         GROUND 28  3  E1      29  3  E1     642220 1 1 1 1 1 0   456.0  472.0
391  980.093080 1.539E-23 7.068E+00.10000.400 1733.74620.750.000000        V8+2V12           2V12 32 10  A+      33 10  A+     642220 1 1 1 1 1 0   520.0  536.0
391  980.093080 1.876E-23 8.616E+00.10000.400 1733.74620.750.000000        V8+2V12           2V12 32 10  A-      33 10  A-     642220 1 1 1 1 1 0   520.0  536.0
391  980.100460 1.309E-25 9.199E-04.10000.400  508.37450.750.000000             V5           2V12  5  1  A-       6  1  A-     642220 1 1 1 1 1 0    88.0  104.0
391  980.121510 3.467E-22 3.248E+00.10000.400  905.97380.750.000000         V8+V12            V12 28  2  A+      29  2  A+     642220 1 1 1 1 1 0   456.0  472.0
391  980.123940 1.608E-21 7.469E+00.10000.400  761.62150.750.000000             V8         GROUND 28  4  E2      29  4  E2     642220 1 1 1 1 1 0   456.0  472.0
391  980.128000 3.524E-22 4.044E+00.10000.400  940.33180.750.000000         V8+V12            V12 27  3  E1      28  3  E1     642220 1 1 1 1 1 0   440.0  456.0
391  980.128770 9.751E-23 4.769E+00.10000.400 1245.92310.750.000000         V8+V12            V12 28 10  E1      29 10  E1     642220 1 1 1 1 1 0   456.0  472.0
391  980.130630 1.388E-21 5.688E+00.10000.400  735.84890.750.000000             V8         GROUND 28  3  A-      29  3  A-     642220 1 1 1 1 1 0   456.0  472.0
391  980.149590 3.658E-23 2.876E+00.10000.400 1350.71320.750.000000        V8+2V12           2V12 29  5  A-      30  5  A-     642220 1 1 1 1 1 0   472.0  488.0
391  980.149590 4.144E-23 3.258E+00.10000.400 1350.71320.750.000000        V8+2V12           2V12 29  5  A+      30  5  A+     642220 1 1 1 1 1 0   472.0  488.0
391  980.182290 4.423E-22 4.495E+00.10000.400  922.69420.750.000000         V8+V12            V12 28  3  E2      29  3  E2     642220 1 1 1 1 1 0   456.0  472.0
391  980.203280 1.651E-21 5.639E+00.10000.400  698.34270.750.000000             V8         GROUND 28  0  A+      29  0  A+     642220 1 1 1 1 1 0   456.0  472.0
391  980.212950 1.715E-21 7.011E+00.10000.400  735.31970.750.000000             V8         GROUND 28  3  A+      29  3  A+     642220 1 1 1 1 1 0   456.0  472.0
391  980.214500 9.003E-22 5.683E+00.10000.400  824.68300.750.000000             V8         GROUND 28  6  E1      29  6  E1     642220 1 1 1 1 1 0   456.0  472.0
391  980.216890 5.783E-25 1.540E-03.10000.400  398.22340.750.000000             V6           2V12  8  0  A+       7  0  A+     642220 1 1 1 1 1 0   136.0  120.0
391  980.225070 1.326E-25 9.315E-04.10000.400  508.24810.750.000000             V5           2V12  5  1  A+       6  1  A+     642220 1 1 1 1 1 0    88.0  104.0
391  980.245170 2.842E-23 2.927E-01.10000.400  945.97020.750.000000             V7         GROUND 31  4  A-      32  5  A-     642220 1 1 1 1 1 0   504.0  520.0
391  980.249440 1.244E-21 5.651E+00.10000.400  756.99410.750.000000             V8         GROUND 28  4  A+      29  4  A+     642220 1 1 1 1 1 0   456.0  472.0
391  980.262380 3.605E-22 5.098E+00.10000.400  990.60000.750.000000         V8+V12            V12 28  5  A-      29  5  A-     642220 1 1 1 1 1 0   456.0  472.0
391  980.262380 3.639E-22 5.146E+00.10000.400  990.60000.750.000000         V8+V12            V12 28  5  A+      29  5  A+     642220 1 1 1 1 1 0   456.0  472.0
391  980.292080 1.188E-21 5.396E+00.10000.400  756.94960.750.000000             V8         GROUND 28  4  A-      29  4  A-     642220 1 1 1 1 1 0   456.0  472.0
391  980.298820 3.985E-23 4.104E-01.10000.400  945.96880.750.000000             V7         GROUND 31  4  A+      32  5  A+     642220 1 1 1 1 1 0   504.0  520.0
391  980.304680 4.689E-22 5.013E+00.10000.400  933.07130.750.000000             V8         GROUND 28  8  E1      29  8  E1     642220 1 1 1 1 1 0   456.0  472.0
391  980.324180 4.918E-25 1.421E-03.10000.400  538.51640.750.000000             V6           2V12 15  1  E2      14  1  E2     642220 1 1 1 1 1 0   248.0  232.0
391  980.336270 1.756E-21 6.543E+00.10000.400  716.20990.750.000000             V8         GROUND 28  2  E1      29  2  E1     642220 1 1 1 1 1 0   456.0  472.0
391  980.373240 1.642E-21 1.311E+01.10000.400  880.09640.750.000000             V8         GROUND 29  6  E2      30  6  E2     642220 1 1 1 1 1 0   472.0  488.0
391  980.373240 6.210E-22 2.188E+00.10000.400  704.62700.750.000000             V8         GROUND 28  0  E1      29  0  E1     642220 1 1 1 1 1 0   456.0  472.0
391  980.383890 1.765E-21 6.194E+00.10000.400  703.84350.750.000000             V8         GROUND 28  1  A+      29  1  A+     642220 1 1 1 1 1 0   456.0  472.0
391  980.391860 2.046E-22 1.658E+00.10000.400  883.12770.750.000000             V8         GROUND 29  6  A-      30  6  A-     642220 1 1 1 1 1 0   472.0  488.0
391  980.415230 2.769E-22 2.190E+00.10000.400  884.99450.750.000000           3V12         GROUND 30  5  E2      31  5  E2     642220 1 1 1 1 1 0   488.0  504.0
391  980.428450 1.000E-26 2.227E-03.10000.400 1578.24820.750.000000        V8+2V12           2V12 31  9  E2      32  9  E2     622220 1 1 1 1 1 0   504.0  520.0
391  980.442500 2.386E-22 1.201E+01.10000.400 1265.66320.750.000000         V8+V12            V12 30  8  E2      31  8  E2     642220 1 1 1 1 1 0   488.0  504.0
391  980.443290 2.454E-22 1.346E+00.10000.400  788.33710.750.000000             V7         GROUND 27  5  A+      28  6  A+     642220 1 1 1 1 1 0   440.0  456.0
391  980.448900 5.941E-22 3.258E+00.10000.400  788.33710.750.000000             V7         GROUND 27  5  A-      28  6  A-     642220 1 1 1 1 1 0   440.0  456.0
391  980.457220 5.868E-22 4.875E+00.10000.400  881.09350.750.000000             V8         GROUND 28  7  E2      29  7  E2     642220 1 1 1 1 1 0   456.0  472.0
391  980.473260 2.841E-22 2.303E+00.10000.400  883.12770.750.000000             V8         GROUND 29  6  A+      30  6  A+     642220 1 1 1 1 1 0   472.0  488.0
391  980.484610 3.160E-22 6.093E+00.10000.400 1054.29420.750.000000             V8         GROUND 28 10  E1      29 10  E1     642220 1 1 1 1 1 0   456.0  472.0
391  980.511830 1.013E-23 1.493E-01.10000.400 1019.59120.750.000000             V7         GROUND 31  6  A+      32  7  A+     642220 1 1 1 1 1 0   504.0  520.0
391  980.539010 1.763E-21 6.116E+00.10000.400  701.41300.750.000000             V8         GROUND 28  1  E2      29  1  E2     642220 1 1 1 1 1 0   456.0  472.0
391  980.571600 1.477E-22 3.135E+00.10000.400 1066.67230.750.000000         V8+V12            V12 27  8  E1      28  8  E1     642220 1 1 1 1 1 0   440.0  456.0
391  980.665540 2.137E-22 5.840E+00.10000.400 1125.96720.750.000000             V8         GROUND 28 11  E1      29 11  E1     642220 1 1 1 1 1 0   456.0  472.0
391  980.685520 2.530E-25 1.544E-03.10000.400  759.53610.750.000000             V6           2V12 21  0  A+      22  0  A+     642220 1 1 1 1 1 0   344.0  360.0
391  980.714000 4.840E-22 1.310E+01.10000.400 1124.04000.750.000000             V8         GROUND 28 11  E1      29 11  E1     642220 1 1 1 1 1 0   456.0  472.0
391  980.716300 6.802E-23 4.817E-01.10000.400  817.05020.750.000000         V7+V12            V12 24  2  A+      25  0  A+     642220 1 1 1 1 1 0   392.0  408.0
391  980.716440 6.680E-23 4.731E-01.10000.400  817.05020.750.000000         V7+V12            V12 24  2  A+      25  0  A+     642220 1 1 1 1 1 0   392.0  408.0
391  980.747310 3.074E-22 5.855E+00.10000.400 1051.66810.750.000000             V8         GROUND 28 10  A+      29 10  A+     642220 1 1 1 1 1 0   456.0  472.0
391  980.747310 3.626E-22 6.906E+00.10000.400 1051.66810.750.000000             V8         GROUND 28 10  A-      29 10  A-     642220 1 1 1 1 1 0   456.0  472.0
391  980.749520 1.341E-22 6.671E+00.10000.400 1256.27540.750.000000        V8+2V12           2V12 29  0  E1      30  0  E1     642220 1 1 1 1 1 0   472.0  488.0
391  980.787490 1.056E-23 3.297E+00.10000.400 1666.33160.750.000000        V8+2V12           2V12 34  9  E1      35  9  E1     642220 1 1 1 1 1 0   552.0  568.0
391  980.838840 3.272E-23 2.408E+00.10000.400 1329.75550.750.000000         V8+V12            V12 28 11  E1      29 11  E1     642220 1 1 1 1 1 0   456.0  472.0
391  980.847340 2.134E-23 7.866E-01.10000.400 1109.39630.750.000000        V8+2V12           2V12 19 11  A-      20 11  A-     642220 1 1 1 1 1 0   312.0  328.0
391  980.847340 2.438E-23 8.987E-01.10000.400 1109.39630.750.000000        V8+2V12           2V12 19 11  A+      20 11  A+     642220 1 1 1 1 1 0   312.0  328.0
391  980.861550 1.060E-22 6.558E+00.10000.400 1301.08370.750.000000        V8+2V12           2V12 29  1  E1      30  1  E1     642220 1 1 1 1 1 0   472.0  488.0
391  980.869160 1.329E-23 1.039E+00.10000.400 1356.01380.750.000000         V8+V12            V12 30 10  A-      31 10  A-     642220 1 1 1 1 1 0   488.0  504.0
391  980.869160 9.141E-24 7.144E-01.10000.400 1356.01380.750.000000         V8+V12            V12 30 10  A+      31 10  A+     642220 1 1 1 1 1 0   488.0  504.0
391  980.900100 3.401E-24 1.419E-01.10000.400 1219.99800.750.000000         V8+V12            V12 29  8  A-      30  8  A-     642220 1 1 1 1 1 0   472.0  488.0
391  980.900100 9.355E-24 3.903E-01.10000.400 1219.99800.750.000000         V8+V12            V12 29  8  A+      30  8  A+     642220 1 1 1 1 1 0   472.0  488.0
391  980.939030 1.000E-26 2.012E-04.10000.400 1055.48870.750.000000         V8+V12            V12 27  7  E1      28  7  E1     622220 1 1 1 1 1 0   440.0  456.0
391  980.948660 2.109E-22 4.012E+00.10000.400 1051.35250.750.000000        V8+2V12           2V12 28  0  A+      29  0  A+     642220 1 1 1 1 1 0   456.0  472.0
391  980.948660 7.896E-23 3.100E+00.10000.400 1200.40240.750.000000             V8         GROUND 28 12  A+      29 12  A+     642220 1 1 1 1 1 0   456.0  472.0
391  980.948660 9.145E-23 3.590E+00.10000.400 1200.40240.750.000000             V8         GROUND 28 12  A-      29 12  A-     642220 1 1 1 1 1 0   456.0  472.0
391  980.954300 5.488E-22 7.526E+00.10000.400  984.02180.750.000000             V8         GROUND 28  9  E1      29  9  E1     642220 1 1 1 1 1 0   456.0  472.0
391  980.982840 4.382E-22 4.899E+00.10000.400  934.63800.750.000000         V8+V12            V12 27  4  E2      28  4  E2     642220 1 1 1 1 1 0   440.0  456.0
391  980.988440 1.020E-23 1.445E+00.10000.400 1484.93550.750.000000        V8+2V12           2V12 31  8  E2      32  8  E2     642220 1 1 1 1 1 0   504.0  520.0
391  980.998910 2.711E-23 1.959E+00.10000.400 1325.91990.750.000000        V8+2V12           2V12 28  8  A+      29  8  A+     642220 1 1 1 1 1 0   456.0  472.0
391  980.998910 3.551E-23 2.566E+00.10000.400 1325.91990.750.000000        V8+2V12           2V12 28  8  A-      29  8  A-     642220 1 1 1 1 1 0   456.0  472.0
391  981.051460 3.659E-22 4.460E+00.10000.400  952.37020.750.000000         V8+V12            V12 27  5  E1      28  5  E1     642220 1 1 1 1 1 0   440.0  456.0
391  981.154150 8.694E-23 2.011E+00.10000.400 1076.49580.750.000000         V8+V12            V12 26  8  E2      27  8  E2     642220 1 1 1 1 1 0   424.0  440.0
391  981.178190 6.097E-22 5.903E+00.10000.400  904.95660.750.000000         V8+V12            V12 27  2  E2      28  2  E2     642220 1 1 1 1 1 0   440.0  456.0
391  981.214840 5.193E-22 5.304E+00.10000.400  923.28180.750.000000             V8         GROUND 28  8  A+      29  8  A+     642220 1 1 1 1 1 0   456.0  472.0
391  981.214840 6.695E-22 6.838E+00.10000.400  923.28180.750.000000             V8         GROUND 28  8  A-      29  8  A-     642220 1 1 1 1 1 0   456.0  472.0
391  981.241040 2.921E-22 3.930E+00.10000.400  979.95470.750.000000             V8         GROUND 28  9  E2      29  9  E2     642220 1 1 1 1 1 0   456.0  472.0
391  981.248990 4.445E-23 4.666E+00.10000.400 1416.54120.750.000000         V8+V12            V12 30 11  E1      31 11  E1     642220 1 1 1 1 1 0   488.0  504.0
391  981.286090 2.652E-22 6.917E+00.10000.400 1116.12170.750.000000             V8         GROUND 28 11  A-      29 11  A-     642220 1 1 1 1 1 0   456.0  472.0
391  981.286090 2.699E-22 7.039E+00.10000.400 1116.12170.750.000000             V8         GROUND 28 11  A+      29 11  A+     642220 1 1 1 1 1 0   456.0  472.0
391  981.290290 1.034E-22 3.970E+00.10000.400 1195.69860.750.000000             V8         GROUND 28 12  E1      29 12  E1     642220 1 1 1 1 1 0   456.0  472.0
391  981.293440 3.844E-23 4.561E+00.10000.400 1454.81440.750.000000        V8+2V12           2V12 32  7  A-      33  7  A-     642220 1 1 1 1 1 0   520.0  536.0
391  981.293440 3.906E-23 4.635E+00.10000.400 1454.81440.750.000000        V8+2V12           2V12 32  7  A+      33  7  A+     642220 1 1 1 1 1 0   520.0  536.0
391  981.294580 9.852E-23 2.749E+00.10000.400 1130.03130.750.000000        V8+2V12           2V12 28  3  E1      29  3  E1     642220 1 1 1 1 1 0   456.0  472.0
391  981.314800 6.200E-22 4.985E+00.10000.400  874.01160.750.000000             V8         GROUND 28  7  E1      29  7  E1     642220 1 1 1 1 1 0   456.0  472.0
391  981.381410 1.239E-22 4.180E+00.10000.400 1161.67110.750.000000         V8+V12            V12 27  9  E1      28  9  E1     642220 1 1 1 1 1 0   440.0  456.0
391  981.388330 1.081E-21 4.702E+00.10000.400  740.24350.750.000000             V8         GROUND 27  5  E2      28  5  E2     642220 1 1 1 1 1 0   440.0  456.0
391  981.425500 1.136E-21 5.177E+00.10000.400  749.83760.750.000000             V8         GROUND 27  5  A+      28  5  A+     642220 1 1 1 1 1 0   440.0  456.0
391  981.429500 1.358E-21 6.189E+00.10000.400  749.83800.750.000000             V8         GROUND 27  5  A-      28  5  A-     642220 1 1 1 1 1 0   440.0  456.0
391  981.442140 7.976E-22 4.685E+00.10000.400  769.69590.750.000000         V8+V12            V12 23  1  E2      24  1  E2     642220 1 1 1 1 1 0   376.0  392.0
391  981.445380 6.412E-22 5.463E+00.10000.400  878.54220.750.000000         V8+V12            V12 27  1  A-      28  1  A-     642220 1 1 1 1 1 0   440.0  456.0
391  981.469560 3.596E-22 6.614E+00.10000.400 1044.20660.750.000000             V8         GROUND 28 10  E1      29 10  E1     642220 1 1 1 1 1 0   456.0  472.0
391  981.482190 1.431E-22 2.955E+00.10000.400 1067.97460.750.000000        V8+2V12           2V12 28  1  E2      29  1  E2     642220 1 1 1 1 1 0   456.0  472.0
391  981.507950 1.677E-22 4.573E+00.10000.400 1125.17730.750.000000        V8+2V12           2V12 28  4  A-      29  4  A-     642220 1 1 1 1 1 0   456.0  472.0
391  981.507950 1.691E-22 4.611E+00.10000.400 1125.17750.750.000000        V8+2V12           2V12 28  4  A+      29  4  A+     642220 1 1 1 1 1 0   456.0  472.0
391  981.531530 3.910E-25 1.442E-03.10000.400  588.30900.750.000000             V6           2V12 15  1  E2      16  1  E2     642220 1 1 1 1 1 0   248.0  264.0
391  981.543020 3.358E-22 4.092E+00.10000.400  919.77880.750.000000         V8+V12            V12 23  7  A-      24  7  A-     642220 1 1 1 1 1 0   376.0  392.0
391  981.543020 3.455E-22 4.210E+00.10000.400  919.77880.750.000000         V8+V12            V12 23  7  A+      24  7  A+     642220 1 1 1 1 1 0   376.0  392.0
391  981.550340 2.123E-22 1.943E+00.10000.400  885.57450.750.000000         V8+V12            V12 26  2  E1      27  2  E1     642220 1 1 1 1 1 0   424.0  440.0
391  981.561270 3.551E-22 3.814E+00.10000.400  902.38580.750.000000         V8+V12            V12 24  5  E2      25  5  E2     642220 1 1 1 1 1 0   392.0  408.0
391  981.581440 1.567E-21 5.543E+00.10000.400  697.63460.750.000000             V8         GROUND 27  3  E2      28  3  E2     642220 1 1 1 1 1 0   440.0  456.0
391  981.592410 4.683E-22 4.790E+00.10000.400  923.43940.750.000000             V8         GROUND 28  8  E2      29  8  E2     642220 1 1 1 1 1 0   456.0  472.0
391  981.624830 2.692E-23 3.390E+00.10000.400 1446.98140.750.000000        V8+2V12           2V12 29 10  E1      30 10  E1     642220 1 1 1 1 1 0   472.0  488.0
391  981.694110 7.345E-22 6.223E+00.10000.400  877.27670.750.000000         V8+V12            V12 27  1  A+      28  1  A+     642220 1 1 1 1 1 0   440.0  456.0
391  981.710840 4.783E-25 1.463E-03.10000.400  562.61110.750.000000             V6           2V12 16  1  E2      15  1  E2     642220 1 1 1 1 1 0   264.0  248.0
391  981.738350 1.423E-21 5.634E+00.10000.400  720.76530.750.000000             V8         GROUND 27  4  E1      28  4  E1     642220 1 1 1 1 1 0   440.0  456.0
391  981.746580 1.260E-22 5.103E+00.10000.400 1206.47970.750.000000             V8         GROUND 28 12  E1      29 12  E1     642220 1 1 1 1 1 0   456.0  472.0
391  981.746580 1.925E-21 6.286E+00.10000.400  681.13780.750.000000             V8         GROUND 27  2  A+      28  2  A+     642220 1 1 1 1 1 0   440.0  456.0
391  981.768020 9.129E-23 6.892E+00.10000.400 1348.53560.750.000000         V8+V12            V12 30  9  E2      31  9  E2     642220 1 1 1 1 1 0   488.0  504.0
391  981.780170 1.122E-25 9.226E-04.10000.400  498.71380.750.000000             V5           2V12  4  1  A-       5  1  A-     642220 1 1 1 1 1 0    72.0   88.0
391  981.781380 4.070E-22 4.147E+00.10000.400  899.68600.750.000000         V8+V12            V12 25  4  A+      26  4  A+     642220 1 1 1 1 1 0   408.0  424.0
391  981.781380 6.036E-22 6.150E+00.10000.400  899.68590.750.000000         V8+V12            V12 25  4  A-      26  4  A-     642220 1 1 1 1 1 0   408.0  424.0
391  981.793800 4.080E-22 5.578E+00.10000.400  975.70020.750.000000         V8+V12            V12 27  6  A+      28  6  A+     642220 1 1 1 1 1 0   440.0  456.0
391  981.796020 3.192E-22 4.364E+00.10000.400  975.70020.750.000000         V8+V12            V12 27  6  A-      28  6  A-     642220 1 1 1 1 1 0   440.0  456.0
391  981.803840 6.070E-25 1.544E-03.10000.400  411.08050.750.000000             V6           2V12  9  0  A+       8  0  A+     642220 1 1 1 1 1 0   152.0  136.0
391  981.815700 3.294E-23 8.308E-01.10000.400 1109.01070.750.000000         V8+V12            V12 28  6  E1      29  6  E1     642220 1 1 1 1 1 0   456.0  472.0
391  981.822140 6.071E-24 3.975E-02.10000.400  800.46070.750.000000         V7+V12            V12 24  1  E1      25  2  E1     612220 1 1 1 1 1 0   392.0  408.0
391  981.843630 8.280E-22 5.407E+00.10000.400  823.65350.750.000000             V8         GROUND 27  7  A-      28  7  A-     642220 1 1 1 1 1 0   440.0  456.0
391  981.843630 8.499E-22 5.550E+00.10000.400  823.65350.750.000000             V8         GROUND 27  7  A+      28  7  A+     642220 1 1 1 1 1 0   440.0  456.0
391  981.851310 2.908E-22 4.362E+00.10000.400  994.75430.750.000000         V8+V12            V12 27  6  E2      28  6  E2     642220 1 1 1 1 1 0   440.0  456.0
391  981.853500 2.186E-22 1.826E+00.10000.400  858.81020.750.000000         V8+V12            V12 25  0  A+      26  0  A+     642220 1 1 1 1 1 0   408.0  424.0
391  981.865630 1.144E-25 9.404E-04.10000.400  498.62350.750.000000             V5           2V12  4  1  A+       5  1  A+     642220 1 1 1 1 1 0    72.0   88.0
391  981.894550 1.936E-21 6.266E+00.10000.400  679.23860.750.000000             V8         GROUND 27  2  A-      28  2  A-     642220 1 1 1 1 1 0   440.0  456.0
391  981.938870 1.718E-22 4.263E+00.10000.400 1105.62320.750.000000        V8+2V12           2V12 28  2  E1      29  2  E1     642220 1 1 1 1 1 0   456.0  472.0
391  981.940210 2.075E-21 6.583E+00.10000.400  675.09550.750.000000             V8         GROUND 27  2  E2      28  2  E2     642220 1 1 1 1 1 0   440.0  456.0
391  981.942050 1.997E-21 6.148E+00.10000.400  668.93440.750.000000             V8         GROUND 27  1  E1      28  1  E1     642220 1 1 1 1 1 0   440.0  456.0
391  981.966530 8.059E-22 6.308E+00.10000.400  860.86720.750.000000         V8+V12            V12 27  0  E1      28  0  E1     642220 1 1 1 1 1 0   440.0  456.0
391  981.978280 2.474E-21 7.602E+00.10000.400  668.51570.750.000000             V8         GROUND 27  1  A-      28  1  A-     642220 1 1 1 1 1 0   440.0  456.0
391  981.992920 5.129E-22 2.317E+00.10000.400  740.20300.750.000000             V7         GROUND 26  5  E2      27  6  E2     642220 1 1 1 1 1 0   424.0  440.0
391  982.005620 4.394E-23 3.653E-01.10000.400  894.54310.750.000000             V7         GROUND 30  4  A-      31  5  A-     642220 1 1 1 1 1 0   488.0  504.0
391  982.013960 1.303E-21 5.902E+00.10000.400  748.34520.750.000000             V8         GROUND 27  5  E1      28  5  E1     642220 1 1 1 1 1 0   440.0  456.0
391  982.046770 4.324E-23 3.595E-01.10000.400  894.54210.750.000000             V7         GROUND 30  4  A+      31  5  A+     642220 1 1 1 1 1 0   488.0  504.0
391  982.068240 6.560E-22 5.933E+00.10000.400  882.95080.750.000000         V8+V12            V12 26  3  A+      27  3  A+     642220 1 1 1 1 1 0   424.0  440.0
391  982.068240 7.245E-22 6.553E+00.10000.400  882.95610.750.000000         V8+V12            V12 26  3  A-      27  3  A-     642220 1 1 1 1 1 0   424.0  440.0
391  982.137610 5.309E-22 5.108E+00.10000.400  895.65240.750.000000         V8+V12            V12 26  3  E1      27  3  E1     642220 1 1 1 1 1 0   424.0  440.0
391  982.162460 7.818E-22 5.937E+00.10000.400  854.58780.750.000000         V8+V12            V12 27  1  E1      28  1  E1     642220 1 1 1 1 1 0   440.0  456.0
391  982.174620 1.796E-22 5.132E+00.10000.400 1127.18270.750.000000         V8+V12            V12 27  9  A-      28  9  A-     642220 1 1 1 1 1 0   440.0  456.0
391  982.174620 1.989E-22 5.683E+00.10000.400 1127.18270.750.000000         V8+V12            V12 27  9  A+      28  9  A+     642220 1 1 1 1 1 0   440.0  456.0
391  982.202260 3.328E-22 3.905E+00.10000.400  944.08630.750.000000             V8         GROUND 27  9  A-      28  9  A-     642220 1 1 1 1 1 0   440.0  456.0
391  982.202260 3.703E-22 4.345E+00.10000.400  944.08630.750.000000             V8         GROUND 27  9  A+      28  9  A+     642220 1 1 1 1 1 0   440.0  456.0
391  982.211550 1.432E-21 5.518E+00.10000.400  714.99990.750.000000             V8         GROUND 27  4  E2      28  4  E2     642220 1 1 1 1 1 0   440.0  456.0
391  982.211810 3.027E-22 5.011E+00.10000.400 1014.87560.750.000000         V8+V12            V12 27  7  E2      28  7  E2     642220 1 1 1 1 1 0   440.0  456.0
391  982.216060 2.092E-21 7.078E+00.10000.400  688.22270.750.000000             V8         GROUND 27  3  E1      28  3  E1     642220 1 1 1 1 1 0   440.0  456.0
391  982.223470 1.021E-21 7.949E+00.10000.400  859.67740.750.000000         V8+V12            V12 27  2  A-      28  2  A-     642220 1 1 1 1 1 0   440.0  456.0
391  982.223470 7.293E-22 7.060E+00.10000.400  904.49800.750.000000         V8+V12            V12 27  4  E1      28  4  E1     642220 1 1 1 1 1 0   440.0  456.0
391  982.253650 2.071E-21 1.611E+01.10000.400  859.51730.750.000000         V8+V12            V12 27  2  A+      28  2  A+     642220 1 1 1 1 1 0   440.0  456.0
391  982.253650 8.743E-22 2.971E+00.10000.400  689.12160.750.000000             V8         GROUND 27  3  A-      28  3  A-     642220 1 1 1 1 1 0   440.0  456.0
391  982.255000 1.000E-26 6.662E-05.10000.400  834.93560.750.000000             V8         GROUND 28  6  A-      29  6  A-     622220 1 1 1 1 1 0   456.0  472.0
391  982.262290 5.582E-22 3.663E+00.10000.400  831.86750.750.000000             V8         GROUND 28  6  E2      29  6  E2     642220 1 1 1 1 1 0   456.0  472.0
391  982.288140 5.867E-22 4.951E+00.10000.400  876.22610.750.000000         V8+V12            V12 27  3  E2      28  3  E2     642220 1 1 1 1 1 0   440.0  456.0
391  982.301070 9.889E-23 4.017E+00.10000.400 1199.49660.750.000000         V8+V12            V12 27 10  E1      28 10  E1     642220 1 1 1 1 1 0   440.0  456.0
391  982.301470 1.090E-22 1.297E+00.10000.400  968.21810.750.000000             V7         GROUND 30  6  A+      31  7  A+     642220 1 1 1 1 1 0   488.0  504.0
391  982.301470 1.129E-22 1.343E+00.10000.400  968.21810.750.000000             V7         GROUND 30  6  A-      31  7  A-     642220 1 1 1 1 1 0   488.0  504.0
391  982.305550 5.346E-22 6.281E+00.10000.400  944.30950.750.000000         V8+V12            V12 27  5  A-      28  5  A-     642220 1 1 1 1 1 0   440.0  456.0
391  982.305550 5.542E-22 6.512E+00.10000.400  944.30950.750.000000         V8+V12            V12 27  5  A+      28  5  A+     642220 1 1 1 1 1 0   440.0  456.0
391  982.305660 1.457E-21 4.134E+00.10000.400  651.99120.750.000000             V8         GROUND 27  0  A+      28  0  A+     642220 1 1 1 1 1 0   440.0  456.0
391  982.311070 9.219E-23 5.967E+00.10000.400 1302.68460.750.000000        V8+2V12           2V12 28  5  A-      29  5  A-     642220 1 1 1 1 1 0   456.0  472.0
391  982.311070 9.341E-23 6.046E+00.10000.400 1302.68460.750.000000        V8+2V12           2V12 28  5  A+      29  5  A+     642220 1 1 1 1 1 0   456.0  472.0
391  982.318980 4.639E-22 3.091E+00.10000.400  834.93560.750.000000             V8         GROUND 28  6  A+      29  6  A+     642220 1 1 1 1 1 0   456.0  472.0
391  982.322980 1.778E-21 6.030E+00.10000.400  688.68870.750.000000             V8         GROUND 27  3  A+      28  3  A+     642220 1 1 1 1 1 0   440.0  456.0
391  982.333440 2.692E-25 1.456E-03.10000.400  724.23460.750.000000             V6           2V12 20  0  A+      21  0  A+     642220 1 1 1 1 1 0   328.0  344.0
391  982.339260 1.114E-21 5.834E+00.10000.400  778.06510.750.000000             V8         GROUND 27  6  E1      28  6  E1     642220 1 1 1 1 1 0   440.0  456.0
391  982.374160 1.610E-21 6.066E+00.10000.400  710.28730.750.000000             V8         GROUND 27  4  A+      28  4  A+     642220 1 1 1 1 1 0   440.0  456.0
391  982.380270 6.753E-22 5.991E+00.10000.400  886.47830.750.000000             V8         GROUND 27  8  E1      28  8  E1     642220 1 1 1 1 1 0   440.0  456.0
391  982.391580 1.533E-21 5.775E+00.10000.400  710.25330.750.000000             V8         GROUND 27  4  A-      28  4  A-     642220 1 1 1 1 1 0   440.0  456.0
391  982.404110 2.207E-22 1.422E+00.10000.400  835.14550.750.000000           3V12         GROUND 29  5  E2      30  5  E2     642220 1 1 1 1 1 0   472.0  488.0
391  982.415850 4.504E-23 6.150E+00.10000.400 1495.53580.750.000000        V8+2V12           2V12 34  6  E1      35  6  E1     642220 1 1 1 1 1 0   552.0  568.0
391  982.418830 1.700E-23 6.262E+00.10000.400 1680.97830.750.000000        V8+2V12           2V12 31 10  A+      32 10  A+     642220 1 1 1 1 1 0   504.0  520.0
391  982.418830 1.834E-23 6.756E+00.10000.400 1680.97830.750.000000        V8+2V12           2V12 31 10  A-      32 10  A-     642220 1 1 1 1 1 0   504.0  520.0
391  982.421080 6.003E-22 2.756E+00.10000.400  743.33360.750.000000             V7         GROUND 26  5  A+      27  6  A+     642220 1 1 1 1 1 0   424.0  440.0
391  982.426190 5.147E-22 2.363E+00.10000.400  743.33360.750.000000             V7         GROUND 26  5  A-      27  6  A-     642220 1 1 1 1 1 0   424.0  440.0
391  982.436870 1.987E-21 6.145E+00.10000.400  669.65850.750.000000             V8         GROUND 27  2  E1      28  2  E1     642220 1 1 1 1 1 0   440.0  456.0
391  982.450980 2.153E-21 6.307E+00.10000.400  658.49400.750.000000             V8         GROUND 27  0  E1      28  0  E1     642220 1 1 1 1 1 0   440.0  456.0
391  982.470220 2.235E-21 6.523E+00.10000.400  657.71570.750.000000             V8         GROUND 27  1  A+      28  1  A+     642220 1 1 1 1 1 0   440.0  456.0
391  982.515890 9.020E-22 6.217E+00.10000.400  834.49760.750.000000             V8         GROUND 27  7  E2      28  7  E2     642220 1 1 1 1 1 0   440.0  456.0
391  982.546940 1.570E-22 2.762E+00.10000.400 1011.70830.750.000000             V5           2V12 25  2  E2      26  2  E2     642220 1 1 1 1 1 0   408.0  424.0
391  982.573600 3.565E-22 5.704E+00.10000.400 1007.71460.750.000000             V8         GROUND 27 10  E1      28 10  E1     642220 1 1 1 1 1 0   440.0  456.0
391  982.634560 2.304E-21 6.643E+00.10000.400  655.13890.750.000000             V8         GROUND 27  1  E2      28  1  E2     642220 1 1 1 1 1 0   440.0  456.0
391  982.657580 1.479E-22 7.548E+00.10000.400 1246.31570.750.000000             V8         GROUND 27 13  A+      28 13  A+     642220 1 1 1 1 1 0   440.0  456.0
391  982.657580 9.058E-23 4.623E+00.10000.400 1246.31570.750.000000             V8         GROUND 27 13  A-      28 13  A-     642220 1 1 1 1 1 0   440.0  456.0
391  982.674820 3.866E-23 1.587E+00.10000.400 1215.98250.750.000000         V8+V12            V12 29  8  E2      30  8  E2     642220 1 1 1 1 1 0   472.0  488.0
391  982.687340 3.239E-22 1.975E+00.10000.400  776.88960.750.000000         V7+V12            V12 23  2  A+      24  0  A+     642220 1 1 1 1 1 0   376.0  392.0
391  982.687640 1.562E-22 9.525E-01.10000.400  776.88960.750.000000         V7+V12            V12 23  2  A+      24  0  A+     642220 1 1 1 1 1 0   376.0  392.0
391  982.763430 2.509E-22 5.690E+00.10000.400 1079.41780.750.000000             V8         GROUND 27 11  E1      28 11  E1     642220 1 1 1 1 1 0   440.0  456.0
391  982.776490 4.136E-23 6.230E-01.10000.400  987.60560.750.000000             V6            V12 26  5  E2      27  5  E2     642220 1 1 1 1 1 0   424.0  440.0
391  982.807960 2.158E-22 4.849E+00.10000.400 1077.47320.750.000000             V8         GROUND 27 11  E1      28 11  E1     642220 1 1 1 1 1 0   440.0  456.0
391  982.838700 1.039E-23 3.472E-01.10000.400 1077.55270.750.000000        V8+2V12           2V12 18 11  A+      19 11  A+     642220 1 1 1 1 1 0   296.0  312.0
391  982.838700 6.284E-24 2.100E-01.10000.400 1077.55270.750.000000        V8+2V12           2V12 18 11  A-      19 11  A-     642220 1 1 1 1 1 0   296.0  312.0
391  982.842760 3.213E-22 5.079E+00.10000.400 1005.11130.750.000000             V8         GROUND 27 10  A-      28 10  A-     642220 1 1 1 1 1 0   440.0  456.0
391  982.842760 5.311E-22 8.395E+00.10000.400 1005.11130.750.000000             V8         GROUND 27 10  A+      28 10  A+     642220 1 1 1 1 1 0   440.0  456.0
391  982.856530 4.290E-23 7.627E-01.10000.400 1021.66910.750.000000         V8+V12            V12 26  8  E1      27  8  E1     642220 1 1 1 1 1 0   424.0  440.0
391  982.856680 6.563E-23 1.375E+00.10000.400 1084.35310.750.000000             V6            V12 30  1  E2      31  1  E2     642220 1 1 1 1 1 0   488.0  504.0
391  982.878120 1.259E-25 4.322E-03.10000.400 1171.98870.750.000000         V8+V12            V12 28  8  A-      29  8  A-     642220 1 1 1 1 1 0   456.0  472.0
391  982.878120 5.014E-23 1.721E+00.10000.400 1171.98870.750.000000         V8+V12            V12 28  8  A+      29  8  A+     642220 1 1 1 1 1 0   456.0  472.0
391  982.930200 6.006E-23 2.459E+00.10000.400 1208.22960.750.000000        V8+2V12           2V12 28  0  E1      29  0  E1     642220 1 1 1 1 1 0   456.0  472.0
391  982.965000 9.516E-24 5.818E-01.10000.400 1283.33400.750.000000         V8+V12            V12 27 11  E1      28 11  E1     642220 1 1 1 1 1 0   440.0  456.0
391  982.977020 1.948E-22 3.511E+01.10000.400 1527.04080.750.000000        V8+2V12           2V12 30  9  E2      31  9  E2     642220 1 1 1 1 1 0   488.0  504.0
391  983.035660 1.000E-26 1.138E-04.10000.400  937.45620.750.000000             V8         GROUND 27  9  E1      28  9  E1     622220 1 1 1 1 1 0   440.0  456.0
391  983.039480 3.409E-22 1.736E+01.10000.400 1253.05020.750.000000        V8+2V12           2V12 28  1  E1      29  1  E1     642220 1 1 1 1 1 0   456.0  472.0
391  983.050770 1.478E-22 4.816E+00.10000.400 1153.85320.750.000000             V8         GROUND 27 12  A+      28 12  A+     642220 1 1 1 1 1 0   440.0  456.0
391  983.050770 2.192E-22 7.143E+00.10000.400 1153.85320.750.000000             V8         GROUND 27 12  A-      28 12  A-     642220 1 1 1 1 1 0   440.0  456.0
391  983.080890 4.729E-25 1.550E-03.10000.400  588.30900.750.000000             V6           2V12 17  1  E2      16  1  E2     642220 1 1 1 1 1 0   280.0  264.0
391  983.096500 6.899E-22 6.459E+00.10000.400  889.64170.750.000000         V8+V12            V12 26  4  E2      27  4  E2     642220 1 1 1 1 1 0   424.0  440.0
391  983.099920 3.038E-22 4.799E+00.10000.400 1004.88100.750.000000        V8+2V12           2V12 27  0  A+      28  0  A+     642220 1 1 1 1 1 0   440.0  456.0
391  983.104220 9.436E-24 1.591E-01.10000.400 1010.64090.750.000000         V8+V12            V12 26  7  E1      27  7  E1     642220 1 1 1 1 1 0   424.0  440.0
391  983.107920 5.250E-22 1.026E+01.10000.400 1033.18880.750.000000         V8+V12            V12 25  8  E2      26  8  E2     642220 1 1 1 1 1 0   408.0  424.0
391  983.140180 3.650E-23 2.191E+00.10000.400 1279.48700.750.000000        V8+2V12           2V12 27  8  A+      28  8  A+     642220 1 1 1 1 1 0   440.0  456.0
391  983.140180 3.699E-23 2.220E+00.10000.400 1279.48700.750.000000        V8+2V12           2V12 27  8  A-      28  8  A-     642220 1 1 1 1 1 0   440.0  456.0
391  983.176080 4.286E-25 1.496E-03.10000.400  562.61110.750.000000             V6           2V12 14  1  E2      15  1  E2     642220 1 1 1 1 1 0   232.0  248.0
391  983.199710 1.460E-23 9.309E-01.10000.400 1306.33380.750.000000         V8+V12            V12 29 10  A+      30 10  A+     642220 1 1 1 1 1 0   472.0  488.0
391  983.199710 1.601E-23 1.021E+00.10000.400 1306.33380.750.000000         V8+V12            V12 29 10  A-      30 10  A-     642220 1 1 1 1 1 0   472.0  488.0
391  983.224680 4.761E-22 4.857E+00.10000.400  907.23930.750.000000         V8+V12            V12 26  5  E1      27  5  E1     642220 1 1 1 1 1 0   424.0  440.0
391  983.250060 7.860E-22 6.378E+00.10000.400  860.13860.750.000000         V8+V12            V12 26  2  E2      27  2  E2     642220 1 1 1 1 1 0   424.0  440.0
391  983.270300 6.918E-22 5.862E+00.10000.400  876.67730.750.000000             V8         GROUND 27  8  A+      28  8  A+     642220 1 1 1 1 1 0   440.0  456.0
391  983.270300 6.953E-22 5.892E+00.10000.400  876.67730.750.000000             V8         GROUND 27  8  A-      28  8  A-     642220 1 1 1 1 1 0   440.0  456.0
391  983.276220 8.832E-22 4.509E+00.10000.400  731.13950.750.000000         V8+V12            V12 22  1  E2      23  1  E2     642220 1 1 1 1 1 0   360.0  376.0
391  983.317670 4.829E-22 5.391E+00.10000.400  933.36950.750.000000             V8         GROUND 27  9  E2      28  9  E2     642220 1 1 1 1 1 0   440.0  456.0
391  983.334300 6.971E-22 4.649E+00.10000.400  827.39140.750.000000             V8         GROUND 27  7  E1      28  7  E1     642220 1 1 1 1 1 0   440.0  456.0
391  983.337520 3.806E-22 4.031E+00.10000.400  881.25990.750.000000         V8+V12            V12 22  7  A+      23  7  A+     642220 1 1 1 1 1 0   360.0  376.0
391  983.337520 5.057E-22 5.356E+00.10000.400  881.25990.750.000000         V8+V12            V12 22  7  A-      23  7  A-     642220 1 1 1 1 1 0   360.0  376.0
391  983.363290 5.956E-24 3.284E+00.10000.400 1776.20990.750.000000        V8+2V12           2V12 33 12  E1      33 12  E1     642220 1 1 1 1 1 0   536.0  536.0
391  983.366360 1.084E-22 2.669E+01.10000.400 1610.36720.750.000000        V8+2V12           2V12 33  9  E1      34  9  E1     642220 1 1 1 1 1 0   536.0  552.0
391  983.380100 3.601E-22 7.795E+00.10000.400 1069.58280.750.000000             V8         GROUND 27 11  A-      28 11  A-     642220 1 1 1 1 1 0   440.0  456.0
391  983.380100 3.882E-22 8.404E+00.10000.400 1069.58280.750.000000             V8         GROUND 27 11  A+      28 11  A+     642220 1 1 1 1 1 0   440.0  456.0
391  983.386150 6.188E-25 1.533E-03.10000.400  425.54380.750.000000             V6           2V12 10  0  A+       9  0  A+     642220 1 1 1 1 1 0   168.0  152.0
391  983.395050 3.252E-25 1.037E-02.10000.400 1149.18280.750.000000             V8         GROUND 27 12  E1      28 12  E1     642220 1 1 1 1 1 0   440.0  456.0
391  983.397900 4.624E-22 3.575E+00.10000.400  842.21810.750.000000         V8+V12            V12 25  2  E1      26  2  E1     642220 1 1 1 1 1 0   408.0  424.0
391  983.414230 4.544E-22 1.284E+01.10000.400 1116.77160.750.000000         V8+V12            V12 26  9  E1      27  9  E1     642220 1 1 1 1 1 0   424.0  440.0
391  983.441070 2.789E-22 2.578E+00.10000.400  862.18310.750.000000         V8+V12            V12 23  5  E2      24  5  E2     642220 1 1 1 1 1 0   376.0  392.0
391  983.441280 2.954E-22 6.845E+00.10000.400 1083.56500.750.000000        V8+2V12           2V12 27  3  E1      28  3  E1     642220 1 1 1 1 1 0   440.0  456.0
391  983.449290 6.367E-26 6.495E-04.10000.400  490.66290.750.000000             V5           2V12  3  1  A-       4  1  A-     642220 1 1 1 1 1 0    56.0   72.0
391  983.455430 1.287E-21 4.686E+00.10000.400  695.19240.750.000000             V8         GROUND 26  5  E2      27  5  E2     642220 1 1 1 1 1 0   424.0  440.0
391  983.487570 7.154E-23 1.063E+01.10000.400 1487.14850.750.000000         V8+V12            V12 30 12  E1      31 12  E1     642220 1 1 1 1 1 0   488.0  504.0
391  983.499900 1.311E-21 5.002E+00.10000.400  704.79860.750.000000             V8         GROUND 26  5  A-      27  5  A-     642220 1 1 1 1 1 0   424.0  440.0
391  983.499900 1.312E-21 5.006E+00.10000.400  704.79830.750.000000             V8         GROUND 26  5  A+      27  5  A+     642220 1 1 1 1 1 0   424.0  440.0
391  983.504290 3.132E-22 3.194E+00.10000.400  490.60270.750.000000             V5           2V12  3  1  A+       4  1  A+     642220 1 1 1 1 1 0    56.0   72.0
391  983.535550 1.137E-23 9.736E-01.10000.400 1366.86380.750.000000         V8+V12            V12 29 11  E1      30 11  E1     642220 1 1 1 1 1 0   472.0  488.0
391  983.541640 2.298E-22 3.508E+00.10000.400  997.64380.750.000000             V8         GROUND 27 10  E1      28 10  E1     642220 1 1 1 1 1 0   440.0  456.0
391  983.551220 7.531E-22 5.376E+00.10000.400  833.64420.750.000000         V8+V12            V12 26  1  A-      27  1  A-     642220 1 1 1 1 1 0   424.0  440.0
391  983.600970 7.225E-22 6.132E+00.10000.400  876.86160.750.000000             V8         GROUND 27  8  E2      28  8  E2     642220 1 1 1 1 1 0   440.0  456.0
391  983.620470 1.881E-22 1.340E+00.10000.400  817.05020.750.000000         V8+V12            V12 24  0  A+      25  0  A+     642220 1 1 1 1 1 0   392.0  408.0
391  983.641040 3.573E-22 6.126E+00.10000.400 1021.49890.750.000000        V8+2V12           2V12 27  1  E2      28  1  E2     642220 1 1 1 1 1 0   440.0  456.0
391  983.658970 2.087E-22 4.725E+00.10000.400 1078.71210.750.000000        V8+2V12           2V12 27  4  A-      28  4  A-     642220 1 1 1 1 1 0   440.0  456.0
391  983.658970 2.108E-22 4.773E+00.10000.400 1078.71220.750.000000        V8+2V12           2V12 27  4  A+      28  4  A+     642220 1 1 1 1 1 0   440.0  456.0
391  983.679630 1.965E-21 5.819E+00.10000.400  652.59630.750.000000             V8         GROUND 26  3  E2      27  3  E2     642220 1 1 1 1 1 0   424.0  440.0
391  983.704590 8.979E-24 1.030E+00.10000.400 1433.70960.750.000000        V8+2V12           2V12 30  8  E2      31  8  E2     642220 1 1 1 1 1 0   488.0  504.0
391  983.729220 6.625E-22 5.754E+00.10000.400  857.79050.750.000000         V8+V12            V12 24  4  A+      25  4  A+     642220 1 1 1 1 1 0   392.0  408.0
391  983.729220 7.062E-22 6.133E+00.10000.400  857.79050.750.000000         V8+V12            V12 24  4  A-      25  4  A-     642220 1 1 1 1 1 0   392.0  408.0
391  983.742560 1.486E-22 9.150E+00.10000.400 1298.94180.750.000000         V8+V12            V12 29  9  E2      30  9  E2     642220 1 1 1 1 1 0   472.0  488.0
391  983.742560 3.962E-22 1.332E+01.10000.400 1159.93810.750.000000             V8         GROUND 27 12  E1      28 12  E1     642220 1 1 1 1 1 0   440.0  456.0
391  983.743280 1.000E-26 5.638E-05.10000.400  760.30320.750.000000         V7+V12            V12 23  1  E1      24  2  E1     622220 1 1 1 1 1 0   376.0  392.0
391  983.764530 1.443E-22 9.768E-01.10000.400  844.71130.750.000000             V7         GROUND 29  4  A-      30  5  A-     642220 1 1 1 1 1 0   472.0  488.0
391  983.786060 8.308E-22 5.899E+00.10000.400  832.46330.750.000000         V8+V12            V12 26  1  A+      27  1  A+     642220 1 1 1 1 1 0   424.0  440.0
391  983.795950 1.234E-22 8.354E-01.10000.400  844.71050.750.000000             V7         GROUND 29  4  A+      30  5  A+     642220 1 1 1 1 1 0   472.0  488.0
391  983.807070 1.775E-21 5.883E+00.10000.400  675.72490.750.000000             V8         GROUND 26  4  E1      27  4  E1     642220 1 1 1 1 1 0   424.0  440.0
391  983.823360 2.292E-21 6.263E+00.10000.400  635.99960.750.000000             V8         GROUND 26  2  A+      27  2  A+     642220 1 1 1 1 1 0   424.0  440.0
391  983.911220 5.551E-22 6.365E+00.10000.400  931.01340.750.000000         V8+V12            V12 26  6  A+      27  6  A+     642220 1 1 1 1 1 0   424.0  440.0
391  983.911220 5.656E-22 6.485E+00.10000.400  931.01340.750.000000         V8+V12            V12 26  6  A-      27  6  A-     642220 1 1 1 1 1 0   424.0  440.0
391  983.936670 2.481E-22 9.469E-01.10000.400  696.76940.750.000000             V7         GROUND 25  5  E2      26  6  E2     642220 1 1 1 1 1 0   408.0  424.0
391  983.937340 1.675E-21 9.159E+00.10000.400  778.65430.750.000000             V8         GROUND 26  7  A+      27  7  A+     642220 1 1 1 1 1 0   424.0  440.0
391  983.937340 9.184E-22 5.022E+00.10000.400  778.65430.750.000000             V8         GROUND 26  7  A-      27  7  A-     642220 1 1 1 1 1 0   424.0  440.0
391  983.959570 2.300E-21 6.236E+00.10000.400  634.33660.750.000000             V8         GROUND 26  2  A-      27  2  A-     642220 1 1 1 1 1 0   424.0  440.0
391  983.965220 4.661E-22 5.859E+00.10000.400  949.88680.750.000000         V8+V12            V12 26  6  E2      27  6  E2     642220 1 1 1 1 1 0   424.0  440.0
391  983.977560 1.498E-22 7.253E-01.10000.400  690.53230.750.000000             V6           2V12 19  0  A+      20  0  A+     642220 1 1 1 1 1 0   312.0  328.0
391  983.994970 1.931E-22 2.001E+01.10000.400 1398.84520.750.000000        V8+2V12           2V12 28 10  E1      29 10  E1     642220 1 1 1 1 1 0   456.0  472.0
391  984.010040 2.323E-21 5.987E+00.10000.400  623.89570.750.000000             V8         GROUND 26  1  E1      27  1  E1     642220 1 1 1 1 1 0   424.0  440.0
391  984.047740 2.345E-21 6.218E+00.10000.400  629.70650.750.000000             V8         GROUND 26  2  E2      27  2  E2     642220 1 1 1 1 1 0   424.0  440.0
391  984.057230 2.440E-21 6.270E+00.10000.400  623.27460.750.000000             V8         GROUND 26  1  A-      27  1  A-     642220 1 1 1 1 1 0   424.0  440.0
391  984.075950 1.006E-21 6.597E+00.10000.400  815.99750.750.000000         V8+V12            V12 26  0  E1      27  0  E1     642220 1 1 1 1 1 0   424.0  440.0
391  984.077610 2.002E-22 4.125E+00.10000.400 1059.15020.750.000000        V8+2V12           2V12 27  2  E1      28  2  E1     642220 1 1 1 1 1 0   440.0  456.0
391  984.086990 5.153E-23 4.995E-01.10000.400  918.43660.750.000000             V7         GROUND 29  6  A+      30  7  A+     642220 1 1 1 1 1 0   472.0  488.0
391  984.086990 6.599E-23 6.396E-01.10000.400  918.43660.750.000000             V7         GROUND 29  6  A-      30  7  A-     642220 1 1 1 1 1 0   472.0  488.0
391  984.101490 1.678E-21 6.364E+00.10000.400  703.33600.750.000000             V8         GROUND 26  5  E1      27  5  E1     642220 1 1 1 1 1 0   424.0  440.0
391  984.116910 1.177E-21 8.997E+00.10000.400  839.59590.750.000000         V8+V12            V12 25  3  A-      26  3  A-     642220 1 1 1 1 1 0   408.0  424.0
391  984.116910 8.424E-22 6.439E+00.10000.400  839.59160.750.000000         V8+V12            V12 25  3  A+      26  3  A+     642220 1 1 1 1 1 0   408.0  424.0
391  984.117970 3.042E-22 2.477E+00.10000.400  852.55200.750.000000         V8+V12            V12 25  3  E1      26  3  E1     642220 1 1 1 1 1 0   408.0  424.0
391  984.151610 6.771E-22 3.685E+00.10000.400  785.23610.750.000000             V8         GROUND 27  6  E2      28  6  E2     642220 1 1 1 1 1 0   440.0  456.0
391  984.169530 5.625E-22 3.108E+00.10000.400  788.33710.750.000000             V8         GROUND 27  6  A+      28  6  A+     642220 1 1 1 1 1 0   440.0  456.0
391  984.216670 1.073E-22 2.569E+00.10000.400 1082.31910.750.000000         V8+V12            V12 26  9  A+      27  9  A+     642220 1 1 1 1 1 0   424.0  440.0
391  984.216670 7.865E-23 1.883E+00.10000.400 1082.31910.750.000000         V8+V12            V12 26  9  A-      27  9  A-     642220 1 1 1 1 1 0   424.0  440.0
391  984.276480 7.602E-22 4.837E+00.10000.400  809.71130.750.000000         V8+V12            V12 26  1  E1      27  1  E1     642220 1 1 1 1 1 0   424.0  440.0
391  984.282510 1.932E-21 6.233E+00.10000.400  669.97530.750.000000             V8         GROUND 26  4  E2      27  4  E2     642220 1 1 1 1 1 0   424.0  440.0
391  984.284000 1.345E-22 7.434E-01.10000.400  788.33710.750.000000             V8         GROUND 27  6  A-      28  6  A-     642220 1 1 1 1 1 0   440.0  456.0
391  984.309360 3.826E-22 3.765E+00.10000.400  899.38960.750.000000         V8+V12            V12 26  5  A-      27  5  A-     642220 1 1 1 1 1 0   424.0  440.0
391  984.309360 4.278E-22 4.210E+00.10000.400  899.38960.750.000000         V8+V12            V12 26  5  A+      27  5  A+     642220 1 1 1 1 1 0   424.0  440.0
391  984.324210 2.099E-21 5.942E+00.10000.400  643.05070.750.000000             V8         GROUND 26  3  E1      27  3  E1     642220 1 1 1 1 1 0   424.0  440.0
391  984.337320 3.213E-22 4.459E+00.10000.400  970.09950.750.000000         V8+V12            V12 26  7  E2      27  7  E2     642220 1 1 1 1 1 0   424.0  440.0
391  984.341960 8.516E-22 6.908E+00.10000.400  859.62290.750.000000         V8+V12            V12 26  4  E1      27  4  E1     642220 1 1 1 1 1 0   424.0  440.0
391  984.341960 8.861E-22 5.780E+00.10000.400  814.78790.750.000000         V8+V12            V12 26  2  A-      27  2  A-     642220 1 1 1 1 1 0   424.0  440.0
391  984.357220 2.062E-21 5.864E+00.10000.400  644.00450.750.000000             V8         GROUND 26  3  A-      27  3  A-     642220 1 1 1 1 1 0   424.0  440.0
391  984.358830 2.295E-23 2.187E+00.10000.400 1401.98040.750.000000        V8+2V12           2V12 31  7  A-      32  7  A-     642220 1 1 1 1 1 0   504.0  520.0
391  984.358830 2.519E-23 2.400E+00.10000.400 1401.98040.750.000000        V8+2V12           2V12 31  7  A+      32  7  A+     642220 1 1 1 1 1 0   504.0  520.0
391  984.363710 2.548E-21 6.060E+00.10000.400  607.21280.750.000000             V8         GROUND 26  0  A+      27  0  A+     642220 1 1 1 1 1 0   424.0  440.0
391  984.369020 8.879E-22 5.788E+00.10000.400  814.64890.750.000000         V8+V12            V12 26  2  A+      27  2  A+     642220 1 1 1 1 1 0   424.0  440.0
391  984.377290 5.634E-22 2.185E+00.10000.400  699.92620.750.000000             V7         GROUND 25  5  A+      26  6  A+     642220 1 1 1 1 1 0   408.0  424.0
391  984.379940 4.838E-22 2.562E+00.10000.400  786.89480.750.000000           3V12         GROUND 28  5  E2      29  5  E2     642220 1 1 1 1 1 0   456.0  472.0
391  984.381820 2.151E-22 8.344E-01.10000.400  699.92620.750.000000             V7         GROUND 25  5  A-      26  6  A-     642220 1 1 1 1 1 0   408.0  424.0
391  984.382300 4.795E-22 4.713E+00.10000.400  899.13430.750.000000             V8         GROUND 26  9  A-      27  9  A-     642220 1 1 1 1 1 0   424.0  440.0
391  984.382300 5.656E-22 5.560E+00.10000.400  899.13430.750.000000             V8         GROUND 26  9  A+      27  9  A+     642220 1 1 1 1 1 0   424.0  440.0
391  984.391430 7.623E-22 5.390E+00.10000.400  831.34750.750.000000         V8+V12            V12 26  3  E2      27  3  E2     642220 1 1 1 1 1 0   424.0  440.0
391  984.415680 2.148E-21 6.099E+00.10000.400  643.65330.750.000000             V8         GROUND 26  3  A+      27  3  A+     642220 1 1 1 1 1 0   424.0  440.0
391  984.432410 5.183E-24 7.779E-02.10000.400  970.02540.750.000000             V5           2V12 24  2  E2      25  2  E2     642220 1 1 1 1 1 0   392.0  408.0
391  984.434180 7.022E-23 2.492E-01.10000.400  615.60980.750.000000             V6           2V12 18  1  E2      17  1  E2     642220 1 1 1 1 1 0   296.0  280.0
391  984.438860 9.530E-22 7.079E+00.10000.400  841.48060.750.000000             V8         GROUND 26  8  E1      27  8  E1     642220 1 1 1 1 1 0   424.0  440.0
391  984.446910 1.390E-21 6.095E+00.10000.400  733.04460.750.000000             V8         GROUND 26  6  E1      27  6  E1     642220 1 1 1 1 1 0   424.0  440.0
391  984.453650 4.230E-23 1.440E+00.10000.400 1154.65950.750.000000         V8+V12            V12 26 10  E1      27 10  E1     642220 1 1 1 1 1 0   424.0  440.0
391  984.455070 3.353E-23 1.802E+00.10000.400 1256.24620.750.000000        V8+2V12           2V12 27  5  A-      28  5  A-     642220 1 1 1 1 1 0   440.0  456.0
391  984.455070 3.574E-23 1.921E+00.10000.400 1256.24620.750.000000        V8+2V12           2V12 27  5  A+      28  5  A+     642220 1 1 1 1 1 0   440.0  456.0
391  984.480440 1.945E-21 6.133E+00.10000.400  665.18640.750.000000             V8         GROUND 26  4  A+      27  4  A+     642220 1 1 1 1 1 0   424.0  440.0
391  984.490730 2.317E-21 7.305E+00.10000.400  665.16060.750.000000             V8         GROUND 26  4  A-      27  4  A-     642220 1 1 1 1 1 0   424.0  440.0
391  984.510730 2.729E-21 6.708E+00.10000.400  613.93250.750.000000             V8         GROUND 26  0  E1      27  0  E1     642220 1 1 1 1 1 0   424.0  440.0
391  984.520280 2.464E-21 6.382E+00.10000.400  624.69130.750.000000             V8         GROUND 26  2  E1      27  2  E1     642220 1 1 1 1 1 0   424.0  440.0
391  984.539550 2.582E-21 6.323E+00.10000.400  613.16330.750.000000             V8         GROUND 26  1  A+      27  1  A+     642220 1 1 1 1 1 0   424.0  440.0
391  984.559360 9.744E-22 5.623E+00.10000.400  789.49670.750.000000             V8         GROUND 26  7  E2      27  7  E2     642220 1 1 1 1 1 0   424.0  440.0
391  984.565310 4.238E-22 1.866E+02.10000.400 1723.26790.750.000000        V8+2V12           2V12 32 12  E1      32 12  E1     642220 1 1 1 1 1 0   520.0  520.0
391  984.590400 5.067E-23 6.446E-01.10000.400  944.19350.750.000000             V6            V12 25  5  E2      26  5  E2     642220 1 1 1 1 1 0   408.0  424.0
391  984.641170 2.900E-22 1.537E+00.10000.400  738.32930.750.000000         V7+V12            V12 22  2  A+      23  0  A+     642220 1 1 1 1 1 0   360.0  376.0
391  984.641430 1.684E-22 8.927E-01.10000.400  738.32930.750.000000         V7+V12            V12 22  2  A+      23  0  A+     642220 1 1 1 1 1 0   360.0  376.0
391  984.644880 4.647E-22 6.226E+00.10000.400  962.73040.750.000000             V8         GROUND 26 10  E1      27 10  E1     642220 1 1 1 1 1 0   424.0  440.0
391  984.713450 2.553E-21 6.172E+00.10000.400  610.43500.750.000000             V8         GROUND 26  1  E2      27  1  E2     642220 1 1 1 1 1 0   424.0  440.0
391  984.740550 1.238E-23 3.690E+00.10000.400 1629.79780.750.000000        V8+2V12           2V12 30 10  A+      31 10  A+     642220 1 1 1 1 1 0   488.0  504.0
391  984.740550 1.440E-23 4.292E+00.10000.400 1629.79780.750.000000        V8+2V12           2V12 30 10  A-      31 10  A-     642220 1 1 1 1 1 0   488.0  504.0
391  984.744830 1.079E-22 4.612E+00.10000.400 1201.37540.750.000000             V8         GROUND 26 13  A-      27 13  A-     642220 1 1 1 1 1 0   424.0  440.0
391  984.744830 1.085E-22 4.638E+00.10000.400 1201.37540.750.000000             V8         GROUND 26 13  A+      27 13  A+     642220 1 1 1 1 1 0   424.0  440.0
391  984.818450 5.887E-25 1.970E-03.10000.400  538.51640.750.000000             V6           2V12 13  1  E2      14  1  E2     642220 1 1 1 1 1 0   216.0  232.0
391  984.838240 1.296E-23 3.967E-01.10000.400 1047.28400.750.000000        V8+2V12           2V12 17 11  A-      18 11  A-     642220 1 1 1 1 1 0   280.0  296.0
391  984.838240 1.439E-23 4.405E-01.10000.400 1047.28400.750.000000        V8+2V12           2V12 17 11  A+      18 11  A+     642220 1 1 1 1 1 0   280.0  296.0
391  984.843590 1.791E-22 3.402E+00.10000.400 1034.46130.750.000000             V8         GROUND 26 11  E1      27 11  E1     642220 1 1 1 1 1 0   424.0  440.0
391  984.844980 6.127E-24 1.746E-01.10000.400 1125.56740.750.000000         V8+V12            V12 27  8  A+      28  8  A+     642220 1 1 1 1 1 0   440.0  456.0
391  984.844980 9.127E-23 2.601E+00.10000.400 1125.56740.750.000000         V8+V12            V12 27  8  A-      28  8  A-     642220 1 1 1 1 1 0   440.0  456.0
391  984.883280 1.187E-22 4.010E+00.10000.400 1167.89370.750.000000         V8+V12            V12 28  8  E2      29  8  E2     642220 1 1 1 1 1 0   456.0  472.0
391  984.885140 1.706E-22 3.210E+00.10000.400 1032.50140.750.000000             V8         GROUND 26 11  E1      27 11  E1     642220 1 1 1 1 1 0   424.0  440.0
391  984.920550 4.638E-22 6.140E+00.10000.400  960.14760.750.000000             V8         GROUND 26 10  A+      27 10  A+     642220 1 1 1 1 1 0   424.0  440.0
391  984.920550 5.380E-22 7.122E+00.10000.400  960.14760.750.000000             V8         GROUND 26 10  A-      27 10  A-     642220 1 1 1 1 1 0   424.0  440.0
391  984.962950 9.423E-25 2.312E-03.10000.400  441.61300.750.000000             V6           2V12 11  0  A+      10  0  A+     642220 1 1 1 1 1 0   184.0  168.0
391  984.997220 5.077E-23 8.672E-01.10000.400 1034.61890.750.000000             V6            V12 29  1  E2      30  1  E2     642220 1 1 1 1 1 0   472.0  488.0
391  985.053460 2.147E-22 3.581E+00.10000.400  991.47770.750.000000         V8+V12            V12 24  8  E2      25  8  E2     642220 1 1 1 1 1 0   392.0  408.0
391  985.079310 5.359E-25 2.746E-02.10000.400 1238.50200.750.000000         V8+V12            V12 26 11  E1      27 11  E1     642220 1 1 1 1 1 0   424.0  440.0
391  985.092550 1.877E-22 6.382E+00.10000.400 1161.77470.750.000000        V8+2V12           2V12 27  0  E1      28  0  E1     642220 1 1 1 1 1 0   440.0  456.0
391  985.095480 9.219E-22 4.130E+00.10000.400  694.18400.750.000000         V8+V12            V12 21  1  E2      22  1  E2     642220 1 1 1 1 1 0   344.0  360.0
391  985.099840 5.408E-22 5.154E+00.10000.400  892.48390.750.000000             V8         GROUND 26  9  E1      27  9  E1     642220 1 1 1 1 1 0   424.0  440.0
391  985.104580 8.211E-26 1.140E-03.10000.400  484.22190.750.000000             V5           2V12  2  1  A-       3  1  A-     642220 1 1 1 1 1 0    40.0   56.0
391  985.114040 3.701E-22 3.441E+00.10000.400  844.33930.750.000000         V8+V12            V12 21  7  A-      22  7  A-     642220 1 1 1 1 1 0   344.0  360.0
391  985.114040 4.065E-22 3.779E+00.10000.400  844.33930.750.000000         V8+V12            V12 21  7  A+      22  7  A+     642220 1 1 1 1 1 0   344.0  360.0
391  985.126620 2.247E-22 3.377E+00.10000.400  978.26520.750.000000         V8+V12            V12 25  8  E1      26  8  E1     642220 1 1 1 1 1 0   408.0  424.0
391  985.134730 2.955E-22 8.064E+00.10000.400 1108.89820.750.000000             V8         GROUND 26 12  A+      27 12  A+     642220 1 1 1 1 1 0   424.0  440.0
391  985.134730 3.109E-22 8.485E+00.10000.400 1108.89820.750.000000             V8         GROUND 26 12  A-      27 12  A-     642220 1 1 1 1 1 0   424.0  440.0
391  985.137260 4.589E-26 6.372E-04.10000.400  484.18580.750.000000             V5           2V12  2  1  A+       3  1  A+     642220 1 1 1 1 1 0    40.0   56.0
391  985.162250 7.944E-26 6.434E-03.10000.400 1332.67110.750.000000         V8+V12            V12 26 12  A+      27 12  A+     642220 1 1 1 1 1 0   424.0  440.0
391  985.162250 9.817E-26 7.951E-03.10000.400 1332.67110.750.000000         V8+V12            V12 26 12  A-      27 12  A-     642220 1 1 1 1 1 0   424.0  440.0
391  985.191670 7.528E-22 5.956E+00.10000.400  846.24790.750.000000         V8+V12            V12 25  4  E2      26  4  E2     642220 1 1 1 1 1 0   408.0  424.0
391  985.199150 9.610E-23 4.064E+00.10000.400 1206.60710.750.000000        V8+2V12           2V12 27  1  E1      28  1  E1     642220 1 1 1 1 1 0   440.0  456.0
391  985.229090 4.842E-22 3.192E+00.10000.400  800.46070.750.000000         V8+V12            V12 24  2  E1      25  2  E1     642220 1 1 1 1 1 0   392.0  408.0
391  985.233950 4.408E-22 5.835E+00.10000.400  960.00240.750.000000        V8+2V12           2V12 26  0  A+      27  0  A+     642220 1 1 1 1 1 0   424.0  440.0
391  985.251520 2.310E-22 3.294E+00.10000.400  967.38270.750.000000         V8+V12            V12 25  7  E1      26  7  E1     642220 1 1 1 1 1 0   408.0  424.0
391  985.262800 1.241E-22 6.242E+00.10000.400 1234.64460.750.000000        V8+2V12           2V12 26  8  A+      27  8  A+     642220 1 1 1 1 1 0   424.0  440.0
391  985.262800 1.787E-22 8.989E+00.10000.400 1234.64460.750.000000        V8+2V12           2V12 26  8  A-      27  8  A-     642220 1 1 1 1 1 0   424.0  440.0
391  985.304510 4.979E-22 4.000E+00.10000.400  823.58590.750.000000         V8+V12            V12 22  5  E2      23  5  E2     642220 1 1 1 1 1 0   360.0  376.0
391  985.304920 1.032E-21 7.082E+00.10000.400  816.90550.750.000000         V8+V12            V12 25  2  E2      26  2  E2     642220 1 1 1 1 1 0   408.0  424.0
391  985.311930 1.055E-21 7.485E+00.10000.400  831.66970.750.000000             V8         GROUND 26  8  A-      27  8  A-     642220 1 1 1 1 1 0   424.0  440.0
391  985.311930 7.682E-22 5.450E+00.10000.400  831.66970.750.000000             V8         GROUND 26  8  A+      27  8  A+     642220 1 1 1 1 1 0   424.0  440.0
391  985.343060 1.095E-21 6.113E+00.10000.400  782.36920.750.000000             V8         GROUND 26  7  E1      27  7  E1     642220 1 1 1 1 1 0   424.0  440.0
391  985.373800 4.452E-22 2.729E+00.10000.400  776.88960.750.000000         V8+V12            V12 23  0  A+      24  0  A+     642220 1 1 1 1 1 0   376.0  392.0
391  985.378160 8.108E-23 7.579E-01.10000.400  888.38020.750.000000             V8         GROUND 26  9  E2      27  9  E2     642220 1 1 1 1 1 0   424.0  440.0
391  985.380000 1.200E-21 1.034E+01.10000.400  863.71760.750.000000         V8+V12            V12 25  5  E1      26  5  E1     642220 1 1 1 1 1 0   408.0  424.0
391  985.433600 3.439E-22 8.215E+00.10000.400 1073.46740.750.000000         V8+V12            V12 25  9  E1      26  9  E1     642220 1 1 1 1 1 0   408.0  424.0
391  985.457920 4.016E-22 7.281E+00.10000.400 1024.63620.750.000000             V8         GROUND 26 11  A+      27 11  A+     642220 1 1 1 1 1 0   424.0  440.0
391  985.457920 4.839E-22 8.773E+00.10000.400 1024.63620.750.000000             V8         GROUND 26 11  A-      27 11  A-     642220 1 1 1 1 1 0   424.0  440.0
391  985.482180 1.442E-22 3.850E+00.10000.400 1104.25750.750.000000             V8         GROUND 26 12  E1      27 12  E1     642220 1 1 1 1 1 0   424.0  440.0
391  985.498220 1.678E-23 8.806E-01.10000.400 1258.24700.750.000000         V8+V12            V12 28 10  A+      29 10  A+     642220 1 1 1 1 1 0   456.0  472.0
391  985.498220 1.845E-23 9.683E-01.10000.400 1258.24700.750.000000         V8+V12            V12 28 10  A-      29 10  A-     642220 1 1 1 1 1 0   456.0  472.0
391  985.503740 1.562E-21 4.804E+00.10000.400  651.74250.750.000000             V8         GROUND 25  5  E2      26  5  E2     642220 1 1 1 1 1 0   408.0  424.0
391  985.505160 1.066E-23 1.568E+00.10000.400 1477.42310.750.000000        V8+2V12           2V12 29  9  E2      30  9  E2     642220 1 1 1 1 1 0   472.0  488.0
391  985.521370 2.749E-22 1.529E+00.10000.400  796.47590.750.000000             V7         GROUND 28  4  A-      29  5  A-     642220 1 1 1 1 1 0   456.0  472.0
391  985.539970 2.359E-23 2.860E+00.10000.400 1437.58710.750.000000         V8+V12            V12 29 12  E1      30 12  E1     642220 1 1 1 1 1 0   472.0  488.0
391  985.544470 1.000E-26 5.562E-05.10000.400  796.47530.750.000000             V7         GROUND 28  4  A+      29  5  A+     622220 1 1 1 1 1 0   456.0  472.0
391  985.547130 3.173E-22 3.420E+01.10000.400 1439.51680.750.000000        V8+2V12           2V12 33  6  E1      34  6  E1     642220 1 1 1 1 1 0   536.0  552.0
391  985.557110 1.400E-21 4.513E+00.10000.400  661.35870.750.000000             V8         GROUND 25  5  A+      26  5  A+     642220 1 1 1 1 1 0   408.0  424.0
391  985.557110 1.400E-21 4.513E+00.10000.400  661.35890.750.000000             V8         GROUND 25  5  A-      26  5  A-     642220 1 1 1 1 1 0   408.0  424.0
391  985.571410 3.546E-22 6.885E+00.10000.400 1038.69100.750.000000        V8+2V12           2V12 26  3  E1      27  3  E1     642220 1 1 1 1 1 0   424.0  440.0
391  985.580790 2.517E-22 3.217E+00.10000.400  952.67510.750.000000             V8         GROUND 26 10  E1      27 10  E1     642220 1 1 1 1 1 0   424.0  440.0
391  985.601990 6.826E-22 4.850E+00.10000.400  831.87790.750.000000             V8         GROUND 26  8  E2      27  8  E2     642220 1 1 1 1 1 0   424.0  440.0
391  985.620130 3.167E-25 1.387E-03.10000.400  658.42990.750.000000             V6           2V12 18  0  A+      19  0  A+     642220 1 1 1 1 1 0   296.0  312.0
391  985.639330 9.664E-22 5.832E+00.10000.400  790.33580.750.000000         V8+V12            V12 25  1  A-      26  1  A-     642220 1 1 1 1 1 0   408.0  424.0
391  985.649810 6.954E-22 3.408E+00.10000.400  721.74610.750.000000         V7+V12            V12 22  1  E1      23  2  E1     642220 1 1 1 1 1 0   360.0  376.0
391  985.656600 6.612E-22 4.941E+00.10000.400  817.50590.750.000000         V8+V12            V12 23  4  A+      24  4  A+     642220 1 1 1 1 1 0   376.0  392.0
391  985.656600 8.621E-22 6.443E+00.10000.400  817.50590.750.000000         V8+V12            V12 23  4  A-      24  4  A-     642220 1 1 1 1 1 0   376.0  392.0
391  985.667350 5.540E-24 1.965E+00.10000.400 1671.90140.750.000000        V8+2V12           2V12 31 12  E1      31 12  E1     642220 1 1 1 1 1 0   504.0  504.0
391  985.709350 3.903E-23 1.978E+00.10000.400 1250.93170.750.000000         V8+V12            V12 28  9  E2      29  9  E2     642220 1 1 1 1 1 0   456.0  472.0
391  985.730090 8.908E-24 2.507E-01.10000.400 1114.98940.750.000000             V8         GROUND 26 12  E1      27 12  E1     642220 1 1 1 1 1 0   424.0  440.0
391  985.758070 2.322E-21 5.810E+00.10000.400  609.15700.750.000000             V8         GROUND 25  3  E2      26  3  E2     642220 1 1 1 1 1 0   408.0  424.0
391  985.768780 1.398E-23 6.099E-01.10000.400 1234.08270.750.000000         V7+V12            V12 30  7  A-      31  7  A-     642220 1 1 1 1 1 0   488.0  504.0
391  985.768780 3.461E-23 1.510E+00.10000.400 1234.08270.750.000000         V7+V12            V12 30  7  A+      31  7  A+     642220 1 1 1 1 1 0   488.0  504.0
391  985.769760 3.391E-23 1.318E-01.10000.400  644.51270.750.000000             V6           2V12 19  1  E2      18  1  E2     642220 1 1 1 1 1 0   312.0  296.0
391  985.778970 3.122E-22 4.485E+00.10000.400  976.61620.750.000000        V8+2V12           2V12 26  1  E2      27  1  E2     642220 1 1 1 1 1 0   424.0  440.0
391  985.790840 2.822E-22 5.354E+00.10000.400 1033.83920.750.000000        V8+2V12           2V12 26  4  A-      27  4  A-     642220 1 1 1 1 1 0   424.0  440.0
391  985.790840 2.829E-22 5.367E+00.10000.400 1033.83930.750.000000        V8+2V12           2V12 26  4  A+      27  4  A+     642220 1 1 1 1 1 0   424.0  440.0
391  985.798610 2.342E-22 1.651E+01.10000.400 1318.78030.750.000000         V8+V12            V12 28 11  E1      29 11  E1     642220 1 1 1 1 1 0   456.0  472.0
391  985.859600 7.400E-22 4.444E+00.10000.400  789.23680.750.000000         V8+V12            V12 25  1  A+      26  1  A+     642220 1 1 1 1 1 0   408.0  424.0
391  985.859600 7.400E-22 2.408E+00.10000.400  654.93630.750.000000             V7         GROUND 24  5  E2      25  6  E2     642220 1 1 1 1 1 0   392.0  408.0
391  985.862620 2.000E-21 5.600E+00.10000.400  632.28380.750.000000             V8         GROUND 25  4  E1      26  4  E1     642220 1 1 1 1 1 0   408.0  424.0
391  985.866640 7.821E-24 1.678E-01.10000.400 1066.67230.750.000000         V8+V12            V12 27  6  E1      28  8  E1     642220 1 1 1 1 1 0   440.0  456.0
391  985.868020 1.544E-22 1.230E+00.10000.400  870.24800.750.000000             V7         GROUND 28  6  A+      29  7  A+     642220 1 1 1 1 1 0   456.0  472.0
391  985.868020 1.575E-22 1.255E+00.10000.400  870.24800.750.000000             V7         GROUND 28  6  A-      29  7  A-     642220 1 1 1 1 1 0   456.0  472.0
391  985.883180 2.716E-21 6.267E+00.10000.400  592.46710.750.000000             V8         GROUND 25  2  A+      26  2  A+     642220 1 1 1 1 1 0   408.0  424.0
391  985.926350 4.257E-23 8.336E+00.10000.400 1555.98750.750.000000        V8+2V12           2V12 32  9  E1      33  9  E1     642220 1 1 1 1 1 0   520.0  536.0
391  986.007970 2.968E-21 6.803E+00.10000.400  591.01980.750.000000             V8         GROUND 25  2  A-      26  2  A-     642220 1 1 1 1 1 0   408.0  424.0
391  986.015090 1.014E-21 9.840E+00.10000.400  887.90460.750.000000         V8+V12            V12 25  6  A+      26  6  A+     642220 1 1 1 1 1 0   408.0  424.0
391  986.015090 1.398E-21 1.357E+01.10000.400  887.90460.750.000000         V8+V12            V12 25  6  A-      26  6  A-     642220 1 1 1 1 1 0   408.0  424.0
391  986.015090 6.346E-22 2.932E+00.10000.400  735.25180.750.000000             V8         GROUND 25  7  A-      26  7  A-     642220 1 1 1 1 1 0   408.0  424.0
391  986.015090 6.520E-22 3.013E+00.10000.400  735.25180.750.000000             V8         GROUND 25  7  A+      26  7  A+     642220 1 1 1 1 1 0   408.0  424.0
391  986.022620 6.308E-24 5.049E+00.10000.400 1845.60550.750.000000        V8+2V12           2V12 32 11  E1      33 11  E1     642220 1 1 1 1 1 0   520.0  536.0
391  986.023970 7.671E-22 3.547E+00.10000.400  743.33360.750.000000             V8         GROUND 26  6  A+      27  6  A+     642220 1 1 1 1 1 0   424.0  440.0
391  986.040640 7.150E-22 3.257E+00.10000.400  740.20300.750.000000             V8         GROUND 26  6  E2      27  6  E2     642220 1 1 1 1 1 0   424.0  440.0
391  986.058770 1.037E-21 4.796E+00.10000.400  743.33360.750.000000             V8         GROUND 26  6  A-      27  6  A-     642220 1 1 1 1 1 0   424.0  440.0
391  986.060720 2.965E-21 3.151E+01.10000.400  906.61000.750.000000         V8+V12            V12 25  6  E2      26  6  E2     642220 1 1 1 1 1 0   408.0  424.0
391  986.060720 5.219E-22 1.136E+00.10000.400  580.44950.750.000000             V8         GROUND 25  1  E1      26  1  E1     642220 1 1 1 1 1 0   408.0  424.0
391  986.080170 7.648E-22 5.317E+00.10000.400  811.03080.750.000000         V8+V12            V12 24  3  E1      25  3  E1     642220 1 1 1 1 1 0   392.0  408.0
391  986.119840 2.994E-21 6.494E+00.10000.400  579.62420.750.000000             V8         GROUND 25  1  A-      26  1  A-     642220 1 1 1 1 1 0   408.0  424.0
391  986.138570 2.952E-21 6.602E+00.10000.400  585.93610.750.000000             V8         GROUND 25  2  E2      26  2  E2     642220 1 1 1 1 1 0   408.0  424.0
391  986.146900 1.151E-21 7.505E+00.10000.400  797.83190.750.000000         V8+V12            V12 24  3  A+      25  3  A+     642220 1 1 1 1 1 0   392.0  408.0
391  986.146900 1.215E-21 7.923E+00.10000.400  797.83530.750.000000         V8+V12            V12 24  3  A-      25  3  A-     642220 1 1 1 1 1 0   392.0  408.0
391  986.167590 1.095E-21 6.072E+00.10000.400  772.71730.750.000000         V8+V12            V12 25  0  E1      26  0  E1     642220 1 1 1 1 1 0   408.0  424.0
391  986.172410 1.740E-21 5.576E+00.10000.400  659.92330.750.000000             V8         GROUND 25  5  E1      26  5  E1     642220 1 1 1 1 1 0   408.0  424.0
391  986.198430 3.101E-22 5.354E+00.10000.400 1014.26990.750.000000        V8+2V12           2V12 26  2  E1      27  2  E1     642220 1 1 1 1 1 0   424.0  440.0
391  986.294200 1.289E-22 2.609E+00.10000.400 1039.04440.750.000000         V8+V12            V12 25  9  A-      26  9  A-     642220 1 1 1 1 1 0   408.0  424.0
391  986.294200 1.294E-22 2.619E+00.10000.400 1039.04440.750.000000         V8+V12            V12 25  9  A+      26  9  A+     642220 1 1 1 1 1 0   408.0  424.0
391  986.311450 5.478E-26 7.080E-04.10000.400  929.93740.750.000000             V5           2V12 23  2  E2      24  2  E2     642220 1 1 1 1 1 0   376.0  392.0
391  986.312350 1.101E-21 3.641E+00.10000.400  658.11630.750.000000             V7         GROUND 24  5  A+      25  6  A+     642220 1 1 1 1 1 0   392.0  408.0
391  986.316380 6.736E-22 2.228E+00.10000.400  658.11630.750.000000             V7         GROUND 24  5  A-      25  6  A-     642220 1 1 1 1 1 0   392.0  408.0
391  986.323870 6.311E-22 5.250E+00.10000.400  856.08290.750.000000         V8+V12            V12 25  5  A-      26  5  A-     642220 1 1 1 1 1 0   408.0  424.0
391  986.323870 6.319E-22 5.256E+00.10000.400  856.08290.750.000000         V8+V12            V12 25  5  A+      26  5  A+     642220 1 1 1 1 1 0   408.0  424.0
391  986.327830 2.065E-21 5.629E+00.10000.400  626.54860.750.000000             V8         GROUND 25  4  E2      26  4  E2     642220 1 1 1 1 1 0   408.0  424.0
391  986.345960 1.400E-22 6.150E-01.10000.400  740.24350.750.000000           3V12         GROUND 27  5  E2      28  5  E2     642220 1 1 1 1 1 0   440.0  456.0
391  986.359090 5.484E-23 4.720E+00.10000.400 1352.31050.750.000000        V8+2V12           2V12 27 10  E1      28 10  E1     642220 1 1 1 1 1 0   440.0  456.0
391  986.372740 1.225E-21 6.591E+00.10000.400  766.42500.750.000000         V8+V12            V12 25  1  E1      26  1  E1     642220 1 1 1 1 1 0   408.0  424.0
391  986.390440 1.254E-23 1.174E+00.10000.400 1384.07430.750.000000        V8+2V12           2V12 29  8  E2      30  8  E2     642220 1 1 1 1 1 0   472.0  488.0
391  986.397140 3.475E-23 3.769E-01.10000.400  902.38580.750.000000             V6            V12 24  5  E2      25  5  E2     642220 1 1 1 1 1 0   392.0  408.0
391  986.413980 2.906E-21 6.946E+00.10000.400  599.49000.750.000000             V8         GROUND 25  3  E1      26  3  E1     642220 1 1 1 1 1 0   408.0  424.0
391  986.413980 3.365E-21 6.769E+00.10000.400  564.00960.750.000000             V8         GROUND 25  0  A+      26  0  A+     642220 1 1 1 1 1 0   408.0  424.0
391  986.442050 1.106E-21 2.657E+00.10000.400  600.49740.750.000000             V8         GROUND 25  3  A-      26  3  A-     642220 1 1 1 1 1 0   408.0  424.0
391  986.442050 3.825E-21 2.623E+01.10000.400  816.33860.750.000000         V8+V12            V12 25  4  E1      26  4  E1     642220 1 1 1 1 1 0   408.0  424.0
391  986.442920 1.144E-22 6.309E-01.10000.400  771.49020.750.000000         V8+V12            V12 25  2  A-      26  2  A-     642220 1 1 1 1 1 0   408.0  424.0
391  986.446510 4.890E-22 5.741E+00.10000.400  926.90580.750.000000         V8+V12            V12 25  7  E2      26  7  E2     642220 1 1 1 1 1 0   408.0  424.0
391  986.458510 4.438E-25 1.442E-03.10000.400  516.02570.750.000000             V6           2V12 12  1  E2      13  1  E2     642220 1 1 1 1 1 0   200.0  216.0
391  986.466440 1.107E-21 6.102E+00.10000.400  771.37020.750.000000         V8+V12            V12 25  2  A+      26  2  A+     642220 1 1 1 1 1 0   408.0  424.0
391  986.480740 9.360E-22 5.875E+00.10000.400  798.07930.750.000000             V8         GROUND 25  8  E1      26  8  E1     642220 1 1 1 1 1 0   408.0  424.0
391  986.483200 8.018E-22 4.793E+00.10000.400  788.05970.750.000000         V8+V12            V12 25  3  E2      26  3  E2     642220 1 1 1 1 1 0   408.0  424.0
391  986.490640 2.542E-21 6.098E+00.10000.400  600.21500.750.000000             V8         GROUND 25  3  A+      26  3  A+     642220 1 1 1 1 1 0   408.0  424.0
391  986.516990 6.887E-22 5.722E+00.10000.400  855.75730.750.000000             V8         GROUND 25  9  A-      26  9  A-     642220 1 1 1 1 1 0   408.0  424.0
391  986.516990 7.341E-22 6.099E+00.10000.400  855.75730.750.000000             V8         GROUND 25  9  A+      26  9  A+     642220 1 1 1 1 1 0   408.0  424.0
391  986.533100 7.551E-25 1.863E-03.10000.400  459.28780.750.000000             V6           2V12 12  0  A+      11  0  A+     642220 1 1 1 1 1 0   200.0  184.0
391  986.537350 1.592E-21 5.899E+00.10000.400  689.62240.750.000000             V8         GROUND 25  6  E1      26  6  E1     642220 1 1 1 1 1 0   408.0  424.0
391  986.552370 2.992E-21 6.227E+00.10000.400  570.94340.750.000000             V8         GROUND 25  0  E1      26  0  E1     642220 1 1 1 1 1 0   408.0  424.0
391  986.568300 2.286E-21 6.089E+00.10000.400  621.69170.750.000000             V8         GROUND 25  4  A+      26  4  A+     642220 1 1 1 1 1 0   408.0  424.0
391  986.575170 2.812E-21 7.489E+00.10000.400  621.67250.750.000000             V8         GROUND 25  4  A-      26  4  A-     642220 1 1 1 1 1 0   408.0  424.0
391  986.577970 1.000E-26 4.653E-05.10000.400  701.36990.750.000000         V7+V12            V12 21  2  A+      22  0  A+     622220 1 1 1 1 1 0   344.0  360.0
391  986.581080 4.104E-22 1.849E+01.10000.400 1211.39890.750.000000        V8+2V12           2V12 26  5  A+      27  5  A+     642220 1 1 1 1 1 0   424.0  440.0
391  986.581080 4.524E-22 2.038E+01.10000.400 1211.39890.750.000000        V8+2V12           2V12 26  5  A-      27  5  A-     642220 1 1 1 1 1 0   424.0  440.0
391  986.586510 1.356E-22 3.904E+00.10000.400 1111.41280.750.000000         V8+V12            V12 25 10  E1      26 10  E1     642220 1 1 1 1 1 0   408.0  424.0
391  986.586660 1.018E-21 4.964E+00.10000.400  746.09220.750.000000             V8         GROUND 25  7  E2      26  7  E2     642220 1 1 1 1 1 0   408.0  424.0
391  986.586660 2.875E-21 6.293E+00.10000.400  581.30960.750.000000             V8         GROUND 25  2  E1      26  2  E1     642220 1 1 1 1 1 0   408.0  424.0
391  986.591820 3.263E-21 6.766E+00.10000.400  570.18770.750.000000             V8         GROUND 25  1  A+      26  1  A+     642220 1 1 1 1 1 0   408.0  424.0
391  986.669010 7.793E-24 2.246E+00.10000.400 1622.11360.750.000000        V8+2V12           2V12 30 12  E1      30 12  E1     642220 1 1 1 1 1 0   488.0  488.0
391  986.698440 4.141E-22 4.688E+00.10000.400  919.34280.750.000000             V8         GROUND 25 10  E1      26 10  E1     642220 1 1 1 1 1 0   408.0  424.0
391  986.746540 1.000E-26 2.268E-04.10000.400  479.39110.750.000000             V5           2V12  1  1  A-       2  1  A-     622220 1 1 1 1 1 0    24.0   40.0
391  986.763630 1.000E-26 2.268E-04.10000.400  479.37300.750.000000             V5           2V12  1  1  A+       2  1  A+     622220 1 1 1 1 1 0    24.0   40.0
391  986.775530 3.139E-21 6.421E+00.10000.400  567.30300.750.000000             V8         GROUND 25  1  E2      26  1  E2     642220 1 1 1 1 1 0   408.0  424.0
391  986.800550 8.045E-24 1.921E-01.10000.400 1080.73540.750.000000         V8+V12            V12 26  8  A+      27  8  A+     642220 1 1 1 1 1 0   424.0  440.0
391  986.813970 1.468E-22 5.304E+00.10000.400 1158.02930.750.000000             V8         GROUND 25 13  A+      26 13  A+     642220 1 1 1 1 1 0   408.0  424.0
391  986.813970 7.773E-23 2.808E+00.10000.400 1158.02930.750.000000             V8         GROUND 25 13  A-      26 13  A-     642220 1 1 1 1 1 0   408.0  424.0
391  986.841150 2.878E-23 8.160E-01.10000.400 1018.58870.750.000000        V8+2V12           2V12 16 11  A-      17 11  A-     642220 1 1 1 1 1 0   264.0  280.0
391  986.891180 4.446E-22 3.664E+00.10000.400  809.01780.750.000000         V8+V12            V12 20  7  A-      21  7  A-     642220 1 1 1 1 1 0   328.0  344.0
391  986.891180 5.263E-22 4.337E+00.10000.400  809.01780.750.000000         V8+V12            V12 20  7  A+      21  7  A+     642220 1 1 1 1 1 0   328.0  344.0
391  986.900370 9.920E-22 3.939E+00.10000.400  658.83000.750.000000         V8+V12            V12 20  1  E2      21  1  E2     642220 1 1 1 1 1 0   328.0  344.0
391  986.906360 2.860E-22 4.591E+00.10000.400  991.09920.750.000000             V8         GROUND 25 11  E1      26 11  E1     642220 1 1 1 1 1 0   408.0  424.0
391  986.944230 2.952E-22 4.694E+00.10000.400  989.12580.750.000000             V8         GROUND 25 11  E1      26 11  E1     642220 1 1 1 1 1 0   408.0  424.0
391  986.981050 5.009E-22 5.604E+00.10000.400  916.77820.750.000000             V8         GROUND 25 10  A+      26 10  A+     642220 1 1 1 1 1 0   408.0  424.0
391  986.981050 5.083E-22 5.687E+00.10000.400  916.77820.750.000000             V8         GROUND 25 10  A-      26 10  A-     642220 1 1 1 1 1 0   408.0  424.0
391  986.987610 2.317E-22 3.328E+00.10000.400  951.36360.750.000000         V8+V12            V12 23  8  E2      24  8  E2     642220 1 1 1 1 1 0   376.0  392.0
391  987.044280 3.321E-22 1.885E+00.10000.400  760.30320.750.000000         V8+V12            V12 23  2  E1      24  2  E1     642220 1 1 1 1 1 0   376.0  392.0
391  987.055920 5.856E-24 1.424E+00.10000.400 1580.20590.750.000000        V8+2V12           2V12 29 10  A+      30 10  A+     642220 1 1 1 1 1 0   472.0  488.0
391  987.055920 6.171E-24 1.501E+00.10000.400 1580.20590.750.000000        V8+2V12           2V12 29 10  A-      30 10  A-     642220 1 1 1 1 1 0   472.0  488.0
391  987.086470 2.897E-25 1.002E-02.10000.400 1148.94470.750.000000             V8         GROUND 25 13  E1      26 13  E1     642220 1 1 1 1 1 0   408.0  424.0
391  987.087760 3.448E-25 1.482E-03.10000.400  675.01700.750.000000             V6           2V12 20  1  E2      19  1  E2     642220 1 1 1 1 1 0   328.0  312.0
391  987.113000 1.135E-23 1.594E-01.10000.400  986.45140.750.000000             V6            V12 28  1  E2      29  1  E2     642220 1 1 1 1 1 0   456.0  472.0
391  987.114780 3.889E-22 2.072E+00.10000.400  738.32930.750.000000         V8+V12            V12 22  0  A+      23  0  A+     642220 1 1 1 1 1 0   360.0  376.0
391  987.148750 6.257E-22 5.040E+00.10000.400  849.10640.750.000000             V8         GROUND 25  9  E1      26  9  E1     642220 1 1 1 1 1 0   408.0  424.0
391  987.152520 5.887E-22 4.150E+00.10000.400  786.59480.750.000000         V8+V12            V12 21  5  E2      22  5  E2     642220 1 1 1 1 1 0   344.0  360.0
391  987.181410 1.470E-22 6.370E+00.10000.400 1195.26040.750.000000         V8+V12            V12 25 11  E1      26 11  E1     642220 1 1 1 1 1 0   408.0  424.0
391  987.198630 4.037E-23 3.114E+00.10000.400 1350.73650.750.000000        V8+2V12           2V12 30  7  A+      31  7  A+     642220 1 1 1 1 1 0   488.0  504.0
391  987.198630 5.503E-23 4.245E+00.10000.400 1350.73650.750.000000        V8+2V12           2V12 30  7  A-      31  7  A-     642220 1 1 1 1 1 0   488.0  504.0
391  987.201150 2.008E-22 4.632E+00.10000.400 1065.53840.750.000000             V8         GROUND 25 12  A+      26 12  A+     642220 1 1 1 1 1 0   408.0  424.0
391  987.201150 2.087E-22 4.814E+00.10000.400 1065.53840.750.000000             V8         GROUND 25 12  A-      26 12  A-     642220 1 1 1 1 1 0   408.0  424.0
391  987.236120 1.472E-22 4.194E+00.10000.400 1116.91190.750.000000        V8+2V12           2V12 26  0  E1      27  0  E1     642220 1 1 1 1 1 0   424.0  440.0
391  987.260870 5.246E-25 2.102E-03.10000.400  627.92820.750.000000             V6           2V12 17  0  A+      18  0  A+     642220 1 1 1 1 1 0   280.0  296.0
391  987.268110 7.992E-22 5.394E+00.10000.400  804.45710.750.000000         V8+V12            V12 24  4  E2      25  4  E2     642220 1 1 1 1 1 0   392.0  408.0
391  987.274510 1.919E-22 8.848E-01.10000.400  749.83800.750.000000             V7         GROUND 27  4  A-      28  5  A-     642220 1 1 1 1 1 0   440.0  456.0
391  987.291370 3.071E-23 1.416E-01.10000.400  749.83760.750.000000             V7         GROUND 27  4  A+      28  5  A+     642220 1 1 1 1 1 0   440.0  456.0
391  987.296120 2.347E-24 1.608E-01.10000.400 1289.43810.750.000000         V8+V12            V12 25 12  A+      26 12  A+     642220 1 1 1 1 1 0   408.0  424.0
391  987.339520 1.868E-21 1.120E+01.10000.400  788.26010.750.000000             V8         GROUND 25  8  A-      26  8  A-     642220 1 1 1 1 1 0   408.0  424.0
391  987.339520 7.424E-22 3.502E+00.10000.400  738.94580.750.000000             V8         GROUND 25  7  E1      26  7  E1     642220 1 1 1 1 1 0   408.0  424.0
391  987.339520 7.691E-22 4.610E+00.10000.400  788.26010.750.000000             V8         GROUND 25  8  A+      26  8  A+     642220 1 1 1 1 1 0   408.0  424.0
391  987.340670 1.080E-22 3.828E+00.10000.400 1161.75560.750.000000        V8+2V12           2V12 26  1  E1      27  1  E1     642220 1 1 1 1 1 0   424.0  440.0
391  987.342580 9.518E-22 5.575E+00.10000.400  775.25890.750.000000         V8+V12            V12 24  2  E2      25  2  E2     642220 1 1 1 1 1 0   392.0  408.0
391  987.346580 6.520E-23 1.796E+01.10000.400 1637.85350.750.000000        V8+2V12           2V12 34  8  A+      35  8  A+     642220 1 1 1 1 1 0   552.0  568.0
391  987.346580 7.210E-23 1.986E+01.10000.400 1637.85350.750.000000        V8+2V12           2V12 34  8  A-      35  8  A-     642220 1 1 1 1 1 0   552.0  568.0
391  987.350830 4.725E-22 5.288E+00.10000.400  916.71760.750.000000        V8+2V12           2V12 25  0  A+      26  0  A+     642220 1 1 1 1 1 0   408.0  424.0
391  987.368570 1.010E-22 4.296E+00.10000.400 1191.39390.750.000000        V8+2V12           2V12 25  8  A-      26  8  A-     642220 1 1 1 1 1 0   408.0  424.0
391  987.368570 9.175E-23 3.903E+00.10000.400 1191.39390.750.000000        V8+2V12           2V12 25  8  A+      26  8  A+     642220 1 1 1 1 1 0   408.0  424.0
391  987.377220 2.370E-23 3.039E-01.10000.400  936.46170.750.000000         V8+V12            V12 24  8  E1      25  8  E1     642220 1 1 1 1 1 0   392.0  408.0
391  987.380920 1.894E-22 2.305E+00.10000.400  925.71550.750.000000         V8+V12            V12 24  7  E1      25  7  E1     642220 1 1 1 1 1 0   392.0  408.0
391  987.422400 5.966E-22 4.712E+00.10000.400  844.98750.750.000000             V8         GROUND 25  9  E2      26  9  E2     642220 1 1 1 1 1 0   408.0  424.0
391  987.438620 1.451E-22 2.957E+00.10000.400 1031.75960.750.000000         V8+V12            V12 24  9  E1      25  9  E1     642220 1 1 1 1 1 0   392.0  408.0
391  987.518050 1.181E-21 8.676E+00.10000.400  821.80650.750.000000         V8+V12            V12 24  5  E1      25  5  E1     642220 1 1 1 1 1 0   392.0  408.0
391  987.518310 2.059E-22 3.155E+00.10000.400  981.28320.750.000000             V8         GROUND 25 11  A-      26 11  A-     642220 1 1 1 1 1 0   408.0  424.0
391  987.518310 2.080E-22 3.187E+00.10000.400  981.28320.750.000000             V8         GROUND 25 11  A+      26 11  A+     642220 1 1 1 1 1 0   408.0  424.0
391  987.533200 1.929E-21 5.059E+00.10000.400  609.89460.750.000000             V8         GROUND 24  5  E2      25  5  E2     642220 1 1 1 1 1 0   392.0  408.0
391  987.542270 8.922E-22 3.838E+00.10000.400  684.79040.750.000000         V7+V12            V12 21  1  E1      22  2  E1     642220 1 1 1 1 1 0   344.0  360.0
391  987.544400 1.153E-22 1.245E+00.10000.400  909.30170.750.000000             V8         GROUND 25 10  E1      26 10  E1     642220 1 1 1 1 1 0   408.0  424.0
391  987.552130 3.486E-22 7.868E+00.10000.400 1060.92430.750.000000             V8         GROUND 25 12  E1      26 12  E1     642220 1 1 1 1 1 0   408.0  424.0
391  987.563900 8.114E-22 5.268E+00.10000.400  778.83290.750.000000         V8+V12            V12 22  4  A-      23  4  A-     642220 1 1 1 1 1 0   360.0  376.0
391  987.563900 8.206E-22 5.327E+00.10000.400  778.83300.750.000000         V8+V12            V12 22  4  A+      23  4  A+     642220 1 1 1 1 1 0   360.0  376.0
391  987.575090 8.337E-24 1.969E+00.10000.400 1573.90730.750.000000        V8+2V12           2V12 29 12  E1      29 12  E1     642220 1 1 1 1 1 0   472.0  472.0
391  987.580600 1.236E-23 1.233E+00.10000.400 1389.61110.750.000000         V8+V12            V12 28 12  E1      29 12  E1     642220 1 1 1 1 1 0   456.0  472.0
391  987.594490 1.009E-21 6.058E+00.10000.400  788.48970.750.000000             V8         GROUND 25  8  E2      26  8  E2     642220 1 1 1 1 1 0   408.0  424.0
391  987.598440 1.852E-21 5.091E+00.10000.400  619.51950.750.000000             V8         GROUND 24  5  A+      25  5  A+     642220 1 1 1 1 1 0   392.0  408.0
391  987.598440 2.209E-21 6.072E+00.10000.400  619.51970.750.000000             V8         GROUND 24  5  A-      25  5  A-     642220 1 1 1 1 1 0   392.0  408.0
391  987.644750 1.179E-22 7.788E-01.10000.400  823.65350.750.000000             V7         GROUND 27  6  A+      28  7  A+     642220 1 1 1 1 1 0   440.0  456.0
391  987.644750 1.257E-22 8.304E-01.10000.400  823.65350.750.000000             V7         GROUND 27  6  A-      28  7  A-     642220 1 1 1 1 1 0   440.0  456.0
391  987.667860 1.595E-23 6.710E-01.10000.400 1204.50690.750.000000         V8+V12            V12 27  9  E2      28  9  E2     642220 1 1 1 1 1 0   440.0  456.0
391  987.684550 1.488E-22 2.443E+00.10000.400  995.40990.750.000000        V8+2V12           2V12 25  3  E1      26  3  E1     642220 1 1 1 1 1 0   408.0  424.0
391  987.708370 1.224E-22 2.911E+00.10000.400 1071.63480.750.000000             V8         GROUND 25 12  E1      26 12  E1     642220 1 1 1 1 1 0   408.0  424.0
391  987.709610 1.066E-21 5.489E+00.10000.400  748.61840.750.000000         V8+V12            V12 24  1  A-      25  1  A-     642220 1 1 1 1 1 0   392.0  408.0
391  987.734360 3.904E-23 1.389E+00.10000.400 1184.40310.750.000000         V7+V12            V12 29  7  A-      30  7  A-     642220 1 1 1 1 1 0   472.0  488.0
391  987.734360 3.930E-23 1.398E+00.10000.400 1184.40310.750.000000         V7+V12            V12 29  7  A+      30  7  A+     642220 1 1 1 1 1 0   472.0  488.0
391  987.763590 5.559E-22 1.557E+00.10000.400  614.70440.750.000000             V7         GROUND 23  5  E2      24  6  E2     642220 1 1 1 1 1 0   376.0  392.0
391  987.767260 4.380E-23 1.909E+00.10000.400 1211.75440.750.000000         V8+V12            V12 27 10  A+      28 10  A+     642220 1 1 1 1 1 0   440.0  456.0
391  987.767260 4.406E-23 1.920E+00.10000.400 1211.75440.750.000000         V8+V12            V12 27 10  A-      28 10  A-     642220 1 1 1 1 1 0   440.0  456.0
391  987.817140 2.841E-21 6.062E+00.10000.400  567.31790.750.000000             V8         GROUND 24  3  E2      25  3  E2     642220 1 1 1 1 1 0   392.0  408.0
391  987.878110 4.113E-24 7.386E-02.10000.400 1021.66910.750.000000         V8+V12            V12 26  6  E1      27  8  E1     642220 1 1 1 1 1 0   424.0  440.0
391  987.881510 7.517E-22 2.936E+00.10000.400  699.92620.750.000000             V8         GROUND 25  6  A+      26  6  A+     642220 1 1 1 1 1 0   408.0  424.0
391  987.887870 3.744E-22 4.548E+00.10000.400  933.32750.750.000000        V8+2V12           2V12 25  1  E2      26  1  E2     642220 1 1 1 1 1 0   408.0  424.0
391  987.894450 8.281E-22 3.235E+00.10000.400  699.92620.750.000000             V8         GROUND 25  6  A-      26  6  A-     642220 1 1 1 1 1 0   408.0  424.0
391  987.902890 2.909E-21 6.946E+00.10000.400  590.44300.750.000000             V8         GROUND 24  4  E1      25  4  E1     642220 1 1 1 1 1 0   392.0  408.0
391  987.905170 2.358E-22 3.783E+00.10000.400  990.55960.750.000000        V8+2V12           2V12 25  4  A-      26  4  A-     642220 1 1 1 1 1 0   408.0  424.0
391  987.905170 2.699E-22 4.330E+00.10000.400  990.55970.750.000000        V8+2V12           2V12 25  4  A+      26  4  A+     642220 1 1 1 1 1 0   408.0  424.0
391  987.917570 1.155E-21 5.920E+00.10000.400  747.59870.750.000000         V8+V12            V12 24  1  A+      25  1  A+     642220 1 1 1 1 1 0   392.0  408.0
391  987.925970 3.592E-21 7.065E+00.10000.400  550.54150.750.000000             V8         GROUND 24  2  A+      25  2  A+     642220 1 1 1 1 1 0   392.0  408.0
391  987.928180 6.392E-22 2.459E+00.10000.400  696.76940.750.000000             V8         GROUND 25  6  E2      26  6  E2     642220 1 1 1 1 1 0   408.0  424.0
391  987.978810 7.818E-24 5.016E+00.10000.400 1792.86940.750.000000        V8+2V12           2V12 31 11  E1      32 11  E1     642220 1 1 1 1 1 0   504.0  520.0
391  988.011330 2.142E-23 2.596E+00.10000.400 1429.39620.750.000000        V8+2V12           2V12 28  9  E2      29  9  E2     642220 1 1 1 1 1 0   456.0  472.0
391  988.025120 1.121E-21 6.717E+00.10000.400  771.08980.750.000000         V8+V12            V12 23  3  E1      24  3  E1     642220 1 1 1 1 1 0   376.0  392.0
391  988.037890 1.061E-22 6.210E+00.10000.400 1272.29140.750.000000         V8+V12            V12 27 11  E1      28 11  E1     642220 1 1 1 1 1 0   440.0  456.0
391  988.039800 3.037E-21 5.939E+00.10000.400  549.29020.750.000000             V8         GROUND 24  2  A-      25  2  A-     642220 1 1 1 1 1 0   392.0  408.0
391  988.076740 1.325E-21 5.222E+00.10000.400  693.44700.750.000000             V8         GROUND 24  7  A-      25  7  A-     642220 1 1 1 1 1 0   392.0  408.0
391  988.076740 1.473E-21 5.805E+00.10000.400  693.44700.750.000000             V8         GROUND 24  7  A+      25  7  A+     642220 1 1 1 1 1 0   392.0  408.0
391  988.094450 3.346E-21 6.212E+00.10000.400  538.59820.750.000000             V8         GROUND 24  1  E1      25  1  E1     642220 1 1 1 1 1 0   392.0  408.0
391  988.095570 3.246E-22 1.039E+00.10000.400  495.13930.750.000000             V6           2V12 11  1  E2      12  1  E2     642220 1 1 1 1 1 0   184.0  200.0
391  988.096260 3.440E-23 8.657E-02.10000.400  478.56760.750.000000             V6           2V12 13  0  A+      12  0  A+     642220 1 1 1 1 1 0   216.0  200.0
391  988.105250 7.450E-22 6.175E+00.10000.400  846.37510.750.000000         V8+V12            V12 24  6  A+      25  6  A+     642220 1 1 1 1 1 0   392.0  408.0
391  988.105250 7.590E-22 6.291E+00.10000.400  846.37510.750.000000         V8+V12            V12 24  6  A-      25  6  A-     642220 1 1 1 1 1 0   392.0  408.0
391  988.138850 2.673E-22 6.380E+00.10000.400 1080.11600.750.000000        V8+2V12           2V12 26  1  A+      27  1  A+     642220 1 1 1 1 1 0   424.0  440.0
391  988.139090 3.806E-22 3.452E+00.10000.400  864.92520.750.000000         V8+V12            V12 24  6  E2      25  6  E2     642220 1 1 1 1 1 0   392.0  408.0
391  988.159870 1.298E-21 7.288E+00.10000.400  757.67240.750.000000         V8+V12            V12 23  3  A+      24  3  A+     642220 1 1 1 1 1 0   376.0  392.0
391  988.159870 1.346E-21 7.558E+00.10000.400  757.67500.750.000000         V8+V12            V12 23  3  A-      24  3  A-     642220 1 1 1 1 1 0   376.0  392.0
391  988.166140 3.292E-21 6.082E+00.10000.400  537.56760.750.000000             V8         GROUND 24  1  A-      25  1  A-     642220 1 1 1 1 1 0   392.0  408.0
391  988.180540 5.140E-22 5.776E+00.10000.400  891.44550.750.000000             V5           2V12 22  2  E2      23  2  E2     642220 1 1 1 1 1 0   360.0  376.0
391  988.196810 3.755E-23 3.504E-01.10000.400  862.18310.750.000000             V6            V12 23  5  E2      24  5  E2     642220 1 1 1 1 1 0   376.0  392.0
391  988.212720 3.344E-21 6.369E+00.10000.400  543.78670.750.000000             V8         GROUND 24  2  E2      25  2  E2     642220 1 1 1 1 1 0   392.0  408.0
391  988.226820 2.951E-21 8.066E+00.10000.400  618.10840.750.000000             V8         GROUND 24  5  E1      25  5  E1     642220 1 1 1 1 1 0   392.0  408.0
391  988.226820 3.528E-22 1.004E+00.10000.400  617.90490.750.000000             V7         GROUND 23  5  A+      24  6  A+     642220 1 1 1 1 1 0   376.0  392.0
391  988.230810 8.065E-22 2.296E+00.10000.400  617.90490.750.000000             V7         GROUND 23  5  A-      24  6  A-     642220 1 1 1 1 1 0   376.0  392.0
391  988.241390 1.203E-21 5.693E+00.10000.400  731.02810.750.000000         V8+V12            V12 24  0  E1      25  0  E1     642220 1 1 1 1 1 0   392.0  408.0
391  988.300120 3.490E-22 1.283E+00.10000.400  695.19240.750.000000           3V12         GROUND 26  5  E2      27  5  E2     642220 1 1 1 1 1 0   424.0  440.0
391  988.301600 2.516E-22 3.673E+00.10000.400  970.98340.750.000000        V8+2V12           2V12 25  2  E1      26  2  E1     642220 1 1 1 1 1 0   408.0  424.0
391  988.317710 2.031E-21 4.721E+00.10000.400  584.72090.750.000000             V8         GROUND 24  4  E2      25  4  E2     642220 1 1 1 1 1 0   392.0  408.0
391  988.377510 1.750E-22 3.023E+00.10000.400  997.36000.750.000000         V8+V12            V12 24  9  A-      25  9  A-     642220 1 1 1 1 1 0   392.0  408.0
391  988.377510 1.853E-22 3.201E+00.10000.400  997.36000.750.000000         V8+V12            V12 24  9  A+      25  9  A+     642220 1 1 1 1 1 0   392.0  408.0
391  988.387390 3.289E-24 1.580E-02.10000.400  707.12220.750.000000             V6           2V12 21  1  E2      20  1  E2     642220 1 1 1 1 1 0   344.0  328.0
391  988.387390 7.953E-22 5.645E+00.10000.400  814.37870.750.000000         V8+V12            V12 24  5  A-      25  5  A-     642220 1 1 1 1 1 0   392.0  408.0
391  988.387440 7.393E-22 5.248E+00.10000.400  814.37870.750.000000         V8+V12            V12 24  5  A+      25  5  A+     642220 1 1 1 1 1 0   392.0  408.0
391  988.395940 1.557E-22 3.039E+01.10000.400 1527.28600.750.000000        V8+2V12           2V12 28 12  E1      28 12  E1     622220 1 1 1 1 1 0   456.0  456.0
391  988.448640 4.052E-21 6.958E+00.10000.400  522.38370.750.000000             V8         GROUND 24  0  A+      25  0  A+     642220 1 1 1 1 1 0   392.0  408.0
391  988.451270 1.140E-21 5.234E+00.10000.400  724.73030.750.000000         V8+V12            V12 24  1  E1      25  1  E1     642220 1 1 1 1 1 0   392.0  408.0
391  988.466070 2.253E-22 3.540E+01.10000.400 1503.19380.750.000000        V8+2V12           2V12 31  9  E1      32  9  E1     642220 1 1 1 1 1 0   504.0  520.0
391  988.485080 2.980E-21 6.071E+00.10000.400  557.54140.750.000000             V8         GROUND 24  3  E1      25  3  E1     642220 1 1 1 1 1 0   392.0  408.0
391  988.497730 5.919E-22 2.442E+00.10000.400  666.01230.750.000000         V7+V12            V12 20  2  A+      21  0  A+     642220 1 1 1 1 1 0   328.0  344.0
391  988.497970 2.253E-22 9.294E-01.10000.400  666.01230.750.000000         V7+V12            V12 20  2  A+      21  0  A+     642220 1 1 1 1 1 0   328.0  344.0
391  988.505450 1.224E-21 6.552E+00.10000.400  756.27570.750.000000             V8         GROUND 24  8  E1      25  8  E1     642220 1 1 1 1 1 0   392.0  408.0
391  988.507280 2.988E-21 6.119E+00.10000.400  558.60010.750.000000             V8         GROUND 24  3  A-      25  3  A-     642220 1 1 1 1 1 0   392.0  408.0
391  988.525000 1.143E-21 6.690E+00.10000.400  774.64630.750.000000         V8+V12            V12 24  4  E1      25  4  E1     642220 1 1 1 1 1 0   392.0  408.0
391  988.525000 1.318E-21 6.203E+00.10000.400  729.78540.750.000000         V8+V12            V12 24  2  A-      25  2  A-     642220 1 1 1 1 1 0   392.0  408.0
391  988.539120 6.496E-22 6.511E+00.10000.400  885.29630.750.000000         V8+V12            V12 24  7  E2      25  7  E2     642220 1 1 1 1 1 0   392.0  408.0
391  988.546920 1.680E-21 7.903E+00.10000.400  729.68240.750.000000         V8+V12            V12 24  2  A+      25  2  A+     642220 1 1 1 1 1 0   392.0  408.0
391  988.547720 1.684E-21 3.445E+00.10000.400  558.37510.750.000000             V8         GROUND 24  3  A+      25  3  A+     642220 1 1 1 1 1 0   392.0  408.0
391  988.560570 1.357E-21 6.923E+00.10000.400  746.36400.750.000000         V8+V12            V12 24  3  E2      25  3  E2     642220 1 1 1 1 1 0   392.0  408.0
391  988.567960 9.765E-22 6.920E+00.10000.400  813.96810.750.000000             V8         GROUND 24  9  A-      25  9  A-     642220 1 1 1 1 1 0   392.0  408.0
391  988.567960 9.844E-22 6.976E+00.10000.400  813.96810.750.000000             V8         GROUND 24  9  A+      25  9  A+     642220 1 1 1 1 1 0   392.0  408.0
391  988.575880 3.710E-21 6.597E+00.10000.400  529.52750.750.000000             V8         GROUND 24  0  E1      25  0  E1     642220 1 1 1 1 1 0   392.0  408.0
391  988.600240 1.432E-21 5.955E+00.10000.400  704.28510.750.000000             V8         GROUND 24  7  E2      25  7  E2     642220 1 1 1 1 1 0   392.0  408.0
391  988.610620 1.896E-21 5.991E+00.10000.400  647.79970.750.000000             V8         GROUND 24  6  E1      25  6  E1     642220 1 1 1 1 1 0   392.0  408.0
391  988.626800 3.848E-21 6.819E+00.10000.400  528.79020.750.000000             V8         GROUND 24  1  A+      25  1  A+     642220 1 1 1 1 1 0   392.0  408.0
391  988.635580 2.808E-21 5.242E+00.10000.400  539.51460.750.000000             V8         GROUND 24  2  E1      25  2  E1     642220 1 1 1 1 1 0   392.0  408.0
391  988.637440 2.800E-21 6.358E+00.10000.400  579.80370.750.000000             V8         GROUND 24  4  A+      25  4  A+     642220 1 1 1 1 1 0   392.0  408.0
391  988.639500 4.402E-23 3.776E+00.10000.400 1385.08600.750.000000        V8+2V12           2V12 32  6  E1      33  6  E1     642220 1 1 1 1 1 0   520.0  536.0
391  988.642570 2.428E-21 5.513E+00.10000.400  579.78950.750.000000             V8         GROUND 24  4  A-      25  4  A-     642220 1 1 1 1 1 0   392.0  408.0
391  988.657810 4.808E-22 3.548E+00.10000.400  775.29620.750.000000         V8+V12            V12 19  7  A-      20  7  A-     642220 1 1 1 1 1 0   312.0  328.0
391  988.657810 5.800E-22 4.280E+00.10000.400  775.29620.750.000000         V8+V12            V12 19  7  A+      20  7  A+     642220 1 1 1 1 1 0   312.0  328.0
391  988.690000 1.716E-22 6.537E+00.10000.400 1168.14390.750.000000        V8+2V12           2V12 25  5  A-      26  5  A-     642220 1 1 1 1 1 0   408.0  424.0
391  988.690000 1.719E-22 6.548E+00.10000.400 1168.14390.750.000000        V8+2V12           2V12 25  5  A+      26  5  A+     642220 1 1 1 1 1 0   408.0  424.0
391  988.691430 1.013E-21 3.602E+00.10000.400  625.07840.750.000000         V8+V12            V12 19  1  E2      20  1  E2     642220 1 1 1 1 1 0   312.0  328.0
391  988.699630 4.816E-23 1.184E+00.10000.400 1069.75770.750.000000         V8+V12            V12 24 10  E1      25 10  E1     642220 1 1 1 1 1 0   392.0  408.0
391  988.712440 1.504E-23 1.085E+00.10000.400 1307.37750.750.000000        V8+2V12           2V12 26 10  E1      27 10  E1     642220 1 1 1 1 1 0   424.0  440.0
391  988.734700 4.999E-22 4.827E+00.10000.400  877.55290.750.000000             V8         GROUND 24 10  E1      25 10  E1     642220 1 1 1 1 1 0   392.0  408.0
391  988.744690 2.429E-23 4.904E-01.10000.400 1037.49400.750.000000         V8+V12            V12 25  8  A-      26  8  A-     642220 1 1 1 1 1 0   408.0  424.0
391  988.744690 5.048E-23 1.019E+00.10000.400 1037.49400.750.000000         V8+V12            V12 25  8  A+      26  8  A+     642220 1 1 1 1 1 0   408.0  424.0
391  988.820730 3.693E-21 6.450E+00.10000.400  525.74460.750.000000             V8         GROUND 24  1  E2      25  1  E2     642220 1 1 1 1 1 0   392.0  408.0
391  988.843890 3.000E-22 1.402E+00.10000.400  701.36990.750.000000         V8+V12            V12 21  0  A+      22  0  A+     642220 1 1 1 1 1 0   344.0  360.0
391  988.843890 3.000E-22 1.479E+00.10000.400  721.74610.750.000000         V8+V12            V12 22  2  E1      23  2  E1     642220 1 1 1 1 1 0   360.0  376.0
391  988.845280 1.249E-23 3.317E-01.10000.400  991.46490.750.000000        V8+2V12           2V12 15 11  A-      16 11  A-     642220 1 1 1 1 1 0   248.0  264.0
391  988.845280 2.473E-23 6.568E-01.10000.400  991.46490.750.000000        V8+2V12           2V12 15 11  A+      16 11  A+     642220 1 1 1 1 1 0   248.0  264.0
391  988.864980 1.417E-22 4.368E+00.10000.400 1116.27860.750.000000             V8         GROUND 24 13  A-      25 13  A-     642220 1 1 1 1 1 0   392.0  408.0
391  988.864980 1.437E-22 4.429E+00.10000.400 1116.27860.750.000000             V8         GROUND 24 13  A+      25 13  A+     642220 1 1 1 1 1 0   392.0  408.0
391  988.901900 4.872E-22 1.805E+00.10000.400  599.02780.750.000000             V6           2V12 16  0  A+      17  0  A+     642220 1 1 1 1 1 0   264.0  280.0
391  988.908130 4.117E-22 5.141E+00.10000.400  912.84700.750.000000         V8+V12            V12 22  8  E2      23  8  E2     642220 1 1 1 1 1 0   360.0  376.0
391  988.951600 3.315E-22 4.540E+00.10000.400  949.33240.750.000000             V8         GROUND 24 11  E1      25 11  E1     642220 1 1 1 1 1 0   392.0  408.0
391  988.985420 3.631E-22 4.925E+00.10000.400  947.34730.750.000000             V8         GROUND 24 11  E1      25 11  E1     642220 1 1 1 1 1 0   392.0  408.0
391  988.985420 8.123E-22 5.075E+00.10000.400  751.21010.750.000000         V8+V12            V12 20  5  E2      21  5  E2     642220 1 1 1 1 1 0   328.0  344.0
391  989.001230 7.540E-24 2.571E+00.10000.400 1641.81860.750.000000        V8+2V12           2V12 28 13  E1      28 13  E1     642220 1 1 1 1 1 0   456.0  456.0
391  989.024020 6.376E-22 6.085E+00.10000.400  875.00450.750.000000             V8         GROUND 24 10  A+      25 10  A+     642220 1 1 1 1 1 0   392.0  408.0
391  989.024020 6.468E-22 6.172E+00.10000.400  875.00450.750.000000             V8         GROUND 24 10  A-      25 10  A-     642220 1 1 1 1 1 0   392.0  408.0
391  989.024070 1.390E-22 5.362E-01.10000.400  704.79860.750.000000             V7         GROUND 26  4  A-      27  5  A-     642220 1 1 1 1 1 0   424.0  440.0
391  989.036870 1.118E-22 4.313E-01.10000.400  704.79830.750.000000             V7         GROUND 26  4  A+      27  5  A+     642220 1 1 1 1 1 0   424.0  440.0
391  989.045160 2.481E-23 1.914E+00.10000.400 1336.03030.750.000000        V8+2V12           2V12 28  8  E2      29  8  E2     642220 1 1 1 1 1 0   456.0  472.0
391  989.106270 1.957E-23 5.775E-01.10000.400 1107.20210.750.000000             V8         GROUND 24 13  E1      25 13  E1     642220 1 1 1 1 1 0   392.0  408.0
391  989.181730 6.800E-22 4.671E+00.10000.400  807.32480.750.000000             V8         GROUND 24  9  E1      25  9  E1     642220 1 1 1 1 1 0   392.0  408.0
391  989.205520 3.036E-22 3.540E+00.10000.400  939.91210.750.000000             V6            V12 27  1  E2      28  1  E2     642220 1 1 1 1 1 0   440.0  456.0
391  989.249130 2.820E-22 5.549E+00.10000.400 1023.77510.750.000000             V8         GROUND 24 12  A+      25 12  A+     642220 1 1 1 1 1 0   392.0  408.0
391  989.249130 2.868E-22 5.643E+00.10000.400 1023.77510.750.000000             V8         GROUND 24 12  A-      25 12  A-     642220 1 1 1 1 1 0   392.0  408.0
391  989.270920 1.000E-26 3.699E-04.10000.400 1153.61060.750.000000         V8+V12            V12 24 11  E1      25 11  E1     622220 1 1 1 1 1 0   392.0  408.0
391  989.325960 1.570E-21 6.314E+00.10000.400  697.12240.750.000000             V8         GROUND 24  7  E1      25  7  E1     642220 1 1 1 1 1 0   392.0  408.0
391  989.325960 1.573E-21 9.141E+00.10000.400  764.27010.750.000000         V8+V12            V12 23  4  E2      24  4  E2     642220 1 1 1 1 1 0   376.0  392.0
391  989.351560 1.136E-21 5.807E+00.10000.400  746.44960.750.000000             V8         GROUND 24  8  A-      25  8  A-     642220 1 1 1 1 1 0   392.0  408.0
391  989.351560 1.208E-21 6.175E+00.10000.400  746.44960.750.000000             V8         GROUND 24  8  A+      25  8  A+     642220 1 1 1 1 1 0   392.0  408.0
391  989.361090 4.784E-23 1.153E+00.10000.400 1073.64220.750.000000        V8+2V12           2V12 25  0  E1      26  0  E1     642220 1 1 1 1 1 0   408.0  424.0
391  989.362760 4.926E-23 9.866E+00.10000.400 1532.20350.750.000000        V8+2V12           2V12 28 10  A+      29 10  A+     642220 1 1 1 1 1 0   456.0  472.0
391  989.362760 4.935E-23 9.884E+00.10000.400 1532.20350.750.000000        V8+2V12           2V12 28 10  A-      29 10  A-     642220 1 1 1 1 1 0   456.0  472.0
391  989.363890 1.000E-21 5.046E+00.10000.400  735.20030.750.000000         V8+V12            V12 23  2  E2      24  2  E2     642220 1 1 1 1 1 0   376.0  392.0
391  989.416050 2.452E-22 1.355E+00.10000.400  778.65430.750.000000             V7         GROUND 26  6  A+      27  7  A+     642220 1 1 1 1 1 0   424.0  440.0
391  989.416050 2.607E-22 1.441E+00.10000.400  778.65430.750.000000             V7         GROUND 26  6  A-      27  7  A-     642220 1 1 1 1 1 0   424.0  440.0
391  989.421300 5.225E-22 1.992E+00.10000.400  649.43660.750.000000         V7+V12            V12 20  1  E1      21  2  E1     642220 1 1 1 1 1 0   328.0  344.0
391  989.425400 1.258E-22 3.700E+00.10000.400 1106.40420.750.000000             V8         GROUND 24 13  E1      25 13  E1     642220 1 1 1 1 1 0   392.0  408.0
391  989.429120 1.583E-22 2.779E+00.10000.400  991.64900.750.000000         V8+V12            V12 23  9  E1      24  9  E1     642220 1 1 1 1 1 0   376.0  392.0
391  989.432770 4.839E-23 2.830E+00.10000.400 1247.79710.750.000000         V8+V12            V12 24 12  A+      25 12  A+     642220 1 1 1 1 1 0   392.0  408.0
391  989.432770 5.337E-23 3.121E+00.10000.400 1247.79710.750.000000         V8+V12            V12 24 12  A-      25 12  A-     642220 1 1 1 1 1 0   392.0  408.0
391  989.451150 8.141E-22 4.637E+00.10000.400  741.77230.750.000000         V8+V12            V12 21  4  A+      22  4  A+     642220 1 1 1 1 1 0   344.0  360.0
391  989.451150 8.293E-22 4.723E+00.10000.400  741.77230.750.000000         V8+V12            V12 21  4  A-      22  4  A-     642220 1 1 1 1 1 0   344.0  360.0
391  989.451150 9.254E-22 8.840E+00.10000.400  875.02770.750.000000        V8+2V12           2V12 24  0  A+      25  0  A+     642220 1 1 1 1 1 0   392.0  408.0
391  989.451150 9.324E-22 6.281E+00.10000.400  803.19260.750.000000             V8         GROUND 24  9  E2      25  9  E2     642220 1 1 1 1 1 0   392.0  408.0
391  989.457490 5.791E-25 2.103E-02.10000.400 1149.73610.750.000000        V8+2V12           2V12 24  8  A+      25  8  A+     642220 1 1 1 1 1 0   392.0  408.0
391  989.457490 6.577E-25 2.388E-02.10000.400 1149.73610.750.000000        V8+2V12           2V12 24  8  A-      25  8  A-     642220 1 1 1 1 1 0   392.0  408.0
391  989.464010 7.301E-23 2.188E+00.10000.400 1118.49660.750.000000        V8+2V12           2V12 25  1  E1      26  1  E1     642220 1 1 1 1 1 0   408.0  424.0
391  989.492400 1.869E-23 1.960E-01.10000.400  885.64050.750.000000         V8+V12            V12 23  7  E1      24  7  E1     642220 1 1 1 1 1 0   376.0  392.0
391  989.543980 1.966E-21 4.438E+00.10000.400  569.64960.750.000000             V8         GROUND 23  5  E2      24  5  E2     642220 1 1 1 1 1 0   376.0  392.0
391  989.550380 1.000E-26 2.028E-04.10000.400 1074.97300.750.000000         V7+V12            V12 30  2  E1      31  2  E1     622220 1 1 1 1 1 0   488.0  504.0
391  989.561010 3.470E-22 4.536E+00.10000.400  939.52510.750.000000             V8         GROUND 24 11  A-      25 11  A-     642220 1 1 1 1 1 0   392.0  408.0
391  989.561010 3.727E-22 4.872E+00.10000.400  939.52510.750.000000             V8         GROUND 24 11  A+      25 11  A+     642220 1 1 1 1 1 0   392.0  408.0
391  989.576780 9.303E-22 4.763E+00.10000.400  746.69800.750.000000             V8         GROUND 24  8  E2      25  8  E2     642220 1 1 1 1 1 0   392.0  408.0
391  989.604240 2.814E-22 3.108E+00.10000.400  896.26000.750.000000         V8+V12            V12 23  8  E1      24  8  E1     642220 1 1 1 1 1 0   376.0  392.0
391  989.604370 1.382E-22 2.661E+00.10000.400 1019.18470.750.000000             V8         GROUND 24 12  E1      25 12  E1     642220 1 1 1 1 1 0   392.0  408.0
391  989.611170 9.789E-24 8.113E-01.10000.400 1343.22160.750.000000         V8+V12            V12 27 12  E1      28 12  E1     642220 1 1 1 1 1 0   440.0  456.0
391  989.617560 5.120E-23 1.804E+00.10000.400 1159.66890.750.000000         V8+V12            V12 26  9  E2      27  9  E2     642220 1 1 1 1 1 0   424.0  440.0
391  989.623940 2.188E-21 5.177E+00.10000.400  579.28190.750.000000             V8         GROUND 23  5  A+      24  5  A+     642220 1 1 1 1 1 0   376.0  392.0
391  989.623940 2.792E-21 6.606E+00.10000.400  579.28200.750.000000             V8         GROUND 23  5  A-      24  5  A-     642220 1 1 1 1 1 0   376.0  392.0
391  989.637510 8.924E-22 5.643E+00.10000.400  781.50690.750.000000         V8+V12            V12 23  5  E1      24  5  E1     642220 1 1 1 1 1 0   376.0  392.0
391  989.649050 8.292E-22 2.018E+00.10000.400  576.07490.750.000000             V7         GROUND 22  5  E2      23  6  E2     642220 1 1 1 1 1 0   360.0  376.0
391  989.651130 6.711E-25 1.746E-03.10000.400  499.45220.750.000000             V6           2V12 14  0  A+      13  0  A+     642220 1 1 1 1 1 0   232.0  216.0
391  989.668690 2.663E-25 1.443E-03.10000.400  740.82750.750.000000             V6           2V12 22  1  E2      21  1  E2     642220 1 1 1 1 1 0   360.0  344.0
391  989.676870 5.709E-23 1.158E+00.10000.400 1029.87560.750.000000             V8         GROUND 24 12  E1      25 12  E1     642220 1 1 1 1 1 0   392.0  408.0
391  989.678730 1.729E-22 2.551E+00.10000.400  955.78810.750.000000         V8+V12            V12 23  8  A+      24  8  A+     642220 1 1 1 1 1 0   376.0  392.0
391  989.678730 1.967E-22 2.902E+00.10000.400  955.78810.750.000000         V8+V12            V12 23  8  A-      24  8  A-     642220 1 1 1 1 1 0   376.0  392.0
391  989.699240 1.655E-23 4.842E-01.10000.400 1136.31480.750.000000         V7+V12            V12 28  7  A-      29  7  A-     642220 1 1 1 1 1 0   456.0  472.0
391  989.699240 1.869E-23 5.468E-01.10000.400 1136.31480.750.000000         V7+V12            V12 28  7  A+      29  7  A+     642220 1 1 1 1 1 0   456.0  472.0
391  989.730780 9.966E-23 3.193E-01.10000.400  475.85780.750.000000             V6           2V12 10  1  E2      11  1  E2     642220 1 1 1 1 1 0   168.0  184.0
391  989.741080 1.062E-21 3.536E+00.10000.400  658.11630.750.000000             V8         GROUND 24  6  A+      25  6  A+     642220 1 1 1 1 1 0   392.0  408.0
391  989.746390 9.616E-22 3.202E+00.10000.400  658.11630.750.000000             V8         GROUND 24  6  A-      25  6  A-     642220 1 1 1 1 1 0   392.0  408.0
391  989.762030 1.428E-21 6.333E+00.10000.400  708.49350.750.000000         V8+V12            V12 23  1  A-      24  1  A-     642220 1 1 1 1 1 0   376.0  392.0
391  989.779550 3.422E-22 4.795E+00.10000.400  953.72350.750.000000        V8+2V12           2V12 24  3  E1      25  3  E1     642220 1 1 1 1 1 0   392.0  408.0
391  989.813470 1.169E-21 3.834E+00.10000.400  654.93630.750.000000             V8         GROUND 24  6  E2      25  6  E2     642220 1 1 1 1 1 0   392.0  408.0
391  989.824450 4.860E-22 4.479E+00.10000.400  867.52480.750.000000             V8         GROUND 24 10  E1      25 10  E1     642220 1 1 1 1 1 0   392.0  408.0
391  989.857090 3.282E-21 6.028E+00.10000.400  527.07980.750.000000             V8         GROUND 23  3  E2      24  3  E2     642220 1 1 1 1 1 0   376.0  392.0
391  989.889380 7.209E-23 1.528E+00.10000.400 1062.65100.750.000000         V8+V12            V12 27  6  E1      28  6  E1     642220 1 1 1 1 1 0   440.0  456.0
391  989.893290 2.005E-22 3.042E+00.10000.400  978.26520.750.000000         V8+V12            V12 25  6  E1      26  8  E1     642220 1 1 1 1 1 0   408.0  424.0
391  989.928350 3.014E-21 6.195E+00.10000.400  550.20350.750.000000             V8         GROUND 23  4  E1      24  4  E1     642220 1 1 1 1 1 0   376.0  392.0
391  989.951700 4.702E-21 7.958E+00.10000.400  510.22390.750.000000             V8         GROUND 23  2  A+      24  2  A+     642220 1 1 1 1 1 0   376.0  392.0
391  989.953300 3.540E-22 1.846E+00.10000.400  732.73000.750.000000         V8+V12            V12 22  3  E1      23  3  E1     642220 1 1 1 1 1 0   360.0  376.0
391  989.955150 1.145E-23 5.940E+00.10000.400 1741.71910.750.000000        V8+2V12           2V12 30 11  E1      31 11  E1     642220 1 1 1 1 1 0   488.0  504.0
391  989.956980 1.395E-21 6.161E+00.10000.400  707.55030.750.000000         V8+V12            V12 23  1  A+      24  1  A+     642220 1 1 1 1 1 0   376.0  392.0
391  989.988710 1.181E-22 9.576E-01.10000.400  823.58590.750.000000             V6            V12 22  5  E2      23  5  E2     642220 1 1 1 1 1 0   360.0  376.0
391  989.997370 2.398E-23 5.209E+00.10000.400 1581.90240.750.000000        V8+2V12           2V12 33  8  A+      34  8  A+     642220 1 1 1 1 1 0   536.0  552.0
391  989.997370 2.635E-23 5.724E+00.10000.400 1581.90240.750.000000        V8+2V12           2V12 33  8  A-      34  8  A-     642220 1 1 1 1 1 0   536.0  552.0
391  990.001900 3.362E-22 4.603E+00.10000.400  948.87440.750.000000        V8+2V12           2V12 24  4  A-      25  4  A-     642220 1 1 1 1 1 0   392.0  408.0
391  990.001900 4.677E-22 6.404E+00.10000.400  948.87440.750.000000        V8+2V12           2V12 24  4  A+      25  4  A+     642220 1 1 1 1 1 0   392.0  408.0
391  990.002540 9.745E-24 2.774E+00.10000.400 1596.90230.750.000000        V8+2V12           2V12 27 13  E1      27 13  E1     642220 1 1 1 1 1 0   440.0  440.0
391  990.007840 1.001E-23 3.656E-01.10000.400 1166.85680.750.000000         V8+V12            V12 26 10  A-      27 10  A-     642220 1 1 1 1 1 0   424.0  440.0
391  990.007840 9.612E-24 3.511E-01.10000.400 1166.85680.750.000000         V8+V12            V12 26 10  A+      27 10  A+     642220 1 1 1 1 1 0   424.0  440.0
391  990.018730 1.036E-23 6.527E-01.10000.400 1301.08370.750.000000        V8+2V12           2V12 29  7  A-      30  7  A-     642220 1 1 1 1 1 0   472.0  488.0
391  990.018730 1.094E-23 6.892E-01.10000.400 1301.08370.750.000000        V8+2V12           2V12 29  7  A+      30  7  A+     642220 1 1 1 1 1 0   472.0  488.0
391  990.036270 4.316E-22 4.258E+00.10000.400  854.55050.750.000000             V5           2V12 21  2  E2      22  2  E2     642220 1 1 1 1 1 0   344.0  360.0
391  990.048280 4.563E-22 4.731E+00.10000.400  891.63400.750.000000        V8+2V12           2V12 24  1  E2      25  1  E2     642220 1 1 1 1 1 0   392.0  408.0
391  990.055020 3.738E-21 6.295E+00.10000.400  509.14960.750.000000             V8         GROUND 23  2  A-      24  2  A-     642220 1 1 1 1 1 0   376.0  392.0
391  990.111320 4.073E-21 6.509E+00.10000.400  498.34430.750.000000             V8         GROUND 23  1  E1      24  1  E1     642220 1 1 1 1 1 0   376.0  392.0
391  990.122520 2.249E-21 7.631E+00.10000.400  653.24100.750.000000             V8         GROUND 23  7  A-      24  7  A-     642220 1 1 1 1 1 0   376.0  392.0
391  990.122520 2.589E-21 8.784E+00.10000.400  653.24100.750.000000             V8         GROUND 23  7  A+      24  7  A+     642220 1 1 1 1 1 0   376.0  392.0
391  990.123170 5.961E-23 1.475E-01.10000.400  579.29320.750.000000             V7         GROUND 22  5  A+      23  6  A+     642220 1 1 1 1 1 0   360.0  376.0
391  990.126100 1.352E-21 3.345E+00.10000.400  579.29320.750.000000             V7         GROUND 22  5  A-      23  6  A-     642220 1 1 1 1 1 0   360.0  376.0
391  990.145070 1.000E-26 1.623E-03.10000.400 1481.24420.750.000000         V8+V12            V12 27 13  E1      28 13  E1     622220 1 1 1 1 1 0   440.0  456.0
391  990.155450 1.352E-21 6.600E+00.10000.400  719.11370.750.000000         V8+V12            V12 22  3  A+      23  3  A+     642220 1 1 1 1 1 0   360.0  376.0
391  990.155450 1.374E-21 6.707E+00.10000.400  719.11580.750.000000         V8+V12            V12 22  3  A-      23  3  A-     642220 1 1 1 1 1 0   360.0  376.0
391  990.181770 7.516E-22 5.370E+00.10000.400  806.42590.750.000000         V8+V12            V12 23  6  A+      24  6  A+     642220 1 1 1 1 1 0   376.0  392.0
391  990.181770 9.451E-22 6.753E+00.10000.400  806.42590.750.000000         V8+V12            V12 23  6  A-      24  6  A-     642220 1 1 1 1 1 0   376.0  392.0
391  990.195820 4.044E-22 8.165E+00.10000.400 1036.92020.750.000000        V8+2V12           2V12 25  1  A+      26  1  A+     642220 1 1 1 1 1 0   408.0  424.0
391  990.196020 3.750E-21 5.958E+00.10000.400  497.10760.750.000000             V8         GROUND 23  1  A-      24  1  A-     642220 1 1 1 1 1 0   376.0  392.0
391  990.198940 6.776E-22 5.295E+00.10000.400  824.83370.750.000000         V8+V12            V12 23  6  E2      24  6  E2     642220 1 1 1 1 1 0   376.0  392.0
391  990.241950 3.564E-22 1.107E+00.10000.400  651.74250.750.000000           3V12         GROUND 25  5  E2      26  5  E2     642220 1 1 1 1 1 0   408.0  424.0
391  990.253230 9.066E-24 4.446E-01.10000.400 1227.39800.750.000000         V8+V12            V12 26 11  E1      27 11  E1     642220 1 1 1 1 1 0   424.0  440.0
391  990.264370 2.641E-21 6.214E+00.10000.400  577.89220.750.000000             V8         GROUND 23  5  E1      24  5  E1     642220 1 1 1 1 1 0   376.0  392.0
391  990.270000 4.091E-21 6.698E+00.10000.400  503.26090.750.000000             V8         GROUND 23  2  E2      24  2  E2     642220 1 1 1 1 1 0   376.0  392.0
391  990.278660 4.352E-22 0.000E+00.10000.400  333.33330.750.000000                                                            622220 1 1 1 1 1 0     0.0    0.0
391  990.297350 1.494E-21 6.090E+00.10000.400  690.93120.750.000000         V8+V12            V12 23  0  E1      24  0  E1     642220 1 1 1 1 1 0   376.0  392.0
391  990.387150 3.134E-22 3.904E+00.10000.400  929.29170.750.000000        V8+2V12           2V12 24  2  E1      25  2  E1     642220 1 1 1 1 1 0   392.0  408.0
391  990.400560 3.995E-22 1.476E+00.10000.400  632.25700.750.000000         V7+V12            V12 19  2  A+      20  0  A+     642220 1 1 1 1 1 0   312.0  328.0
391  990.400800 3.071E-22 1.135E+00.10000.400  632.25700.750.000000         V7+V12            V12 19  2  A+      20  0  A+     642220 1 1 1 1 1 0   312.0  328.0
391  990.415630 5.446E-22 3.636E+00.10000.400  743.17540.750.000000         V8+V12            V12 18  7  A-      19  7  A-     642220 1 1 1 1 1 0   296.0  312.0
391  990.415630 5.695E-22 3.803E+00.10000.400  743.17540.750.000000         V8+V12            V12 18  7  A+      19  7  A+     642220 1 1 1 1 1 0   296.0  312.0
391  990.450390 9.293E-22 5.682E+00.10000.400  774.27280.750.000000         V8+V12            V12 23  5  A-      24  5  A-     642220 1 1 1 1 1 0   376.0  392.0
391  990.450390 9.389E-22 5.741E+00.10000.400  774.27280.750.000000         V8+V12            V12 23  5  A+      24  5  A+     642220 1 1 1 1 1 0   376.0  392.0
391  990.455370 2.480E-22 3.691E+00.10000.400  957.26720.750.000000         V8+V12            V12 23  9  A-      24  9  A-     642220 1 1 1 1 1 0   376.0  392.0
391  990.455370 3.189E-22 4.746E+00.10000.400  957.26720.750.000000         V8+V12            V12 23  9  A+      24  9  A+     642220 1 1 1 1 1 0   376.0  392.0
391  990.466770 4.435E-21 6.561E+00.10000.400  482.33720.750.000000             V8         GROUND 23  0  A+      24  0  A+     642220 1 1 1 1 1 0   376.0  392.0
391  990.469500 8.079E-22 2.599E+00.10000.400  592.92970.750.000000         V8+V12            V12 18  1  E2      19  1  E2     642220 1 1 1 1 1 0   296.0  312.0
391  990.494120 1.072E-23 1.080E+00.10000.400 1382.96080.750.000000        V8+2V12           2V12 27  9  E2      28  9  E2     642220 1 1 1 1 1 0   440.0  456.0
391  990.511950 1.522E-21 6.020E+00.10000.400  684.62850.750.000000         V8+V12            V12 23  1  E1      24  1  E1     642220 1 1 1 1 1 0   376.0  392.0
391  990.513440 1.325E-21 6.106E+00.10000.400  716.07090.750.000000             V8         GROUND 23  8  E1      24  8  E1     642220 1 1 1 1 1 0   376.0  392.0
391  990.536180 3.811E-25 1.320E-03.10000.400  571.72940.750.000000             V6           2V12 15  0  A+      16  0  A+     642220 1 1 1 1 1 0   248.0  264.0
391  990.537800 3.631E-21 6.365E+00.10000.400  517.20510.750.000000             V8         GROUND 23  3  E1      24  3  E1     642220 1 1 1 1 1 0   376.0  392.0
391  990.554160 3.456E-21 6.091E+00.10000.400  518.31250.750.000000             V8         GROUND 23  3  A-      24  3  A-     642220 1 1 1 1 1 0   376.0  392.0
391  990.562620 4.992E-22 2.068E+00.10000.400  666.01230.750.000000         V8+V12            V12 20  0  A+      21  0  A+     642220 1 1 1 1 1 0   328.0  344.0
391  990.580810 3.602E-21 5.524E+00.10000.400  489.68560.750.000000             V8         GROUND 23  0  E1      24  0  E1     642220 1 1 1 1 1 0   376.0  392.0
391  990.583900 1.416E-21 8.639E+00.10000.400  773.77350.750.000000             V8         GROUND 23  9  A-      24  9  A-     642220 1 1 1 1 1 0   376.0  392.0
391  990.583900 1.447E-21 8.829E+00.10000.400  773.77350.750.000000             V8         GROUND 23  9  A+      24  9  A+     642220 1 1 1 1 1 0   376.0  392.0
391  990.587670 2.113E-21 3.721E+00.10000.400  518.13500.750.000000             V8         GROUND 23  3  A+      24  3  A+     642220 1 1 1 1 1 0   376.0  392.0
391  990.588440 1.242E-21 5.035E+00.10000.400  689.67480.750.000000         V8+V12            V12 23  2  A-      24  2  A-     642220 1 1 1 1 1 0   376.0  392.0
391  990.589760 2.054E-21 1.036E+01.10000.400  734.54730.750.000000         V8+V12            V12 23  4  E1      24  4  E1     642220 1 1 1 1 1 0   376.0  392.0
391  990.597180 1.615E-21 5.781E+00.10000.400  664.07670.750.000000             V8         GROUND 23  7  E2      24  7  E2     642220 1 1 1 1 1 0   376.0  392.0
391  990.607770 1.379E-21 5.588E+00.10000.400  689.58690.750.000000         V8+V12            V12 23  2  A+      24  2  A+     642220 1 1 1 1 1 0   376.0  392.0
391  990.614170 5.989E-22 5.173E+00.10000.400  845.27230.750.000000         V8+V12            V12 23  7  E2      24  7  E2     642220 1 1 1 1 1 0   376.0  392.0
391  990.621530 1.576E-21 6.926E+00.10000.400  706.26160.750.000000         V8+V12            V12 23  3  E2      24  3  E2     642220 1 1 1 1 1 0   376.0  392.0
391  990.627800 1.059E-21 2.120E+00.10000.400  544.49340.750.000000             V8         GROUND 23  4  E2      24  4  E2     642220 1 1 1 1 1 0   376.0  392.0
391  990.628200 1.648E-21 7.132E+00.10000.400  684.79040.750.000000         V8+V12            V12 21  2  E1      22  2  E1     642220 1 1 1 1 1 0   344.0  360.0
391  990.645230 4.244E-21 6.487E+00.10000.400  488.97220.750.000000             V8         GROUND 23  1  A+      24  1  A+     642220 1 1 1 1 1 0   376.0  392.0
391  990.667020 1.998E-21 3.211E+00.10000.400  499.30740.750.000000             V8         GROUND 23  2  E1      24  2  E1     642220 1 1 1 1 1 0   376.0  392.0
391  990.667020 4.717E-21 1.283E+01.10000.400  607.57740.750.000000             V8         GROUND 23  6  E1      24  6  E1     642220 1 1 1 1 1 0   376.0  392.0
391  990.677270 1.524E-23 2.625E-01.10000.400  995.84450.750.000000         V8+V12            V12 24  8  A+      25  8  A+     642220 1 1 1 1 1 0   392.0  408.0
391  990.677270 1.535E-23 2.644E-01.10000.400  995.84450.750.000000         V8+V12            V12 24  8  A-      25  8  A-     642220 1 1 1 1 1 0   392.0  408.0
391  990.689090 3.896E-21 7.614E+00.10000.400  539.52290.750.000000             V8         GROUND 23  4  A+      24  4  A+     642220 1 1 1 1 1 0   376.0  392.0
391  990.692380 1.494E-21 2.920E+00.10000.400  539.51260.750.000000             V8         GROUND 23  4  A-      24  4  A-     642220 1 1 1 1 1 0   376.0  392.0
391  990.693390 1.144E-21 1.625E+02.10000.400 1481.56470.750.000000         V8+V12            V12 31 10  E1      32 10  E1     642220 1 1 1 1 1 0   504.0  520.0
391  990.753260 7.284E-22 6.056E+00.10000.400  837.36170.750.000000             V8         GROUND 23 10  E1      24 10  E1     642220 1 1 1 1 1 0   376.0  392.0
391  990.770050 1.514E-22 4.931E-01.10000.400  661.35890.750.000000             V7         GROUND 25  4  A-      26  5  A-     642220 1 1 1 1 1 0   408.0  424.0
391  990.779120 1.065E-24 3.463E-02.10000.400 1126.48210.750.000000        V8+2V12           2V12 24  5  A-      25  5  A-     642220 1 1 1 1 1 0   392.0  408.0
391  990.779120 1.311E-24 4.263E-02.10000.400 1126.48210.750.000000        V8+2V12           2V12 24  5  A+      25  5  A+     642220 1 1 1 1 1 0   392.0  408.0
391  990.779330 4.043E-22 1.317E+00.10000.400  661.35870.750.000000             V7         GROUND 25  4  A+      26  5  A+     642220 1 1 1 1 1 0   408.0  424.0
391  990.793020 7.282E-24 1.542E-01.10000.400 1029.69550.750.000000         V8+V12            V12 23 10  E1      24 10  E1     642220 1 1 1 1 1 0   376.0  392.0
391  990.803750 6.167E-22 3.450E+00.10000.400  717.43230.750.000000         V8+V12            V12 19  5  E2      20  5  E2     642220 1 1 1 1 1 0   312.0  328.0
391  990.814630 4.040E-22 4.429E+00.10000.400  875.92900.750.000000         V8+V12            V12 21  8  E2      22  8  E2     642220 1 1 1 1 1 0   344.0  360.0
391  990.827260 1.159E-23 2.778E+00.10000.400 1553.58460.750.000000        V8+2V12           2V12 26 13  E1      26 13  E1     642220 1 1 1 1 1 0   424.0  424.0
391  990.849020 4.201E-21 6.324E+00.10000.400  485.76160.750.000000             V8         GROUND 23  1  E2      24  1  E2     642220 1 1 1 1 1 0   376.0  392.0
391  990.849540 1.089E-22 2.742E+00.10000.400  965.91160.750.000000        V8+2V12           2V12 14 11  A+      15 11  A+     642220 1 1 1 1 1 0   232.0  248.0
391  990.849540 8.232E-23 2.072E+00.10000.400  965.91160.750.000000        V8+2V12           2V12 14 11  A-      15 11  A-     642220 1 1 1 1 1 0   232.0  248.0
391  990.897940 1.945E-22 5.163E+00.10000.400 1076.12430.750.000000             V8         GROUND 23 13  A-      24 13  A-     642220 1 1 1 1 1 0   376.0  392.0
391  990.897940 1.969E-22 5.226E+00.10000.400 1076.12430.750.000000             V8         GROUND 23 13  A+      24 13  A+     642220 1 1 1 1 1 0   376.0  392.0
391  990.931740 1.800E-25 1.112E-03.10000.400  776.13220.750.000000             V6           2V12 23  1  E2      22  1  E2     642220 1 1 1 1 1 0   376.0  360.0
391  990.979130 4.667E-22 5.503E+00.10000.400  909.16240.750.000000             V8         GROUND 23 11  E1      24 11  E1     642220 1 1 1 1 1 0   376.0  392.0
391  990.984250 3.590E-23 4.564E+00.10000.400 1451.98700.750.000000        V8+2V12           2V12 30  9  E1      31  9  E1     642220 1 1 1 1 1 0   488.0  504.0
391  991.009200 4.006E-22 4.678E+00.10000.400  907.16710.750.000000             V8         GROUND 23 11  E1      24 11  E1     642220 1 1 1 1 1 0   376.0  392.0
391  991.049560 6.437E-22 5.289E+00.10000.400  834.82760.750.000000             V8         GROUND 23 10  A+      24 10  A+     642220 1 1 1 1 1 0   376.0  392.0
391  991.049560 7.979E-22 6.556E+00.10000.400  834.82760.750.000000             V8         GROUND 23 10  A-      24 10  A-     642220 1 1 1 1 1 0   376.0  392.0
391  991.051010 2.187E-23 1.334E+00.10000.400 1264.04720.750.000000        V8+2V12           2V12 25 10  E1      26 10  E1     642220 1 1 1 1 1 0   408.0  424.0
391  991.122110 1.814E-22 4.609E+00.10000.400 1067.05560.750.000000             V8         GROUND 23 13  E1      24 13  E1     642220 1 1 1 1 1 0   376.0  392.0
391  991.182400 2.101E-22 9.808E-01.10000.400  735.25180.750.000000             V7         GROUND 25  6  A+      26  7  A+     642220 1 1 1 1 1 0   408.0  424.0
391  991.182400 2.257E-22 1.054E+00.10000.400  735.25180.750.000000             V7         GROUND 25  6  A-      26  7  A-     642220 1 1 1 1 1 0   408.0  424.0
391  991.196540 6.020E-25 1.639E-03.10000.400  521.94110.750.000000             V6           2V12 15  0  A+      14  0  A+     642220 1 1 1 1 1 0   248.0  232.0
391  991.198120 1.217E-21 7.198E+00.10000.400  767.14030.750.000000             V8         GROUND 23  9  E1      24  9  E1     642220 1 1 1 1 1 0   376.0  392.0
391  991.276400 1.772E-22 1.730E+00.10000.400  894.96170.750.000000             V6            V12 26  1  E2      27  1  E2     642220 1 1 1 1 1 0   424.0  440.0
391  991.279500 3.680E-22 6.235E+00.10000.400  983.60930.750.000000             V8         GROUND 23 12  A+      24 12  A+     642220 1 1 1 1 1 0   376.0  392.0
391  991.279500 4.262E-22 7.221E+00.10000.400  983.60930.750.000000             V8         GROUND 23 12  A-      24 12  A-     642220 1 1 1 1 1 0   376.0  392.0
391  991.287360 8.826E-22 3.014E+00.10000.400  615.68550.750.000000         V7+V12            V12 19  1  E1      20  2  E1     642220 1 1 1 1 1 0   312.0  328.0
391  991.298700 1.860E-21 6.439E+00.10000.400  656.89980.750.000000             V8         GROUND 23  7  E1      24  7  E1     642220 1 1 1 1 1 0   376.0  392.0
391  991.320460 1.099E-21 5.546E+00.10000.400  706.32450.750.000000         V8+V12            V12 20  4  A+      21  4  A+     642220 1 1 1 1 1 0   328.0  344.0
391  991.320460 1.118E-21 5.642E+00.10000.400  706.32450.750.000000         V8+V12            V12 20  4  A-      21  4  A-     642220 1 1 1 1 1 0   328.0  344.0
391  991.347430 1.684E-22 5.367E+00.10000.400 1113.55350.750.000000         V8+V12            V12 23 11  E1      24 11  E1     642220 1 1 1 1 1 0   376.0  392.0
391  991.349040 1.196E-21 5.263E+00.10000.400  706.23910.750.000000             V8         GROUND 23  8  A+      24  8  A+     642220 1 1 1 1 1 0   376.0  392.0
391  991.349040 1.298E-21 5.712E+00.10000.400  706.23910.750.000000             V8         GROUND 23  8  A-      24  8  A-     642220 1 1 1 1 1 0   376.0  392.0
391  991.364260 4.680E-25 1.526E-03.10000.400  458.18160.750.000000             V6           2V12  9  1  E2      10  1  E2     642220 1 1 1 1 1 0   152.0  168.0
391  991.365140 1.438E-21 7.265E+00.10000.400  725.68720.750.000000         V8+V12            V12 22  4  E2      23  4  E2     642220 1 1 1 1 1 0   360.0  376.0
391  991.367730 1.119E-21 4.911E+00.10000.400  696.73130.750.000000         V8+V12            V12 22  2  E2      23  2  E2     642220 1 1 1 1 1 0   360.0  376.0
391  991.405030 2.333E-22 3.561E+00.10000.400  953.13610.750.000000         V8+V12            V12 22  9  E1      23  9  E1     642220 1 1 1 1 1 0   360.0  376.0
391  991.462510 8.689E-22 5.040E+00.10000.400  762.99680.750.000000             V8         GROUND 23  9  E2      24  9  E2     642220 1 1 1 1 1 0   376.0  392.0
391  991.467090 1.444E-22 2.970E+00.10000.400 1031.96660.750.000000        V8+2V12           2V12 24  0  E1      25  0  E1     642220 1 1 1 1 1 0   392.0  408.0
391  991.516930 5.793E-22 1.237E+00.10000.400  539.04850.750.000000             V7         GROUND 21  5  E2      22  6  E2     642220 1 1 1 1 1 0   344.0  360.0
391  991.517300 1.809E-23 3.684E+00.10000.400 1511.86800.750.000000        V8+2V12           2V12 25 13  E1      25 13  E1     642220 1 1 1 1 1 0   408.0  408.0
391  991.529000 1.007E-22 3.150E+00.10000.400 1109.67200.750.000000        V8+2V12           2V12 23  8  A+      24  8  A+     642220 1 1 1 1 1 0   376.0  392.0
391  991.529000 1.023E-22 3.200E+00.10000.400 1109.67200.750.000000        V8+2V12           2V12 23  8  A-      24  8  A-     642220 1 1 1 1 1 0   376.0  392.0
391  991.531340 9.921E-22 8.164E+00.10000.400  834.93350.750.000000        V8+2V12           2V12 23  0  A+      24  0  A+     642220 1 1 1 1 1 0   376.0  392.0
391  991.536160 2.125E-21 4.169E+00.10000.400  531.00820.750.000000             V8         GROUND 22  5  E2      23  5  E2     642220 1 1 1 1 1 0   360.0  376.0
391  991.539530 6.014E-23 1.524E+00.10000.400 1066.27420.750.000000             V8         GROUND 23 13  E1      24 13  E1     642220 1 1 1 1 1 0   376.0  392.0
391  991.548020 5.639E-23 6.295E+00.10000.400 1450.35640.750.000000        V8+2V12           2V12 34  5  E2      35  5  E2     642220 1 1 1 1 1 0   552.0  568.0
391  991.548480 1.235E-21 5.444E+00.10000.400  706.50420.750.000000             V8         GROUND 23  8  E2      24  8  E2     642220 1 1 1 1 1 0   376.0  392.0
391  991.557770 3.064E-23 9.129E-01.10000.400 1116.41920.750.000000         V8+V12            V12 25  9  E2      26  9  E2     642220 1 1 1 1 1 0   408.0  424.0
391  991.564790 3.313E-22 4.250E+00.10000.400  917.32590.750.000000         V8+V12            V12 22  8  A+      23  8  A+     642220 1 1 1 1 1 0   360.0  376.0
391  991.564790 3.391E-22 4.350E+00.10000.400  917.32590.750.000000         V8+V12            V12 22  8  A-      23  8  A-     642220 1 1 1 1 1 0   360.0  376.0
391  991.568820 1.128E-22 2.886E+00.10000.400 1076.83120.750.000000        V8+2V12           2V12 24  1  E1      25  1  E1     642220 1 1 1 1 1 0   392.0  408.0
391  991.571230 1.526E-22 7.691E+00.10000.400 1207.74870.750.000000         V8+V12            V12 23 12  A+      24 12  A+     642220 1 1 1 1 1 0   376.0  392.0
391  991.571230 1.561E-22 7.867E+00.10000.400 1207.74870.750.000000         V8+V12            V12 23 12  A-      24 12  A-     642220 1 1 1 1 1 0   376.0  392.0
391  991.585930 3.280E-22 2.992E+00.10000.400  847.15900.750.000000         V8+V12            V12 22  7  E1      23  7  E1     642220 1 1 1 1 1 0   360.0  376.0
391  991.586980 3.026E-22 3.406E+00.10000.400  899.36320.750.000000             V8         GROUND 23 11  A-      24 11  A-     642220 1 1 1 1 1 0   376.0  392.0
391  991.586980 3.588E-22 4.039E+00.10000.400  899.36320.750.000000             V8         GROUND 23 11  A+      24 11  A+     642220 1 1 1 1 1 0   376.0  392.0
391  991.601600 1.571E-21 4.502E+00.10000.400  617.90490.750.000000             V8         GROUND 23  6  A+      24  6  A+     642220 1 1 1 1 1 0   376.0  392.0
391  991.603670 9.620E-22 2.757E+00.10000.400  617.90490.750.000000             V8         GROUND 23  6  A-      24  6  A-     642220 1 1 1 1 1 0   376.0  392.0
391  991.609870 4.706E-23 7.781E-01.10000.400 1025.22920.750.000000         V7+V12            V12 29  2  E1      30  2  E1     642220 1 1 1 1 1 0   472.0  488.0
391  991.633020 1.023E-22 7.105E+00.10000.400 1298.41930.750.000000         V8+V12            V12 26 12  E1      27 12  E1     642220 1 1 1 1 1 0   424.0  440.0
391  991.634050 2.755E-21 5.665E+00.10000.400  540.64670.750.000000             V8         GROUND 22  5  A+      23  5  A+     642220 1 1 1 1 1 0   360.0  376.0
391  991.634050 3.303E-21 6.792E+00.10000.400  540.64680.750.000000             V8         GROUND 22  5  A-      23  5  A-     642220 1 1 1 1 1 0   360.0  376.0
391  991.634820 1.389E-22 2.426E+00.10000.400  989.71300.750.000000             V8         GROUND 23 12  E1      24 12  E1     642220 1 1 1 1 1 0   376.0  392.0
391  991.638900 3.453E-22 5.726E+00.10000.400  979.03970.750.000000             V8         GROUND 23 12  E1      24 12  E1     642220 1 1 1 1 1 0   376.0  392.0
391  991.659070 2.317E-23 3.856E+00.10000.400 1485.79170.750.000000        V8+2V12           2V12 27 10  A+      28 10  A+     642220 1 1 1 1 1 0   440.0  456.0
391  991.659070 3.627E-23 6.036E+00.10000.400 1485.79170.750.000000        V8+2V12           2V12 27 10  A-      28 10  A-     642220 1 1 1 1 1 0   440.0  456.0
391  991.661590 3.150E-23 7.648E-01.10000.400 1089.81870.750.000000         V7+V12            V12 27  7  A-      28  7  A-     642220 1 1 1 1 1 0   440.0  456.0
391  991.661590 3.292E-23 7.993E-01.10000.400 1089.81870.750.000000         V7+V12            V12 27  7  A+      28  7  A+     642220 1 1 1 1 1 0   440.0  456.0
391  991.668010 1.230E-23 7.886E-01.10000.400 1289.57860.750.000000        V8+2V12           2V12 27  8  E2      28  8  E2     642220 1 1 1 1 1 0   440.0  456.0
391  991.672250 1.199E-22 2.130E+00.10000.400 1017.87650.750.000000         V8+V12            V12 26  6  E1      27  6  E1     642220 1 1 1 1 1 0   424.0  440.0
391  991.691850 6.471E-22 4.457E+01.10000.400 1332.24450.750.000000        V8+2V12           2V12 31  6  E1      32  6  E1     642220 1 1 1 1 1 0   504.0  520.0
391  991.695680 1.409E-21 3.976E+00.10000.400  614.70440.750.000000             V8         GROUND 23  6  E2      24  6  E2     642220 1 1 1 1 1 0   376.0  392.0
391  991.737220 1.049E-21 5.764E+00.10000.400  742.81980.750.000000         V8+V12            V12 22  5  E1      23  5  E1     642220 1 1 1 1 1 0   360.0  376.0
391  991.772660 7.381E-23 5.251E-01.10000.400  786.59480.750.000000             V6            V12 21  5  E2      22  5  E2     642220 1 1 1 1 1 0   344.0  360.0
391  991.796540 1.520E-21 5.862E+00.10000.400  669.96240.750.000000         V8+V12            V12 22  1  A-      23  1  A-     642220 1 1 1 1 1 0   360.0  376.0
391  991.806370 6.770E-22 5.372E+00.10000.400  827.34540.750.000000             V8         GROUND 23 10  E1      24 10  E1     642220 1 1 1 1 1 0   376.0  392.0
391  991.806800 3.257E-22 3.128E+00.10000.400  857.66150.750.000000         V8+V12            V12 22  8  E1      23  8  E1     642220 1 1 1 1 1 0   360.0  376.0
391  991.856660 3.665E-22 4.424E+00.10000.400  913.63220.750.000000        V8+2V12           2V12 23  3  E1      24  3  E1     642220 1 1 1 1 1 0   376.0  392.0
391  991.865550 1.199E-21 5.491E+00.10000.400  695.95250.750.000000         V8+V12            V12 21  3  E1      22  3  E1     642220 1 1 1 1 1 0   344.0  360.0
391  991.878310 4.607E-21 7.354E+00.10000.400  488.44360.750.000000             V8         GROUND 22  3  E2      23  3  E2     642220 1 1 1 1 1 0   360.0  376.0
391  991.878420 9.687E-26 8.473E-04.10000.400  819.25330.750.000000             V5           2V12 20  2  E2      21  2  E2     642220 1 1 1 1 1 0   328.0  344.0
391  991.901280 7.386E-23 9.557E-01.10000.400  936.46170.750.000000         V8+V12            V12 24  6  E1      25  8  E1     642220 1 1 1 1 1 0   392.0  408.0
391  991.938400 3.470E-21 6.198E+00.10000.400  511.56620.750.000000             V8         GROUND 22  4  E1      23  4  E1     642220 1 1 1 1 1 0   360.0  376.0
391  991.948010 1.972E-23 8.346E+00.10000.400 1692.15600.750.000000        V8+2V12           2V12 29 11  E1      30 11  E1     642220 1 1 1 1 1 0   472.0  488.0
391  991.960200 4.334E-21 6.372E+00.10000.400  471.51520.750.000000             V8         GROUND 22  2  A+      23  2  A+     642220 1 1 1 1 1 0   360.0  376.0
391  991.978840 1.607E-21 6.174E+00.10000.400  669.09310.750.000000         V8+V12            V12 22  1  A+      23  1  A+     642220 1 1 1 1 1 0   360.0  376.0
391  992.001170 7.813E-22 1.696E+00.10000.400  542.28220.750.000000             V7         GROUND 21  5  A+      22  6  A+     642220 1 1 1 1 1 0   344.0  360.0
391  992.003340 8.206E-22 1.781E+00.10000.400  542.28220.750.000000             V7         GROUND 21  5  A-      22  6  A-     642220 1 1 1 1 1 0   344.0  360.0
391  992.053660 4.351E-21 6.370E+00.10000.400  470.59980.750.000000             V8         GROUND 22  2  A-      23  2  A-     642220 1 1 1 1 1 0   360.0  376.0
391  992.079470 5.171E-22 6.100E+00.10000.400  908.78450.750.000000        V8+2V12           2V12 23  4  A-      24  4  A-     642220 1 1 1 1 1 0   376.0  392.0
391  992.079470 5.411E-22 6.383E+00.10000.400  908.78460.750.000000        V8+2V12           2V12 23  4  A+      24  4  A+     642220 1 1 1 1 1 0   376.0  392.0
391  992.110240 2.234E-23 3.901E+00.10000.400 1471.75420.750.000000        V8+2V12           2V12 24 13  E1      24 13  E1     642220 1 1 1 1 1 0   392.0  392.0
391  992.110940 3.046E-21 4.230E+00.10000.400  459.68970.750.000000             V8         GROUND 22  1  E1      23  1  E1     642220 1 1 1 1 1 0   360.0  376.0
391  992.113170 1.910E-21 1.706E+01.10000.400  851.53620.750.000000        V8+2V12           2V12 23  1  E2      24  1  E2     642220 1 1 1 1 1 0   376.0  392.0
391  992.133710 1.287E-21 5.515E+00.10000.400  682.15680.750.000000         V8+V12            V12 21  3  A+      22  3  A+     642220 1 1 1 1 1 0   344.0  360.0
391  992.133710 1.699E-21 7.281E+00.10000.400  682.15840.750.000000         V8+V12            V12 21  3  A-      22  3  A-     642220 1 1 1 1 1 0   344.0  360.0
391  992.151950 1.713E-21 5.052E+00.10000.400  614.63490.750.000000             V8         GROUND 22  7  A-      23  7  A-     642220 1 1 1 1 1 0   360.0  376.0
391  992.151950 1.748E-21 5.155E+00.10000.400  614.63490.750.000000             V8         GROUND 22  7  A+      23  7  A+     642220 1 1 1 1 1 0   360.0  376.0
391  992.165150 5.402E-22 3.299E+00.10000.400  712.65610.750.000000         V8+V12            V12 17  7  A-      18  7  A-     642220 1 1 1 1 1 0   280.0  296.0
391  992.165150 5.542E-22 3.384E+00.10000.400  712.65610.750.000000         V8+V12            V12 17  7  A+      18  7  A+     642220 1 1 1 1 1 0   280.0  296.0
391  992.170220 4.768E-25 1.563E-03.10000.400  546.03360.750.000000             V6           2V12 14  0  A+      15  0  A+     642220 1 1 1 1 1 0   232.0  248.0
391  992.173100 4.790E-22 1.268E+00.10000.400  609.89460.750.000000           3V12         GROUND 24  5  E2      25  5  E2     642220 1 1 1 1 1 0   392.0  408.0
391  992.175870 1.913E-25 1.359E-03.10000.400  813.03530.750.000000             V6           2V12 24  1  E2      23  1  E2     642220 1 1 1 1 1 0   392.0  376.0
391  992.209430 4.758E-21 6.562E+00.10000.400  458.24700.750.000000             V8         GROUND 22  1  A-      23  1  A-     642220 1 1 1 1 1 0   360.0  376.0
391  992.220520 7.756E-23 2.395E+00.10000.400 1123.55510.750.000000         V8+V12            V12 25 10  A+      26 10  A+     642220 1 1 1 1 1 0   408.0  424.0
391  992.220520 8.193E-23 2.530E+00.10000.400 1123.55510.750.000000         V8+V12            V12 25 10  A-      26 10  A-     642220 1 1 1 1 1 0   408.0  424.0
391  992.234390 3.230E-22 5.567E+00.10000.400  995.31580.750.000000        V8+2V12           2V12 24  1  A+      25  1  A+     642220 1 1 1 1 1 0   392.0  408.0
391  992.234560 9.854E-22 2.899E+00.10000.400  562.38460.750.000000         V8+V12            V12 17  1  E2      18  1  E2     642220 1 1 1 1 1 0   280.0  296.0
391  992.240340 8.808E-22 5.986E+00.10000.400  786.33650.750.000000         V8+V12            V12 22  6  E2      23  6  E2     642220 1 1 1 1 1 0   360.0  376.0
391  992.243980 1.046E-21 6.504E+00.10000.400  768.05840.750.000000         V8+V12            V12 22  6  A+      23  6  A+     642220 1 1 1 1 1 0   360.0  376.0
391  992.243980 1.055E-21 6.560E+00.10000.400  768.05840.750.000000         V8+V12            V12 22  6  A-      23  6  A-     642220 1 1 1 1 1 0   360.0  376.0
391  992.271540 5.003E-22 1.855E+00.10000.400  632.25700.750.000000         V8+V12            V12 19  0  A+      20  0  A+     642220 1 1 1 1 1 0   312.0  328.0
391  992.285480 3.980E-21 8.140E+00.10000.400  539.27610.750.000000             V8         GROUND 22  5  E1      23  5  E1     642220 1 1 1 1 1 0   360.0  376.0
391  992.286630 6.350E-24 2.123E-02.10000.400  600.10490.750.000000         V7+V12            V12 18  2  A+      19  0  A+     642220 1 1 1 1 1 0   296.0  312.0
391  992.286630 6.402E-24 2.140E-02.10000.400  600.10490.750.000000         V7+V12            V12 18  2  A+      19  0  A+     642220 1 1 1 1 1 0   296.0  312.0
391  992.310310 4.889E-21 6.948E+00.10000.400  464.36070.750.000000             V8         GROUND 22  2  E2      23  2  E2     642220 1 1 1 1 1 0   360.0  376.0
391  992.335420 1.760E-21 6.240E+00.10000.400  652.42790.750.000000         V8+V12            V12 22  0  E1      23  0  E1     642220 1 1 1 1 1 0   360.0  376.0
391  992.397840 6.362E-22 2.440E+00.10000.400  649.43660.750.000000         V8+V12            V12 20  2  E1      21  2  E1     642220 1 1 1 1 1 0   328.0  344.0
391  992.444510 5.931E-23 2.460E+00.10000.400 1184.10090.750.000000         V8+V12            V12 25 11  E1      26 11  E1     642220 1 1 1 1 1 0   408.0  424.0
391  992.454290 1.102E-21 1.183E+01.10000.400  889.19560.750.000000        V8+2V12           2V12 23  2  E1      24  2  E1     642220 1 1 1 1 1 0   376.0  392.0
391  992.468360 4.749E-21 6.111E+00.10000.400  443.87230.750.000000             V8         GROUND 22  0  A+      23  0  A+     642220 1 1 1 1 1 0   360.0  376.0
391  992.497370 1.173E-21 6.237E+00.10000.400  735.76400.750.000000         V8+V12            V12 22  5  A-      23  5  A-     642220 1 1 1 1 1 0   360.0  376.0
391  992.497370 1.208E-21 6.424E+00.10000.400  735.76400.750.000000         V8+V12            V12 22  5  A+      23  5  A+     642220 1 1 1 1 1 0   360.0  376.0
391  992.504430 1.496E-21 5.992E+00.10000.400  677.46590.750.000000             V8         GROUND 22  8  E1      23  8  E1     642220 1 1 1 1 1 0   360.0  376.0
391  992.512230 1.320E-22 3.664E-01.10000.400  619.51970.750.000000             V7         GROUND 24  4  A-      25  5  A-     642220 1 1 1 1 1 0   392.0  408.0
391  992.519030 2.092E-22 5.806E-01.10000.400  619.51950.750.000000             V7         GROUND 24  4  A+      25  5  A+     642220 1 1 1 1 1 0   392.0  408.0
391  992.521810 2.899E-22 3.752E+00.10000.400  918.76720.750.000000         V8+V12            V12 22  9  A-      23  9  A-     642220 1 1 1 1 1 0   360.0  376.0
391  992.521810 2.946E-22 3.813E+00.10000.400  918.76720.750.000000         V8+V12            V12 22  9  A+      23  9  A+     642220 1 1 1 1 1 0   360.0  376.0
391  992.553860 1.862E-21 6.405E+00.10000.400  646.12090.750.000000         V8+V12            V12 22  1  E1      23  1  E1     642220 1 1 1 1 1 0   360.0  376.0
391  992.558900 4.124E-22 4.887E+00.10000.400  900.57180.750.000000        V8+2V12           2V12 22  3  A-      23  3  A-     642220 1 1 1 1 1 0   360.0  376.0
391  992.558900 4.258E-22 5.045E+00.10000.400  900.57190.750.000000        V8+2V12           2V12 22  3  A+      23  3  A+     642220 1 1 1 1 1 0   360.0  376.0
391  992.559090 2.446E-21 4.255E+00.10000.400  505.86700.750.000000             V8         GROUND 22  4  E2      23  4  E2     642220 1 1 1 1 1 0   360.0  376.0
391  992.568490 5.244E-21 7.001E+00.10000.400  451.41840.750.000000             V8         GROUND 22  0  E1      23  0  E1     642220 1 1 1 1 1 0   360.0  376.0
391  992.571990 3.920E-21 5.969E+00.10000.400  478.48170.750.000000             V8         GROUND 22  3  E1      23  3  E1     642220 1 1 1 1 1 0   360.0  376.0
391  992.579060 1.046E-21 3.254E+00.10000.400  625.46800.750.000000             V8         GROUND 22  7  E2      23  7  E2     642220 1 1 1 1 1 0   360.0  376.0
391  992.579060 1.197E-21 6.348E+00.10000.400  735.17660.750.000000             V8         GROUND 22  9  A-      23  9  A-     642220 1 1 1 1 1 0   360.0  376.0
391  992.579060 2.266E-21 1.202E+01.10000.400  735.17660.750.000000             V8         GROUND 22  9  A+      23  9  A+     642220 1 1 1 1 1 0   360.0  376.0
391  992.582080 3.713E-21 5.686E+00.10000.400  479.63460.750.000000             V8         GROUND 22  3  A-      23  3  A-     642220 1 1 1 1 1 0   360.0  376.0
391  992.607900 3.777E-22 1.911E+00.10000.400  685.26150.750.000000         V8+V12            V12 18  5  E2      19  5  E2     642220 1 1 1 1 1 0   296.0  312.0
391  992.609090 4.179E-21 6.396E+00.10000.400  479.49610.750.000000             V8         GROUND 22  3  A+      23  3  A+     642220 1 1 1 1 1 0   360.0  376.0
391  992.625880 3.851E-23 6.655E+00.10000.400 1527.53440.750.000000        V8+2V12           2V12 32  8  A+      33  8  A+     642220 1 1 1 1 1 0   520.0  536.0
391  992.625880 3.905E-23 6.748E+00.10000.400 1527.53440.750.000000        V8+2V12           2V12 32  8  A-      33  8  A-     642220 1 1 1 1 1 0   520.0  536.0
391  992.635570 1.312E-21 5.753E+00.10000.400  696.04270.750.000000         V8+V12            V12 22  4  E1      23  4  E1     642220 1 1 1 1 1 0   360.0  376.0
391  992.635570 1.660E-21 5.852E+00.10000.400  651.15940.750.000000         V8+V12            V12 22  2  A-      23  2  A-     642220 1 1 1 1 1 0   360.0  376.0
391  992.635700 2.955E-23 4.466E+00.10000.400 1433.24490.750.000000        V8+2V12           2V12 23 13  E1      23 13  E1     642220 1 1 1 1 1 0   376.0  376.0
391  992.646320 4.725E-21 6.288E+00.10000.400  450.73510.750.000000             V8         GROUND 22  1  A+      23  1  A+     642220 1 1 1 1 1 0   360.0  376.0
391  992.651550 1.682E-21 5.928E+00.10000.400  651.08500.750.000000         V8+V12            V12 22  2  A+      23  2  A+     642220 1 1 1 1 1 0   360.0  376.0
391  992.664800 4.548E-23 5.223E+00.10000.400 1430.38570.750.000000         V8+V12            V12 30 10  E1      31 10  E1     642220 1 1 1 1 1 0   488.0  504.0
391  992.665620 1.245E-21 4.758E+00.10000.400  667.75380.750.000000         V8+V12            V12 22  3  E2      23  3  E2     642220 1 1 1 1 1 0   360.0  376.0
391  992.671460 3.884E-22 2.919E+00.10000.400  806.83560.750.000000         V8+V12            V12 22  7  E2      23  7  E2     642220 1 1 1 1 1 0   360.0  376.0
391  992.682020 4.405E-21 6.154E+00.10000.400  460.68950.750.000000             V8         GROUND 22  2  E1      23  2  E1     642220 1 1 1 1 1 0   360.0  376.0
391  992.706250 2.465E-22 2.396E+00.10000.400  840.61050.750.000000         V8+V12            V12 20  8  E2      21  8  E2     642220 1 1 1 1 1 0   328.0  344.0
391  992.706450 2.231E-21 5.275E+00.10000.400  568.95650.750.000000             V8         GROUND 22  6  E1      23  6  E1     642220 1 1 1 1 1 0   360.0  376.0
391  992.722160 4.149E-21 7.046E+00.10000.400  500.84970.750.000000             V8         GROUND 22  4  A+      23  4  A+     642220 1 1 1 1 1 0   360.0  376.0
391  992.723870 3.002E-21 5.098E+00.10000.400  500.84230.750.000000             V8         GROUND 22  4  A-      23  4  A-     642220 1 1 1 1 1 0   360.0  376.0
391  992.731820 5.582E-25 1.610E-03.10000.400  546.03360.750.000000             V6           2V12 16  0  A+      15  0  A+     642220 1 1 1 1 1 0   264.0  248.0
391  992.754460 7.119E-22 5.145E+00.10000.400  798.77020.750.000000             V8         GROUND 22 10  E1      23 10  E1     642220 1 1 1 1 1 0   360.0  376.0
391  992.806260 4.978E-23 2.584E+00.10000.400 1253.02300.750.000000        V8+2V12           2V12 28  7  A-      29  7  A-     642220 1 1 1 1 1 0   456.0  472.0
391  992.806260 5.485E-23 2.847E+00.10000.400 1253.02300.750.000000        V8+2V12           2V12 28  7  A+      29  7  A+     642220 1 1 1 1 1 0   456.0  472.0
391  992.849570 4.281E-23 1.199E+00.10000.400 1086.41470.750.000000        V8+2V12           2V12 23  5  A+      24  5  A+     642220 1 1 1 1 1 0   376.0  392.0
391  992.849570 5.031E-23 1.409E+00.10000.400 1086.41470.750.000000        V8+2V12           2V12 23  5  A-      24  5  A-     642220 1 1 1 1 1 0   376.0  392.0
391  992.852480 1.125E-22 2.718E+00.10000.400  941.92890.750.000000        V8+2V12           2V12 13 11  A-      14 11  A-     642220 1 1 1 1 1 0   216.0  232.0
391  992.852480 1.235E-22 2.984E+00.10000.400  941.92890.750.000000        V8+2V12           2V12 13 11  A+      14 11  A+     642220 1 1 1 1 1 0   216.0  232.0
391  992.860340 4.968E-21 6.507E+00.10000.400  447.35590.750.000000             V8         GROUND 22  1  E2      23  1  E2     642220 1 1 1 1 1 0   360.0  376.0
391  992.866690 6.450E-24 1.188E-01.10000.400  991.22720.750.000000         V8+V12            V12 22 10  E1      23 10  E1     642220 1 1 1 1 1 0   360.0  376.0
391  992.912760 1.542E-22 3.559E+00.10000.400 1037.56770.750.000000             V8         GROUND 22 13  A-      23 13  A-     642220 1 1 1 1 1 0   360.0  376.0
391  992.912760 2.238E-22 5.165E+00.10000.400 1037.56770.750.000000             V8         GROUND 22 13  A+      23 13  A+     642220 1 1 1 1 1 0   360.0  376.0
391  992.942570 2.255E-22 8.973E-01.10000.400  693.44700.750.000000             V7         GROUND 24  6  A+      25  7  A+     642220 1 1 1 1 1 0   392.0  408.0
391  992.942570 2.989E-22 1.189E+00.10000.400  693.44700.750.000000             V7         GROUND 24  6  A-      25  7  A-     642220 1 1 1 1 1 0   392.0  408.0
391  992.952280 1.327E-23 1.121E+00.10000.400 1338.11810.750.000000        V8+2V12           2V12 26  9  E2      27  9  E2     642220 1 1 1 1 1 0   424.0  440.0
391  992.989000 5.367E-22 5.502E+00.10000.400  870.59020.750.000000             V8         GROUND 22 11  E1      23 11  E1     642220 1 1 1 1 1 0   360.0  376.0
391  992.993630 5.045E-25 1.706E-03.10000.400  442.11100.750.000000             V6           2V12  8  1  E2       9  1  E2     642220 1 1 1 1 1 0   136.0  152.0
391  993.015100 4.872E-22 4.946E+00.10000.400  868.58640.750.000000             V8         GROUND 22 11  E1      23 11  E1     642220 1 1 1 1 1 0   360.0  376.0
391  993.057500 8.494E-22 6.067E+00.10000.400  796.24870.750.000000             V8         GROUND 22 10  A+      23 10  A+     642220 1 1 1 1 1 0   360.0  376.0
391  993.057500 9.402E-22 6.716E+00.10000.400  796.24870.750.000000             V8         GROUND 22 10  A-      23 10  A-     642220 1 1 1 1 1 0   360.0  376.0
391  993.132320 8.066E-23 1.782E+00.10000.400 1028.50630.750.000000             V8         GROUND 22 13  E1      23 13  E1     642220 1 1 1 1 1 0   360.0  376.0
391  993.140850 9.423E-22 2.911E+00.10000.400  583.53760.750.000000         V7+V12            V12 18  1  E1      19  2  E1     642220 1 1 1 1 1 0   296.0  312.0
391  993.156080 8.892E-24 1.206E-01.10000.400  476.17040.750.000000             V5           2V12  2  1  A-       1  1  A-     642220 1 1 1 1 1 0    40.0   24.0
391  993.157500 6.891E-23 1.025E+00.10000.400  988.30540.750.000000             V6            V12 27  4  A+      28  4  A-     642220 1 1 1 1 1 0   440.0  456.0
391  993.157500 7.398E-23 1.100E+00.10000.400  988.30560.750.000000             V6            V12 27  4  A-      28  4  A+     642220 1 1 1 1 1 0   440.0  456.0
391  993.159460 1.000E-26 1.357E-04.10000.400  476.16440.750.000000             V5           2V12  2  1  A+       1  1  A+     622220 1 1 1 1 1 0    40.0   24.0
391  993.171100 1.239E-21 5.597E+00.10000.400  672.48990.750.000000         V8+V12            V12 19  4  A+      20  4  A+     642220 1 1 1 1 1 0   312.0  328.0
391  993.171100 1.284E-21 5.800E+00.10000.400  672.48990.750.000000         V8+V12            V12 19  4  A-      20  4  A-     642220 1 1 1 1 1 0   312.0  328.0
391  993.197920 9.957E-22 5.119E+00.10000.400  728.55420.750.000000             V8         GROUND 22  9  E1      23  9  E1     642220 1 1 1 1 1 0   360.0  376.0
391  993.258280 1.889E-21 5.683E+00.10000.400  618.27900.750.000000             V8         GROUND 22  7  E1      23  7  E1     642220 1 1 1 1 1 0   360.0  376.0
391  993.258460 4.916E-23 2.754E+00.10000.400 1179.64700.750.000000        V8+2V12           2V12 18 12  E1      19 12  E1     642220 1 1 1 1 1 0   296.0  312.0
391  993.291760 3.729E-22 5.493E+00.10000.400  945.04200.750.000000             V8         GROUND 22 12  A+      23 12  A+     642220 1 1 1 1 1 0   360.0  376.0
391  993.291760 3.751E-22 5.525E+00.10000.400  945.04200.750.000000             V8         GROUND 22 12  A-      23 12  A-     642220 1 1 1 1 1 0   360.0  376.0
391  993.328200 3.733E-22 3.081E+00.10000.400  851.60790.750.000000             V6            V12 25  1  E2      26  1  E2     642220 1 1 1 1 1 0   408.0  424.0
391  993.331290 1.463E-21 5.595E+00.10000.400  667.62960.750.000000             V8         GROUND 22  8  A+      23  8  A+     642220 1 1 1 1 1 0   360.0  376.0
391  993.331290 1.646E-21 6.295E+00.10000.400  667.62960.750.000000             V8         GROUND 22  8  A-      23  8  A-     642220 1 1 1 1 1 0   360.0  376.0
391  993.354650 1.530E-21 5.897E+00.10000.400  659.85330.750.000000         V8+V12            V12 21  2  E2      22  2  E2     642220 1 1 1 1 1 0   344.0  360.0
391  993.366000 7.220E-22 9.676E+00.10000.400  916.22210.750.000000         V8+V12            V12 21  9  E1      22  9  E1     642220 1 1 1 1 1 0   344.0  360.0
391  993.367860 3.508E-22 6.636E-01.10000.400  503.62600.750.000000             V7         GROUND 20  5  E2      21  6  E2     642220 1 1 1 1 1 0   328.0  344.0
391  993.371470 4.836E-23 2.518E+00.10000.400 1222.31990.750.000000        V8+2V12           2V12 24 10  E1      25 10  E1     642220 1 1 1 1 1 0   392.0  408.0
391  993.385480 1.261E-21 5.592E+00.10000.400  688.70890.750.000000         V8+V12            V12 21  4  E2      22  4  E2     642220 1 1 1 1 1 0   344.0  360.0
391  993.399730 1.703E-25 1.405E-03.10000.400  851.53620.750.000000             V6           2V12 25  1  E2      24  1  E2     642220 1 1 1 1 1 0   408.0  392.0
391  993.410490 9.447E-24 2.619E-01.10000.400 1075.09040.750.000000         V8+V12            V12 22 11  E1      23 11  E1     642220 1 1 1 1 1 0   360.0  376.0
391  993.458030 1.261E-21 6.357E+00.10000.400  724.40080.750.000000             V8         GROUND 22  9  E2      23  9  E2     642220 1 1 1 1 1 0   360.0  376.0
391  993.461280 1.429E-21 3.558E+00.10000.400  579.29320.750.000000             V8         GROUND 22  6  A+      23  6  A+     642220 1 1 1 1 1 0   360.0  376.0
391  993.461280 1.915E-21 4.769E+00.10000.400  579.29320.750.000000             V8         GROUND 22  6  A-      23  6  A-     642220 1 1 1 1 1 0   360.0  376.0
391  993.471040 1.845E-23 2.771E-01.10000.400  974.68810.750.000000         V8+V12            V12 25  6  E1      26  6  E1     642220 1 1 1 1 1 0   408.0  424.0
391  993.479730 2.468E-22 2.561E+01.10000.400 1402.36860.750.000000        V8+2V12           2V12 29  9  E1      30  9  E1     642220 1 1 1 1 1 0   472.0  488.0
391  993.485700 4.054E-22 4.567E+00.10000.400  880.45900.750.000000         V8+V12            V12 21  8  A-      22  8  A-     642220 1 1 1 1 1 0   344.0  360.0
391  993.485700 4.821E-22 5.431E+00.10000.400  880.45900.750.000000         V8+V12            V12 21  8  A+      22  8  A+     642220 1 1 1 1 1 0   344.0  360.0
391  993.488540 1.000E-26 2.542E-04.10000.400 1074.75910.750.000000         V8+V12            V12 24  9  E2      25  9  E2     622220 1 1 1 1 1 0   392.0  408.0
391  993.503580 2.301E-23 5.902E+00.10000.400 1620.70170.750.000000        V8+2V12           2V12 34  7  E1      35  7  E1     642220 1 1 1 1 1 0   552.0  568.0
391  993.508280 1.229E-21 4.709E+00.10000.400  667.90930.750.000000             V8         GROUND 22  8  E2      23  8  E2     642220 1 1 1 1 1 0   360.0  376.0
391  993.509550 2.735E-21 4.708E+00.10000.400  493.97120.750.000000             V8         GROUND 21  5  E2      22  5  E2     642220 1 1 1 1 1 0   344.0  360.0
391  993.549850 1.534E-22 9.671E-01.10000.400  751.21010.750.000000             V6            V12 20  5  E2      21  5  E2     642220 1 1 1 1 1 0   328.0  344.0
391  993.554620 2.696E-22 4.777E+00.10000.400  991.88600.750.000000        V8+2V12           2V12 23  0  E1      24  0  E1     642220 1 1 1 1 1 0   376.0  392.0
391  993.573660 1.791E-21 4.392E+00.10000.400  576.07490.750.000000             V8         GROUND 22  6  E2      23  6  E2     642220 1 1 1 1 1 0   360.0  376.0
391  993.582160 1.505E-22 2.285E+00.10000.400  951.14810.750.000000             V8         GROUND 22 12  E1      23 12  E1     642220 1 1 1 1 1 0   360.0  376.0
391  993.582980 1.091E-22 2.969E+00.10000.400 1071.20280.750.000000        V8+2V12           2V12 22  8  A+      23  8  A+     642220 1 1 1 1 1 0   360.0  376.0
391  993.582980 1.341E-22 3.649E+00.10000.400 1071.20280.750.000000        V8+2V12           2V12 22  8  A-      23  8  A-     642220 1 1 1 1 1 0   360.0  376.0
391  993.595230 5.845E-22 4.183E+00.10000.400  796.43600.750.000000        V8+2V12           2V12 22  0  A+      23  0  A+     642220 1 1 1 1 1 0   360.0  376.0
391  993.595230 6.193E-22 6.060E+00.10000.400  860.79860.750.000000             V8         GROUND 22 11  A-      23 11  A-     642220 1 1 1 1 1 0   360.0  376.0
391  993.595230 6.332E-22 6.197E+00.10000.400  860.79860.750.000000             V8         GROUND 22 11  A+      23 11  A+     642220 1 1 1 1 1 0   360.0  376.0
391  993.620060 1.426E-22 2.900E+00.10000.400 1044.91600.750.000000         V7+V12            V12 26  7  A-      27  7  A-     642220 1 1 1 1 1 0   424.0  440.0
391  993.620060 1.481E-22 3.012E+00.10000.400 1044.91600.750.000000         V7+V12            V12 26  7  A+      27  7  A+     642220 1 1 1 1 1 0   424.0  440.0
391  993.628620 3.046E-21 5.496E+00.10000.400  503.61480.750.000000             V8         GROUND 21  5  A+      22  5  A+     642220 1 1 1 1 1 0   344.0  360.0
391  993.628620 3.194E-21 5.764E+00.10000.400  503.61490.750.000000             V8         GROUND 21  5  A-      22  5  A-     642220 1 1 1 1 1 0   344.0  360.0
391  993.637860 1.317E-23 2.902E-01.10000.400 1027.73930.750.000000             V8         GROUND 22 13  E1      23 13  E1     642220 1 1 1 1 1 0   360.0  376.0
391  993.647080 2.835E-23 1.665E+00.10000.400 1255.20560.750.000000         V8+V12            V12 25 12  E1      26 12  E1     642220 1 1 1 1 1 0   408.0  424.0
391  993.651250 4.554E-23 6.192E-01.10000.400  977.08080.750.000000         V7+V12            V12 28  2  E1      29  2  E1     642220 1 1 1 1 1 0   456.0  472.0
391  993.655740 5.260E-22 1.159E+01.10000.400 1036.76040.750.000000        V8+2V12           2V12 23  1  E1      24  1  E1     642220 1 1 1 1 1 0   376.0  392.0
391  993.656170 1.440E-22 2.076E+00.10000.400  940.49080.750.000000             V8         GROUND 22 12  E1      23 12  E1     642220 1 1 1 1 1 0   360.0  376.0
391  993.661460 9.717E-24 7.785E-02.10000.400  810.27210.750.000000         V8+V12            V12 21  7  E1      22  7  E1     642220 1 1 1 1 1 0   344.0  360.0
391  993.706870 8.210E-22 6.432E+00.10000.400  785.55470.750.000000             V5           2V12 19  2  E2      20  2  E2     642220 1 1 1 1 1 0   312.0  328.0
391  993.710380 9.686E-24 4.247E-01.10000.400 1169.29400.750.000000         V8+V12            V12 22 12  A+      23 12  A+     642220 1 1 1 1 1 0   360.0  376.0
391  993.710380 9.883E-24 4.333E-01.10000.400 1169.29400.750.000000         V8+V12            V12 22 12  A-      23 12  A-     642220 1 1 1 1 1 0   360.0  376.0
391  993.762490 1.434E-21 5.827E+00.10000.400  660.75870.750.000000         V8+V12            V12 20  3  E1      21  3  E1     642220 1 1 1 1 1 0   328.0  344.0
391  993.792610 6.807E-22 4.695E+00.10000.400  788.76470.750.000000             V8         GROUND 22 10  E1      23 10  E1     642220 1 1 1 1 1 0   360.0  376.0
391  993.804000 1.058E-22 3.325E-01.10000.400  521.94110.750.000000             V6           2V12 13  0  A+      14  0  A+     642220 1 1 1 1 1 0   216.0  232.0
391  993.813080 1.667E-21 5.645E+00.10000.400  633.02660.750.000000         V8+V12            V12 21  1  A-      22  1  A-     642220 1 1 1 1 1 0   344.0  360.0
391  993.816410 1.307E-21 6.302E+00.10000.400  705.74580.750.000000         V8+V12            V12 21  5  E1      22  5  E1     642220 1 1 1 1 1 0   344.0  360.0
391  993.862170 1.331E-21 2.560E+00.10000.400  506.87310.750.000000             V7         GROUND 20  5  A+      21  6  A+     642220 1 1 1 1 1 0   328.0  344.0
391  993.863710 7.222E-22 1.389E+00.10000.400  506.87310.750.000000             V7         GROUND 20  5  A-      21  6  A-     642220 1 1 1 1 1 0   328.0  344.0
391  993.881020 4.364E-21 6.113E+00.10000.400  451.41020.750.000000             V8         GROUND 21  3  E2      22  3  E2     642220 1 1 1 1 1 0   344.0  360.0
391  993.897680 4.615E-25 5.141E-03.10000.400  896.26000.750.000000         V8+V12            V12 23  6  E1      24  8  E1     642220 1 1 1 1 1 0   376.0  392.0
391  993.906650 5.472E-22 3.090E+00.10000.400  683.73900.750.000000         V8+V12            V12 16  7  A-      17  7  A-     642220 1 1 1 1 1 0   264.0  280.0
391  993.906650 6.228E-22 3.517E+00.10000.400  683.73900.750.000000         V8+V12            V12 16  7  A+      17  7  A+     642220 1 1 1 1 1 0   264.0  280.0
391  993.915850 4.111E-22 4.316E+00.10000.400  875.13720.750.000000        V8+2V12           2V12 22  3  E1      23  3  E1     642220 1 1 1 1 1 0   360.0  376.0
391  993.932800 4.324E-21 6.778E+00.10000.400  474.53210.750.000000             V8         GROUND 21  4  E1      22  4  E1     642220 1 1 1 1 1 0   344.0  360.0
391  993.942980 3.591E-23 5.010E+00.10000.400 1440.97150.750.000000        V8+2V12           2V12 26 10  A+      27 10  A+     642220 1 1 1 1 1 0   424.0  440.0
391  993.942980 4.131E-23 5.763E+00.10000.400 1440.97150.750.000000        V8+2V12           2V12 26 10  A-      27 10  A-     642220 1 1 1 1 1 0   424.0  440.0
391  993.951760 5.033E-21 6.492E+00.10000.400  434.41630.750.000000             V8         GROUND 21  2  A+      22  2  A+     642220 1 1 1 1 1 0   344.0  360.0
391  993.954000 2.755E-23 9.597E+00.10000.400 1644.18110.750.000000        V8+2V12           2V12 28 11  E1      29 11  E1     642220 1 1 1 1 1 0   456.0  472.0
391  993.971380 5.987E-22 2.008E+00.10000.400  600.10490.750.000000         V8+V12            V12 18  0  A+      19  0  A+     642220 1 1 1 1 1 0   296.0  312.0
391  993.982000 2.107E-22 1.777E+00.10000.400  820.66710.750.000000         V8+V12            V12 21  8  E1      22  8  E1     642220 1 1 1 1 1 0   344.0  360.0
391  993.982970 1.879E-21 6.340E+00.10000.400  632.22820.750.000000         V8+V12            V12 21  1  A+      22  1  A+     642220 1 1 1 1 1 0   344.0  360.0
391  993.987610 1.293E-21 3.517E+00.10000.400  533.44370.750.000000         V8+V12            V12 16  1  E2      17  1  E2     642220 1 1 1 1 1 0   264.0  280.0
391  994.035740 5.202E-21 6.686E+00.10000.400  433.64250.750.000000             V8         GROUND 21  2  A-      22  2  A-     642220 1 1 1 1 1 0   344.0  360.0
391  994.092810 1.162E-21 2.647E+00.10000.400  569.64960.750.000000           3V12         GROUND 23  5  E2      24  5  E2     642220 1 1 1 1 1 0   376.0  392.0
391  994.094270 4.748E-21 5.785E+00.10000.400  422.63640.750.000000             V8         GROUND 21  1  E1      22  1  E1     642220 1 1 1 1 1 0   344.0  360.0
391  994.095810 1.636E-21 6.216E+00.10000.400  646.80200.750.000000         V8+V12            V12 20  3  A+      21  3  A+     642220 1 1 1 1 1 0   328.0  344.0
391  994.095810 1.857E-21 7.055E+00.10000.400  646.80330.750.000000         V8+V12            V12 20  3  A-      21  3  A-     642220 1 1 1 1 1 0   328.0  344.0
391  994.137050 3.615E-22 3.709E+00.10000.400  870.29090.750.000000        V8+2V12           2V12 22  4  A-      23  4  A-     642220 1 1 1 1 1 0   360.0  376.0
391  994.137050 5.053E-22 5.184E+00.10000.400  870.29090.750.000000        V8+2V12           2V12 22  4  A+      23  4  A+     642220 1 1 1 1 1 0   360.0  376.0
391  994.153300 1.444E-21 4.959E+00.10000.400  615.68550.750.000000         V8+V12            V12 19  2  E1      20  2  E1     642220 1 1 1 1 1 0   312.0  328.0
391  994.155720 1.000E-26 3.058E-05.10000.400  569.55640.750.000000         V7+V12            V12 17  2  A+      18  0  A+     622220 1 1 1 1 1 0   280.0  296.0
391  994.155900 1.000E-26 3.058E-05.10000.400  569.55640.750.000000         V7+V12            V12 17  2  A+      18  0  A+     622220 1 1 1 1 1 0   280.0  296.0
391  994.166020 1.652E-21 4.276E+00.10000.400  577.62980.750.000000             V8         GROUND 21  7  A-      22  7  A-     642220 1 1 1 1 1 0   344.0  360.0
391  994.166020 2.165E-21 5.604E+00.10000.400  577.62980.750.000000             V8         GROUND 21  7  A+      22  7  A+     642220 1 1 1 1 1 0   344.0  360.0
391  994.178630 4.415E-22 3.429E+00.10000.400  813.03530.750.000000        V8+2V12           2V12 22  1  E2      23  1  E2     642220 1 1 1 1 1 0   360.0  376.0
391  994.182330 4.832E-23 5.557E+00.10000.400 1393.21700.750.000000         V8+V12            V12 25 13  E1      26 13  E1     642220 1 1 1 1 1 0   408.0  424.0
391  994.206310 5.402E-21 6.531E+00.10000.400  420.98840.750.000000             V8         GROUND 21  1  A-      22  1  A-     642220 1 1 1 1 1 0   344.0  360.0
391  994.250360 3.469E-22 8.283E-01.10000.400  579.28200.750.000000             V7         GROUND 23  4  A-      24  5  A-     642220 1 1 1 1 1 0   376.0  392.0
391  994.255220 2.050E-22 3.045E+00.10000.400  955.30370.750.000000        V8+2V12           2V12 23  1  A+      24  1  A+     642220 1 1 1 1 1 0   376.0  392.0
391  994.255360 1.804E-22 4.308E-01.10000.400  579.28190.750.000000             V7         GROUND 23  4  A+      24  5  A+     642220 1 1 1 1 1 0   376.0  392.0
391  994.256180 5.699E-25 1.761E-03.10000.400  571.72940.750.000000             V6           2V12 17  0  A+      16  0  A+     642220 1 1 1 1 1 0   280.0  264.0
391  994.258320 9.868E-23 5.307E+00.10000.400 1244.72040.750.000000        V8+2V12           2V12 26  8  E2      27  8  E2     642220 1 1 1 1 1 0   424.0  440.0
391  994.263660 1.072E-21 6.398E+00.10000.400  749.43490.750.000000         V8+V12            V12 21  6  E2      22  6  E2     642220 1 1 1 1 1 0   344.0  360.0
391  994.289780 3.949E-21 7.088E+00.10000.400  502.26090.750.000000             V8         GROUND 21  5  E1      22  5  E1     642220 1 1 1 1 1 0   344.0  360.0
391  994.291810 5.778E-22 3.157E+00.10000.400  731.27380.750.000000         V8+V12            V12 21  6  A+      22  6  A+     642220 1 1 1 1 1 0   344.0  360.0
391  994.291810 9.992E-22 5.460E+00.10000.400  731.27380.750.000000         V8+V12            V12 21  6  A-      22  6  A-     642220 1 1 1 1 1 0   344.0  360.0
391  994.333450 5.567E-21 6.935E+00.10000.400  427.08800.750.000000             V8         GROUND 21  2  E2      22  2  E2     642220 1 1 1 1 1 0   344.0  360.0
391  994.355440 1.985E-21 6.180E+00.10000.400  615.51940.750.000000         V8+V12            V12 21  0  E1      22  0  E1     642220 1 1 1 1 1 0   344.0  360.0
391  994.398790 6.843E-22 3.167E+00.10000.400  654.69820.750.000000         V8+V12            V12 17  5  E2      18  5  E2     642220 1 1 1 1 1 0   280.0  296.0
391  994.405740 8.538E-24 2.251E-01.10000.400 1081.85010.750.000000         V8+V12            V12 24 10  A+      25 10  A+     642220 1 1 1 1 1 0   392.0  408.0
391  994.405740 9.791E-24 2.581E-01.10000.400 1081.85010.750.000000         V8+V12            V12 24 10  A-      25 10  A-     642220 1 1 1 1 1 0   392.0  408.0
391  994.453320 5.616E-21 6.346E+00.10000.400  406.99120.750.000000             V8         GROUND 21  0  A+      22  0  A+     642220 1 1 1 1 1 0   344.0  360.0
391  994.478640 1.340E-21 4.711E+00.10000.400  640.46170.750.000000             V8         GROUND 21  8  E1      22  8  E1     642220 1 1 1 1 1 0   344.0  360.0
391  994.503830 3.298E-22 3.078E+00.10000.400  850.69630.750.000000        V8+2V12           2V12 22  2  E1      23  2  E1     642220 1 1 1 1 1 0   360.0  376.0
391  994.526340 1.327E-22 6.196E-01.10000.400  698.85250.750.000000         V8+V12            V12 21  5  A-      22  5  A-     642220 1 1 1 1 1 0   344.0  360.0
391  994.526340 1.393E-22 6.505E-01.10000.400  698.85250.750.000000         V8+V12            V12 21  5  A+      22  5  A+     642220 1 1 1 1 1 0   344.0  360.0
391  994.526900 1.000E-21 1.040E+01.10000.400  863.67590.750.000000        V8+2V12           2V12 21  3  A+      22  3  A+     642220 1 1 1 1 1 0   344.0  360.0
391  994.526900 1.000E-21 1.040E+01.10000.400  863.67590.750.000000        V8+2V12           2V12 21  3  A-      22  3  A-     642220 1 1 1 1 1 0   344.0  360.0
391  994.533300 2.800E-21 4.274E+00.10000.400  468.84260.750.000000             V8         GROUND 21  4  E2      22  4  E2     642220 1 1 1 1 1 0   344.0  360.0
391  994.536940 6.000E-21 7.041E+00.10000.400  414.72660.750.000000             V8         GROUND 21  0  E1      22  0  E1     642220 1 1 1 1 1 0   344.0  360.0
391  994.543710 2.400E-21 6.553E+00.10000.400  588.46010.750.000000             V8         GROUND 21  7  E2      22  7  E2     642220 1 1 1 1 1 0   344.0  360.0
391  994.558050 1.128E-21 5.250E+00.10000.400  698.17950.750.000000             V8         GROUND 21  9  A-      22  9  A-     642220 1 1 1 1 1 0   344.0  360.0
391  994.558050 1.765E-21 8.215E+00.10000.400  698.17950.750.000000             V8         GROUND 21  9  A+      22  9  A+     642220 1 1 1 1 1 0   344.0  360.0
391  994.574160 2.642E-22 3.003E+00.10000.400  881.86120.750.000000         V8+V12            V12 21  9  A-      22  9  A-     642220 1 1 1 1 1 0   344.0  360.0
391  994.574160 2.667E-22 3.032E+00.10000.400  881.86120.750.000000         V8+V12            V12 21  9  A+      22  9  A+     642220 1 1 1 1 1 0   344.0  360.0
391  994.578120 2.036E-21 6.150E+00.10000.400  609.20880.750.000000         V8+V12            V12 21  1  E1      22  1  E1     642220 1 1 1 1 1 0   344.0  360.0
391  994.583120 4.960E-22 4.318E+00.10000.400  806.89200.750.000000         V8+V12            V12 19  8  E2      20  8  E2     642220 1 1 1 1 1 0   312.0  328.0
391  994.587650 5.250E-21 7.014E+00.10000.400  441.37120.750.000000             V8         GROUND 21  3  E1      22  3  E1     642220 1 1 1 1 1 0   344.0  360.0
391  994.591430 4.397E-21 5.908E+00.10000.400  442.56630.750.000000             V8         GROUND 21  3  A-      22  3  A-     642220 1 1 1 1 1 0   344.0  360.0
391  994.604450 1.371E-25 1.326E-03.10000.400  891.63400.750.000000             V6           2V12 26  1  E2      25  1  E2     642220 1 1 1 1 1 0   424.0  408.0
391  994.611700 6.205E-22 2.196E+01.10000.400 1142.40100.750.000000         V8+V12            V12 24 11  E1      25 11  E1     642220 1 1 1 1 1 0   392.0  408.0
391  994.613250 4.176E-21 5.609E+00.10000.400  442.45940.750.000000             V8         GROUND 21  3  A+      22  3  A+     642220 1 1 1 1 1 0   344.0  360.0
391  994.619780 2.570E-22 2.407E+01.10000.400 1380.78950.750.000000         V8+V12            V12 29 10  E1      30 10  E1     642220 1 1 1 1 1 0   472.0  488.0
391  994.621130 4.540E-25 1.627E-03.10000.400  427.64650.750.000000             V6           2V12  7  1  E2       8  1  E2     642220 1 1 1 1 1 0   120.0  136.0
391  994.630320 5.764E-21 6.744E+00.10000.400  414.08010.750.000000             V8         GROUND 21  1  A+      22  1  A+     642220 1 1 1 1 1 0   344.0  360.0
391  994.648640 1.153E-22 1.031E+01.10000.400 1341.36100.750.000000         V8+V12            V12 25 13  A-      26 13  A-     642220 1 1 1 1 1 0   408.0  424.0
391  994.648640 1.366E-22 1.222E+01.10000.400 1341.36100.750.000000         V8+V12            V12 25 13  A+      26 13  A+     642220 1 1 1 1 1 0   408.0  424.0
391  994.663500 1.451E-21 5.587E+00.10000.400  659.13380.750.000000         V8+V12            V12 21  4  E1      22  4  E1     642220 1 1 1 1 1 0   344.0  360.0
391  994.663500 2.038E-21 6.309E+00.10000.400  614.24050.750.000000         V8+V12            V12 21  2  A-      22  2  A-     642220 1 1 1 1 1 0   344.0  360.0
391  994.676910 2.229E-21 6.899E+00.10000.400  614.17790.750.000000         V8+V12            V12 21  2  A+      22  2  A+     642220 1 1 1 1 1 0   344.0  360.0
391  994.679540 5.782E-23 5.095E+00.10000.400 1394.35820.750.000000        V8+2V12           2V12 33  5  E2      34  5  E2     642220 1 1 1 1 1 0   536.0  552.0
391  994.679750 4.858E-21 5.956E+00.10000.400  423.66220.750.000000             V8         GROUND 21  2  E1      22  2  E1     642220 1 1 1 1 1 0   344.0  360.0
391  994.692190 1.731E-21 5.810E+00.10000.400  630.84180.750.000000         V8+V12            V12 21  3  E2      22  3  E2     642220 1 1 1 1 1 0   344.0  360.0
391  994.697070 2.942E-22 1.007E+00.10000.400  653.24100.750.000000             V7         GROUND 23  6  A+      24  7  A+     642220 1 1 1 1 1 0   376.0  392.0
391  994.697070 3.122E-22 1.069E+00.10000.400  653.24100.750.000000             V7         GROUND 23  6  A-      24  7  A-     642220 1 1 1 1 1 0   376.0  392.0
391  994.703180 5.281E-23 2.946E+00.10000.400 1280.99340.750.000000        V8+2V12           2V12 30  6  E1      31  6  E1     642220 1 1 1 1 1 0   488.0  504.0
391  994.710790 6.798E-22 4.487E+00.10000.400  769.98760.750.000000         V8+V12            V12 21  7  E2      22  7  E2     642220 1 1 1 1 1 0   344.0  360.0
391  994.720900 7.166E-26 7.076E-04.10000.400  479.39110.750.000000             V5           2V12  3  1  A-       2  1  A-     642220 1 1 1 1 1 0    56.0   40.0
391  994.727020 3.107E-21 6.448E+00.10000.400  531.93790.750.000000             V8         GROUND 21  6  E1      22  6  E1     642220 1 1 1 1 1 0   344.0  360.0
391  994.733750 7.187E-26 7.096E-04.10000.400  479.37300.750.000000             V5           2V12  3  1  A+       2  1  A+     642220 1 1 1 1 1 0    56.0   40.0
391  994.736420 3.756E-21 5.597E+00.10000.400  463.78450.750.000000             V8         GROUND 21  4  A+      22  4  A+     642220 1 1 1 1 1 0   344.0  360.0
391  994.737780 4.285E-21 6.385E+00.10000.400  463.77920.750.000000             V8         GROUND 21  4  A-      22  4  A-     642220 1 1 1 1 1 0   344.0  360.0
391  994.738550 1.351E-21 8.569E+00.10000.400  761.77940.750.000000             V8         GROUND 21 10  E1      22 10  E1     642220 1 1 1 1 1 0   344.0  360.0
391  994.851620 5.472E-23 1.285E+00.10000.400  919.51880.750.000000        V8+2V12           2V12 12 11  A-      13 11  A-     642220 1 1 1 1 1 0   200.0  216.0
391  994.851620 5.743E-23 1.349E+00.10000.400  919.51880.750.000000        V8+2V12           2V12 12 11  A+      13 11  A+     642220 1 1 1 1 1 0   200.0  216.0
391  994.854540 5.507E-21 6.336E+00.10000.400  410.52940.750.000000             V8         GROUND 21  1  E2      22  1  E2     642220 1 1 1 1 1 0   344.0  360.0
391  994.901110 2.153E-22 5.246E+00.10000.400 1047.94250.750.000000        V8+2V12           2V12 22  5  A-      23  5  A-     642220 1 1 1 1 1 0   360.0  376.0
391  994.901110 2.294E-22 5.590E+00.10000.400 1047.94250.750.000000        V8+2V12           2V12 22  5  A+      23  5  A+     642220 1 1 1 1 1 0   360.0  376.0
391  994.909500 2.855E-22 5.784E+00.10000.400 1000.60980.750.000000             V8         GROUND 21 13  A-      22 13  A-     642220 1 1 1 1 1 0   344.0  360.0
391  994.909500 2.960E-22 5.997E+00.10000.400 1000.60980.750.000000             V8         GROUND 21 13  A+      22 13  A+     642220 1 1 1 1 1 0   344.0  360.0
391  994.920660 1.259E-23 2.037E-01.10000.400  954.35390.750.000000         V8+V12            V12 21 10  E1      22 10  E1     642220 1 1 1 1 1 0   344.0  360.0
391  994.981300 1.436E-21 1.292E+01.10000.400  833.61700.750.000000             V8         GROUND 21 11  E1      22 11  E1     642220 1 1 1 1 1 0   344.0  360.0
391  994.982080 1.402E-24 3.962E-03.10000.400  552.99350.750.000000         V7+V12            V12 17  1  E1      18  2  E1     642220 1 1 1 1 1 0   280.0  296.0
391  995.003200 1.065E-21 9.490E+00.10000.400  831.60580.750.000000             V8         GROUND 21 11  E1      22 11  E1     642220 1 1 1 1 1 0   344.0  360.0
391  995.004210 1.229E-21 5.021E+00.10000.400  640.26880.750.000000         V8+V12            V12 18  4  A+      19  4  A+     642220 1 1 1 1 1 0   296.0  312.0
391  995.004210 1.273E-21 5.201E+00.10000.400  640.26880.750.000000         V8+V12            V12 18  4  A-      19  4  A-     642220 1 1 1 1 1 0   296.0  312.0
391  995.047630 1.034E-21 6.483E+00.10000.400  759.26900.750.000000             V8         GROUND 21 10  A-      22 10  A-     642220 1 1 1 1 1 0   344.0  360.0
391  995.047630 9.975E-22 6.254E+00.10000.400  759.26900.750.000000             V8         GROUND 21 10  A+      22 10  A+     642220 1 1 1 1 1 0   344.0  360.0
391  995.135280 1.670E-22 3.239E+00.10000.400  991.55510.750.000000             V8         GROUND 21 13  E1      22 13  E1     642220 1 1 1 1 1 0   344.0  360.0
391  995.180960 1.229E-21 5.546E+00.10000.400  691.56760.750.000000             V8         GROUND 21  9  E1      22  9  E1     642220 1 1 1 1 1 0   344.0  360.0
391  995.203780 4.821E-22 8.164E-01.10000.400  469.80830.750.000000             V7         GROUND 19  5  E2      20  6  E2     642220 1 1 1 1 1 0   312.0  328.0
391  995.204340 2.364E-21 6.241E+00.10000.400  581.26080.750.000000             V8         GROUND 21  7  E1      22  7  E1     642220 1 1 1 1 1 0   344.0  360.0
391  995.219970 1.854E-23 2.307E-01.10000.400  943.19120.750.000000             V6            V12 26  4  A+      27  4  A-     642220 1 1 1 1 1 0   424.0  440.0
391  995.219970 1.936E-23 2.409E-01.10000.400  943.19140.750.000000             V6            V12 26  4  A-      27  4  A+     642220 1 1 1 1 1 0   424.0  440.0
391  995.231130 2.490E-23 3.453E+00.10000.400 1474.75090.750.000000        V8+2V12           2V12 31  8  A+      32  8  A+     642220 1 1 1 1 1 0   504.0  520.0
391  995.231130 2.588E-23 3.589E+00.10000.400 1474.75090.750.000000        V8+2V12           2V12 31  8  A-      32  8  A-     642220 1 1 1 1 1 0   504.0  520.0
391  995.276940 2.549E-23 3.266E-01.10000.400  933.08690.750.000000         V8+V12            V12 24  6  E1      25  6  E1     642220 1 1 1 1 1 0   392.0  408.0
391  995.286230 4.214E-22 5.449E+00.10000.400  908.07420.750.000000             V8         GROUND 21 12  A-      22 12  A-     642220 1 1 1 1 1 0   344.0  360.0
391  995.286230 4.481E-22 5.794E+00.10000.400  908.07420.750.000000             V8         GROUND 21 12  A+      22 12  A+     642220 1 1 1 1 1 0   344.0  360.0
391  995.298140 1.596E-21 5.357E+00.10000.400  630.62200.750.000000             V8         GROUND 21  8  A+      22  8  A+     642220 1 1 1 1 1 0   344.0  360.0
391  995.298140 2.038E-21 6.841E+00.10000.400  630.62200.750.000000             V8         GROUND 21  8  A-      22  8  A-     642220 1 1 1 1 1 0   344.0  360.0
391  995.310870 5.442E-22 6.467E+00.10000.400  880.90750.750.000000         V8+V12            V12 20  9  E1      21  9  E1     642220 1 1 1 1 1 0   328.0  344.0
391  995.318500 2.188E-21 4.781E+00.10000.400  542.28220.750.000000             V8         GROUND 21  6  A+      22  6  A+     642220 1 1 1 1 1 0   344.0  360.0
391  995.318500 2.297E-21 5.019E+00.10000.400  542.28220.750.000000             V8         GROUND 21  6  A-      22  6  A-     642220 1 1 1 1 1 0   344.0  360.0
391  995.319470 5.853E-23 3.303E-01.10000.400  717.43230.750.000000             V6            V12 19  5  E2      20  5  E2     642220 1 1 1 1 1 0   312.0  328.0
391  995.324500 1.743E-21 5.958E+00.10000.400  624.56790.750.000000         V8+V12            V12 20  2  E2      21  2  E2     642220 1 1 1 1 1 0   328.0  344.0
391  995.328240 3.880E-23 1.989E+00.10000.400 1149.07930.750.000000        V8+2V12           2V12 17 12  E1      18 12  E1     642220 1 1 1 1 1 0   280.0  296.0
391  995.358480 2.173E-22 1.530E+00.10000.400  809.85230.750.000000             V6            V12 24  1  E2      25  1  E2     642220 1 1 1 1 1 0   392.0  408.0
391  995.384680 5.597E-23 4.000E+00.10000.400 1294.86910.750.000000        V8+2V12           2V12 25  9  E2      26  9  E2     642220 1 1 1 1 1 0   408.0  424.0
391  995.387140 1.454E-21 5.717E+00.10000.400  653.33580.750.000000         V8+V12            V12 20  4  E2      21  4  E2     642220 1 1 1 1 1 0   328.0  344.0
391  995.408990 1.452E-23 3.179E-01.10000.400 1034.68990.750.000000         V8+V12            V12 23  9  E2      24  9  E2     642220 1 1 1 1 1 0   376.0  392.0
391  995.412730 4.677E-22 4.673E+00.10000.400  845.18840.750.000000         V8+V12            V12 20  8  A+      21  8  A+     642220 1 1 1 1 1 0   328.0  344.0
391  995.412730 5.158E-22 5.154E+00.10000.400  845.18840.750.000000         V8+V12            V12 20  8  A-      21  8  A-     642220 1 1 1 1 1 0   328.0  344.0
391  995.434670 4.911E-23 1.499E-01.10000.400  499.45220.750.000000             V6           2V12 12  0  A+      13  0  A+     642220 1 1 1 1 1 0   200.0  216.0
391  995.436850 1.216E-21 5.381E+00.10000.400  687.40580.750.000000             V8         GROUND 21  9  E2      22  9  E2     642220 1 1 1 1 1 0   344.0  360.0
391  995.446400 2.288E-21 4.922E+00.10000.400  539.04850.750.000000             V8         GROUND 21  6  E2      22  6  E2     642220 1 1 1 1 1 0   344.0  360.0
391  995.455990 1.793E-21 6.029E+00.10000.400  630.91440.750.000000             V8         GROUND 21  8  E2      22  8  E2     642220 1 1 1 1 1 0   344.0  360.0
391  995.459590 1.911E-23 4.653E-01.10000.400 1038.22210.750.000000         V8+V12            V12 21 11  E1      22 11  E1     642220 1 1 1 1 1 0   344.0  360.0
391  995.465310 3.156E-21 4.815E+00.10000.400  458.53930.750.000000             V8         GROUND 20  5  E2      21  5  E2     642220 1 1 1 1 1 0   328.0  344.0
391  995.517880 7.979E-23 1.063E+00.10000.400  914.18190.750.000000             V8         GROUND 21 12  E1      22 12  E1     642220 1 1 1 1 1 0   344.0  360.0
391  995.521970 1.168E-25 8.281E-04.10000.400  753.45550.750.000000             V5           2V12 18  2  E2      19  2  E2     642220 1 1 1 1 1 0   296.0  312.0
391  995.557940 3.977E-23 1.716E+00.10000.400 1206.55540.750.000000        V8+2V12           2V12 27  7  A+      28  7  A+     642220 1 1 1 1 1 0   440.0  456.0
391  995.557940 4.428E-23 1.911E+00.10000.400 1206.55540.750.000000        V8+2V12           2V12 27  7  A-      28  7  A-     642220 1 1 1 1 1 0   440.0  456.0
391  995.573980 1.118E-22 1.921E+00.10000.400 1001.60780.750.000000         V7+V12            V12 25  7  A-      26  7  A-     642220 1 1 1 1 1 0   408.0  424.0
391  995.573980 1.148E-22 1.973E+00.10000.400 1001.60780.750.000000         V7+V12            V12 25  7  A+      26  7  A+     642220 1 1 1 1 1 0   408.0  424.0
391  995.587300 5.420E-22 4.656E+00.10000.400  823.83240.750.000000             V8         GROUND 21 11  A-      22 11  A-     642220 1 1 1 1 1 0   344.0  360.0
391  995.587300 6.241E-22 5.361E+00.10000.400  823.83240.750.000000             V8         GROUND 21 11  A+      22 11  A+     642220 1 1 1 1 1 0   344.0  360.0
391  995.608140 3.487E-21 5.577E+00.10000.400  468.18710.750.000000             V8         GROUND 20  5  A-      21  5  A-     642220 1 1 1 1 1 0   328.0  344.0
391  995.608140 3.668E-21 5.866E+00.10000.400  468.18710.750.000000             V8         GROUND 20  5  A+      21  5  A+     642220 1 1 1 1 1 0   328.0  344.0
391  995.619320 2.762E-22 6.601E+00.10000.400 1034.32930.750.000000        V8+2V12           2V12 21  8  A+      22  8  A+     642220 1 1 1 1 1 0   344.0  360.0
391  995.619320 2.794E-22 6.678E+00.10000.400 1034.32930.750.000000        V8+2V12           2V12 21  8  A-      22  8  A-     642220 1 1 1 1 1 0   344.0  360.0
391  995.622900 2.066E-22 3.184E+00.10000.400  953.40140.750.000000        V8+2V12           2V12 22  0  E1      23  0  E1     642220 1 1 1 1 1 0   360.0  376.0
391  995.639760 9.958E-22 6.259E+00.10000.400  759.53610.750.000000        V8+2V12           2V12 21  0  A+      22  0  A+     642220 1 1 1 1 1 0   344.0  360.0
391  995.640100 6.760E-22 3.570E+00.10000.400  656.42460.750.000000         V8+V12            V12 15  7  A-      16  7  A-     642220 1 1 1 1 1 0   248.0  264.0
391  995.640100 6.948E-22 3.670E+00.10000.400  656.42460.750.000000         V8+V12            V12 15  7  A+      16  7  A+     642220 1 1 1 1 1 0   248.0  264.0
391  995.644870 1.336E-21 4.865E+00.10000.400  627.14980.750.000000         V8+V12            V12 19  3  E1      20  3  E1     642220 1 1 1 1 1 0   312.0  328.0
391  995.653890 6.047E-23 3.032E+00.10000.400 1213.58130.750.000000         V8+V12            V12 24 12  E1      25 12  E1     642220 1 1 1 1 1 0   392.0  408.0
391  995.655530 4.016E-22 5.083E+00.10000.400  903.53900.750.000000             V8         GROUND 21 12  E1      22 12  E1     642220 1 1 1 1 1 0   344.0  360.0
391  995.663220 6.403E-22 1.964E+00.10000.400  569.55640.750.000000         V8+V12            V12 17  0  A+      18  0  A+     642220 1 1 1 1 1 0   280.0  296.0
391  995.671110 4.605E-23 2.066E+00.10000.400 1182.19600.750.000000        V8+2V12           2V12 23 10  E1      24 10  E1     642220 1 1 1 1 1 0   376.0  392.0
391  995.672660 5.272E-23 5.949E-01.10000.400  930.52910.750.000000         V7+V12            V12 27  2  E1      28  2  E1     642220 1 1 1 1 1 0   440.0  456.0
391  995.707180 1.363E-21 2.347E+00.10000.400  473.06670.750.000000             V7         GROUND 19  5  A+      20  6  A+     642220 1 1 1 1 1 0   312.0  328.0
391  995.708090 1.707E-22 2.940E-01.10000.400  473.06670.750.000000             V7         GROUND 19  5  A-      20  6  A-     642220 1 1 1 1 1 0   312.0  328.0
391  995.719250 5.768E-23 1.116E+00.10000.400  990.80040.750.000000             V8         GROUND 21 13  E1      22 13  E1     642220 1 1 1 1 1 0   344.0  360.0
391  995.721910 9.433E-23 1.808E+00.10000.400  998.28510.750.000000        V8+2V12           2V12 22  1  E1      23  1  E1     642220 1 1 1 1 1 0   360.0  376.0
391  995.728920 1.427E-21 3.630E+00.10000.400  506.10750.750.000000         V8+V12            V12 15  1  E2      16  1  E2     642220 1 1 1 1 1 0   248.0  264.0
391  995.768110 4.896E-25 1.640E-03.10000.400  599.02780.750.000000             V6           2V12 18  0  A+      17  0  A+     642220 1 1 1 1 1 0   296.0  280.0
391  995.769870 8.720E-22 5.280E+00.10000.400  751.78370.750.000000             V8         GROUND 21 10  E1      22 10  E1     642220 1 1 1 1 1 0   344.0  360.0
391  995.789930 1.162E-25 1.329E-03.10000.400  933.32750.750.000000             V6           2V12 27  1  E2      26  1  E2     642220 1 1 1 1 1 0   440.0  424.0
391  995.811570 2.186E-21 6.564E+00.10000.400  597.68720.750.000000         V8+V12            V12 20  1  A-      21  1  A-     642220 1 1 1 1 1 0   328.0  344.0
391  995.848960 2.619E-23 1.009E+00.10000.400 1132.43420.750.000000         V8+V12            V12 21 12  A+      22 12  A+     642220 1 1 1 1 1 0   344.0  360.0
391  995.848960 2.718E-23 1.047E+00.10000.400 1132.43420.750.000000         V8+V12            V12 21 12  A-      22 12  A-     642220 1 1 1 1 1 0   344.0  360.0
391  995.865340 5.068E-21 6.292E+00.10000.400  415.98050.750.000000             V8         GROUND 20  3  E2      21  3  E2     642220 1 1 1 1 1 0   328.0  344.0
391  995.874980 1.618E-21 6.915E+00.10000.400  670.28570.750.000000         V8+V12            V12 20  5  E1      21  5  E1     642220 1 1 1 1 1 0   328.0  344.0
391  995.878040 4.154E-23 4.022E-01.10000.400  857.66150.750.000000         V8+V12            V12 22  6  E1      23  8  E1     642220 1 1 1 1 1 0   360.0  376.0
391  995.894970 7.410E-22 2.302E+00.10000.400  583.53760.750.000000         V8+V12            V12 18  2  E1      19  2  E1     642220 1 1 1 1 1 0   296.0  312.0
391  995.911480 4.350E-21 6.044E+00.10000.400  439.10190.750.000000             V8         GROUND 20  4  E1      21  4  E1     642220 1 1 1 1 1 0   328.0  344.0
391  995.926350 5.823E-21 6.655E+00.10000.400  398.92790.750.000000             V8         GROUND 20  2  A+      21  2  A+     642220 1 1 1 1 1 0   328.0  344.0
391  995.951450 2.982E-22 2.549E+01.10000.400 1354.33980.750.000000        V8+2V12           2V12 28  9  E1      29  9  E1     642220 1 1 1 1 1 0   456.0  472.0
391  995.956970 3.765E-22 3.471E+00.10000.400  838.23930.750.000000        V8+2V12           2V12 21  3  E1      22  3  E1     642220 1 1 1 1 1 0   344.0  360.0
391  995.969690 1.993E-21 5.965E+00.10000.400  596.95710.750.000000         V8+V12            V12 20  1  A+      21  1  A+     642220 1 1 1 1 1 0   328.0  344.0
391  995.969960 1.776E-23 5.138E+00.10000.400 1597.79520.750.000000        V8+2V12           2V12 27 11  E1      28 11  E1     642220 1 1 1 1 1 0   440.0  456.0
391  995.983450 6.712E-22 1.392E+00.10000.400  540.64680.750.000000             V7         GROUND 22  4  A-      23  5  A-     642220 1 1 1 1 1 0   360.0  376.0
391  995.986900 1.590E-22 3.298E-01.10000.400  540.64670.750.000000             V7         GROUND 22  4  A+      23  5  A+     642220 1 1 1 1 1 0   360.0  376.0
391  996.001310 1.158E-21 1.320E+00.10000.400  398.27930.750.000000             V8         GROUND 20  2  A-      21  2  A-     642220 1 1 1 1 1 0   328.0  344.0
391  996.001310 6.153E-21 1.218E+01.10000.400  531.00820.750.000000           3V12         GROUND 22  5  E2      23  5  E2     642220 1 1 1 1 1 0   360.0  376.0
391  996.007950 1.000E-23 2.828E-02.10000.400  540.61230.750.000000         V7+V12            V12 16  2  A+      17  0  A+     622220 1 1 1 1 1 0   264.0  280.0
391  996.008130 1.000E-23 2.828E-02.10000.400  540.61230.750.000000         V7+V12            V12 16  2  A+      17  0  A+     622220 1 1 1 1 1 0   264.0  280.0
391  996.037800 1.834E-21 6.241E+00.10000.400  613.05020.750.000000         V8+V12            V12 19  3  A+      20  3  A+     642220 1 1 1 1 1 0   312.0  328.0
391  996.037800 1.915E-21 6.516E+00.10000.400  613.05120.750.000000         V8+V12            V12 19  3  A-      20  3  A-     642220 1 1 1 1 1 0   312.0  328.0
391  996.062260 6.078E-21 6.563E+00.10000.400  387.18620.750.000000             V8         GROUND 20  1  E1      21  1  E1     642220 1 1 1 1 1 0   328.0  344.0
391  996.129060 5.292E-22 3.957E+00.10000.400  785.27800.750.000000         V8+V12            V12 20  8  E1      21  8  E1     642220 1 1 1 1 1 0   328.0  344.0
391  996.136080 2.016E-22 1.979E+01.10000.400 1351.58910.750.000000         V8+V12            V12 24 13  E1      25 13  E1     642220 1 1 1 1 1 0   392.0  408.0
391  996.164570 1.024E-21 2.350E+00.10000.400  542.22650.750.000000             V8         GROUND 20  7  A-      21  7  A-     642220 1 1 1 1 1 0   328.0  344.0
391  996.164570 3.386E-21 7.770E+00.10000.400  542.22650.750.000000             V8         GROUND 20  7  A+      21  7  A+     642220 1 1 1 1 1 0   328.0  344.0
391  996.176710 1.053E-21 4.505E+00.10000.400  625.74250.750.000000         V8+V12            V12 16  5  E2      17  5  E2     642220 1 1 1 1 1 0   264.0  280.0
391  996.185480 2.520E-21 2.270E+01.10000.400  833.39450.750.000000        V8+2V12           2V12 21  4  A-      22  4  A-     642220 1 1 1 1 1 0   344.0  360.0
391  996.185480 5.035E-22 4.536E+00.10000.400  833.39450.750.000000        V8+2V12           2V12 21  4  A+      22  4  A+     642220 1 1 1 1 1 0   344.0  360.0
391  996.186600 4.558E-21 4.879E+00.10000.400  385.33420.750.000000             V8         GROUND 20  1  A-      21  1  A-     642220 1 1 1 1 1 0   328.0  344.0
391  996.212780 2.452E-24 2.894E-01.10000.400 1397.74380.750.000000        V8+2V12           2V12 25 10  A+      26 10  A+     642220 1 1 1 1 1 0   408.0  424.0
391  996.216320 3.002E-22 6.073E+01.10000.400 1564.72170.750.000000        V8+2V12           2V12 33  7  E1      34  7  E1     642220 1 1 1 1 1 0   536.0  552.0
391  996.225900 7.011E-22 4.782E+00.10000.400  776.13220.750.000000        V8+2V12           2V12 21  1  E2      22  1  E2     642220 1 1 1 1 1 0   344.0  360.0
391  996.246440 3.858E-25 1.503E-03.10000.400  414.78830.750.000000             V6           2V12  6  1  E2       7  1  E2     642220 1 1 1 1 1 0   104.0  120.0
391  996.268400 1.274E-21 6.743E+00.10000.400  714.12990.750.000000         V8+V12            V12 20  6  E2      21  6  E2     642220 1 1 1 1 1 0   328.0  344.0
391  996.272520 8.048E-26 6.347E-04.10000.400  484.22190.750.000000             V5           2V12  4  1  A-       3  1  A-     642220 1 1 1 1 1 0    72.0   56.0
391  996.276990 3.908E-21 6.218E+00.10000.400  466.84780.750.000000             V8         GROUND 20  5  E1      21  5  E1     642220 1 1 1 1 1 0   328.0  344.0
391  996.295370 3.383E-22 4.371E+00.10000.400  916.88490.750.000000        V8+2V12           2V12 22  1  A+      23  1  A+     642220 1 1 1 1 1 0   360.0  376.0
391  996.303220 1.557E-25 1.228E-03.10000.400  484.18580.750.000000             V5           2V12  4  1  A+       3  1  A+     642220 1 1 1 1 1 0    72.0   56.0
391  996.324110 1.529E-21 7.414E+00.10000.400  696.07350.750.000000         V8+V12            V12 20  6  A-      21  6  A-     642220 1 1 1 1 1 0   328.0  344.0
391  996.324110 8.948E-22 4.339E+00.10000.400  696.07350.750.000000         V8+V12            V12 20  6  A+      21  6  A+     642220 1 1 1 1 1 0   328.0  344.0
391  996.339060 5.877E-21 6.482E+00.10000.400  391.44440.750.000000             V8         GROUND 20  2  E2      21  2  E2     642220 1 1 1 1 1 0   328.0  344.0
391  996.357360 2.215E-21 6.116E+00.10000.400  580.20700.750.000000         V8+V12            V12 20  0  E1      21  0  E1     642220 1 1 1 1 1 0   328.0  344.0
391  996.421790 6.213E-21 6.227E+00.10000.400  371.69590.750.000000             V8         GROUND 20  0  A+      21  0  A+     642220 1 1 1 1 1 0   328.0  344.0
391  996.436030 1.622E-21 5.054E+00.10000.400  605.05950.750.000000             V8         GROUND 20  8  E1      21  8  E1     642220 1 1 1 1 1 0   328.0  344.0
391  996.445000 1.538E-22 1.212E+00.10000.400  774.77440.750.000000         V8+V12            V12 18  8  E2      19  8  E2     642220 1 1 1 1 1 0   296.0  312.0
391  996.445410 5.306E-22 1.578E+00.10000.400  614.63490.750.000000             V7         GROUND 22  6  A+      23  7  A+     642220 1 1 1 1 1 0   360.0  376.0
391  996.445410 5.682E-22 1.690E+00.10000.400  614.63490.750.000000             V7         GROUND 22  6  A-      23  7  A-     642220 1 1 1 1 1 0   360.0  376.0
391  996.488190 8.114E-23 6.182E+00.10000.400 1299.36170.750.000000         V8+V12            V12 24 13  A-      25 13  A-     642220 1 1 1 1 1 0   392.0  408.0
391  996.488190 8.852E-23 6.745E+00.10000.400 1299.36170.750.000000         V8+V12            V12 24 13  A+      25 13  A+     642220 1 1 1 1 1 0   392.0  408.0
391  996.488800 6.558E-21 6.831E+00.10000.400  379.61120.750.000000             V8         GROUND 20  0  E1      21  0  E1     642220 1 1 1 1 1 0   328.0  344.0
391  996.489370 2.531E-22 2.335E+00.10000.400  828.37810.750.000000        V8+2V12           2V12 20  3  A-      21  3  A-     642220 1 1 1 1 1 0   328.0  344.0
391  996.489370 2.545E-22 2.348E+00.10000.400  828.37820.750.000000        V8+2V12           2V12 20  3  A+      21  3  A+     642220 1 1 1 1 1 0   328.0  344.0
391  996.493030 2.157E-21 5.220E+00.10000.400  553.05400.750.000000             V8         GROUND 20  7  E2      21  7  E2     642220 1 1 1 1 1 0   328.0  344.0
391  996.506130 4.709E-21 6.372E+00.10000.400  433.42130.750.000000             V8         GROUND 20  4  E2      21  4  E2     642220 1 1 1 1 1 0   328.0  344.0
391  996.519260 1.341E-21 5.533E+00.10000.400  662.78360.750.000000             V8         GROUND 20  9  A-      21  9  A-     642220 1 1 1 1 1 0   328.0  344.0
391  996.519260 1.387E-21 5.723E+00.10000.400  662.78360.750.000000             V8         GROUND 20  9  A+      21  9  A+     642220 1 1 1 1 1 0   328.0  344.0
391  996.535270 7.366E-22 6.038E+00.10000.400  813.79460.750.000000        V8+2V12           2V12 21  2  E1      22  2  E1     642220 1 1 1 1 1 0   344.0  360.0
391  996.536380 1.235E-21 5.114E+00.10000.400  663.53880.750.000000         V8+V12            V12 20  5  A-      21  5  A-     642220 1 1 1 1 1 0   328.0  344.0
391  996.536380 1.420E-21 5.881E+00.10000.400  663.53880.750.000000         V8+V12            V12 20  5  A+      21  5  A+     642220 1 1 1 1 1 0   328.0  344.0
391  996.558450 3.983E-23 3.069E+00.10000.400 1332.77790.750.000000         V8+V12            V12 28 10  E1      29 10  E1     642220 1 1 1 1 1 0   456.0  472.0
391  996.563880 1.328E-23 3.016E-01.10000.400 1041.74270.750.000000         V8+V12            V12 23 10  A+      24 10  A+     642220 1 1 1 1 1 0   376.0  392.0
391  996.563880 1.332E-23 3.025E-01.10000.400 1041.74270.750.000000         V8+V12            V12 23 10  A-      24 10  A-     642220 1 1 1 1 1 0   376.0  392.0
391  996.581780 5.612E-21 6.683E+00.10000.400  407.10770.750.000000             V8         GROUND 20  3  A-      21  3  A-     642220 1 1 1 1 1 0   328.0  344.0
391  996.583600 1.738E-21 4.656E+00.10000.400  573.89310.750.000000         V8+V12            V12 20  1  E1      21  1  E1     642220 1 1 1 1 1 0   328.0  344.0
391  996.585280 6.279E-21 7.432E+00.10000.400  405.87410.750.000000             V8         GROUND 20  3  E1      21  3  E1     642220 1 1 1 1 1 0   328.0  344.0
391  996.597070 7.599E-21 7.894E+00.10000.400  379.00840.750.000000             V8         GROUND 20  1  A+      21  1  A+     642220 1 1 1 1 1 0   328.0  344.0
391  996.599770 4.390E-21 5.226E+00.10000.400  407.02620.750.000000             V8         GROUND 20  3  A+      21  3  A+     642220 1 1 1 1 1 0   328.0  344.0
391  996.610780 3.708E-22 3.738E+00.10000.400  846.55050.750.000000         V8+V12            V12 20  9  A-      21  9  A-     642220 1 1 1 1 1 0   328.0  344.0
391  996.610780 4.069E-22 4.102E+00.10000.400  846.55050.750.000000         V8+V12            V12 20  9  A+      21  9  A+     642220 1 1 1 1 1 0   328.0  344.0
391  996.660440 5.855E-21 6.362E+00.10000.400  388.22730.750.000000             V8         GROUND 20  2  E1      21  2  E1     642220 1 1 1 1 1 0   328.0  344.0
391  996.673030 1.016E-21 3.470E+00.10000.400  623.82160.750.000000         V8+V12            V12 20  4  E1      21  4  E1     642220 1 1 1 1 1 0   328.0  344.0
391  996.673030 3.063E-21 8.409E+00.10000.400  578.91910.750.000000         V8+V12            V12 20  2  A-      21  2  A-     642220 1 1 1 1 1 0   328.0  344.0
391  996.684880 2.163E-21 5.937E+00.10000.400  578.86680.750.000000         V8+V12            V12 20  2  A+      21  2  A+     642220 1 1 1 1 1 0   328.0  344.0
391  996.701030 1.928E-21 5.739E+00.10000.400  595.52660.750.000000         V8+V12            V12 20  3  E2      21  3  E2     642220 1 1 1 1 1 0   328.0  344.0
391  996.704530 9.412E-22 5.292E+00.10000.400  726.39020.750.000000             V8         GROUND 20 10  E1      21 10  E1     642220 1 1 1 1 1 0   328.0  344.0
391  996.730890 1.812E-21 2.393E+00.10000.400  428.32770.750.000000             V8         GROUND 20  4  A+      21  4  A+     642220 1 1 1 1 1 0   328.0  344.0
391  996.731300 2.792E-21 5.136E+00.10000.400  496.52240.750.000000             V8         GROUND 20  6  E1      21  6  E1     642220 1 1 1 1 1 0   328.0  344.0
391  996.731300 8.525E-22 4.992E+00.10000.400  734.72970.750.000000         V8+V12            V12 20  7  E2      21  7  E2     642220 1 1 1 1 1 0   328.0  344.0
391  996.733680 8.624E-21 1.139E+01.10000.400  428.32400.750.000000             V8         GROUND 20  4  A-      21  4  A-     642220 1 1 1 1 1 0   328.0  344.0
391  996.754810 8.349E-24 2.546E-01.10000.400 1102.29890.750.000000         V8+V12            V12 23 11  E1      24 11  E1     642220 1 1 1 1 1 0   376.0  392.0
391  996.799700 1.702E-22 1.212E+00.10000.400  774.98090.750.000000         V8+V12            V12 20  7  E1      21  7  E1     642220 1 1 1 1 1 0   328.0  344.0
391  996.811580 8.004E-22 2.092E+00.10000.400  524.05380.750.000000         V7+V12            V12 16  1  E1      17  2  E1     642220 1 1 1 1 1 0   264.0  280.0
391  996.815490 2.220E-22 1.010E+01.10000.400 1201.45630.750.000000        V8+2V12           2V12 25  8  E2      26  8  E2     642220 1 1 1 1 1 0   408.0  424.0
391  996.821250 1.437E-21 5.368E+00.10000.400  609.66130.750.000000         V8+V12            V12 17  4  A+      18  4  A+     642220 1 1 1 1 1 0   280.0  296.0
391  996.821250 1.511E-21 5.644E+00.10000.400  609.66130.750.000000         V8+V12            V12 17  4  A-      18  4  A-     642220 1 1 1 1 1 0   280.0  296.0
391  996.831720 6.689E-21 6.827E+00.10000.400  375.28420.750.000000             V8         GROUND 20  1  E2      21  1  E2     642220 1 1 1 1 1 0   328.0  344.0
391  996.843580 8.625E-24 1.998E-01.10000.400  898.68440.750.000000        V8+2V12           2V12 11 11  A-      12 11  A-     642220 1 1 1 1 1 0   184.0  200.0
391  996.843580 9.249E-24 2.143E-01.10000.400  898.68440.750.000000        V8+2V12           2V12 11 11  A+      12 11  A+     642220 1 1 1 1 1 0   184.0  200.0
391  996.888750 3.657E-22 6.569E+00.10000.400  965.25150.750.000000             V8         GROUND 20 13  A-      21 13  A-     642220 1 1 1 1 1 0   328.0  344.0
391  996.888750 4.180E-22 7.508E+00.10000.400  965.25150.750.000000             V8         GROUND 20 13  A+      21 13  A+     642220 1 1 1 1 1 0   328.0  344.0
391  996.933630 1.792E-22 3.835E+00.10000.400 1011.06650.750.000000        V8+2V12           2V12 21  5  A-      22  5  A-     642220 1 1 1 1 1 0   344.0  360.0
391  996.933630 1.851E-22 3.961E+00.10000.400 1011.06650.750.000000        V8+2V12           2V12 21  5  A+      22  5  A+     642220 1 1 1 1 1 0   344.0  360.0
391  996.954920 1.394E-23 2.001E-01.10000.400  919.07640.750.000000         V8+V12            V12 20 10  E1      21 10  E1     642220 1 1 1 1 1 0   328.0  344.0
391  996.956040 7.533E-22 6.009E+00.10000.400  798.24370.750.000000             V8         GROUND 20 11  E1      21 11  E1     642220 1 1 1 1 1 0   328.0  344.0
391  996.973880 6.475E-22 5.115E+00.10000.400  796.22640.750.000000             V8         GROUND 20 11  E1      21 11  E1     642220 1 1 1 1 1 0   328.0  344.0
391  997.019660 1.049E-21 5.831E+00.10000.400  723.88940.750.000000             V8         GROUND 20 10  A+      21 10  A+     642220 1 1 1 1 1 0   328.0  344.0
391  997.019660 1.199E-21 6.664E+00.10000.400  723.88940.750.000000             V8         GROUND 20 10  A-      21 10  A-     642220 1 1 1 1 1 0   328.0  344.0
391  997.025010 6.126E-22 9.383E-01.10000.400  437.59610.750.000000             V7         GROUND 18  5  E2      19  6  E2     642220 1 1 1 1 1 0   296.0  312.0
391  997.063710 1.106E-22 3.326E-01.10000.400  478.56760.750.000000             V6           2V12 11  0  A+      12  0  A+     642220 1 1 1 1 1 0   184.0  200.0
391  997.082040 2.418E-22 1.235E+00.10000.400  685.26150.750.000000             V6            V12 18  5  E2      19  5  E2     642220 1 1 1 1 1 0   296.0  312.0
391  997.084400 6.428E-23 7.094E-01.10000.400  893.07380.750.000000         V8+V12            V12 23  6  E1      24  6  E1     642220 1 1 1 1 1 0   376.0  392.0
391  997.129490 7.810E-23 1.343E+00.10000.400  956.20320.750.000000             V8         GROUND 20 13  E1      21 13  E1     642220 1 1 1 1 1 0   328.0  344.0
391  997.136820 2.447E-21 5.726E+00.10000.400  545.84610.750.000000             V8         GROUND 20  7  E1      21  7  E1     642220 1 1 1 1 1 0   328.0  344.0
391  997.147370 1.358E-21 5.433E+00.10000.400  656.18140.750.000000             V8         GROUND 20  9  E1      21  9  E1     642220 1 1 1 1 1 0   328.0  344.0
391  997.172360 2.099E-21 4.064E+00.10000.400  506.87310.750.000000             V8         GROUND 20  6  A+      21  6  A+     642220 1 1 1 1 1 0   328.0  344.0
391  997.172360 2.874E-21 5.565E+00.10000.400  506.87310.750.000000             V8         GROUND 20  6  A-      21  6  A-     642220 1 1 1 1 1 0   328.0  344.0
391  997.240590 4.828E-22 5.139E+00.10000.400  847.19330.750.000000         V8+V12            V12 19  9  E1      20  9  E1     642220 1 1 1 1 1 0   312.0  328.0
391  997.249410 1.685E-21 5.013E+00.10000.400  595.21720.750.000000             V8         GROUND 20  8  A+      21  8  A+     642220 1 1 1 1 1 0   328.0  344.0
391  997.249410 2.319E-21 6.899E+00.10000.400  595.21720.750.000000             V8         GROUND 20  8  A-      21  8  A-     642220 1 1 1 1 1 0   328.0  344.0
391  997.261000 8.507E-23 8.938E-01.10000.400  899.68590.750.000000             V6            V12 25  4  A+      26  4  A-     642220 1 1 1 1 1 0   408.0  424.0
391  997.261000 9.035E-23 9.493E-01.10000.400  899.68600.750.000000             V6            V12 25  4  A-      26  4  A+     642220 1 1 1 1 1 0   408.0  424.0
391  997.263000 4.073E-22 4.669E+00.10000.400  872.70700.750.000000             V8         GROUND 20 12  A+      21 12  A+     642220 1 1 1 1 1 0   328.0  344.0
391  997.263000 4.357E-22 4.995E+00.10000.400  872.70700.750.000000             V8         GROUND 20 12  A-      21 12  A-     642220 1 1 1 1 1 0   328.0  344.0
391  997.266770 8.453E-23 3.100E-01.10000.400  627.92820.750.000000             V6           2V12 19  0  A+      18  0  A+     642220 1 1 1 1 1 0   312.0  296.0
391  997.277300 2.023E-21 6.196E+00.10000.400  590.87630.750.000000         V8+V12            V12 19  2  E2      20  2  E2     642220 1 1 1 1 1 0   312.0  328.0
391  997.308270 4.048E-23 1.919E+00.10000.400 1120.13240.750.000000        V8+2V12           2V12 16 12  E1      17 12  E1     642220 1 1 1 1 1 0   264.0  280.0
391  997.312900 2.526E-21 4.816E+00.10000.400  503.62600.750.000000             V8         GROUND 20  6  E2      21  6  E2     642220 1 1 1 1 1 0   328.0  344.0
391  997.318850 1.039E-22 1.978E+00.10000.400  996.21300.750.000000         V8+V12            V12 22  9  E2      23  9  E2     642220 1 1 1 1 1 0   360.0  376.0
391  997.324610 5.043E-22 3.271E+00.10000.400  722.95660.750.000000             V5           2V12 17  2  E2      18  2  E2     642220 1 1 1 1 1 0   280.0  296.0
391  997.333490 4.278E-22 3.830E+00.10000.400  811.51520.750.000000         V8+V12            V12 19  8  A-      20  8  A-     642220 1 1 1 1 1 0   312.0  328.0
391  997.333490 5.149E-22 4.609E+00.10000.400  811.51520.750.000000         V8+V12            V12 19  8  A+      20  8  A+     642220 1 1 1 1 1 0   312.0  328.0
391  997.347950 9.201E-22 2.609E+00.10000.400  540.61230.750.000000         V8+V12            V12 16  0  A+      17  0  A+     642220 1 1 1 1 1 0   264.0  280.0
391  997.365580 5.013E-22 2.506E+00.10000.400  630.71380.750.000000         V8+V12            V12 14  7  A-      15  7  A-     642220 1 1 1 1 1 0   232.0  248.0
391  997.365580 5.730E-22 2.865E+00.10000.400  630.71380.750.000000         V8+V12            V12 14  7  A+      15  7  A+     642220 1 1 1 1 1 0   232.0  248.0
391  997.367800 7.375E-22 4.471E+00.10000.400  769.69590.750.000000             V6            V12 23  1  E2      24  1  E2     642220 1 1 1 1 1 0   376.0  392.0
391  997.369950 1.473E-21 5.187E+00.10000.400  619.56810.750.000000         V8+V12            V12 19  4  E2      20  4  E2     642220 1 1 1 1 1 0   312.0  328.0
391  997.390690 1.807E-21 5.386E+00.10000.400  595.52060.750.000000             V8         GROUND 20  8  E2      21  8  E2     642220 1 1 1 1 1 0   328.0  344.0
391  997.399380 1.527E-21 5.989E+00.10000.400  652.01260.750.000000             V8         GROUND 20  9  E2      21  9  E2     642220 1 1 1 1 1 0   328.0  344.0
391  997.402580 3.197E-21 4.367E+00.10000.400  424.71320.750.000000             V8         GROUND 19  5  E2      20  5  E2     642220 1 1 1 1 1 0   312.0  328.0
391  997.441610 4.011E-23 4.738E-01.10000.400  878.81560.750.000000             V8         GROUND 20 12  E1      21 12  E1     642220 1 1 1 1 1 0   328.0  344.0
391  997.459210 1.517E-21 3.653E+00.10000.400  480.37670.750.000000         V8+V12            V12 14  1  E2      15  1  E2     642220 1 1 1 1 1 0   232.0  248.0
391  997.494240 1.568E-23 3.387E-01.10000.400 1002.94970.750.000000         V8+V12            V12 20 11  E1      21 11  E1     642220 1 1 1 1 1 0   328.0  344.0
391  997.513180 1.774E-21 5.849E+00.10000.400  595.12720.750.000000         V8+V12            V12 18  3  E1      19  3  E1     642220 1 1 1 1 1 0   296.0  312.0
391  997.521290 1.155E-22 1.693E+00.10000.400  959.89510.750.000000         V7+V12            V12 24  7  A+      25  7  A+     642220 1 1 1 1 1 0   392.0  408.0
391  997.521290 9.830E-23 1.441E+00.10000.400  959.89510.750.000000         V7+V12            V12 24  7  A-      25  7  A-     642220 1 1 1 1 1 0   392.0  408.0
391  997.537000 8.381E-22 1.306E+00.10000.400  440.86400.750.000000             V7         GROUND 18  5  A-      19  6  A-     642220 1 1 1 1 1 0   296.0  312.0
391  997.537000 8.603E-22 1.340E+00.10000.400  440.86400.750.000000             V7         GROUND 18  5  A+      19  6  A+     642220 1 1 1 1 1 0   296.0  312.0
391  997.561660 7.786E-22 5.930E+00.10000.400  788.46570.750.000000             V8         GROUND 20 11  A-      21 11  A-     642220 1 1 1 1 1 0   328.0  344.0
391  997.561660 8.097E-22 6.167E+00.10000.400  788.46570.750.000000             V8         GROUND 20 11  A+      21 11  A+     642220 1 1 1 1 1 0   328.0  344.0
391  997.572690 2.043E-21 2.926E+00.10000.400  434.36430.750.000000             V8         GROUND 19  5  A+      20  5  A+     642220 1 1 1 1 1 0   312.0  328.0
391  997.572690 6.171E-21 8.837E+00.10000.400  434.36430.750.000000             V8         GROUND 19  5  A-      20  5  A-     642220 1 1 1 1 1 0   312.0  328.0
391  997.623280 1.083E-21 3.076E+00.10000.400  552.99350.750.000000         V8+V12            V12 17  2  E1      18  2  E1     642220 1 1 1 1 1 0   280.0  296.0
391  997.637300 8.638E-22 9.694E+00.10000.400  868.18560.750.000000             V8         GROUND 20 12  E1      21 12  E1     642220 1 1 1 1 1 0   328.0  344.0
391  997.637970 1.218E-22 2.582E+00.10000.400  999.05240.750.000000        V8+2V12           2V12 20  8  A+      21  8  A+     642220 1 1 1 1 1 0   328.0  344.0
391  997.637970 1.309E-22 2.775E+00.10000.400  999.05240.750.000000        V8+2V12           2V12 20  8  A-      21  8  A-     642220 1 1 1 1 1 0   328.0  344.0
391  997.653680 1.097E-23 4.738E-01.10000.400 1173.54730.750.000000         V8+V12            V12 23 12  E1      24 12  E1     642220 1 1 1 1 1 0   376.0  392.0
391  997.664750 9.815E-22 5.472E+00.10000.400  724.23460.750.000000        V8+2V12           2V12 20  0  A+      21  0  A+     642220 1 1 1 1 1 0   328.0  344.0
391  997.672350 1.736E-22 2.350E+00.10000.400  916.51370.750.000000        V8+2V12           2V12 21  0  E1      22  0  E1     642220 1 1 1 1 1 0   344.0  360.0
391  997.672610 9.733E-23 4.435E+00.10000.400 1231.33370.750.000000        V8+2V12           2V12 29  6  E1      30  6  E1     642220 1 1 1 1 1 0   472.0  488.0
391  997.682800 2.595E-22 2.452E+00.10000.400  885.57450.750.000000         V7+V12            V12 26  2  E1      27  2  E1     642220 1 1 1 1 1 0   424.0  440.0
391  997.711950 8.942E-22 1.627E+00.10000.400  503.61490.750.000000             V7         GROUND 21  4  A-      22  5  A-     642220 1 1 1 1 1 0   344.0  360.0
391  997.713570 1.654E-22 3.009E-01.10000.400  503.61480.750.000000             V7         GROUND 21  4  A+      22  5  A+     642220 1 1 1 1 1 0   344.0  360.0
391  997.733360 9.521E-22 5.110E+00.10000.400  716.40340.750.000000             V8         GROUND 20 10  E1      21 10  E1     642220 1 1 1 1 1 0   328.0  344.0
391  997.769610 1.128E-22 1.899E+00.10000.400  961.40620.750.000000        V8+2V12           2V12 21  1  E1      22  1  E1     642220 1 1 1 1 1 0   344.0  360.0
391  997.772720 4.754E-22 3.335E+01.10000.400 1339.94610.750.000000        V8+2V12           2V12 32  5  E2      33  5  E2     642220 1 1 1 1 1 0   520.0  536.0
391  997.782700 1.060E-23 1.819E-01.10000.400  955.45910.750.000000             V8         GROUND 20 13  E1      21 13  E1     642220 1 1 1 1 1 0   328.0  344.0
391  997.790320 3.629E-23 2.215E+00.10000.400 1253.21430.750.000000        V8+2V12           2V12 24  9  E2      25  9  E2     642220 1 1 1 1 1 0   392.0  408.0
391  997.792050 2.485E-21 6.684E+00.10000.400  563.94560.750.000000         V8+V12            V12 19  1  A-      20  1  A-     642220 1 1 1 1 1 0   312.0  328.0
391  997.812100 1.432E-24 9.563E-03.10000.400  490.66290.750.000000             V5           2V12  5  1  A-       4  1  A-     642220 1 1 1 1 1 0    88.0   72.0
391  997.831430 6.193E-21 6.884E+00.10000.400  382.15530.750.000000             V8         GROUND 19  3  E2      20  3  E2     642220 1 1 1 1 1 0   312.0  328.0
391  997.842640 1.405E-21 1.194E+01.10000.400  820.66710.750.000000         V8+V12            V12 21  6  E1      22  8  E1     642220 1 1 1 1 1 0   344.0  360.0
391  997.842820 8.111E-23 2.145E-01.10000.400  513.27310.750.000000         V7+V12            V12 15  2  A+      16  0  A+     642220 1 1 1 1 1 0   248.0  264.0
391  997.843070 1.188E-22 3.142E-01.10000.400  513.27310.750.000000         V7+V12            V12 15  2  A+      16  0  A+     642220 1 1 1 1 1 0   248.0  264.0
391  997.869160 9.315E-23 4.074E-01.10000.400  403.53680.750.000000             V6           2V12  5  1  E2       6  1  E2     642220 1 1 1 1 1 0    88.0  104.0
391  997.869520 1.354E-22 9.041E-01.10000.400  490.60270.750.000000             V5           2V12  5  1  A+       4  1  A+     642220 1 1 1 1 1 0    88.0   72.0
391  997.874130 5.420E-21 6.742E+00.10000.400  405.27660.750.000000             V8         GROUND 19  4  E1      20  4  E1     642220 1 1 1 1 1 0   312.0  328.0
391  997.883830 6.722E-21 6.877E+00.10000.400  365.05050.750.000000             V8         GROUND 19  2  A+      20  2  A+     642220 1 1 1 1 1 0   312.0  328.0
391  997.898530 9.465E-22 1.643E+00.10000.400  493.97120.750.000000           3V12         GROUND 21  5  E2      22  5  E2     642220 1 1 1 1 1 0   344.0  360.0
391  997.911990 1.724E-21 6.597E+00.10000.400  636.43990.750.000000         V8+V12            V12 19  5  E1      20  5  E1     642220 1 1 1 1 1 0   312.0  328.0
391  997.938620 2.684E-21 7.198E+00.10000.400  563.28080.750.000000         V8+V12            V12 19  1  A+      20  1  A+     642220 1 1 1 1 1 0   312.0  328.0
391  997.942000 6.443E-22 2.578E+00.10000.400  598.39470.750.000000         V8+V12            V12 15  5  E2      16  5  E2     642220 1 1 1 1 1 0   248.0  264.0
391  997.947710 3.837E-22 1.498E+01.10000.400 1143.67590.750.000000        V8+2V12           2V12 22 10  E1      23 10  E1     642220 1 1 1 1 1 0   360.0  376.0
391  997.950340 6.201E-21 6.328E+00.10000.400  364.51200.750.000000             V8         GROUND 19  2  A-      20  2  A-     642220 1 1 1 1 1 0   312.0  328.0
391  997.963960 2.468E-21 7.600E+00.10000.400  580.90190.750.000000         V8+V12            V12 18  3  A+      19  3  A+     642220 1 1 1 1 1 0   296.0  312.0
391  997.963960 2.523E-21 7.770E+00.10000.400  580.90260.750.000000         V8+V12            V12 18  3  A-      19  3  A-     642220 1 1 1 1 1 0   296.0  312.0
391  997.973050 3.342E-22 6.937E-01.10000.400  557.54140.750.000000             V7         GROUND 24  4  E1      25  3  E1     642220 1 1 1 1 1 0   392.0  408.0
391  997.979570 6.041E-22 4.940E+00.10000.400  802.93940.750.000000        V8+2V12           2V12 20  3  E1      21  3  E1     642220 1 1 1 1 1 0   328.0  344.0
391  997.985590 8.590E-24 2.936E-01.10000.400 1097.17000.750.000000         V8+V12            V12 20 12  A+      21 12  A+     642220 1 1 1 1 1 0   328.0  344.0
391  997.985590 8.756E-24 2.993E-01.10000.400 1097.17000.750.000000         V8+V12            V12 20 12  A-      21 12  A-     642220 1 1 1 1 1 0   328.0  344.0
391  997.992930 4.128E-23 1.001E+01.10000.400 1552.99950.750.000000        V8+2V12           2V12 26 11  E1      27 11  E1     642220 1 1 1 1 1 0   424.0  440.0
391  997.995480 4.162E-22 4.756E+00.10000.400  881.56740.750.000000        V8+2V12           2V12 21  1  A-      22  1  A-     642220 1 1 1 1 1 0   344.0  360.0
391  998.012890 7.000E-21 6.767E+00.10000.400  353.34070.750.000000             V8         GROUND 19  1  E1      20  1  E1     642220 1 1 1 1 1 0   312.0  328.0
391  998.026410 1.548E-22 4.460E+00.10000.400 1071.80350.750.000000        V8+2V12           2V12 21  6  A+      22  6  A+     642220 1 1 1 1 1 0   344.0  360.0
391  998.026410 1.597E-22 4.601E+00.10000.400 1071.80350.750.000000        V8+2V12           2V12 21  6  A-      22  6  A-     642220 1 1 1 1 1 0   344.0  360.0
391  998.059290 1.428E-23 1.207E+00.10000.400 1311.55350.750.000000         V8+V12            V12 23 13  E1      24 13  E1     642220 1 1 1 1 1 0   376.0  392.0
391  998.148440 3.285E-21 6.750E+00.10000.400  508.42610.750.000000             V8         GROUND 19  7  A-      20  7  A-     642220 1 1 1 1 1 0   312.0  328.0
391  998.148440 4.068E-21 8.359E+00.10000.400  508.42610.750.000000             V8         GROUND 19  7  A+      20  7  A+     642220 1 1 1 1 1 0   312.0  328.0
391  998.150270 5.242E-21 5.018E+00.10000.400  351.28660.750.000000             V8         GROUND 19  1  A-      20  1  A-     642220 1 1 1 1 1 0   312.0  328.0
391  998.186810 6.773E-22 1.767E+00.10000.400  577.62980.750.000000             V7         GROUND 21  6  A+      22  7  A+     642220 1 1 1 1 1 0   344.0  360.0
391  998.186810 7.149E-22 1.865E+00.10000.400  577.62980.750.000000             V7         GROUND 21  6  A-      22  7  A-     642220 1 1 1 1 1 0   344.0  360.0
391  998.203740 7.586E-22 6.062E+00.10000.400  798.09610.750.000000        V8+2V12           2V12 20  4  A+      21  4  A+     642220 1 1 1 1 1 0   328.0  344.0
391  998.203740 8.424E-22 6.732E+00.10000.400  798.09610.750.000000        V8+2V12           2V12 20  4  A-      21  4  A-     642220 1 1 1 1 1 0   328.0  344.0
391  998.247400 6.602E-22 4.422E+00.10000.400  751.49530.750.000000         V8+V12            V12 19  8  E1      20  8  E1     642220 1 1 1 1 1 0   312.0  328.0
391  998.247590 4.870E-21 6.938E+00.10000.400  433.03770.750.000000             V8         GROUND 19  5  E1      20  5  E1     642220 1 1 1 1 1 0   312.0  328.0
391  998.254960 1.240E-21 7.502E+00.10000.400  740.82750.750.000000        V8+2V12           2V12 20  1  E2      21  1  E2     642220 1 1 1 1 1 0   328.0  344.0
391  998.254960 1.332E-21 6.316E+00.10000.400  680.42250.750.000000         V8+V12            V12 19  6  E2      20  6  E2     642220 1 1 1 1 1 0   312.0  328.0
391  998.272250 1.538E-23 5.568E-01.10000.400 1161.68180.750.000000        V8+2V12           2V12 26  7  A-      27  7  A-     642220 1 1 1 1 1 0   424.0  440.0
391  998.272250 1.700E-23 6.154E-01.10000.400 1161.68180.750.000000        V8+2V12           2V12 26  7  A+      27  7  A+     642220 1 1 1 1 1 0   424.0  440.0
391  998.293150 1.114E-22 8.028E-01.10000.400  744.25840.750.000000         V8+V12            V12 17  8  E2      18  8  E2     642220 1 1 1 1 1 0   280.0  296.0
391  998.293450 9.071E-22 1.030E+01.10000.400  880.06020.750.000000        V8+2V12           2V12 21  1  A+      22  1  A+     642220 1 1 1 1 1 0   344.0  360.0
391  998.326790 6.781E-21 6.691E+00.10000.400  357.43060.750.000000             V8         GROUND 19  2  E2      20  2  E2     642220 1 1 1 1 1 0   312.0  328.0
391  998.340930 1.533E-21 6.663E+00.10000.400  662.45890.750.000000         V8+V12            V12 19  6  A+      20  6  A+     642220 1 1 1 1 1 0   312.0  328.0
391  998.340930 1.577E-21 6.854E+00.10000.400  662.45890.750.000000         V8+V12            V12 19  6  A-      20  6  A-     642220 1 1 1 1 1 0   312.0  328.0
391  998.340930 2.388E-21 5.907E+00.10000.400  546.49180.750.000000         V8+V12            V12 19  0  E1      20  0  E1     642220 1 1 1 1 1 0   312.0  328.0
391  998.353770 1.034E-22 6.774E+00.10000.400 1258.97070.750.000000         V8+V12            V12 23 13  A-      24 13  A-     642220 1 1 1 1 1 0   376.0  392.0
391  998.353770 1.060E-22 6.945E+00.10000.400 1258.97070.750.000000         V8+V12            V12 23 13  A+      24 13  A+     642220 1 1 1 1 1 0   376.0  392.0
391  998.373710 7.571E-21 6.797E+00.10000.400  337.98870.750.000000             V8         GROUND 19  0  A+      20  0  A+     642220 1 1 1 1 1 0   312.0  328.0
391  998.376290 2.062E-21 5.753E+00.10000.400  571.26000.750.000000             V8         GROUND 19  8  E1      20  8  E1     642220 1 1 1 1 1 0   312.0  328.0
391  998.398460 1.125E-23 7.990E-01.10000.400 1307.90120.750.000000        V8+2V12           2V12 27  9  E1      28  9  E1     642220 1 1 1 1 1 0   440.0  456.0
391  998.421980 8.045E-21 7.513E+00.10000.400  346.07280.750.000000             V8         GROUND 19  0  E1      20  0  E1     642220 1 1 1 1 1 0   312.0  328.0
391  998.426450 2.798E-21 6.063E+00.10000.400  519.25060.750.000000             V8         GROUND 19  7  E2      20  7  E2     642220 1 1 1 1 1 0   312.0  328.0
391  998.438040 2.268E-22 1.875E+00.10000.400  794.67940.750.000000        V8+2V12           2V12 19  3  A+      20  3  A+     642220 1 1 1 1 1 0   312.0  328.0
391  998.438040 5.660E-22 4.679E+00.10000.400  794.67940.750.000000        V8+2V12           2V12 19  3  A-      20  3  A-     642220 1 1 1 1 1 0   312.0  328.0
391  998.463710 1.882E-21 6.953E+00.10000.400  628.99000.750.000000             V8         GROUND 19  9  A-      20  9  A-     642220 1 1 1 1 1 0   312.0  328.0
391  998.463710 1.892E-21 6.990E+00.10000.400  628.99000.750.000000             V8         GROUND 19  9  A+      20  9  A+     642220 1 1 1 1 1 0   312.0  328.0
391  998.466510 4.571E-21 5.538E+00.10000.400  399.60380.750.000000             V8         GROUND 19  4  E2      20  4  E2     642220 1 1 1 1 1 0   312.0  328.0
391  998.466890 6.424E-23 6.475E+00.10000.400 1356.10940.750.000000        V8+2V12           2V12 24 10  A+      25 10  A+     642220 1 1 1 1 1 0   392.0  408.0
391  998.466890 6.585E-23 6.637E+00.10000.400 1356.10940.750.000000        V8+2V12           2V12 24 10  A-      25 10  A-     642220 1 1 1 1 1 0   392.0  408.0
391  998.481020 2.255E-23 1.443E+00.10000.400 1286.35230.750.000000         V8+V12            V12 27 10  E1      28 10  E1     642220 1 1 1 1 1 0   440.0  456.0
391  998.528190 1.720E-21 6.381E+00.10000.400  629.82360.750.000000         V8+V12            V12 19  5  A-      20  5  A-     642220 1 1 1 1 1 0   312.0  328.0
391  998.528190 1.751E-21 6.496E+00.10000.400  629.82360.750.000000         V8+V12            V12 19  5  A+      20  5  A+     642220 1 1 1 1 1 0   312.0  328.0
391  998.547070 7.888E-21 7.348E+00.10000.400  345.52140.750.000000             V8         GROUND 19  1  A+      20  1  A+     642220 1 1 1 1 1 0   312.0  328.0
391  998.548060 6.945E-22 5.049E+00.10000.400  778.49130.750.000000        V8+2V12           2V12 20  2  E1      21  2  E1     642220 1 1 1 1 1 0   328.0  344.0
391  998.554430 6.509E-21 6.939E+00.10000.400  373.25870.750.000000             V8         GROUND 19  3  A-      20  3  A-     642220 1 1 1 1 1 0   312.0  328.0
391  998.563380 7.051E-21 7.471E+00.10000.400  371.99030.750.000000             V8         GROUND 19  3  E1      20  3  E1     642220 1 1 1 1 1 0   312.0  328.0
391  998.568160 5.786E-21 6.167E+00.10000.400  373.19740.750.000000             V8         GROUND 19  3  A+      20  3  A+     642220 1 1 1 1 1 0   312.0  328.0
391  998.571900 2.984E-21 7.161E+00.10000.400  540.17510.750.000000         V8+V12            V12 19  1  E1      20  1  E1     642220 1 1 1 1 1 0   312.0  328.0
391  998.582470 9.190E-22 5.862E+00.10000.400  741.28650.750.000000         V8+V12            V12 19  7  E1      20  7  E1     642220 1 1 1 1 1 0   312.0  328.0
391  998.622470 1.925E-21 6.648E+00.10000.400  580.66740.750.000000         V8+V12            V12 16  4  A+      17  4  A+     642220 1 1 1 1 1 0   264.0  280.0
391  998.622470 2.477E-21 8.554E+00.10000.400  580.66740.750.000000         V8+V12            V12 16  4  A-      17  4  A-     642220 1 1 1 1 1 0   264.0  280.0
391  998.625840 5.964E-21 5.802E+00.10000.400  354.38670.750.000000             V8         GROUND 19  2  E1      20  2  E1     642220 1 1 1 1 1 0   312.0  328.0
391  998.629580 1.621E-22 3.962E-01.10000.400  496.71900.750.000000         V7+V12            V12 15  1  E1      16  2  E1     642220 1 1 1 1 1 0   248.0  264.0
391  998.630800 7.009E-22 6.331E+00.10000.400  812.83600.750.000000         V8+V12            V12 19  9  A-      20  9  A-     642220 1 1 1 1 1 0   312.0  328.0
391  998.630800 7.944E-22 7.175E+00.10000.400  812.83600.750.000000         V8+V12            V12 19  9  A+      20  9  A+     642220 1 1 1 1 1 0   312.0  328.0
391  998.653750 1.184E-21 5.962E+00.10000.400  692.60350.750.000000             V8         GROUND 19 10  E1      20 10  E1     642220 1 1 1 1 1 0   312.0  328.0
391  998.664180 2.254E-21 6.896E+00.10000.400  590.10710.750.000000         V8+V12            V12 19  4  E1      20  4  E1     642220 1 1 1 1 1 0   312.0  328.0
391  998.664180 2.954E-21 7.265E+00.10000.400  545.19620.750.000000         V8+V12            V12 19  2  A-      20  2  A-     642220 1 1 1 1 1 0   312.0  328.0
391  998.674250 2.521E-21 6.199E+00.10000.400  545.15300.750.000000         V8+V12            V12 19  2  A+      20  2  A+     642220 1 1 1 1 1 0   312.0  328.0
391  998.691120 5.583E-25 1.680E-03.10000.400  459.28780.750.000000             V6           2V12 10  0  A+      11  0  A+     642220 1 1 1 1 1 0   168.0  184.0
391  998.691730 2.407E-21 6.418E+00.10000.400  561.80930.750.000000         V8+V12            V12 19  3  E2      20  3  E2     642220 1 1 1 1 1 0   312.0  328.0
391  998.695320 9.712E-23 1.918E+00.10000.400 1003.23360.750.000000         V8+V12            V12 22 10  A+      23 10  A+     642220 1 1 1 1 1 0   360.0  376.0
391  998.695320 9.743E-23 1.925E+00.10000.400 1003.23360.750.000000         V8+V12            V12 22 10  A-      23 10  A-     642220 1 1 1 1 1 0   360.0  376.0
391  998.710640 2.557E-21 3.023E+00.10000.400  394.47970.750.000000             V8         GROUND 19  4  A+      20  4  A+     642220 1 1 1 1 1 0   312.0  328.0
391  998.711400 9.452E-21 1.117E+01.10000.400  394.47720.750.000000             V8         GROUND 19  4  A-      20  4  A-     642220 1 1 1 1 1 0   312.0  328.0
391  998.717740 4.485E-21 7.388E+00.10000.400  462.71110.750.000000             V8         GROUND 19  6  E1      20  6  E1     642220 1 1 1 1 1 0   312.0  328.0
391  998.734130 1.169E-21 6.134E+00.10000.400  701.06360.750.000000         V8+V12            V12 19  7  E2      20  7  E2     642220 1 1 1 1 1 0   312.0  328.0
391  998.751210 1.837E-22 7.453E-01.10000.400  658.42990.750.000000             V6           2V12 20  0  A+      19  0  A+     642220 1 1 1 1 1 0   328.0  312.0
391  998.791750 7.651E-21 6.997E+00.10000.400  341.62210.750.000000             V8         GROUND 19  1  E2      20  1  E2     642220 1 1 1 1 1 0   312.0  328.0
391  998.831670 1.345E-21 1.883E+00.10000.400  406.99010.750.000000             V7         GROUND 17  5  E2      18  6  E2     642220 1 1 1 1 1 0   280.0  296.0
391  998.836700 1.776E-22 8.291E-01.10000.400  654.69820.750.000000             V6            V12 17  5  E2      18  5  E2     642220 1 1 1 1 1 0   280.0  296.0
391  998.850030 4.913E-22 7.904E+00.10000.400  931.49390.750.000000             V8         GROUND 19 13  A-      20 13  A-     642220 1 1 1 1 1 0   312.0  328.0
391  998.850030 4.926E-22 7.925E+00.10000.400  931.49390.750.000000             V8         GROUND 19 13  A+      20 13  A+     642220 1 1 1 1 1 0   312.0  328.0
391  998.873920 7.246E-23 1.922E+00.10000.400 1063.79540.750.000000         V8+V12            V12 22 11  E1      23 11  E1     642220 1 1 1 1 1 0   360.0  376.0
391  998.890390 1.379E-22 1.323E+00.10000.400  854.64950.750.000000         V8+V12            V12 22  6  E1      23  6  E1     642220 1 1 1 1 1 0   360.0  376.0
391  998.902270 3.077E-23 4.952E+00.10000.400 1510.32710.750.000000        V8+2V12           2V12 32  7  E1      33  7  E1     642220 1 1 1 1 1 0   520.0  536.0
391  998.913400 6.423E-22 4.589E+00.10000.400  764.47150.750.000000             V8         GROUND 19 11  E1      20 11  E1     642220 1 1 1 1 1 0   312.0  328.0
391  998.927180 7.496E-22 5.303E+00.10000.400  762.44910.750.000000             V8         GROUND 19 11  E1      20 11  E1     642220 1 1 1 1 1 0   312.0  328.0
391  998.940900 1.000E-26 1.898E-04.10000.400  975.78740.750.000000        V8+2V12           2V12 20  5  A-      21  5  A-     622220 1 1 1 1 1 0   328.0  344.0
391  998.945900 3.833E-22 0.000E+00.10000.400  333.33330.750.000000                                                            622220 1 1 1 1 1 0     0.0    0.0
391  998.945900 3.838E-22 0.000E+00.10000.400  333.33330.750.000000                                                            622220 1 1 1 1 1 0     0.0    0.0
391  998.969480 1.357E-22 1.745E+00.10000.400  885.39600.750.000000         V8+V12            V12 19 10  E1      20 10  E1     642220 1 1 1 1 1 0   312.0  328.0
391  998.972510 1.160E-21 5.774E+00.10000.400  690.11100.750.000000             V8         GROUND 19 10  A+      20 10  A+     642220 1 1 1 1 1 0   312.0  328.0
391  998.972510 1.162E-21 5.784E+00.10000.400  690.11100.750.000000             V8         GROUND 19 10  A-      20 10  A-     642220 1 1 1 1 1 0   312.0  328.0
391  999.018950 3.195E-24 1.715E+00.10000.400 1776.23860.750.000000        V8+2V12           2V12 35 11  A-      35 11  A+     642220 1 1 1 1 1 0   568.0  568.0
391  999.018950 3.204E-24 1.720E+00.10000.400 1776.23860.750.000000        V8+2V12           2V12 35 11  A+      35 11  A-     642220 1 1 1 1 1 0   568.0  568.0
391  999.021470 3.007E-21 5.212E+00.10000.400  473.06670.750.000000             V8         GROUND 19  6  A-      20  6  A-     642220 1 1 1 1 1 0   312.0  328.0
391  999.021470 2.896E-21 5.020E+00.10000.400  473.06670.750.000000             V8         GROUND 19  6  A+      20  6  A+     642220 1 1 1 1 1 0   312.0  328.0
391  999.026570 9.131E-22 2.421E+00.10000.400  513.27310.750.000000         V8+V12            V12 15  0  A+      16  0  A+     642220 1 1 1 1 1 0   248.0  264.0
391  999.055070 2.664E-21 5.581E+00.10000.400  512.03570.750.000000             V8         GROUND 19  7  E1      20  7  E1     642220 1 1 1 1 1 0   312.0  328.0
391  999.083240 6.175E-22 2.959E+00.10000.400  606.60700.750.000000         V8+V12            V12 13  7  A-      14  7  A-     642220 1 1 1 1 1 0   216.0  232.0
391  999.083240 6.232E-22 2.987E+00.10000.400  606.60700.750.000000         V8+V12            V12 13  7  A+      14  7  A+     642220 1 1 1 1 1 0   216.0  232.0
391  999.096960 1.609E-21 5.764E+00.10000.400  622.39670.750.000000             V8         GROUND 19  9  E1      20  9  E1     642220 1 1 1 1 1 0   312.0  328.0
391  999.113520 3.988E-22 6.143E+00.10000.400  922.45140.750.000000             V8         GROUND 19 13  E1      20 13  E1     642220 1 1 1 1 1 0   312.0  328.0
391  999.114800 1.613E-25 9.675E-04.10000.400  694.05860.750.000000             V5           2V12 16  2  E2      17  2  E2     642220 1 1 1 1 1 0   264.0  280.0
391  999.155100 4.201E-22 4.048E+00.10000.400  815.07990.750.000000         V8+V12            V12 18  9  E1      19  9  E1     642220 1 1 1 1 1 0   296.0  312.0
391  999.172280 2.973E-21 5.074E+00.10000.400  469.80830.750.000000             V8         GROUND 19  6  E2      20  6  E2     642220 1 1 1 1 1 0   312.0  328.0
391  999.178860 1.732E-21 3.997E+00.10000.400  456.25160.750.000000         V8+V12            V12 13  1  E2      14  1  E2     642220 1 1 1 1 1 0   216.0  232.0
391  999.184960 2.326E-21 6.196E+00.10000.400  561.41600.750.000000             V8         GROUND 19  8  A-      20  8  A-     642220 1 1 1 1 1 0   312.0  328.0
391  999.184960 2.267E-21 6.039E+00.10000.400  561.41600.750.000000             V8         GROUND 19  8  A+      20  8  A+     642220 1 1 1 1 1 0   312.0  328.0
391  999.209190 7.028E-23 3.118E+00.10000.400 1092.80670.750.000000        V8+2V12           2V12 15 12  E1      16 12  E1     642220 1 1 1 1 1 0   248.0  264.0
391  999.213100 2.152E-21 5.966E+00.10000.400  558.78010.750.000000         V8+V12            V12 18  2  E2      19  2  E2     642220 1 1 1 1 1 0   296.0  312.0
391  999.217730 3.230E-23 5.400E-01.10000.400  959.32990.750.000000         V8+V12            V12 21  9  E2      22  9  E2     642220 1 1 1 1 1 0   344.0  360.0
391  999.221870 4.708E-22 4.833E+00.10000.400  838.94110.750.000000             V8         GROUND 19 12  A+      20 12  A+     642220 1 1 1 1 1 0   312.0  328.0
391  999.221870 4.965E-22 5.097E+00.10000.400  838.94110.750.000000             V8         GROUND 19 12  A-      20 12  A-     642220 1 1 1 1 1 0   312.0  328.0
391  999.242610 4.786E-22 3.879E+00.10000.400  779.44030.750.000000         V8+V12            V12 18  8  A+      19  8  A+     642220 1 1 1 1 1 0   296.0  312.0
391  999.242610 4.821E-22 3.907E+00.10000.400  779.44030.750.000000         V8+V12            V12 18  8  A-      19  8  A-     642220 1 1 1 1 1 0   296.0  312.0
391  999.280500 5.131E-23 4.596E-01.10000.400  857.79050.750.000000             V6            V12 24  4  A-      25  4  A+     642220 1 1 1 1 1 0   392.0  408.0
391  999.280500 5.074E-23 4.544E-01.10000.400  857.79050.750.000000             V6            V12 24  4  A+      25  4  A-     642220 1 1 1 1 1 0   392.0  408.0
391  999.311990 2.055E-21 5.484E+00.10000.400  561.72880.750.000000             V8         GROUND 19  8  E2      20  8  E2     642220 1 1 1 1 1 0   312.0  328.0
391  999.321890 3.627E-21 4.482E+00.10000.400  392.49360.750.000000             V8         GROUND 18  5  E2      19  5  E2     642220 1 1 1 1 1 0   296.0  312.0
391  999.334150 2.093E-21 6.670E+00.10000.400  587.40620.750.000000         V8+V12            V12 18  4  E2      19  4  E2     642220 1 1 1 1 1 0   296.0  312.0
391  999.338880 1.364E-22 5.303E+00.10000.400 1159.78730.750.000000        V8+2V12           2V12 24  8  E2      25  8  E2     642220 1 1 1 1 1 0   392.0  408.0
391  999.338880 9.084E-22 2.386E+00.10000.400  524.05380.750.000000         V8+V12            V12 16  2  E1      17  2  E1     642220 1 1 1 1 1 0   264.0  280.0
391  999.341790 1.434E-25 8.452E-04.10000.400  498.71380.750.000000             V5           2V12  6  1  A-       5  1  A-     642220 1 1 1 1 1 0   104.0   88.0
391  999.345180 2.244E-21 7.881E+00.10000.400  618.22210.750.000000             V8         GROUND 19  9  E2      20  9  E2     642220 1 1 1 1 1 0   312.0  328.0
391  999.352240 7.188E-22 1.024E+00.10000.400  410.26600.750.000000             V7         GROUND 17  5  A-      18  6  A-     642220 1 1 1 1 1 0   280.0  296.0
391  999.352240 7.319E-22 1.042E+00.10000.400  410.26600.750.000000             V7         GROUND 17  5  A+      18  6  A+     642220 1 1 1 1 1 0   280.0  296.0
391  999.352890 6.612E-23 6.995E-01.10000.400  845.05000.750.000000             V8         GROUND 19 12  E1      20 12  E1     642220 1 1 1 1 1 0   312.0  328.0
391  999.356740 1.062E-22 5.597E-01.10000.400  731.13950.750.000000             V6            V12 22  1  E2      23  1  E2     642220 1 1 1 1 1 0   360.0  376.0
391  999.368090 2.001E-21 6.037E+00.10000.400  564.69240.750.000000         V8+V12            V12 17  3  E1      18  3  E1     642220 1 1 1 1 1 0   280.0  296.0
391  999.434780 8.905E-22 1.435E+00.10000.400  468.18710.750.000000             V7         GROUND 20  4  A-      21  5  A-     642220 1 1 1 1 1 0   328.0  344.0
391  999.434780 1.531E-25 9.022E-04.10000.400  498.62350.750.000000             V5           2V12  6  1  A+       5  1  A+     642220 1 1 1 1 1 0   104.0   88.0
391  999.434930 5.488E-22 8.844E-01.10000.400  468.18710.750.000000             V7         GROUND 20  4  A+      21  5  A+     642220 1 1 1 1 1 0   328.0  344.0
391  999.461660 1.682E-22 2.124E+00.10000.400  919.77880.750.000000         V7+V12            V12 23  7  A-      24  7  A-     642220 1 1 1 1 1 0   376.0  392.0
391  999.461660 1.993E-22 2.516E+00.10000.400  919.77880.750.000000         V7+V12            V12 23  7  A+      24  7  A+     642220 1 1 1 1 1 0   376.0  392.0
391  999.488770 2.594E-22 1.327E+00.10000.400  393.89220.750.000000             V6           2V12  4  1  E2       5  1  E2     642220 1 1 1 1 1 0    72.0   88.0
391  999.513860 1.329E-22 2.572E+00.10000.400  969.27410.750.000000         V8+V12            V12 19 11  E1      20 11  E1     642220 1 1 1 1 1 0   312.0  328.0
391  999.519090 1.201E-21 8.192E+00.10000.400  754.69960.750.000000             V8         GROUND 19 11  A-      20 11  A-     642220 1 1 1 1 1 0   312.0  328.0
391  999.519090 1.259E-21 8.587E+00.10000.400  754.69960.750.000000             V8         GROUND 19 11  A+      20 11  A+     642220 1 1 1 1 1 0   312.0  328.0
391  999.522560 4.468E-21 5.789E+00.10000.400  402.14710.750.000000             V8         GROUND 18  5  A-      19  5  A-     642220 1 1 1 1 1 0   296.0  312.0
391  999.522560 3.676E-21 4.762E+00.10000.400  402.14710.750.000000             V8         GROUND 18  5  A+      19  5  A+     642220 1 1 1 1 1 0   296.0  312.0
391  999.601670 4.820E-22 4.845E+00.10000.400  834.43170.750.000000             V8         GROUND 19 12  E1      20 12  E1     642220 1 1 1 1 1 0   312.0  328.0
391  999.637970 3.576E-22 6.793E+00.10000.400  965.37310.750.000000        V8+2V12           2V12 19  8  A+      20  8  A+     642220 1 1 1 1 1 0   312.0  328.0
391  999.637970 3.703E-22 7.034E+00.10000.400  965.37310.750.000000        V8+2V12           2V12 19  8  A-      20  8  A-     642220 1 1 1 1 1 0   312.0  328.0
391  999.646380 3.166E-23 1.189E+00.10000.400 1135.10490.750.000000         V8+V12            V12 22 12  E1      23 12  E1     642220 1 1 1 1 1 0   360.0  376.0
391  999.660570 4.819E-24 1.207E-02.10000.400  487.53930.750.000000         V7+V12            V12 14  2  A+      15  0  A+     642220 1 1 1 1 1 0   232.0  248.0
391  999.660850 1.383E-21 3.463E+00.10000.400  487.53930.750.000000         V7+V12            V12 14  2  A+      15  0  A+     642220 1 1 1 1 1 0   232.0  248.0
391  999.668380 8.205E-23 1.464E-01.10000.400  517.20510.750.000000             V7         GROUND 23  4  E1      24  3  E1     642220 1 1 1 1 1 0   376.0  392.0
391  999.671590 1.095E-21 5.469E+00.10000.400  690.53230.750.000000        V8+2V12           2V12 19  0  A+      20  0  A+     642220 1 1 1 1 1 0   312.0  328.0
391  999.672400 1.944E-22 1.552E+00.10000.400  842.21810.750.000000         V7+V12            V12 25  2  E1      26  2  E1     642220 1 1 1 1 1 0   408.0  424.0
391  999.681520 1.246E-21 5.989E+00.10000.400  682.62480.750.000000             V8         GROUND 19 10  E1      20 10  E1     642220 1 1 1 1 1 0   312.0  328.0
391  999.695050 1.008E-21 3.818E+00.10000.400  572.65480.750.000000         V8+V12            V12 14  5  E2      15  5  E2     642220 1 1 1 1 1 0   232.0  248.0
391  999.701660 7.092E-22 8.514E+00.10000.400  881.22370.750.000000        V8+2V12           2V12 20  0  E1      21  0  E1     642220 1 1 1 1 1 0   328.0  344.0
391  999.754430 2.696E-21 6.563E+00.10000.400  531.80300.750.000000         V8+V12            V12 18  1  A-      19  1  A-     642220 1 1 1 1 1 0   296.0  312.0
391  999.779510 6.940E-21 6.979E+00.10000.400  349.93550.750.000000             V8         GROUND 18  3  E2      19  3  E2     642220 1 1 1 1 1 0   296.0  312.0
391  999.784360 1.049E-21 1.614E+00.10000.400  458.53930.750.000000           3V12         GROUND 20  5  E2      21  5  E2     642220 1 1 1 1 1 0   328.0  344.0
391  999.789480 5.781E-22 4.354E+00.10000.400  785.27800.750.000000         V8+V12            V12 20  6  E1      21  8  E1     642220 1 1 1 1 1 0   328.0  344.0
391  999.799140 9.249E-22 1.381E+01.10000.400  926.12450.750.000000        V8+2V12           2V12 20  1  E1      21  1  E1     642220 1 1 1 1 1 0   328.0  344.0
391  999.820730 7.306E-21 8.222E+00.10000.400  373.05700.750.000000             V8         GROUND 18  4  E1      19  4  E1     642220 1 1 1 1 1 0   296.0  312.0
391  999.824300 5.145E-21 4.761E+00.10000.400  332.78470.750.000000             V8         GROUND 18  2  A+      19  2  A+     642220 1 1 1 1 1 0   296.0  312.0
391  999.827360 1.115E-21 1.714E+01.10000.400  921.71650.750.000000             V8         GROUND 19 13  E1      20 13  E1     642220 1 1 1 1 1 0   312.0  328.0
391  999.872940 1.676E-21 4.721E+00.10000.400  550.35760.750.000000         V8+V12            V12 17  3  A+      18  3  A+     642220 1 1 1 1 1 0   280.0  296.0
391  999.872940 3.312E-21 9.329E+00.10000.400  550.35810.750.000000         V8+V12            V12 17  3  A-      18  3  A-     642220 1 1 1 1 1 0   280.0  296.0
391  999.882800 7.767E-21 7.172E+00.10000.400  332.34210.750.000000             V8         GROUND 18  2  A-      19  2  A-     642220 1 1 1 1 1 0   296.0  312.0
391  999.889740 2.798E-21 6.793E+00.10000.400  531.20050.750.000000         V8+V12            V12 18  1  A+      19  1  A+     642220 1 1 1 1 1 0   296.0  312.0
391  999.921200 3.780E-22 8.738E-01.10000.400  542.22650.750.000000             V7         GROUND 20  6  A-      21  7  A-     642220 1 1 1 1 1 0   328.0  344.0
391  999.921200 8.298E-22 1.918E+00.10000.400  542.22650.750.000000             V7         GROUND 20  6  A+      21  7  A+     642220 1 1 1 1 1 0   328.0  344.0
391  999.926970 1.780E-21 6.163E+00.10000.400  604.20870.750.000000         V8+V12            V12 18  5  E1      19  5  E1     642220 1 1 1 1 1 0   296.0  312.0
391  999.947270 8.346E-21 7.298E+00.10000.400  321.10120.750.000000             V8         GROUND 18  1  E1      19  1  E1     642220 1 1 1 1 1 0   296.0  312.0
391  999.959190 1.323E-22 9.728E+00.10000.400 1273.11110.750.000000         V8+V12            V12 22 13  E1      23 13  E1     642220 1 1 1 1 1 0   360.0  376.0
391  999.982000 1.894E-22 1.919E+00.10000.400  846.20810.750.000000        V8+2V12           2V12 20  1  A-      21  1  A-     642220 1 1 1 1 1 0   328.0  344.0
391  999.984040 1.095E-21 8.023E+00.10000.400  769.23840.750.000000        V8+2V12           2V12 19  3  E1      20  3  E1     642220 1 1 1 1 1 0   312.0  328.0
