 11 1176.605917 1.880E-29 9.737E+00.01940.208 5183.59100.16-.001730          0 1 0          0 0 0 15 11  5       16 12  4      474233837260713049    31.0   33.0
 11 1176.606099 5.641E-29 9.739E+00.01940.208 5183.59100.16-.001730          0 1 0          0 0 0 15 11  4       16 12  5      474233837260713049    93.0   99.0
 11 1176.892925 7.789E-27 1.047E+01.05380.265 4123.28530.510.009620          0 2 0          0 1 0 11  5  6       12  6  7      434426837294713152    69.0   75.0
 11 1177.198631 2.995E-29 1.680E+01.02590.250 5381.55280.27-.001840          0 2 0          0 1 0 12  9  4       13 10  3      434233837294713152    75.0   81.0
 11 1177.198860 9.982E-30 1.680E+01.02590.250 5381.55270.27-.001830          0 2 0          0 1 0 12  9  3       13 10  4      434233837294713152    25.0   27.0
 11 1177.324939 6.314E-26 2.265E-04.07290.352 1394.81420.710.000000          0 1 0          0 0 0  7  4  3        7  7  0      674423837260713059    45.0   45.0
 11 1177.458537 1.808E-30 1.335E-04.05930.250 3347.78050.60-.009090          0 1 0          0 0 0 14  4 10       13  9  5      472230837260713049    29.0   27.0
 11 1177.520619 6.690E-29 4.286E+00.00710.150 4820.6430-.22-.004720          0 1 0          0 0 0 21  1 21       21  2 20      444233833260713049    43.0   43.0
 11 1177.520726 2.007E-28 4.286E+00.00710.150 4820.6427-.22-.004720          0 1 0          0 0 0 21  0 21       21  1 20      444233833260713049   129.0  129.0
 11 1177.620945 2.148E-29 3.367E-08.07330.298 1293.63410.710.002150          0 0 0          0 0 0 10  9  2       10  2  9      532230837260713049    63.0   63.0
 11 1178.310380 4.622E-26 6.494E+00.03160.235 3465.07000.29-.004600          0 1 0          0 0 0 13  7  7       14  8  6      574423837260713059    27.0   29.0
 11 1178.319399 5.844E-28 1.145E+01.07990.315 4611.79480.71-.006420          0 3 0          0 2 0  8  3  6        9  4  5      434426837294713152    51.0   57.0
 11 1178.375526 2.883E-25 5.090E+00.04010.235 3264.33740.370.005000          0 1 0          0 0 0 13  6  7       14  7  8      574423837260713059    81.0   87.0
 11 1178.378735 1.018E-30 4.928E-04.02410.172 4021.21790.610.001260          0 0 0          0 0 0 19  6 13       19  1 18      432230837265713049   117.0  117.0
 11 1178.690217 1.532E-25 3.146E-05.08980.391  742.07630.720.002000          0 1 0          0 0 0  5  0  5        5  5  0      574423837260713059    33.0   33.0
 11 1178.948541 1.346E-27 1.045E-01.07540.281 3535.87040.70-.006420          0 2 0          0 1 0 11  1 10       11  4  7      534223837294713152    69.0   69.0
 11 1178.983361 1.388E-25 6.502E+00.03190.235 3464.88740.29-.004300          0 1 0          0 0 0 13  7  6       14  8  7      574423837260713059    81.0   87.0
 11 1179.617145 6.740E-31 9.157E-02.06990.332 4783.64070.630.000000          1 1 0          0 2 0  8  0  8        9  5  5      4333308387659336 0    17.0   19.0
 11 1179.956183 1.475E-29 3.085E-08.06460.315 1282.91910.600.000000          0 1 0          0 0 0  7  3  4        9  3  6     q5422308079917122 0    45.0   57.0
 11 1180.399590 6.003E-26 2.006E-02.06930.265 2205.65280.65-.007100          0 1 0          0 0 0 12  1 11       12  4  8      574423807260713059    25.0   25.0
 11 1180.643063 7.763E-30 3.496E-01.07750.333 4756.39400.68-.010980          1 1 0          1 0 0  7  1  6        8  4  5      434233837294713152    45.0   51.0
 11 1180.672171 4.939E-26 1.321E-02.05310.281 2142.59770.530.000000          0 1 0          0 0 0 11  3  9       11  6  6      574423837260713059    23.0   23.0
 11 1180.828058 5.000E-24 3.778E-03.08520.375  742.07300.73-.003000          0 1 0          0 0 0  4  2  2        5  5  1      777621837274 13029     9.0   11.0
 11 1180.999410 3.685E-26 9.122E-04.07210.333 1590.69070.700.000000          0 1 0          0 0 0  8  4  4        8  7  1      674423837260713059    17.0   17.0
 11 1182.033005 7.570E-31 3.591E-01.04390.253 5119.37420.460.000000          0 0 1          0 1 0 12  7  6       13  9  5      4333308387659336 0    25.0   27.0
 11 1182.186995 6.580E-30 1.152E-08.07340.352 1216.19450.650.000000          0 1 0          0 0 0  6  4  3        7  6  1     q5422308079917122 0    39.0   45.0
 11 1182.227336 5.064E-26 7.913E+00.06760.281 3659.90400.63-.012620          0 2 0          0 1 0 10  4  7       11  5  6      564423837294713159    63.0   69.0
 11 1182.449288 1.285E-30 1.738E-02.02500.235 4431.63810.43-.005900          0 0 0          0 0 0 15 15  1       14 12  2      432230837260713049    31.0   29.0
 11 1182.449288 3.856E-30 1.738E-02.02500.235 4431.63810.43-.005900          0 0 0          0 0 0 15 15  0       14 12  3      432230837260713049    93.0   87.0
 11 1182.497680 2.149E-30 3.400E-01.03650.250 5119.37560.37-.007820          0 0 1          0 1 0 12  7  5       13  9  4      432230837294713152    75.0   81.0
 11 1182.520416 8.401E-27 1.110E-01.05100.221 3244.60060.530.016560          0 0 0          0 0 0 16  9  8       15  4 11      434426837260713049    99.0   93.0
 11 1182.583982 7.603E-30 2.660E+01.04270.298 5473.81160.44-.002860          0 3 0          0 2 0  9  6  4       10  7  3      434243837294713152    19.0   21.0
 11 1182.694598 2.276E-29 2.655E+01.04300.298 5473.80320.44-.002700          0 3 0          0 2 0  9  6  3       10  7  4      434243837294713152    57.0   63.0
 11 1182.753733 7.854E-30 3.689E-01.06800.250 4643.38030.63-.013010          1 0 0          0 1 0 12  4  8       13  7  7      434233837294713152    25.0   27.0
 11 1182.853204 6.811E-30 2.644E-01.07910.333 4725.06220.660.000920          0 1 1          0 0 1  7  1  7        8  2  6      434233837294713152    45.0   51.0
 11 1182.902609 1.831E-30 7.093E-06.05430.235 2739.42850.610.007980          0 0 0          0 0 0 14 10  4       14  3 11      432230837260713049    29.0   29.0
 11 1182.975735 2.186E-30 1.150E-08.07340.352 1216.18980.650.000000          0 1 0          0 0 0  6  4  2        7  6  2     q5422308079917122 0    13.0   15.0
 11 1183.069723 1.485E-30 2.497E+00.02250.172 5481.10230.16-.002900          0 0 0          0 0 0 20 11  9       19  8 12      332230837260713049    41.0   39.0
 11 1183.202556 6.517E-26 4.696E+00.07880.298 3253.73800.71-.006390          0 2 0          0 1 0  9  3  7       10  4  6      564423837294713159    19.0   21.0
 11 1183.313540 5.048E-27 5.875E-03.07780.371 2552.85720.68-.004620          0 2 0          0 1 0  6  2  5        6  5  2      534426837294713152    39.0   39.0
 11 1183.361481 3.972E-30 3.144E-08.06000.298 1581.33600.570.000000          0 1 0          0 0 0  8  4  5       10  4  7     q5422308079917122 0    51.0   63.0
 11 1183.451554 1.608E-30 3.466E-01.07750.333 4851.53780.68-.010980          0 1 1          0 0 1  7  1  6        8  4  5      432230837294713152    15.0   17.0
 11 1183.836408 4.884E-28 1.646E+01.03630.265 4557.55490.38-.003630          0 2 0          0 1 0 11  7  5       12  8  4      434223837294713152    23.0   25.0
 11 1183.880806 1.465E-27 1.646E+01.03650.265 4557.54630.38-.003490          0 2 0          0 1 0 11  7  4       12  8  5      434223837294713152    69.0   75.0
 11 1184.064373 9.358E-30 3.844E-08.06000.298 1446.12830.570.000000          0 1 0          0 0 0  8  3  6       10  3  8     q5422308079917122 0    51.0   63.0
 11 1184.104138 2.453E-24 3.998E+00.05770.306 2756.41530.47-.008800          0 1 0          0 0 0 12  5  8       13  6  7      575720837274 13029    75.0   81.0
 11 1184.612453 6.109E-30 3.132E+00.00420.141 5246.0789-.46-.002800          0 1 0          0 0 0 21  2 20       22  1 21      444233833260713049    43.0   45.0
 11 1184.715086 1.912E-29 3.269E+00.00420.141 5246.0790-.46-.002820          0 1 0          0 0 0 21  1 20       22  2 21      444233833260713049   129.0  135.0
 11 1185.172919 2.597E-29 5.362E-08.05570.281 1327.11000.550.000000          0 1 0          0 0 0  9  0  9       11  0 11     q5422308079917122 0    57.0   69.0
 11 1185.258063 8.660E-30 5.365E-08.05570.281 1327.11760.550.000000          0 1 0          0 0 0  9  1  9       11  1 11     q5422308079917122 0    19.0   23.0
 11 1185.311466 1.379E-29 1.478E-01.04520.235 4382.77980.480.016580          0 1 0          0 1 0 15  8  8       14  3 11      434233837294713152    31.0   29.0
 11 1185.478032 1.336E-28 4.169E-05.07400.265 2205.65270.69-.002840          0 1 0          0 0 0 13  1 13       12  4  8      574233837260713049    27.0   25.0
 11 1185.514225 3.442E-30 2.646E+01.07700.352 5782.70860.68-.007070          0 4 0          0 3 0  6  3  4        7  4  3      432230837294713152    39.0   45.0
 11 1185.709536 9.712E-25 1.218E-02.05690.298 1718.71880.59-.013600          0 1 0          0 0 0 10  2  9       10  5  6      573420837274713029    63.0   63.0
 11 1185.747182 5.425E-30 4.556E-04.04230.183 3647.46130.530.009610          0 0 0          0 0 0 18  7 12       18  2 17      434433837260713049   111.0  111.0
 11 1185.751914 3.023E-30 3.062E-06.08260.371 2552.85720.70-.003910          0 2 0          0 1 0  7  0  7        6  5  2      532230837294713152    45.0   39.0
 11 1186.134648 1.191E-27 9.543E+00.02250.221 4534.96360.21-.001800          0 1 0          0 0 0 14 10  5       15 11  4      474223837260713049    87.0   93.0
 11 1186.134926 3.971E-28 9.546E+00.02250.221 4534.96350.21-.001800          0 1 0          0 0 0 14 10  4       15 11  5      474223837260713049    29.0   31.0
 11 1186.528829 1.898E-26 7.890E+00.02900.235 3685.41920.28-.002100          0 1 0          0 0 0 13  8  6       14  9  5      474423837260713059    27.0   29.0
 11 1186.570557 5.694E-26 7.891E+00.02910.235 3685.40830.28-.002100          0 1 0          0 0 0 13  8  5       14  9  6      474423837260713059    81.0   87.0
 11 1186.714202 4.481E-24 2.611E+00.06700.265 2300.68500.67-.013040          0 1 0          0 0 0 11  4  8       12  5  7      574421837278713029    23.0   25.0
 11 1186.755766 9.042E-29 1.401E-05.06980.298 2254.28380.67-.005570          0 1 0          0 0 0 11  3  8       10  8  3      574233837260713049    69.0   63.0
 11 1186.879733 5.255E-26 6.168E-02.08880.391 2251.69530.72-.005350          0 2 0          0 1 0  4  1  3        5  4  2      564423837294713159     9.0   11.0
 11 1187.021644 3.458E-22 3.359E-01.08040.373 1122.70850.62-.014500          0 1 0          0 0 0  7  1  6        8  4  5      778623837267 12459    45.0   51.0
 11 1187.068579 3.995E-30 2.851E-01.07910.333 4622.90610.660.000920          1 1 0          1 0 0  7  1  7        8  2  6      434233837294713152    15.0   17.0
 11 1187.219826 4.197E-29 8.198E+00.00580.172 5241.7429-.39-.001490          0 2 0          0 1 0 18  1 18       19  0 19      434233837294713152   111.0  117.0
 11 1187.230589 1.398E-29 8.193E+00.00580.172 5241.7412-.39-.001400          0 2 0          0 1 0 18  0 18       19  1 19      434233837294713152    37.0   39.0
 11 1187.729451 1.396E-28 4.164E-02.06780.298 3565.00350.61-.007810          0 2 0          0 1 0 10  3  7       10  6  4      534233837294713152    21.0   21.0
 11 1188.178409 1.114E-25 2.424E-03.07380.315 1810.58790.710.000000          0 1 0          0 0 0  9  4  5        9  7  2      674423837260713059    57.0   57.0
 11 1188.287292 3.566E-29 9.472E-01.02350.195 4830.89390.21-.004920          0 0 0          0 0 0 18 12  7       17  9  8      434433837260713049   111.0  105.0
 11 1188.566948 1.189E-29 9.466E-01.02340.195 4830.61440.20-.004730          0 0 0          0 0 0 18 12  6       17  9  9      334433837260713049    37.0   35.0
 11 1189.161593 3.841E-29 3.252E-05.07750.333 2337.46330.690.003400          0 1 0          0 1 0  9  7  3        8  0  8      534233837294713152    19.0   17.0
 11 1189.660756 2.777E-26 1.617E-03.05730.281 1843.02960.600.000000          0 0 0          0 0 0 12  9  3       11  4  8      564423837260713059    25.0   23.0
 11 1189.758090 2.193E-29 3.920E-01.07920.315 4611.79480.71-.006620          0 3 0          0 2 0  9  1  8        9  4  5      434243837294713152    57.0   57.0
 11 1190.671082 2.567E-29 3.687E-08.06460.315 1201.92150.600.000000          0 1 0          0 0 0  7  2  5        9  2  7     q5422308079917122 0    45.0   57.0
 11 1190.706107 7.376E-29 1.767E-02.05050.221 3824.99790.470.000570          0 1 0          0 0 0 15  5 10       15  8  7      474233837260713049    93.0   93.0
 11 1190.977146 1.023E-25 6.955E-02.04240.221 2631.26890.480.016000          0 0 0          0 0 0 16  6 11       15  1 14      564423837260713059    99.0   93.0
 11 1191.027417 1.168E-30 2.704E+01.08160.352 5781.58070.700.002910          0 4 0          0 3 0  6  3  3        7  4  4      432230837294713152    13.0   15.0
 11 1191.065834 5.473E-30 1.091E+01.01640.208 5455.88860.10-.001720          0 1 0          0 0 0 15 12  4       16 13  3      374233837260713049    31.0   33.0
 11 1191.065840 1.642E-29 1.091E+01.01640.208 5455.88860.10-.001720          0 1 0          0 0 0 15 12  3       16 13  4      374233837260713049    93.0   99.0
 11 1191.358325 7.810E-29 2.018E-01.07170.250 4285.64750.71-.012020          0 2 0          0 1 0 13  2 11       13  5  8      434233837294713152    81.0   81.0
 11 1191.408828 1.675E-30 3.682E+01.06000.352 5996.84330.54-.001470          0 4 0          0 3 0  6  4  3        7  5  2      432230837294713152    39.0   45.0
 11 1191.645588 5.596E-31 3.691E+01.07070.349 5996.76320.640.000000          0 4 0          0 3 0  6  4  2        7  5  3      4333308387659336 0    13.0   15.0
 11 1191.646939 6.771E-29 2.776E-04.05200.250 2748.09960.57-.011950          0 1 0          0 0 0 14  1 13       13  6  8      574233837260713049    29.0   27.0
 11 1191.797124 4.090E-28 1.900E+01.06300.315 4784.66210.58-.006860          0 3 0          0 2 0  8  4  5        9  5  4      434426837294713152    51.0   57.0
 11 1192.375030 8.780E-28 1.803E-03.08220.391 2406.14090.70-.003380          0 2 0          0 1 0  5  2  4        5  5  1      534223837294713152    11.0   11.0
 11 1192.775167 8.325E-29 1.049E-01.04590.235 3939.74650.510.011070          0 1 0          0 1 0 15  6 10       14  1 13      434233837294713152    31.0   29.0
 11 1192.881292 1.611E-30 7.138E-01.07800.315 5022.28130.68-.003510          0 1 1          0 0 1  8  2  7        9  3  6      432230807294713152    17.0   19.0
 11 1192.928030 4.757E-29 1.677E-04.02950.195 2981.35940.64-.002000          0 0 0          0 0 0 17  5 12       17  0 17      434433837265713049   105.0  105.0
 11 1192.999238 9.944E-29 1.539E-05.06050.235 2073.51500.650.008410          0 0 0          0 0 0 14  7  7       14  0 14      534433837260713049    29.0   29.0
 11 1193.083302 1.902E-28 5.987E-03.05780.281 3136.41250.600.009040          0 1 0          0 1 0 12  7  5       11  2 10      534233837294713152    25.0   23.0
 11 1193.142195 4.070E-30 4.165E+00.01220.161 5611.32980.030.004870          0 1 0          0 1 0 21  2 19       20  1 20      444233833294713152   129.0  123.0
 11 1193.170131 1.340E-30 4.114E+00.01340.161 5611.3293-.300.000000          0 1 0          0 1 0 21  3 19       20  0 20      4333308387659336 0    43.0   41.0
 11 1193.249907 2.286E-28 1.914E-03.06100.298 3072.72640.620.004240          0 1 0          0 1 0 11  8  3       10  3  8      534233837294713152    69.0   63.0
 11 1193.355341 1.655E-28 1.876E+01.03070.265 4803.82030.33-.002790          0 2 0          0 1 0 11  8  4       12  9  3      434233837294713152    23.0   25.0
 11 1193.356173 4.964E-28 1.875E+01.03070.265 4803.82000.33-.002770          0 2 0          0 1 0 11  8  3       12  9  4      434223837294713152    69.0   75.0
 11 1193.458028 1.220E-26 2.897E+00.05170.208 3822.24600.480.015300          0 1 0          0 0 0 15  5 10       16  6 11      474423837260713059    93.0   99.0
 11 1193.491666 2.304E-27 3.914E+00.00500.161 4048.2495-.45-.000310          0 1 0          0 0 0 19  1 19       20  0 20      474223837260713049    39.0   41.0
 11 1193.493376 6.912E-27 3.914E+00.00500.161 4048.2496-.45-.000310          0 1 0          0 0 0 19  0 19       20  1 20      474223837260713049   117.0  123.0
 11 1193.729067 6.393E-29 4.648E-05.05010.221 2631.26890.590.009400          0 0 0          0 0 0 15  8  7       15  1 14      534433837260713049    93.0   93.0
 11 1193.894411 7.018E-29 8.457E+00.01150.195 4902.6265-.10-.003590          0 2 0          0 1 0 17  1 17       17  2 16      434233837294713152    35.0   35.0
 11 1193.909136 2.107E-28 8.463E+00.01150.195 4902.6140-.10-.003620          0 2 0          0 1 0 17  0 17       17  1 16      434233837294713152   105.0  105.0
 11 1193.911495 1.094E-30 1.905E-06.08820.391 2406.14090.72-.003740          0 2 0          0 1 0  6  0  6        5  5  1      532230837294713152    13.0   11.0
 11 1193.929610 3.264E-26 1.207E+01.05020.281 3833.14440.48-.004770          0 2 0          0 1 0 10  5  6       11  6  5      464423807294713159    63.0   69.0
 11 1194.222902 7.766E-28 2.427E-02.05230.250 3391.12620.560.007010          0 1 0          0 1 0 14  5 10       13  0 13      434223837294713152    87.0   81.0
 11 1194.281115 1.587E-29 2.970E-02.07560.265 3959.25340.71-.024450          1 0 0          0 1 0 11  2 10       12  5  7      434233837294713152    23.0   25.0
 11 1194.449059 5.766E-28 2.685E+00.04720.195 4221.03940.44-.004450          0 1 0          0 0 0 16  5 11       17  6 12      474223837260713049    33.0   35.0
 11 1194.544285 1.354E-29 1.341E+01.01910.235 5523.11740.07-.002880          0 3 0          0 2 0 14  1 14       14  2 13      434243837294713152    87.0   87.0
 11 1194.683825 2.543E-30 3.133E+01.03330.298 5728.66110.35-.001090          0 3 0          0 2 0  9  7  3       10  8  2      432230837294713152    19.0   21.0
 11 1194.685082 7.629E-30 3.133E+01.03330.298 5728.66100.35-.001080          0 3 0          0 2 0  9  7  2       10  8  3      434233837294713152    57.0   63.0
 11 1194.759791 4.521E-30 1.342E+01.01910.235 5522.85340.07-.002880          0 3 0          0 2 0 14  0 14       14  1 13      434233837294713152    29.0   29.0
 11 1195.143721 4.573E-29 2.379E-07.07040.281 1327.11760.690.003040          0 0 0          0 0 0 11  8  4       11  1 11      532230837260713049    23.0   23.0
 11 1195.158699 2.672E-26 3.232E+00.05720.221 3443.19190.540.016200          0 1 0          0 0 0 14  5  9       15  6 10      474423837260713059    29.0   31.0
 11 1195.244879 1.483E-28 5.598E-01.07050.265 4329.32430.650.003090          1 0 0          0 1 0 11  4  7       12  7  6      434233837294713152    69.0   75.0
 11 1195.290062 5.028E-29 2.115E-01.06020.265 4125.59900.59-.037870          1 0 0          0 1 0 11  3  9       12  6  6      434233837294713152    23.0   25.0
 11 1195.307848 1.414E-28 1.566E-01.06230.281 3832.25180.61-.028770          0 0 1          0 1 0 10  2  9       11  6  6      534233837294713152    21.0   23.0
 11 1195.344039 1.528E-24 5.842E+00.03200.242 2927.94130.36-.003420          0 1 0          0 0 0 12  6  7       13  7  6      575821837274 13029    75.0   81.0
 11 1195.634139 1.065E-28 1.393E+01.05110.315 4996.33160.49-.003110          0 3 0          0 2 0  8  5  4        9  6  3      434243837294713152    51.0   57.0
 11 1196.024747 9.667E-26 1.407E-02.04770.235 2073.51500.530.006000          0 0 0          0 0 0 15  5 11       14  0 14      564423837260713059    31.0   29.0
 11 1196.078653 1.372E-28 1.916E+01.06820.315 4783.64070.620.004600          0 3 0          0 2 0  8  4  4        9  5  5      434243837294713152    17.0   19.0
 11 1196.609445 5.400E-28 6.041E+00.05790.235 4585.34910.53-.003340          0 2 0          0 1 0 13  4  9       14  5 10      434223837294713152    81.0   87.0
 11 1196.641218 2.300E-28 2.572E+00.04350.183 4638.64520.41-.010320          0 1 0          0 0 0 17  5 12       18  6 13      474233837260713049   105.0  111.0
 11 1196.663465 3.121E-29 5.422E+00.04980.221 4938.25370.46-.010330          0 2 0          0 1 0 14  4 10       15  5 11      434233837294713152    29.0   31.0
 11 1197.043101 6.933E-27 9.278E+00.02610.235 3922.33110.26-.001990          0 1 0          0 0 0 13  9  5       14 10  4      474426837260713049    27.0   29.0
 11 1197.044982 2.080E-26 9.278E+00.02610.235 3922.33060.26-.003000          0 1 0          0 0 0 13  9  4       14 10  5      474423837260713059    81.0   87.0
 11 1197.155513 9.000E-28 1.051E-05.06720.298 1718.71880.65-.007120          0 1 0          0 0 0 11  0 11       10  5  6      574223837260713049    69.0   63.0
 11 1197.336004 7.942E-30 4.754E-08.06000.298 1293.01810.570.000000          0 1 0          0 0 0  8  1  7       10  1  9     q5422308079917122 0    17.0   21.0
 11 1197.542220 6.376E-29 2.490E+01.05200.315 4994.70240.50-.001760          0 3 0          0 2 0  8  5  3        9  6  4      434243837294713152    17.0   19.0
 11 1197.558726 1.086E-26 1.207E+01.05280.281 3832.25180.510.004960          0 2 0          0 1 0 10  5  5       11  6  6      564423837294713159    21.0   23.0
 11 1197.753403 4.251E-25 1.163E-02.05690.298 1874.97300.550.000000          0 1 0          0 0 0 10  3  8       10  6  5      574423837260713059    63.0   63.0
 11 1197.935507 1.182E-30 7.948E-01.07880.298 5355.26280.71-.006600          0 1 1          0 0 1  9  3  7       10  4  6      432230837294713152    57.0   63.0
 11 1198.178185 1.968E-22 2.961E-01.08030.419  982.91170.670.000500          0 1 0          0 0 0  7  1  7        8  2  6      577823307267 12459    15.0   17.0
 11 1198.189641 1.850E-29 1.329E-01.02510.221 4534.96360.33-.005160          0 0 0          0 0 0 16 14  3       15 11  4      434433837260713049    99.0   93.0
 11 1198.189717 6.165E-30 1.329E-01.02510.221 4534.96350.33-.005160          0 0 0          0 0 0 16 14  2       15 11  5      434433837260713049    33.0   31.0
 11 1198.288552 5.828E-27 1.900E-01.03740.208 3211.05580.420.013080          0 0 0          0 0 0 17  7 11       16  2 14      434426837260713049    35.0   33.0
 11 1198.441032 9.275E-28 6.686E+00.05990.250 4252.44820.540.003740          0 2 0          0 1 0 12  4  8       13  5  9      434223837294713152    25.0   27.0
 11 1198.523749 5.126E-25 5.885E+00.03970.250 2927.07520.370.000050          0 1 0          0 0 0 12  6  6       13  7  7      574423807260713059    25.0   27.0
 11 1198.525503 9.544E-30 2.524E+00.03860.172 5074.22160.38-.012950          0 1 0          0 0 0 18  5 13       19  6 14      474233837260713049    37.0   39.0
 11 1198.567551 3.224E-25 1.470E-03.06770.265 1557.84770.67-.001000          0 0 0          0 0 0 13  6  7       12  1 12      564423837260713059    81.0   75.0
 11 1198.675308 3.312E-30 1.717E-03.04010.208 4006.07320.48-.014100          0 1 0          0 0 0 17  2 15       16  7 10      472230837260713049   105.0   99.0
 11 1198.816026 3.320E-30 2.510E+00.03210.161 5527.04500.31-.013180          0 1 0          0 0 0 19  5 14       20  6 15      372230837260713049   117.0  123.0
 11 1199.012689 1.292E-27 4.121E+00.00760.161 4412.3171-.22-.004160          0 1 0          0 0 0 20  1 20       20  2 19      474223837260713049   123.0  123.0
 11 1199.012746 4.307E-28 4.122E+00.00760.161 4412.3166-.22-.004160          0 1 0          0 0 0 20  0 20       20  1 19      474223837260713049    41.0   41.0
 11 1199.068481 4.619E-27 1.402E+01.04360.281 4038.35150.44-.002820          0 2 0          0 1 0 10  6  4       11  7  5      534426837294713152    21.0   23.0
 11 1199.315761 2.253E-29 1.136E+01.01760.265 5334.86020.13-.015440          1 0 0          0 1 0 11 10  1       12 11  2      434233837294713152    69.0   75.0
 11 1199.315766 7.509E-30 1.136E+01.01760.265 5334.86020.13-.015450          1 0 0          0 1 0 11 10  2       12 11  1      434233837294713152    23.0   25.0
 11 1199.369299 2.794E-26 5.499E-03.07360.298 2054.36870.700.000000          0 1 0          0 0 0 10  4  6       10  7  3      574423837260713059    21.0   21.0
 11 1199.719574 3.695E-28 1.082E+01.01900.221 4796.97050.16-.001800          0 1 0          0 0 0 14 11  4       15 12  3      474223837260713049    87.0   93.0
 11 1199.719698 1.232E-28 1.082E+01.01900.221 4796.97050.16-.001800          0 1 0          0 0 0 14 11  3       15 12  4      474233837260713049    29.0   31.0
 11 1199.844121 8.654E-29 1.117E+01.07910.315 4992.12160.71-.015100          0 3 0          1 0 0  8  5  4        9  4  5      434233837294713152    51.0   57.0
 11 1199.981912 1.530E-26 1.550E+01.04300.281 4038.40340.44-.002060          0 2 0          0 1 0 10  6  5       11  7  4      464423837294713159    63.0   69.0
 11 1199.992607 3.640E-27 4.749E-02.06710.235 2983.39640.66-.011280          0 1 0          0 0 0 14  2 12       14  5  9      574426837260713049    29.0   29.0
 11 1199.997779 1.656E-29 5.502E+00.04260.208 5310.23980.41-.012640          0 2 0          0 1 0 15  4 11       16  5 12      434233837294713152    93.0   99.0
 11 1200.075481 9.134E-30 8.233E-01.07800.315 4918.23470.68-.003510          1 1 0          1 0 0  8  2  7        9  3  6      434233837294713152    51.0   57.0
 11 1200.162998 3.174E-30 3.176E+00.00810.161 5604.3090-.300.000000          0 1 0          0 0 0 21  2 19       22  3 20      4333308387659336 0   129.0  135.0
 11 1200.193939 1.058E-30 3.176E+00.00810.161 5604.3055-.300.000000          0 1 0          0 0 0 21  3 19       22  2 20      4333308387659336 0    43.0   45.0
 11 1200.260844 1.066E-29 4.109E-01.02450.208 4665.98060.26-.004420          0 0 0          0 0 0 17 13  5       16 10  6      434433837260713049    35.0   33.0
 11 1200.267588 3.199E-29 4.110E-01.02450.208 4665.97390.26-.004420          0 0 0          0 0 0 17 13  4       16 10  7      434433837260713049   105.0   99.0
 11 1200.396762 6.014E-30 1.764E-09.07340.352  842.35660.650.000000          0 1 0          0 0 0  6  1  6        7  3  4     q5422308079917122 0    39.0   45.0
 11 1200.515566 8.575E-31 5.356E+00.02800.195 5700.48200.320.000000          0 2 0          0 1 0 16  4 12       17  5 13      4333308387659336 0    33.0   35.0
 11 1200.536215 1.332E-28 1.219E-01.05940.298 3770.72440.57-.006660          1 0 0          0 1 0  9  4  6       10  7  3      534233837294713152    19.0   21.0
 11 1200.811809 4.849E-25 3.714E+00.06000.235 3084.83570.570.017000          0 1 0          0 0 0 13  5  8       14  6  9      574423837260713059    81.0   87.0
 11 1200.998754 1.312E-29 1.296E-07.08110.352 1394.81420.72-.003260          0 1 0          0 0 0  8  2  6        7  7  1      672230837260713049    17.0   15.0
 11 1201.215055 2.052E-30 8.153E+00.01400.161 5688.5022-.300.000000          0 0 0          0 0 0 24  3 21       23  2 22      3333308387659336 0    49.0   47.0
 11 1201.218452 1.129E-30 9.113E+00.05040.250 5695.88300.47-.012330          0 3 0          0 2 0 12  3  9       13  4 10      432230837294713152    25.0   27.0
 11 1201.233847 6.241E-30 8.266E+00.03040.131 5688.50220.290.000000          0 0 0          0 0 0 24  4 21       23  1 22      3442338332917122 0   147.0  141.0
 11 1201.243484 2.425E-28 8.289E-02.06750.281 3833.14440.63-.014930          0 2 0          0 1 0 11  3  8       11  6  5      534233837294713152    69.0   69.0
 11 1201.462375 7.184E-25 7.332E+00.03600.250 3127.86190.33-.003340          0 1 0          0 0 0 12  7  6       13  8  5      566420837374713029    75.0   81.0
 11 1201.531819 2.438E-29 4.913E-08.06000.298 1293.63410.570.000000          0 1 0          0 0 0  8  2  7       10  2  9     q5422308079917122 0    51.0   63.0
 11 1201.692986 2.420E-25 7.410E+00.04100.250 3127.80280.34-.005660          0 1 0          0 0 0 12  7  5       13  8  6      574420837274713029    25.0   27.0
 11 1202.149288 5.012E-29 3.509E+00.00810.161 4820.6430-.300.000000          0 1 0          0 0 0 20  1 19       21  2 20      4333308387659336 0    41.0   43.0
 11 1202.153641 1.504E-28 3.510E+00.00810.161 4820.6427-.300.000000          0 1 0          0 0 0 20  2 19       21  1 20      4333308387659336 0   123.0  129.0
 11 1202.230086 4.784E-29 1.950E+01.02400.265 5064.14140.25-.000960          0 2 0          0 1 0 11  9  3       12 10  2      434233837294713152    23.0   25.0
 11 1202.230156 1.435E-28 1.950E+01.02400.265 5064.14140.25-.000960          0 2 0          0 1 0 11  9  2       12 10  3      434233837294713152    69.0   75.0
 11 1202.246298 3.617E-30 1.675E-03.06780.281 3650.50900.64-.022460          0 0 1          0 1 0 10  1 10       11  5  7      532230837294713152    21.0   23.0
 11 1202.424953 4.490E-31 1.451E+01.01260.234 5996.69020.230.000000          0 2 0          0 1 0 13 10  4       14 11  3      4333308387659336 0    27.0   29.0
 11 1202.425137 1.344E-30 1.448E+01.02320.235 5996.69010.25-.002220          0 2 0          0 1 0 13 10  3       14 11  4      432230837294713152    81.0   87.0
 11 1202.563662 3.762E-28 7.324E-08.08610.352  586.47920.730.002220          0 0 0          0 0 0  8  8  0        7  1  7      634426837260713049    17.0   15.0
 11 1202.633705 1.337E-29 8.842E+00.05810.265 5389.55230.53-.010740          0 3 0          0 2 0 11  3  8       12  4  9      434233837294713152    69.0   75.0
 11 1202.659204 2.972E-29 3.427E-03.07230.315 3320.92980.66-.022160          1 0 0          0 1 0  8  1  7        9  6  4      534233837294713152    17.0   19.0
 11 1203.129040 2.001E-30 1.310E-05.04820.221 3080.17870.560.008650          0 0 0          0 0 0 15 10  5       15  3 12      532230837260713049    93.0   93.0
 11 1203.469240 1.150E-30 5.791E-01.05570.195 5204.98800.580.007190          0 1 0          0 1 0 18  6 12       17  3 15      432230837294713152    37.0   35.0
 11 1203.477392 2.220E-26 1.261E-02.08310.371 2398.38150.69-.005470          0 2 0          0 1 0  6  1  6        6  4  3      564423837294713159    39.0   39.0
 11 1203.509422 2.343E-29 5.634E-04.06460.221 3360.60020.65-.004990          0 1 0          0 0 0 16  2 15       15  5 10      574233837260713049    99.0   93.0
 11 1203.515273 3.442E-29 8.614E-01.05320.172 4608.55620.580.014530          0 0 0          0 0 0 20  7 13       19  4 16      434233837260713049    41.0   39.0
 11 1203.601993 1.933E-29 1.059E+01.06360.281 5105.72970.56-.004520          0 3 0          0 2 0 10  3  7       11  4  8      434223837294713152    21.0   23.0
 11 1203.673168 8.788E-30 4.669E-09.08330.391  610.11440.690.000000          0 1 0          0 0 0  3  2  2        5  4  2     q5322308079917122 0     7.0   11.0
 11 1203.889594 1.318E-26 7.626E+00.06790.265 3940.51940.620.007600          0 2 0          0 1 0 11  4  7       12  5  8      564423837294713159    69.0   75.0
 11 1204.008345 1.495E-28 2.290E-01.08700.352 4052.83690.72-.004420          0 3 0          0 2 0  7  0  7        7  3  4      434243837294713152    45.0   45.0
 11 1205.027378 5.389E-26 1.543E-02.09310.412 2129.59920.74-.006450          0 2 0          0 1 0  3  1  2        4  4  1      564423837294713159    21.0   27.0
 11 1206.208239 3.674E-30 1.924E+01.08690.371 5436.27750.72-.004620          0 4 0          0 3 0  5  2  4        6  3  3      432230837294713152    11.0   13.0
 11 1206.277979 4.601E-30 1.207E+01.01300.208 5733.15320.03-.001720          0 1 0          0 0 0 15 13  2       16 14  3      374233837260713049    93.0   99.0
 11 1206.277980 1.534E-30 1.207E+01.00480.208 5733.15320.03-.001720          0 1 0          0 0 0 15 13  3       16 14  2      372230837265713049    31.0   33.0
 11 1206.636994 3.707E-30 1.043E-08.07810.371 1045.05830.670.000000          0 1 0          0 0 0  5  4  2        6  6  0     q5422308079917122 0    11.0   13.0
 11 1206.804582 1.111E-29 1.043E-08.07810.371 1045.05800.670.000000          0 1 0          0 0 0  5  4  1        6  6  1     q5422308079917122 0    33.0   39.0
 11 1206.849343 8.005E-28 1.968E-01.04330.208 3623.76500.460.017710          0 0 0          0 0 0 17  9  9       16  4 12      434423837260713049    35.0   33.0
 11 1206.936283 7.499E-29 3.105E+01.04040.315 5229.57890.41-.000740          0 3 0          0 2 0  8  6  3        9  7  2      434243837294713152    51.0   57.0
 11 1206.961560 2.498E-29 3.103E+01.04050.315 5229.57700.41-.000610          0 3 0          0 2 0  8  6  2        9  7  3      434243837294713152    17.0   19.0
 11 1207.033634 7.582E-29 8.759E+00.00700.183 4889.4873-.33-.001190          0 2 0          0 1 0 17  1 17       18  0 18      434233837294713152    35.0   37.0
 11 1207.035358 2.275E-28 8.761E+00.00700.183 4889.4878-.33-.001220          0 2 0          0 1 0 17  0 17       18  1 18      434233837294713152   105.0  111.0
 11 1207.046884 6.817E-28 2.463E-01.09480.412 3597.86600.73-.007580          0 3 0          0 2 0  3  0  3        4  3  2      434223837294713152    21.0   27.0
 11 1207.274264 1.394E-24 5.087E-01.08540.377 2271.71220.69-.006230          0 2 0          0 1 0  5  0  5        6  3  4      564723837294 13159    33.0   39.0
 11 1207.280823 5.104E-26 9.640E-05.06870.298 1114.53220.660.000000          0 0 0          0 0 0 11  7  5       10  0 10      564423837260713059    23.0   21.0
 11 1207.336761 1.869E-30 7.770E-10.08330.391  610.11440.690.000000          0 1 0          0 0 0  4  0  4        5  4  2     q5322308079917122 0     9.0   11.0
 11 1207.708545 4.080E-30 7.808E-09.06860.333 1255.16680.620.000000          0 1 0          0 0 0  7  3  4        8  5  4     q5422308079917122 0    45.0   51.0
 11 1207.826917 6.077E-27 1.885E+01.03610.281 4265.97630.39-.003020          0 2 0          0 1 0 10  7  4       11  8  3      534426837294713152    63.0   69.0
 11 1207.837202 2.026E-27 1.886E+01.03610.281 4265.97440.39-.002980          0 2 0          0 1 0 10  7  3       11  8  4      434223837294713152    21.0   23.0
 11 1207.926480 7.216E-30 3.218E-02.04800.208 4207.56200.45-.010040          0 1 0          0 0 0 16  5 11       16  8  8      474233837260713049    33.0   33.0
 11 1208.199285 3.019E-30 2.538E-01.06450.235 4784.99990.65-.021890          0 2 0          0 1 0 14  3 11       14  6  8      432230837294713152    29.0   29.0
 11 1208.448607 5.203E-28 1.603E+00.07510.281 4038.35150.690.006730          1 0 0          0 1 0 10  4  6       11  7  5      534223837294713152    21.0   23.0
 11 1208.621009 2.104E-28 1.189E+01.07280.298 4842.13130.630.003010          0 3 0          0 2 0  9  3  6       10  4  7      434223837294713152    57.0   63.0
 11 1208.993968 2.431E-29 4.348E-09.08330.391  610.34120.690.000000          0 1 0          0 0 0  3  2  1        5  4  1     q5422308079917122 0    21.0   33.0
 11 1209.177436 2.766E-30 3.466E-04.05340.235 3685.40830.56-.013300          0 1 0          0 0 0 15  4 11       14  9  6      572230837260713049    93.0   87.0
 11 1209.266318 1.709E-24 9.528E-01.08380.427 2392.59250.69-.005990          0 2 0          0 1 0  6  1  6        7  2  5      564620837274 13129    39.0   45.0
 11 1209.343661 7.424E-31 3.448E+01.02430.278 5996.63780.480.000000          0 3 0          0 2 0  9  8  2       10  9  1      4333308387659336 0    19.0   21.0
 11 1209.343662 2.222E-30 3.439E+01.02370.298 5996.63780.23-.000600          0 3 0          0 2 0  9  8  1       10  9  2      432230837294713152    57.0   63.0
 11 1209.400178 2.320E-27 1.067E+01.02210.235 4172.15250.21-.002010          0 1 0          0 0 0 13 10  4       14 11  3      474426837260713049    27.0   29.0
 11 1209.400238 6.961E-27 1.067E+01.02210.235 4172.15250.21-.002010          0 1 0          0 0 0 13 10  3       14 11  4      474426837260713049    81.0   87.0
 11 1209.545921 5.527E-30 2.145E-01.03760.265 4803.82000.39-.008400          0 0 1          0 1 0 11  7  5       12  9  4      434233837294713152    69.0   75.0
 11 1209.690194 1.821E-30 2.120E-01.03770.265 4803.82030.40-.008130          0 0 1          0 1 0 11  7  4       12  9  3      432230837294713152    23.0   25.0
 11 1209.704664 2.203E-28 2.440E-03.06740.281 2915.89430.650.008320          0 1 0          0 1 0 12  6  6       11  1 11      534233837294713152    25.0   23.0
 11 1209.762911 2.962E-25 8.926E+00.03030.250 3347.78340.31-.002600          0 1 0          0 0 0 12  8  5       13  9  4      574423837260713059    75.0   81.0
 11 1209.774354 9.873E-26 8.925E+00.03030.250 3347.78050.32-.002600          0 1 0          0 0 0 12  8  4       13  9  5      574423837260713059    25.0   27.0
 11 1209.825894 7.644E-30 1.591E-01.06100.333 4387.35720.52-.010380          0 3 0          1 0 0  8  1  7        8  0  8      434243837294713152    17.0   17.0
 11 1210.185313 3.028E-25 8.573E-03.06120.315 1631.24550.580.000000          0 1 0          0 0 0  9  3  7        9  6  4      674423837260713059    19.0   19.0
 11 1210.728093 3.664E-29 1.455E-01.06610.265 4125.59900.64-.019500          0 2 0          0 1 0 12  3  9       12  6  6      434233837294713152    25.0   25.0
 11 1210.869903 1.086E-29 2.252E-01.08030.333 4386.31320.71-.007060          0 3 0          0 2 0  8  1  7        8  4  4      434243837294713152    17.0   17.0
 11 1211.153817 8.847E-25 4.345E+00.05840.250 2748.09960.550.016500          0 1 0          0 0 0 12  5  7       13  6  8      574423837260713059    25.0   27.0
 11 1211.164973 1.358E-30 3.078E+00.06760.281 5621.33440.63-.012700          1 1 0          1 0 0 10  4  7       11  5  6      432230837294713152    63.0   69.0
 11 1211.220648 2.288E-28 5.409E+00.07360.333 4387.35720.63-.001590          0 3 0          1 0 0  7  3  5        8  0  8      434233837294713152    15.0   17.0
 11 1211.255608 7.659E-23 1.069E-02.09080.437  610.34120.53-.006500          0 1 0          0 0 0  4  1  4        5  4  1      777723837267 12459    27.0   33.0
 11 1211.288243 2.107E-30 1.307E+00.02190.183 5256.11640.17-.005290          0 0 0          0 0 0 19 12  8       18  9  9      332230837260713049    39.0   37.0
 11 1211.573746 1.691E-30 2.059E+00.07880.298 5246.80010.71-.006600          1 1 0          1 0 0  9  3  7       10  4  6      432230837294713152    19.0   21.0
 11 1211.771427 2.666E-30 3.296E+01.07320.371 5611.09740.63-.004730          0 4 0          0 3 0  5  3  3        6  4  2      432230837294713152    11.0   13.0
 11 1211.876805 1.265E-29 1.088E-08.07340.352 1059.83550.650.000000          0 1 0          0 0 0  6  3  4        7  5  2     q5422308079917122 0    39.0   45.0
 11 1211.903850 8.987E-30 2.886E-08.06460.315 1360.23530.600.000000          0 1 0          0 0 0  7  4  3        9  4  5     q5422308079917122 0    45.0   57.0
 11 1211.956560 6.345E-30 1.309E+00.02180.183 5255.44870.17-.004800          0 0 0          0 0 0 19 12  7       18  9 10      334233837260713049   117.0  111.0
 11 1212.068423 2.955E-29 1.695E-01.06150.250 4442.71290.67-.008630          0 1 0          0 1 0 13 11  2       13  6  7      434233837294713152    81.0   81.0
 11 1212.246717 4.460E-22 8.683E-01.08150.368 1282.91910.85-.005440          0 1 0          0 0 0  8  2  7        9  3  6      577623837267 12459    51.0   57.0
 11 1212.264657 4.097E-28 9.652E+00.07950.333 4386.31320.70-.007070          0 3 0          0 2 0  7  3  5        8  4  4      434223837294713152    15.0   17.0
 11 1212.801832 3.745E-30 2.417E-01.08290.352 4563.98960.71-.008400          1 1 0          1 0 0  6  1  5        7  4  4      432230837294713152    13.0   15.0
 11 1213.007135 4.171E-24 4.935E+00.05130.289 2437.50190.45-.004170          0 1 0          0 0 0 11  5  7       12  6  6      578720837274 13029    23.0   25.0
 11 1213.096691 6.907E-26 1.001E+01.06390.298 3387.40070.58-.009490          0 2 0          0 1 0  9  4  6       10  5  5      564423837294713159    19.0   21.0
 11 1213.654286 8.043E-30 3.319E+01.07890.371 5610.76490.680.002820          0 4 0          0 3 0  5  3  2        6  4  3      434223837294713152    33.0   39.0
 11 1213.804874 2.331E-30 1.687E+01.07730.333 5790.11420.65-.003190          0 4 0          0 3 0  7  2  5        8  3  6      432230837294713152    45.0   51.0
 11 1213.864265 1.887E-26 8.905E+00.07210.281 3650.50900.660.007910          0 2 0          0 1 0 10  4  6       11  5  7      564423837294713159    21.0   23.0
 11 1213.964733 5.162E-26 1.163E-02.06890.281 2321.90570.650.000000          0 1 0          0 0 0 11  4  7       11  7  4      574423837260713059    69.0   69.0
 11 1213.985219 3.606E-29 2.318E-01.04010.221 4506.73380.440.014200          0 1 0          0 1 0 16  7 10       15  2 13      434233837294713152    99.0   93.0
 11 1214.140859 4.189E-31 4.898E-03.04720.268 4329.49580.530.000000          0 0 1          0 1 0 11  3  8       12  7  5      4333308387659336 0    23.0   25.0
 11 1214.194654 1.865E-30 7.619E+00.00590.172 5632.0467-.38-.001560          0 2 0          0 1 0 18  1 17       19  2 18      432230837294713152    37.0   39.0
 11 1214.232422 5.595E-30 7.619E+00.00590.172 5632.0422-.38-.001560          0 2 0          0 1 0 18  2 17       19  1 18      434233837294713152   111.0  117.0
 11 1214.333279 1.089E-28 1.209E+01.01500.221 5066.22880.08-.001710          0 1 0          0 0 0 14 12  3       15 13  2      474233837260713049    87.0   93.0
 11 1214.333279 3.630E-29 1.209E+01.01500.221 5066.22880.08-.001710          0 1 0          0 0 0 14 12  2       15 13  3      474233837260713049    29.0   31.0
 11 1214.374228 1.386E-26 4.187E+00.00580.172 3675.1131-.39-.003480          0 1 0          0 0 0 18  0 18       19  1 19      474223837260713059    37.0   39.0
 11 1214.374737 4.159E-26 4.188E+00.00580.172 3675.1131-.39-.003450          0 1 0          0 0 0 18  1 18       19  0 19      474223837260713059   111.0  117.0
 11 1214.442179 3.831E-30 1.224E-03.06870.315 3526.62490.64-.011230          0 0 1          0 1 0  8  3  6        9  7  3      532230837294713152    17.0   19.0
 11 1214.517279 2.240E-29 2.020E-03.08100.281 3535.87040.71-.013040          1 0 0          0 1 0 10  1 10       11  4  7      534233837294713152    63.0   69.0
 11 1214.530552 1.367E-29 7.871E+00.09470.391 5164.03120.74-.004130          0 4 0          0 3 0  4  1  4        5  2  3      434243837294713152    27.0   33.0
 11 1214.910667 6.493E-30 1.144E-02.09020.412 3746.77600.73-.005560          0 3 0          0 2 0  4  1  3        4  4  0      434233837294713152     9.0    9.0
 11 1214.958223 7.541E-24 6.768E-03.07680.352 1122.70850.66-.006220          0 1 0          0 0 0  8  1  8        8  4  5      776721837274 13029    51.0   51.0
 11 1214.961754 4.320E-30 1.454E+01.01050.208 5781.5207-.20-.001070          0 3 0          0 2 0 15  0 15       16  1 16      434233837294713152    93.0   99.0
 11 1214.991842 1.440E-30 1.454E+01.01050.208 5781.5167-.20-.001050          0 3 0          0 2 0 15  1 15       16  0 16      432230837294713152    31.0   33.0
 11 1215.284789 5.269E-30 7.419E-08.06830.281 1525.13600.700.002890          0 0 0          0 0 0 11  9  3       11  2 10      532230837260713049    23.0   23.0
 11 1215.612865 1.017E-24 1.359E-02.06260.324 1474.98080.61-.009270          0 1 0          0 0 0  9  2  8        9  5  5      674820837274 13029    19.0   19.0
 11 1215.639752 7.131E-30 2.759E-01.07950.352 4457.81870.66-.007230          1 1 0          1 0 0  6  0  6        7  3  5      434233837294713152    13.0   15.0
 11 1215.651174 1.376E-28 3.247E+00.01030.141 4846.49460.010.006830          0 0 0          0 0 0 23  2 21       22  1 22      444233833260713049   141.0  135.0
 11 1215.653189 4.587E-29 3.248E+00.01030.141 4846.49460.010.006830          0 0 0          0 0 0 23  3 21       22  0 22      444233833260713049    47.0   45.0
 11 1215.771602 7.605E-30 2.608E-01.08290.352 4658.97470.71-.008400          0 1 1          0 0 1  6  1  5        7  4  4      434233837294713152    39.0   45.0
 11 1216.171059 1.423E-30 5.067E-05.04310.208 3211.05580.540.009760          0 0 0          0 0 0 16  9  7       16  2 14      432230837260713049    33.0   33.0
 11 1216.254548 8.874E-30 3.359E+00.00810.161 5163.0876-.300.000000          0 1 0          0 0 0 20  2 18       21  3 19      4333308387659336 0    41.0   43.0
 11 1216.281919 3.019E-29 4.988E-05.06360.281 2522.26130.64-.009080          0 1 0          0 0 0 12  3  9       11  8  4      574233837260713049    25.0   23.0
 11 1216.307666 2.662E-29 3.359E+00.00810.161 5163.0812-.300.000000          0 1 0          0 0 0 20  3 18       21  2 19      4333308387659336 0   123.0  129.0
 11 1216.308099 1.280E-30 4.523E+01.05890.371 5825.64860.540.000780          0 4 0          0 3 0  5  4  2        6  5  1      432230837294713152    11.0   13.0
 11 1216.360795 3.840E-30 4.523E+01.05950.371 5825.63220.550.001910          0 4 0          0 3 0  5  4  1        6  5  2      432230837294713152    33.0   39.0
 11 1217.005452 3.111E-26 1.170E-02.04710.250 2248.06450.520.000000          0 0 0          0 0 0 14  8  6       13  3 11      564423837260713059    29.0   27.0
 11 1217.214097 4.044E-28 2.282E+01.06180.333 4564.36660.57-.004970          0 3 0          0 2 0  7  4  4        8  5  3      434223837294713152    15.0   17.0
 11 1217.411051 9.759E-28 8.337E+00.01340.208 4564.1096-.05-.003390          0 2 0          0 1 0 16  1 16       16  2 15      434223837294713152    99.0   99.0
 11 1217.430608 3.254E-28 8.339E+00.01350.208 4564.0861-.05-.003410          0 2 0          0 1 0 16  0 16       16  1 15      434223837294713152    33.0   33.0
 11 1217.759384 2.083E-27 2.160E+01.02810.281 4510.90160.30-.001330          0 2 0          0 1 0 10  8  3       11  9  2      434223837294713152    63.0   69.0
 11 1217.759569 6.942E-28 2.160E+01.02810.281 4510.90150.30-.001330          0 2 0          0 1 0 10  8  2       11  9  3      434223837294713152    21.0   23.0
 11 1217.800530 1.140E-29 2.347E-01.07950.352 4553.27350.66-.007230          0 1 1          0 0 1  6  0  6        7  3  5      434233837294713152    39.0   45.0
 11 1217.833452 2.319E-28 1.378E+01.08010.315 4600.49730.700.003090          0 3 0          0 2 0  8  3  5        9  4  6      434253837294713152    17.0   19.0
 11 1217.889511 1.594E-27 2.775E+00.09050.371 3784.67920.72-.002810          0 3 0          0 2 0  5  1  5        6  2  4      434223837294713152    11.0   13.0
 11 1218.210017 1.377E-30 8.674E-01.06230.298 5334.98830.57-.040000          0 1 1          1 0 0  9  3  7       10  5  6      432230837294713152    57.0   63.0
 11 1218.519803 1.722E-22 2.364E-01.08300.386  927.74390.61-.007000          0 1 0          0 0 0  6  1  5        7  4  4      577823837267 12459    13.0   15.0
 11 1218.581136 1.397E-24 5.137E-03.06620.311 1411.61150.620.000000          0 1 0          0 0 0  8  3  6        8  6  3      774823837260 13059    51.0   51.0
 11 1218.637185 4.107E-26 1.425E+01.05210.298 3565.00350.50-.001940          0 2 0          0 1 0  9  5  5       10  6  4      464423837294713159    19.0   21.0
 11 1218.673839 1.217E-27 2.291E+01.06500.333 4564.03480.590.001790          0 3 0          0 2 0  7  4  3        8  5  4      434426837294713152    45.0   51.0
 11 1219.134527 9.951E-29 8.769E-02.03760.208 3870.20170.66-.017930          0 1 0          0 0 0 16  3 13       16  6 10      474233837265713049    33.0   33.0
 11 1219.147193 2.418E-24 6.785E+00.03680.232 2613.10460.39-.003200          0 1 0          0 0 0 11  6  6       12  7  5      576821837274 13029    23.0   25.0
 11 1219.259788 2.523E-29 3.659E+01.02930.315 5483.32320.300.000420          0 3 0          0 2 0  8  7  2        9  8  1      434233837294713152    51.0   57.0
 11 1219.259971 8.410E-30 3.659E+01.02930.315 5483.32310.300.000510          0 3 0          0 2 0  8  7  1        9  8  2      434233837294713152    17.0   19.0
 11 1219.725150 1.074E-27 3.726E+00.00500.161 4412.3171-.43-.000790          0 1 0          0 0 0 19  1 18       20  2 19      474223837260713049   117.0  123.0
 11 1219.730092 3.579E-28 3.725E+00.00500.161 4412.3166-.43-.000790          0 1 0          0 0 0 19  2 18       20  1 19      474223837260713049    39.0   41.0
 11 1219.762344 7.725E-30 4.488E-02.06430.250 4442.71290.66-.033740          1 0 0          0 1 0 13  1 12       13  6  7      434233837294713152    81.0   81.0
 11 1219.937501 1.618E-29 1.336E+01.02310.250 5236.43210.13-.002520          0 3 0          0 2 0 13  1 13       13  2 12      434223837294713152    27.0   27.0
 11 1219.957059 1.237E-25 1.431E+01.05270.298 3564.70500.510.002930          0 2 0          0 1 0  9  5  4       10  6  5      564423837294713159    57.0   63.0
 11 1220.159225 4.392E-31 2.890E+00.00810.161 5749.2423-.300.000000          0 1 0          0 0 0 20  4 16       21  5 17      3333308387659336 0    41.0   43.0
 11 1220.248450 4.230E-28 1.412E-04.05470.265 2433.80040.58-.011570          0 1 0          0 0 0 13  1 12       12  6  7      574223837260713049    81.0   75.0
 11 1220.337401 4.871E-29 1.339E+01.02310.250 5235.95880.13-.002530          0 3 0          0 2 0 13  0 13       13  1 12      434223837294713152    81.0   81.0
 11 1220.344569 7.269E-24 6.802E+00.03840.231 2612.79980.40-.000500          0 1 0          0 0 0 11  6  5       12  7  6      577621837274 13029    69.0   75.0
 11 1220.445446 1.084E-25 1.045E+01.02560.250 3583.37460.27-.003000          0 1 0          0 0 0 12  9  4       13 10  3      474423837260713059    75.0   81.0
 11 1220.445838 3.615E-26 1.045E+01.02560.250 3583.37450.27-.003000          0 1 0          0 0 0 12  9  3       13 10  4      474423837260713059    25.0   27.0
 11 1220.522387 2.592E-27 4.036E+00.00860.172 4021.2188-.18-.003830          0 1 0          0 0 0 19  1 19       19  2 18      474223837260713049    39.0   39.0
 11 1220.525061 7.778E-27 4.037E+00.00860.172 4021.2179-.18-.003830          0 1 0          0 0 0 19  0 19       19  1 18      474223837260713049   117.0  117.0
 11 1220.779103 3.825E-27 2.743E-03.08740.391 2406.14310.74-.001300          0 2 0          0 1 0  5  2  3        5  5  0      534426837294713152    33.0   33.0
 11 1220.994906 1.188E-29 2.267E-01.03980.221 4728.22120.430.016470          0 1 0          0 1 0 16  8  9       15  3 12      434233837294713152    99.0   93.0
 11 1221.051733 5.983E-29 5.258E-02.08640.391 3868.98700.71-.006060          0 3 0          0 2 0  5  1  4        5  4  1      434223837294713152    33.0   33.0
 11 1221.227320 4.110E-30 1.194E-06.08230.352 2309.73020.720.002920          0 1 0          0 1 0  8  8  1        7  1  6      534233837294713152    51.0   45.0
 11 1221.303669 9.022E-29 2.747E-01.08160.352 4188.39430.71-.007250          0 3 0          0 2 0  7  1  6        7  4  3      434223837294713152    45.0   45.0
 11 1221.410271 2.371E-26 7.486E+00.07670.298 3770.71130.710.000000          1 0 0          0 1 0  9  4  5       10  7  4      564423837294713159    57.0   63.0
 11 1221.675002 1.745E-28 2.763E+01.04970.333 4775.08820.48-.000650          0 3 0          0 2 0  7  5  3        8  6  2      434243837294713152    15.0   17.0
 11 1221.893729 2.346E-26 7.536E-02.05460.208 2952.39370.570.018000          0 0 0          0 0 0 17  5 12       16  2 15      464423837260713059   105.0   99.0
 11 1222.038425 5.599E-28 2.953E+01.05010.333 4774.80490.48-.000110          0 3 0          0 2 0  7  5  2        8  6  3      434426837294713152    45.0   51.0
 11 1222.074864 1.262E-30 1.319E+01.00950.208 6012.3447-.07-.001850          0 1 0          0 0 0 15 14  1       16 15  2      372230837260713049    93.0   99.0
 11 1222.074864 4.215E-31 1.322E+01.00480.208 6012.3447-.040.000000          0 1 0          0 0 0 15 14  2       16 15  1      3333308387659336 0    31.0   33.0
 11 1222.226243 1.918E-30 1.920E+01.08450.352 5598.57780.70-.000600          0 4 0          0 3 0  6  2  4        7  3  5      432230837294713152    13.0   15.0
 11 1222.495745 5.300E-30 5.454E-02.04790.195 4612.79070.47-.018260          0 1 0          0 0 0 17  5 12       17  8  9      474233837260713049   105.0  105.0
 11 1222.570063 2.286E-30 1.688E-05.07750.333 2771.69010.74-.002610          0 1 0          0 1 0  9  9  1        8  4  4      532230837294713152    19.0   17.0
 11 1222.776444 1.842E-30 3.163E+00.00810.161 5471.9660-.300.000000          0 1 0          0 0 0 20  3 17       21  4 18      4333308387659336 0    41.0   43.0
 11 1222.831968 4.896E-26 3.658E-03.05170.265 2124.95140.550.000000          0 0 0          0 0 0 13  9  4       12  4  9      564423837260713059    81.0   75.0
 11 1222.841719 1.190E-28 2.147E-01.07340.265 3959.25340.71-.013030          0 2 0          0 1 0 12  2 10       12  5  7      534233837294713152    25.0   25.0
 11 1222.878679 1.751E-30 3.176E-01.03480.221 4938.25370.34-.032390          1 0 0          0 1 0 14  2 12       15  5 11      432230837294713152    29.0   31.0
 11 1222.931028 2.409E-29 6.315E-08.06000.298 1114.53230.570.000000          0 1 0          0 0 0  8  0  8       10  0 10     q5422308079917122 0    17.0   21.0
 11 1222.942980 4.027E-30 1.057E-08.07340.352 1059.64670.650.000000          0 1 0          0 0 0  6  3  3        7  5  3     q5422308079917122 0    13.0   15.0
 11 1223.007682 4.206E-30 1.128E-03.04210.221 3624.18130.49-.014650          0 1 0          0 0 0 16  2 14       15  7  9      474233837260713049    33.0   31.0
 11 1223.065316 2.048E-27 1.134E+01.03980.234 4431.63810.230.000000         -2 1-2          0 0 0 13 11  2       14 12  3      1333308287659336 0    81.0   87.0
 11 1223.116893 7.234E-29 6.323E-08.06000.298 1114.54990.570.000000          0 1 0          0 0 0  8  1  8       10  1 10     q5422308079917122 0    51.0   63.0
 11 1223.142933 7.269E-28 1.207E+01.01730.235 4431.63810.13-.001780          0 1 0          0 0 0 13 11  3       14 12  2      474223837260713049    27.0   29.0
 11 1223.143307 7.553E-30 4.181E-02.01730.235 4431.63810.13-.001780          0 1 0          0 0 0 13 11  2       14 12  3      474426837260713049    81.0   87.0
 11 1223.378112 5.479E-25 3.142E+00.08330.333 2670.78970.71-.003580          0 2 0          0 1 0  7  2  6        8  3  5      564423837294713159    15.0   17.0
 11 1223.434164 5.520E-30 3.161E+00.00810.161 5471.8640-.300.000000          0 1 0          0 0 0 20  4 17       21  3 18      4333308387659336 0   123.0  129.0
 11 1223.627414 4.808E-27 8.774E+00.08560.352 4052.83690.71-.004400          0 3 0          0 2 0  6  2  5        7  3  4      434426837294713152    39.0   45.0
 11 1223.723256 8.797E-30 4.290E-08.06460.315 1216.23130.600.000000          0 1 0          0 0 0  7  3  5        9  3  7     q5422308079917122 0    15.0   19.0
 11 1223.764695 4.783E-25 2.332E-03.07150.352 1216.18980.660.000000          0 1 0          0 0 0  7  3  5        7  6  2      774423837260713059    15.0   15.0
 11 1223.977986 1.888E-26 1.796E+01.04270.298 3770.72440.44-.001510          0 2 0          0 1 0  9  6  4       10  7  3      564423837294713159    19.0   21.0
 11 1224.009237 1.327E-26 6.722E-02.08480.333 2670.78970.71-.001800          0 2 0          0 1 0  8  0  8        8  3  5      564423837294713159    17.0   17.0
 11 1224.016799 3.124E-29 1.431E-01.08450.371 4016.05280.71-.006880          0 3 0          0 2 0  6  1  5        6  4  2      434243837294713152    13.0   13.0
 11 1224.140149 5.276E-26 7.387E-03.05320.250 2042.37410.570.005000          0 0 0          0 0 0 14  7  7       13  2 12      564423837260713059    29.0   27.0
 11 1224.189775 1.725E-27 3.416E-01.03340.195 3810.93670.370.014930          0 0 0          0 0 0 18  8 11       17  3 14      434426837260713049   111.0  105.0
 11 1224.591090 2.900E-27 1.200E-05.07030.315 1477.29740.73-.003790          0 0 0          0 0 0 10 10  1        9  5  4      534426837260713049    63.0   57.0
 11 1224.822850 1.128E-24 8.463E+00.04000.195 2813.52870.36-.003690          0 1 0          0 0 0 11  7  5       12  8  4      573620837274 13029    23.0   25.0
 11 1224.891198 3.385E-24 8.466E+00.03940.206 2813.51220.37-.003690          0 1 0          0 0 0 11  7  4       12  8  5      576621837274 13029    69.0   75.0
 11 1224.977744 7.371E-23 1.990E+00.08080.389 1616.45310.71-.006390          0 1 0          0 0 0  9  3  7       10  4  6      676721837274 13029    19.0   21.0
 11 1225.086279 3.430E-22 2.774E-01.07890.367  816.69420.67-.007480          0 1 0          0 0 0  6  0  6        7  3  5      778721837274 13029    13.0   15.0
 11 1225.551279 6.858E-23 3.588E+00.06810.385 1998.99530.53-.012620          0 1 0          0 0 0 10  4  7       11  5  6      576723837267 12459    63.0   69.0
 11 1225.620253 3.334E-26 1.060E+01.04300.298 3770.71130.44-.001990          0 2 0          0 1 0  9  6  3       10  7  4      564423837294713159    57.0   63.0
 11 1225.820135 8.101E-25 6.755E+00.07990.315 2998.76630.71-.005420          0 2 0          0 1 0  8  3  6        9  4  5      564423837294713159    51.0   57.0
 11 1226.103547 1.294E-23 5.120E+00.05200.321 2433.80040.510.010380          0 1 0          0 0 0 11  5  6       12  6  7      576521837274 13029    69.0   75.0
 11 1226.202494 7.399E-31 8.767E-06.02950.189 2981.35950.190.000000          0 0 0          0 0 0 16  8  8       17  1 17      4333308387659336 0    33.0   35.0
 11 1226.654262 7.817E-25 6.411E-04.07880.371 1045.05800.70-.001630          0 1 0          0 0 0  6  3  4        6  6  1      773420837274713029    39.0   39.0
 11 1226.654458 2.798E-27 1.960E-01.07800.298 3253.73800.71-.006310          0 2 0          0 1 0 10  1  9       10  4  6      534426837294713152    21.0   21.0
 11 1226.863924 3.758E-28 9.341E+00.00850.195 4554.6528-.27-.001100          0 2 0          0 1 0 16  0 16       17  1 17      434223837294713152    33.0   35.0
 11 1226.864348 6.831E-30 6.181E-01.02260.195 5070.03100.21-.004110          0 0 0          0 0 0 18 13  6       17 10  7      334433837260713049   111.0  105.0
 11 1226.868300 1.127E-27 9.338E+00.00850.195 4554.6524-.27-.001080          0 2 0          0 1 0 16  1 16       17  0 17      434223837294713152    99.0  105.0
 11 1226.885818 2.277E-30 6.181E-01.02260.195 5070.00960.21-.004110          0 0 0          0 0 0 18 13  5       17 10  8      332230837260713049    37.0   35.0
 11 1226.907684 9.601E-28 1.182E-05.06840.315 1474.98080.72-.003330          0 0 0          0 0 0 10 10  0        9  5  5      534426837260713049    21.0   19.0
 11 1227.083973 4.363E-29 7.926E-02.07640.265 3959.25340.71-.017910          1 0 0          0 1 0 12  0 12       12  5  7      434233837294713152    25.0   25.0
 11 1227.405142 6.140E-28 2.271E+01.01990.281 4769.23260.180.000280          0 2 0          0 1 0 10  9  2       11 10  1      434223837294713152    63.0   69.0
 11 1227.405144 2.047E-28 2.271E+01.01990.281 4769.23260.180.000280          0 2 0          0 1 0 10  9  1       11 10  2      434233837294713152    21.0   23.0
 11 1227.405168 1.074E-28 1.462E+01.01400.281 5037.34010.09-.016080          1 0 0          0 1 0 10 10  1       11 11  0      434233837294713152    63.0   69.0
 11 1227.405168 3.582E-29 1.463E+01.01400.281 5037.34010.09-.016050          1 0 0          0 1 0 10 10  0       11 11  1      434233837294713152    21.0   23.0
 11 1227.708014 1.476E-28 1.177E-06.07480.333 1590.69010.69-.004770          0 1 0          0 0 0  9  2  7        8  7  2      674233837260713049    57.0   51.0
 11 1227.724724 1.378E-29 2.139E+00.07720.333 4769.03850.70-.015820          0 3 0          1 0 0  7  5  3        8  4  4      434243837294713152    15.0   17.0
 11 1227.828077 1.728E-30 2.387E-01.02360.208 4919.25320.28-.004590          0 0 0          0 0 0 17 14  4       16 11  5      432230837260713049    35.0   33.0
 11 1227.828416 5.183E-30 2.386E-01.02360.208 4919.25280.28-.004590          0 0 0          0 0 0 17 14  3       16 11  6      434433837260713049   105.0   99.0
 11 1228.167000 2.183E-30 1.508E+01.02070.250 5654.78100.20-.001780          0 2 0          0 1 0 12 10  2       13 11  3      432230837294713152    25.0   27.0
 11 1228.244607 6.151E-30 1.416E+01.04290.248 5654.70340.270.000000          0 2 0         -2 1-2 12 10  3       13 11  2      1333308387659336 0    75.0   81.0
 11 1228.278944 2.300E-29 4.194E-08.06860.333  982.91170.620.000000          0 1 0          0 0 0  6  2  4        8  2  6     q5422308079917122 0    13.0   17.0
 11 1228.529369 2.173E-25 1.056E+01.07140.298 3383.26540.650.008900          0 2 0          0 1 0  9  4  5       10  5  6      564423837294713159    57.0   63.0
 11 1228.623161 3.775E-30 3.401E-08.06460.315 1340.88490.600.000000          0 1 0          0 0 0  7  4  4        9  4  6     q5422308079917122 0    15.0   19.0
 11 1229.243185 2.591E-26 1.208E-04.06510.298 1293.01810.650.000000          0 0 0          0 0 0 11  8  4       10  1  9      564423837260713059    23.0   21.0
 11 1229.363742 6.921E-24 1.240E-02.08140.378 1282.91910.69-.004700          0 1 0          0 0 0  9  0  9        9  3  6      577720837274 13029    57.0   57.0
 11 1229.562752 6.749E-30 1.624E-05.07320.333 2764.69740.72-.001660          0 1 0          0 1 0  9  9  0        8  4  5      534233837294713152    57.0   51.0
 11 1229.738131 1.034E-29 1.334E+01.01080.221 5339.6711-.03-.001760          0 1 0          0 0 0 14 13  1       15 14  2      474233837260713049    29.0   31.0
 11 1229.738131 3.102E-29 1.334E+01.01080.221 5339.6711-.03-.001760          0 1 0          0 0 0 14 13  2       15 14  1      474233837260713049    87.0   93.0
 11 1229.766554 1.094E-27 1.195E-01.06370.315 3526.62750.61-.003480          1 0 0          0 1 0  8  4  5        9  7  2      534223837294713152    51.0   57.0
 11 1230.048951 1.491E-29 7.071E-09.07340.352  931.23710.650.000000          0 1 0          0 0 0  6  2  5        7  4  3     q5422308079917122 0    39.0   45.0
 11 1230.116070 5.703E-29 7.060E-07.07040.315 1474.98080.66-.006130          0 1 0          0 0 0 10  0 10        9  5  5      572230837260713049    21.0   19.0
 11 1230.286585 1.187E-30 1.197E-01.05600.183 4865.22650.59-.024120          0 1 0          0 0 0 18  4 14       18  7 11      472230837260713049    37.0   37.0
 11 1230.305837 8.956E-27 2.354E-02.06130.265 2613.10460.56-.000070          0 1 0          0 0 0 12  4  8       12  7  5      574426837260713049    25.0   25.0
 11 1230.418521 3.357E-29 8.078E+00.00700.183 5258.6309-.33-.001410          0 2 0          0 1 0 17  1 16       18  2 17      434233837294713152   105.0  111.0
 11 1230.420759 4.181E-31 2.062E+01.05400.308 6022.58020.550.000000          0 4 0          0 3 0 10  0 10       10  1  9      4333308387659336 0    21.0   21.0
 11 1230.469927 1.116E-29 8.057E+00.00700.183 5258.6305-.33-.001380          0 2 0          0 1 0 17  2 16       18  1 17      434233837294713152    35.0   37.0
 11 1230.650647 6.251E-29 5.276E-08.06460.315 1079.07960.600.000000          0 1 0          0 0 0  7  1  6        9  1  8     q5422308079917122 0    45.0   57.0
 11 1230.784886 8.625E-27 8.901E-03.08700.391 2251.69530.70-.005090          0 2 0          0 1 0  5  1  5        5  4  2      534426837294713152    11.0   11.0
 11 1231.016419 1.148E-29 2.948E+00.01750.161 5294.03720.07-.007520          0 1 0          0 0 0 19  4 15       20  5 16      474233837260713049   117.0  123.0
 11 1231.520430 7.320E-29 3.670E+01.03670.333 5008.96280.370.001040          0 3 0          0 2 0  7  6  2        8  7  1      434233837294713152    15.0   17.0
 11 1231.524685 2.196E-28 3.670E+01.03670.333 5008.96250.380.001110          0 3 0          0 2 0  7  6  1        8  7  2      434436837294713152    45.0   51.0
 11 1231.633907 2.068E-27 1.639E+01.08220.333 4381.73540.710.003010          0 3 0          0 2 0  7  3  4        8  4  5      434426837294713152    45.0   51.0
 11 1231.799430 3.374E-27 1.276E-02.08410.371 2552.87970.72-.002090          0 2 0          0 1 0  6  2  4        6  5  1      534426837294713152    13.0   13.0
 11 1232.068358 7.499E-27 2.176E+01.03330.298 3997.50860.35-.001090          0 2 0          0 1 0  9  7  3       10  8  2      434426837294713152    19.0   21.0
 11 1232.070689 2.250E-26 2.176E+01.03330.298 3997.50830.35-.000870          0 2 0          0 1 0  9  7  2       10  8  3      564423837294713159    57.0   63.0
 11 1232.294876 2.042E-28 3.532E+00.00620.161 4738.6338-.34-.001230          0 1 0          0 0 0 19  2 17       20  3 18      474233837260713049   117.0  123.0
 11 1232.381557 6.806E-29 3.532E+00.00620.161 4738.6217-.34-.001240          0 1 0          0 0 0 19  3 17       20  2 18      474233837260713049    39.0   41.0
 11 1232.431968 1.380E-29 3.513E-08.06860.333 1050.15770.620.000000          0 1 0          0 0 0  6  3  3        8  3  5     q5422308079917122 0    13.0   17.0
 11 1232.962236 3.655E-26 1.199E+01.02010.250 3831.17920.18-.003000          0 1 0          0 0 0 12 10  3       13 11  2      474423837260713059    75.0   81.0
 11 1232.962244 1.218E-26 1.199E+01.02010.250 3831.17920.18-.003000          0 1 0          0 0 0 12 10  2       13 11  3      474423837260713059    25.0   27.0
 11 1233.283979 4.594E-25 1.014E+01.02990.265 3032.69040.32-.003000          0 1 0          0 0 0 11  8  4       12  9  3      574423837260713059    23.0   25.0
 11 1233.286520 1.378E-24 1.014E+01.02950.265 3032.68980.32-.004100          0 1 0          0 0 0 11  8  3       12  9  4      575420837274713029    69.0   75.0
 11 1233.612964 5.897E-30 1.544E+01.01300.221 5484.0002-.12-.001040          0 3 0          0 2 0 14  0 14       15  1 15      434233837294713152    29.0   31.0
 11 1233.665639 1.769E-29 1.545E+01.01300.221 5483.9960-.12-.001010          0 3 0          0 2 0 14  1 14       15  0 15      434233837294713152    87.0   93.0
 11 1234.057063 2.480E-30 4.039E+01.01800.315 5749.91890.16-.001260          0 3 0          0 2 0  8  8  0        9  9  1      432230837294713152    17.0   19.0
 11 1234.057064 7.440E-30 4.039E+01.01800.315 5749.91890.16-.001260          0 3 0          0 2 0  8  8  1        9  9  0      434233837294713152    51.0   57.0
 11 1234.285050 4.821E-29 4.026E-03.05570.281 3323.26980.580.006370          0 1 0          0 1 0 12  8  4       11  3  9      534233837294713152    25.0   23.0
 11 1234.659335 1.287E-29 2.279E+01.08840.371 5429.69440.72-.000240          0 4 0          0 3 0  5  2  3        6  3  4      434223837294713152    33.0   39.0
 11 1234.810161 3.663E-31 7.754E-04.03640.222 4045.28560.360.000000          0 1 0          0 0 0 16  4 12       15  9  7      4333308387659336 0    33.0   31.0
 11 1234.897620 5.823E-30 9.782E-03.04620.172 4021.21880.610.009120          0 0 0          0 0 0 18  9  9       19  2 18      434233837260713049    37.0   39.0
 11 1235.204092 2.289E-25 4.474E+00.00570.183 3319.4483-.33-.003340          0 1 0          0 0 0 17  0 17       18  1 18      475421837274713029   105.0  111.0
 11 1235.204574 7.630E-26 4.474E+00.00700.183 3319.4483-.33-.002500          0 1 0          0 0 0 17  1 17       18  0 18      474423837260713059    35.0   37.0
 11 1235.229228 4.106E-30 4.406E-03.07220.281 4038.40340.66-.020540          0 0 1          0 1 0 10  3  7       11  7  4      534233837294713152    63.0   69.0
 11 1235.515610 1.915E-30 6.397E-10.08330.391  503.96810.690.000000          0 1 0          0 0 0  3  1  3        5  3  3     q5322308079917122 0     7.0   11.0
 11 1236.189323 3.839E-31 2.774E-01.06740.332 5108.34930.630.000000          0 1 1          1 0 0  8  3  6        9  5  5      4333308387659336 0    17.0   19.0
 11 1236.691812 7.742E-29 7.680E-02.09960.434 3500.51070.75-.009300          0 3 0          0 2 0  2  0  2        3  3  1      434233837294713152     5.0    7.0
 11 1236.756581 1.423E-24 4.257E-02.07900.394 1899.00820.69-.007060          0 1 0          0 0 0 11  1 10       11  4  7      575820837274 13029    69.0   69.0
 11 1237.084309 4.531E-29 3.287E+00.01020.161 5031.9780-.14-.002170          0 1 0          0 0 0 19  3 16       20  4 17      474233837260713049   117.0  123.0
 11 1237.147893 1.632E-29 4.196E+01.07220.391 5464.33210.61-.000860          0 4 0          0 3 0  4  3  2        5  4  1      434243837294713152    27.0   33.0
 11 1237.263162 6.397E-30 7.404E+00.00900.183 5579.4912-.21-.002050          0 2 0          0 1 0 17  2 15       18  3 16      434233837294713152   105.0  111.0
 11 1237.411648 2.340E-27 3.947E+00.00590.172 4021.2188-.38-.001690          0 1 0          0 0 0 18  1 17       19  2 18      474223837260713049    37.0   39.0
 11 1237.413008 7.038E-27 3.957E+00.00590.172 4021.2179-.38-.001690          0 1 0          0 0 0 18  2 17       19  1 18      474223837260713049   111.0  117.0
 11 1237.531243 2.904E-25 7.271E-04.08130.371 1045.05830.730.001000          0 1 0          0 0 0  6  3  3        6  6  0      574423837260713059    13.0   13.0
 11 1237.540362 5.433E-28 3.006E-01.03660.195 4017.90840.390.017320          0 0 0          0 0 0 18  9 10       17  4 13      434423837260713049   111.0  105.0
 11 1237.622052 5.447E-30 4.203E+01.07580.391 5464.26210.650.002650          0 4 0          0 3 0  4  3  1        5  4  2      434223837294713152     9.0   11.0
 11 1237.759762 3.926E-30 1.262E-01.03790.281 4510.90150.41-.004010          0 0 1          0 1 0 10  7  4       11  9  3      434233837294713152    21.0   23.0
 11 1237.775095 9.624E-30 1.332E-08.07810.371  888.63270.670.000000          0 1 0          0 0 0  5  3  3        6  5  1     q5422308079917122 0    11.0   13.0
 11 1237.796896 1.175E-29 1.259E-01.03800.281 4510.90160.41-.003950          0 0 1          0 1 0 10  7  3       11  9  2      434233837294713152    63.0   69.0
 11 1237.937843 2.172E-28 1.346E+01.01230.235 4697.66110.01-.001660          0 1 0          0 0 0 13 12  2       14 13  1      474233837260713049    27.0   29.0
 11 1237.937843 6.516E-28 1.346E+01.01230.235 4697.66110.01-.001660          0 1 0          0 0 0 13 12  1       14 13  2      474223837260713049    81.0   87.0
 11 1238.152372 2.129E-30 7.398E+00.00910.183 5579.3576-.21-.001800          0 2 0          0 1 0 17  3 15       18  2 16      432230837294713152    35.0   37.0
 11 1238.154499 2.168E-29 5.591E-08.06460.315 1080.38540.600.000000          0 1 0          0 0 0  7  2  6        9  2  8     q5422308079917122 0    15.0   19.0
 11 1238.216533 1.507E-29 3.282E+00.01070.161 5031.7941-.11-.001080          0 1 0          0 0 0 19  4 16       20  3 17      474233837260713049    39.0   41.0
 11 1238.736023 2.430E-29 2.640E+01.08690.391 5286.56290.71-.004100          0 4 0          0 3 0  4  2  3        5  3  2      434243837294713152    27.0   33.0
 11 1239.100578 2.300E-28 2.616E-02.05810.235 3655.48510.60-.002940          0 1 0          0 1 0 15  4 11       14  1 14      434233837294713152    93.0   87.0
 11 1239.219152 5.496E-23 5.949E+00.04600.283 2144.04630.29-.004500          0 1 0          0 0 0 10  5  6       11  6  5      577823837267 12459    63.0   69.0
 11 1239.298685 6.458E-29 1.408E-04.05660.265 2813.51220.59-.012170          0 1 0          0 0 0 13  3 10       12  8  5      574233837260713049    81.0   75.0
 11 1239.656715 9.811E-30 1.143E-01.08520.371 4394.46430.70-.006710          1 1 0          1 0 0  5  1  4        6  4  3      434233837294713152    33.0   39.0
 11 1239.679915 1.014E-29 1.158E-04.04810.195 2981.35950.580.006860          0 0 0          0 0 0 17  6 12       17  1 17      434433837260713049    35.0   35.0
 11 1239.999079 7.096E-24 1.263E-02.06860.325 1255.16680.63-.010180          0 1 0          0 0 0  8  2  7        8  5  4      574720837274 13029    51.0   51.0
 11 1240.361137 3.065E-29 2.992E+00.02170.172 4855.15200.15-.009480          0 1 0          0 0 0 18  4 14       19  5 15      474233837260713049    37.0   39.0
 11 1240.449288 5.085E-30 2.526E-01.06570.333 4756.39400.60-.012090          0 3 0          1 0 0  7  5  2        8  4  5      434243837294713152    45.0   51.0
 11 1240.689360 7.238E-25 1.234E+01.06300.315 3141.04600.58-.006360          0 2 0          0 1 0  8  4  5        9  5  4      564423837294713159    51.0   57.0
 11 1240.846166 1.387E-27 8.257E+00.01600.221 4243.15400.60-.003160          0 2 0          0 1 0 15  1 15       15  2 14      53420383729471 052    31.0   31.0
 11 1240.886475 4.163E-27 8.260E+00.01600.221 4243.10960.01-.003170          0 2 0          0 1 0 15  0 15       15  1 14      534426837294713152    93.0   93.0
 11 1240.959538 3.754E-30 2.911E+00.01570.161 5292.10220.030.001290          0 1 0          0 0 0 19  5 15       20  4 16      472230837260713049    39.0   41.0
 11 1241.170098 4.778E-31 6.515E+00.00840.182 5859.61510.150.000000          0 2 0          0 1 0 17  4 14       18  3 15      4333308387659336 0    35.0   37.0
 11 1241.206671 7.850E-30 5.760E+01.05140.391 5678.72930.500.000860          0 4 0          0 3 0  4  4  1        5  5  0      434243837294713152    27.0   33.0
 11 1241.212973 2.617E-30 5.761E+01.05140.391 5678.72760.500.001120          0 4 0          0 3 0  4  4  0        5  5  1      432230837294713152     9.0   11.0
 11 1241.300106 5.303E-27 1.924E+01.07700.352 4188.39430.68-.007070          0 3 0          0 2 0  6  3  4        7  4  3      434426837294713152    39.0   45.0
 11 1241.851809 2.655E-30 1.482E-01.08520.371 4490.06390.70-.006710          0 1 1          0 0 1  5  1  4        6  4  3      432230837294713152    11.0   13.0
 11 1241.895568 2.836E-29 1.317E-08.07810.371  888.59880.670.000000          0 1 0          0 0 0  5  3  2        6  5  2     q5422308079917122 0    33.0   39.0
 11 1242.026489 4.310E-26 3.968E+00.00990.183 3647.4613-.15-.001700          0 1 0          0 0 0 18  1 18       18  2 17      474423837260713059   111.0  111.0
 11 1242.027822 1.437E-26 3.969E+00.00990.183 3647.4595-.15-.001700          0 1 0          0 0 0 18  0 18       18  1 17      474423837260713059    37.0   37.0
 11 1242.127932 3.167E-27 2.764E+01.06000.352 4368.63690.54-.001470          0 3 0          0 2 0  6  4  3        7  5  2      434426837294713152    39.0   45.0
 11 1242.175769 1.651E-29 1.144E-04.07710.315 2998.76630.74-.003070          0 1 0          0 1 0 10  9  2        9  4  5      534233837294713152    63.0   57.0
 11 1242.381020 2.597E-27 2.502E+01.02380.298 4240.94210.23-.000600          0 2 0          0 1 0  9  8  2       10  9  1      434426837294713152    19.0   21.0
 11 1242.381045 7.791E-27 2.502E+01.02370.298 4240.94210.23-.000600          0 2 0          0 1 0  9  8  1       10  9  2      434426837294713152    57.0   63.0
 11 1242.396397 3.997E-29 6.826E-04.04440.235 3264.33740.51-.014650          0 1 0          0 0 0 15  2 13       14  7  8      574233837260713049    93.0   87.0
 11 1242.413589 3.863E-27 1.291E+00.07450.315 3526.62490.710.003020          1 0 0          0 1 0  8  4  4        9  7  3      534426837294713152    17.0   19.0
 11 1242.518819 3.069E-30 6.667E+00.01960.195 5469.18390.10-.006510          0 2 0          0 1 0 16  3 13       17  4 14      432230837294713152    33.0   35.0
 11 1242.551365 1.057E-27 2.768E+01.06210.352 4368.54610.560.001130          0 3 0          0 2 0  6  4  2        7  5  3      434426837294713152    13.0   15.0
 11 1242.557465 3.527E-28 4.503E-07.08160.333  982.91170.730.002850          0 0 0          0 0 0  9  9  1        8  2  6      534223837260713049    19.0   17.0
 11 1242.799279 3.045E-23 7.869E+00.03850.218 2321.90570.64-.002060          0 1 0          0 0 0 10  6  5       11  7  4      578623837267 12459    63.0   69.0
 11 1243.021495 4.097E-25 1.682E+01.05110.315 3321.01330.49-.001600          0 2 0          0 1 0  8  5  4        9  6  3      564423837294713159    51.0   57.0
 11 1243.121646 1.607E-28 6.439E-02.06110.281 3833.14440.58-.031990          1 0 0          0 1 0 10  3  8       11  6  5      534233837294713152    63.0   69.0
 11 1243.190430 1.006E-23 7.801E+00.03980.218 2321.81310.79-.001720          0 1 0          0 0 0 10  6  4       11  7  5      567623837367 12459    21.0   23.0
 11 1243.321353 1.519E-26 3.887E-02.07950.352 2724.16710.69-.002350          0 2 0          0 1 0  7  2  5        7  5  2      564423837294713159    45.0   45.0
 11 1243.366052 1.726E-30 3.679E+00.06390.298 5351.40860.58-.009830          1 1 0          1 0 0  9  4  6       10  5  5      432230837294713152    19.0   21.0
 11 1243.436855 1.367E-25 1.684E+01.05200.315 3320.92980.500.000920          0 2 0          0 1 0  8  5  3        9  6  4      564423837294713159    17.0   19.0
 11 1243.454674 2.024E-28 5.519E-05.05750.281 2142.59770.60-.010550          0 1 0          0 0 0 12  1 11       11  6  6      574233837260713049    25.0   23.0
 11 1243.766868 6.494E-30 3.698E-01.08550.352 4527.94940.69-.001170          0 1 1          0 0 1  6  1  6        7  2  5      434253837294713152    13.0   15.0
 11 1243.789017 4.000E-30 4.178E-10.08870.412  488.10770.710.000000          0 1 0          0 0 0  3  0  3        4  4  1     q5322308079917122 0    21.0   27.0
 11 1244.063405 2.482E-29 4.333E+01.02230.333 5261.47140.22-.000880          0 3 0          0 2 0  7  7  1        8  8  0      434233837294713152    15.0   17.0
 11 1244.063419 7.446E-29 4.333E+01.02230.333 5261.47140.22-.000870          0 3 0          0 2 0  7  7  0        8  8  1      434233837294713152    45.0   51.0
 11 1244.137098 1.689E-25 1.183E+01.02350.265 3266.76450.23-.003200          0 1 0          0 0 0 11  9  3       12 10  2      474423837260713059    23.0   25.0
 11 1244.137164 5.016E-25 1.171E+01.02350.265 3266.76440.23-.003200          0 1 0          0 0 0 11  9  2       12 10  3      464423837360713059    69.0   75.0
 11 1244.138208 5.177E-22 1.271E-01.08650.371  756.72480.71-.005490          0 1 0          0 0 0  5  1  4        6  4  3      778621837274713029    33.0   39.0
 11 1244.194282 1.408E-28 3.337E-01.08890.371 3873.79370.72-.005130          0 3 0          0 2 0  6  0  6        6  3  3      434253837294713152    13.0   13.0
 11 1244.287159 3.633E-30 6.269E-03.03280.235 4184.83120.33-.019950          1 0 0          0 1 0 13  0 13       14  3 12      432230837294713152    81.0   87.0
 11 1244.802992 1.855E-23 6.035E+00.05020.309 2142.59770.210.004960          0 1 0          0 0 0 10  5  5       11  6  6      578623837267 12459    21.0   23.0
 11 1245.164576 1.601E-28 1.341E+01.02810.265 4967.49080.20-.002130          0 3 0          0 2 0 12  1 12       12  2 11      434243837294713152    75.0   75.0
 11 1245.433053 3.799E-30 4.208E+00.06390.298 5442.09780.58-.009830          0 1 1          0 0 1  9  4  6       10  5  5      432230837294713152    57.0   63.0
 11 1245.570584 2.202E-28 6.146E-06.07780.281 1899.00820.71-.003900          0 1 0          0 0 0 12  1 12       11  4  7      574233837260713049    75.0   69.0
 11 1245.578723 1.356E-30 2.666E-02.07950.333 4564.03480.68-.016390          1 1 0          0 2 0  7  0  7        8  5  4      432230837294713152    45.0   51.0
 11 1245.749596 2.090E-27 3.308E-01.07340.281 3659.90400.71-.014680          0 2 0          0 1 0 11  2  9       11  5  6      534223837294713152    69.0   69.0
 11 1245.798469 2.896E-30 1.456E+01.00710.221 5614.0874-.13-.002180          0 1 0          0 0 0 14 14  0       15 15  1      372230837260713049    29.0   31.0
 11 1245.798469 8.688E-30 1.456E+01.00710.221 5614.0874-.13-.002180          0 1 0          0 0 0 14 14  1       15 15  0      374233837260713049    87.0   93.0
 11 1245.899923 5.370E-29 1.346E+01.02800.265 4966.63370.20-.002110          0 3 0          0 2 0 12  0 12       12  1 11      434243837294713152    25.0   25.0
 11 1246.097350 1.175E-26 4.517E-02.05810.250 2927.94130.540.000000          0 1 0          0 0 0 13  4  9       13  7  6      574423837260713059    81.0   81.0
 11 1246.654321 1.432E-27 3.499E+01.04660.352 4578.97780.460.001050          0 3 0          0 2 0  6  5  2        7  6  1      434426837294713152    39.0   45.0
 11 1246.675113 5.107E-27 9.944E+00.01050.208 4237.3209-.20-.001070          0 2 0          0 1 0 15  0 15       16  1 16      434426837294713152    93.0   99.0
 11 1246.679839 1.702E-27 9.942E+00.01050.208 4237.3204-.20-.001050          0 2 0          0 1 0 15  1 15       16  0 16      434223837294713152    31.0   33.0
 11 1246.680752 1.849E-24 3.118E-03.08120.352 1216.19450.720.001000          0 1 0          0 0 0  7  3  4        7  6  1      776421837274713029    45.0   45.0
 11 1246.766331 4.858E-28 3.560E+01.04670.352 4578.88230.460.001450          0 3 0          0 2 0  6  5  1        7  6  2      434426837294713152    13.0   15.0
 11 1246.780465 6.129E-29 8.537E+00.00840.195 4902.6265-.26-.001390          0 2 0          0 1 0 16  1 15       17  2 16      434233837294713152    33.0   35.0
 11 1246.837353 1.558E-25 7.989E+00.06820.315 3139.47580.620.006170          0 2 0          0 1 0  8  4  4        9  5  5      564423837294713159    17.0   19.0
 11 1246.869767 4.262E-30 2.558E-08.06460.315 1477.29740.600.000000          0 1 0          0 0 0  7  5  2        9  5  4     q5422308079917122 0    45.0   57.0
 11 1246.879678 1.838E-28 8.534E+00.00840.195 4902.6140-.26-.001340          0 2 0          0 1 0 16  2 15       17  1 16      434233837294713152    99.0  105.0
 11 1246.880080 3.860E-27 1.353E+01.01420.250 4087.98010.06-.001510          0 1 0          0 0 0 12 11  1       13 12  2      474426837260713049    25.0   27.0
 11 1246.880086 1.158E-26 1.353E+01.01420.250 4087.98010.06-.001510          0 1 0          0 0 0 12 11  2       13 12  1      474426837260713049    75.0   81.0
 11 1246.978357 7.610E-29 3.318E-03.07360.333 3306.29520.67-.007860          0 0 1          0 1 0  7  3  5        8  7  2      534233837294713152    45.0   51.0
 11 1247.290945 5.123E-28 8.242E-03.07760.333 3101.12380.68-.018000          1 0 0          0 1 0  7  1  6        8  6  3      534223837294713152    45.0   51.0
 11 1247.689652 6.734E-28 3.009E+00.02760.183 4432.86020.24-.011500          0 1 0          0 0 0 17  4 13       18  5 14      474223837260713049   105.0  111.0
 11 1247.754086 1.013E-25 9.146E-02.07190.250 2629.33450.71-.003400          0 1 0          0 0 0 13  2 11       13  5  8      564423837360713059    81.0   81.0
 11 1247.815142 9.415E-29 6.128E-06.06820.315 1810.58330.66-.006980          0 1 0          0 0 0 10  2  8        9  7  3      574233837260713049    21.0   19.0
 11 1247.881362 8.983E-26 4.614E+00.07570.315 3139.47580.670.000000          1 0 0          0 1 0  8  0  8        9  5  5      564423837294713159    17.0   19.0
 11 1248.121956 2.028E-27 7.943E-05.06890.298 1724.70540.71-.005540          0 0 0          0 0 0 11 10  2       10  5  5      534426837260713049    23.0   21.0
 11 1248.177417 1.867E-25 2.100E+01.04040.315 3526.62750.41-.001260          0 2 0          0 1 0  8  6  3        9  7  2      564423837294713159    51.0   57.0
 11 1248.242966 3.497E-29 4.074E-01.08550.352 4426.06640.69-.001170          1 1 0          1 0 0  6  1  6        7  2  5      434253837294713152    39.0   45.0
 11 1248.268421 4.800E-28 3.715E+00.00740.172 4331.0892-.28-.001880          0 1 0          0 0 0 18  2 16       19  3 17      474223837260713049    37.0   39.0
 11 1248.424553 1.439E-27 3.713E+00.00750.172 4331.0667-.28-.001960          0 1 0          0 0 0 18  3 16       19  2 17      474223837260713049   111.0  117.0
 11 1248.443186 1.740E-29 2.187E+00.02550.208 5094.08430.24-.022320          0 0 1          0 1 0 15  2 14       16  4 13      434233837294713152    93.0   99.0
 11 1248.446187 1.407E-23 9.716E+00.03440.202 2522.26520.37-.002940          0 1 0          0 0 0 10  7  4       11  8  3      577621837274 13029    63.0   69.0
 11 1248.463119 4.691E-24 9.718E+00.03290.208 2522.26130.37-.002220          0 1 0          0 0 0 10  7  3       11  8  4      578820837274 13029    21.0   23.0
 11 1248.463311 5.877E-26 1.984E+01.04050.315 3526.62490.41-.001390          0 2 0          0 1 0  8  6  2        9  7  3      564423837294713159    17.0   19.0
 11 1248.730944 1.696E-29 1.017E+00.08330.333 4792.34030.71-.004000          0 1 1          0 0 1  7  2  6        8  3  5      434223837294713152    45.0   51.0
 11 1248.890262 5.938E-25 4.194E-01.08390.391 2126.40770.72-.003670          0 2 0          0 1 0  4  0  4        5  3  3      563420837274713129     9.0   11.0
 11 1249.405827 2.354E-30 9.979E-10.07340.352  931.23710.650.000000          0 1 0          0 0 0  7  0  7        7  4  3     q5322308079917122 0    45.0   45.0
 11 1249.708083 1.820E-27 1.990E+01.08160.352 4186.56940.700.002910          0 3 0          0 2 0  6  3  3        7  4  4      434426837294713152    13.0   15.0
 11 1250.197876 1.427E-30 5.258E-02.08860.371 4401.94190.71-.025430          0 1 1          1 0 0  5  0  5        6  4  2      432230837294713152    11.0   13.0
 11 1250.453451 4.732E-31 1.010E+01.00840.172 5971.0032-.120.000000          0 2 0          0 1 0 19  2 18       19  3 17      4333308387659336 0    39.0   39.0
 11 1250.970487 2.834E-30 1.350E+01.01260.221 5827.3382-.12-.001400          0 3 0          0 2 0 14  2 13       15  1 14      432230837294713152    87.0   93.0
 11 1251.037111 1.008E-30 2.044E+01.05010.315 5812.38450.44-.002360          0 4 0          0 3 0  9  1  9        9  2  8      432230837294713152    19.0   19.0
 11 1251.058894 1.138E-28 3.408E+00.01290.172 4608.5562-.05-.003870          0 1 0          0 0 0 18  3 15       19  4 16      474233837260713049    37.0   39.0
 11 1251.259297 8.611E-30 2.830E+01.09000.391 5284.19800.730.000050          0 4 0          0 3 0  4  2  2        5  3  3      434233837294713152     9.0   11.0
 11 1251.349502 1.521E-23 4.825E-03.09100.419  488.13420.73-.006400          0 1 0          0 0 0  3  1  3        4  4  0      577621837274 13029     7.0    9.0
 11 1251.556813 5.756E-30 5.723E-03.07670.298 3770.72440.69-.006260          0 0 1          0 1 0  9  3  6       10  7  3      534233837294713152    19.0   21.0
 11 1251.648550 6.940E-30 7.212E+00.00630.141 5604.3090-.26-.003760          0 1 0          0 0 0 22  2 21       22  3 20      444233833260713049   135.0  135.0
 11 1251.680597 2.970E-30 6.544E+00.05210.298 5581.52480.50-.004160          0 1 1          0 0 1  9  5  5       10  6  4      432230837294713152    57.0   63.0
 11 1251.684444 2.289E-30 7.137E+00.00810.161 5604.3055-.300.000000          0 1 0          0 0 0 22  1 21       22  2 20      4333308387659336 0    45.0   45.0
 11 1251.751459 1.263E-29 7.709E+00.01110.195 5204.9880-.14-.002260          0 2 0          0 1 0 16  2 14       17  3 15      434233837294713152    33.0   35.0
 11 1251.837462 3.599E-29 4.548E+00.02500.208 5094.08430.19-.008090          0 2 0          0 1 0 15  3 12       16  4 13      534233837294713152    93.0   99.0
 11 1252.105055 1.498E-26 3.600E-03.09150.412 2129.59920.72-.005610          0 2 0          0 1 0  4  1  4        4  4  1      564423837294713159    27.0   27.0
 11 1252.277516 6.610E-29 1.637E+01.01610.235 5204.0187-.04-.001030          0 3 0          0 2 0 13  0 13       14  1 14      434233837294713152    81.0   87.0
 11 1252.360926 2.202E-29 1.637E+01.01610.235 5204.0087-.04-.000990          0 3 0          0 2 0 13  1 13       14  0 14      434233837294713152    27.0   29.0
 11 1252.435659 3.447E-29 1.517E-01.05510.195 4428.11420.57-.025530          0 1 0          0 0 0 17  4 13       17  7 10      474233837260713049   105.0  105.0
 11 1252.589773 1.503E-27 3.002E+00.03510.195 4027.50600.33-.012860          0 1 0          0 0 0 16  4 12       17  5 13      474223837260713049    33.0   35.0
 11 1252.726495 2.344E-27 2.659E+01.01500.298 4497.19240.11-.001920          0 2 0          0 1 0  9  9  0       10 10  1      434223837294713152    57.0   63.0
 11 1252.726495 7.813E-28 2.659E+01.01500.298 4497.19240.11-.001920          0 2 0          0 1 0  9  9  1       10 10  0      434223837294713152    19.0   21.0
 11 1253.015161 3.401E-28 3.400E+00.01280.172 4608.2236-.05-.000690          0 1 0          0 0 0 18  4 15       19  3 16      474223837260713049   111.0  117.0
 11 1253.093614 5.264E-27 9.387E-02.07770.333 2920.13210.69-.009520          0 2 0          0 1 0  8  2  6        8  5  3      534426837294713152    17.0   17.0
 11 1253.132547 1.581E-30 6.953E+00.05210.298 5497.21530.50-.004160          1 1 0          1 0 0  9  5  5       10  6  4      432230837294713152    19.0   21.0
 11 1253.132939 1.114E-30 2.501E-02.08880.391 4257.78670.72-.005830          1 1 0          1 0 0  4  1  3        5  4  2      432230837294713152     9.0   11.0
 11 1253.185863 3.525E-29 8.431E-01.07420.352 4572.44630.68-.014600          0 3 0          1 0 0  6  5  2        7  4  3      434223837294713152    39.0   45.0
 11 1253.262518 3.781E-29 7.703E+00.01120.195 5204.7485-.14-.001800          0 2 0          0 1 0 16  3 14       17  2 15      434233837294713152    99.0  105.0
 11 1253.345954 6.613E-24 8.321E-03.07790.363  927.74390.68-.003680          0 1 0          0 0 0  7  1  7        7  4  4      675620837274 13029    15.0   15.0
 11 1253.402272 2.659E-30 1.141E+01.02320.235 5790.43250.14-.003880          0 3 0          0 2 0 13  2 11       14  3 12      432230837294713152    81.0   87.0
 11 1253.555572 6.459E-30 4.104E+00.02610.250 5381.55280.25-.012250          1 0 0          0 1 0 12  9  4       13 10  3      434233837294713152    75.0   81.0
 11 1253.555987 2.153E-30 4.104E+00.02610.250 5381.55270.25-.012240          1 0 0          0 1 0 12  9  3       13 10  4      432230837294713152    25.0   27.0
 11 1253.585203 1.889E-28 1.482E+01.00810.235 4967.0416-.09-.002160          0 1 0          0 0 0 13 13  0       14 14  1      474233837260713049    81.0   87.0
 11 1253.585203 6.298E-29 1.482E+01.00810.235 4967.0416-.09-.002150          0 1 0          0 0 0 13 13  1       14 14  0      474233837260713049    27.0   29.0
 11 1254.108541 5.982E-27 7.658E-05.06390.298 1718.71880.68-.004200          0 0 0          0 0 0 11 10  1       10  5  6      534426837260713049    69.0   63.0
 11 1254.197973 1.147E-28 1.705E-08.08870.412  488.10770.710.000000          0 1 0          0 0 0  2  2  1        4  4  1     q5422308079917122 0    15.0   27.0
 11 1254.222965 1.218E-29 1.752E+00.06620.315 4996.33160.60-.016190          1 1 0          0 2 0  8  3  6        9  6  3      434233837294713152    51.0   57.0
 11 1254.361963 9.661E-31 2.242E+00.02320.161 5513.23390.170.000000          0 1 0          0 0 0 19  6 14       20  5 15      3333308387659336 0    39.0   41.0
 11 1254.535642 4.732E-30 6.944E+00.05270.298 5496.98050.51-.000400          1 1 0          1 0 0  9  5  4       10  6  5      434243837294713152    57.0   63.0
 11 1254.553071 2.825E-29 1.557E+01.01620.265 5334.86020.11-.001700          0 2 0          0 1 0 11 10  1       12 11  2      434233837294713152    69.0   75.0
 11 1254.553076 9.418E-30 1.558E+01.01620.265 5334.86020.11-.001700          0 2 0          0 1 0 11 10  2       12 11  1      434233837294713152    23.0   25.0
 11 1254.570786 9.998E-31 6.616E+00.05980.305 5580.81830.620.000000          0 1 1          0 0 1  9  5  4       10  6  5      4333308387659336 0    19.0   21.0
 11 1254.977003 1.150E-29 3.309E-04.04970.250 3127.80280.54-.014290          0 1 0          0 0 0 14  3 11       13  8  6      574233837260713049    29.0   27.0
 11 1255.047689 2.769E-26 2.989E+00.04330.208 3639.53800.410.006900          0 1 0          0 0 0 15  4 11       16  5 12      474423837260713059    93.0   99.0
 11 1255.152711 4.220E-26 4.194E+00.00700.183 3647.4613-.33-.003100          0 1 0          0 0 0 17  1 16       18  2 17      474423837260713059   105.0  111.0
 11 1255.167045 1.407E-26 4.195E+00.00700.183 3647.4595-.33-.001000          0 1 0          0 0 0 17  2 16       18  1 17      474423837260713059    35.0   37.0
 11 1255.175450 9.971E-31 1.075E-05.03910.200 2952.38660.310.000000          0 0 0          0 0 0 16  8  8       16  1 15      4333308387659336 0    33.0   33.0
 11 1255.339847 2.975E-27 1.429E-01.05000.221 3472.88130.67-.020080          0 1 0          0 0 0 15  3 12       15  6  9      474426837278713049    93.0   93.0
 11 1255.352168 3.783E-29 1.691E-08.08870.412  488.13420.710.000000          0 1 0          0 0 0  2  2  0        4  4  0     q5422308079917122 0     5.0    9.0
 11 1255.581270 1.283E-29 2.732E+01.01080.265 5612.49340.01-.002550          0 2 0          0 1 0 11 11  0       12 12  1      434233837294713152    69.0   75.0
 11 1255.581270 4.276E-30 2.731E+01.01080.265 5612.49340.01-.002550          0 2 0          0 1 0 11 11  1       12 12  0      434233837294713152    23.0   25.0
 11 1255.598671 1.143E-29 1.259E+00.08330.333 4689.32860.71-.004000          1 1 0          1 0 0  7  2  6        8  3  5      434223837294713152    15.0   17.0
 11 1255.629866 9.045E-31 9.278E+00.04480.281 5670.62990.580.000000          1 1 0          1 0 0  9  6  4       10  7  3      4333308387659336 0    19.0   21.0
 11 1255.664458 4.262E-29 2.302E-07.06660.265 1557.84770.680.003780          0 0 0          0 0 0 12  8  5       12  1 12      532230837260713049    75.0   75.0
 11 1255.699311 5.243E-26 3.008E+00.05050.221 3269.53980.470.007000          0 1 0          0 0 0 14  4 10       15  5 11      474423837260713059    29.0   31.0
 11 1255.715370 2.706E-30 9.253E+00.04300.298 5670.61530.44-.002700          1 1 0          1 0 0  9  6  3       10  7  4      432230837294713152    57.0   63.0
 11 1255.793716 8.331E-25 3.103E+00.05560.235 2918.24490.510.004000          0 1 0          0 0 0 13  4  9       14  5 10      574423837260713059    81.0   87.0
 11 1255.960863 3.839E-25 4.771E+00.00850.195 2981.3595-.27-.003000          0 1 0          0 0 0 16  0 16       17  1 17      474423837260713059    33.0   35.0
 11 1255.961500 1.152E-24 4.772E+00.00580.112 2981.3594-.27-.003210          0 1 0          0 0 0 16  1 16       17  0 17      474521837274 13029    99.0  105.0
 11 1256.302287 5.737E-28 4.423E+01.02850.352 4812.19270.30-.000430          0 3 0          0 2 0  6  6  1        7  7  0      434426837294713152    39.0   45.0
 11 1256.302633 1.912E-28 4.422E+01.02850.352 4812.19270.30-.000430          0 3 0          0 2 0  6  6  0        7  7  1      434233837294713152    13.0   15.0
 11 1256.313798 3.408E-29 3.704E-04.04710.250 2927.07520.52-.013960          0 1 0          0 0 0 14  2 12       13  7  7      574233837260713049    29.0   27.0
 11 1256.389875 1.175E-30 3.843E-01.02190.195 5324.66660.23-.004100          0 0 0          0 0 0 18 14  5       17 11  6      332230837260713049   111.0  105.0
 11 1256.391139 3.926E-31 3.852E-01.02300.194 5324.66540.210.000000          0 0 0          0 0 0 18 14  4       17 11  7      3333308387659336 0    37.0   35.0
 11 1256.459771 8.900E-29 2.923E+00.01880.172 4851.82100.090.002490          0 1 0          0 0 0 18  5 14       19  4 15      474233837260713049   111.0  117.0
 11 1256.546344 7.432E-26 2.538E+01.02930.315 3752.41620.30-.001670          0 2 0          0 1 0  8  7  2        9  8  1      564423837294713159    51.0   57.0
 11 1256.546641 2.477E-26 2.538E+01.02930.315 3752.41620.30-.001740          0 2 0          0 1 0  8  7  1        9  8  2      464423837294713159    17.0   19.0
 11 1256.613431 8.989E-30 6.568E+00.01810.195 5466.40250.070.001550          0 2 0          0 1 0 16  4 13       17  3 14      434233837294713152    99.0  105.0
 11 1256.816519 2.006E-27 2.823E-01.07490.298 3387.40070.70-.015100          0 2 0          0 1 0 10  2  8       10  5  5      534223837294713152    21.0   21.0
 11 1256.827773 5.742E-26 1.355E+01.01660.265 3512.40490.12-.001000          0 1 0          0 0 0 11 10  2       12 11  1      474423837260713059    23.0   25.0
 11 1256.827775 1.723E-25 1.355E+01.01660.265 3512.40490.12-.001000          0 1 0          0 0 0 11 10  1       12 11  2      474423837260713059    69.0   75.0
 11 1256.880686 1.377E-24 3.319E+00.06100.352 2586.52970.550.012000          0 1 0          0 0 0 12  4  8       13  5  9      574723837260 13059    25.0   27.0
 11 1256.957527 9.362E-29 6.717E+00.03200.221 4736.24170.28-.010740          0 2 0          0 1 0 14  3 11       15  4 12      434233837294713152    29.0   31.0
 11 1257.087370 5.733E-24 1.159E+01.02750.162 2740.42090.29-.002500          0 1 0          0 0 0 10  8  3       11  9  2      576621837274 13029    63.0   69.0
 11 1257.087835 1.911E-24 1.159E+01.02760.281 2740.42080.29-.003000          0 1 0          0 0 0 10  8  2       11  9  3      574423837260713059    21.0   23.0
 11 1257.116104 8.338E-28 1.364E-06.07400.333 1255.16680.67-.005170          0 1 0          0 0 0  9  0  9        8  5  4      574223837260713049    57.0   51.0
 11 1257.163578 7.096E-30 4.764E-04.07660.298 3253.73800.73-.003330          0 1 0          0 1 0 11  9  3       10  4  6      534233837294713152    23.0   21.0
 11 1257.491295 2.166E-28 7.873E-03.05480.265 3386.37950.580.010730          0 1 0          0 1 0 13  7  6       12  2 11      534233837294713152    81.0   75.0
 11 1257.521532 3.381E-30 2.279E+00.07990.315 5087.01710.71-.006420          0 1 1          0 0 1  8  3  6        9  4  5      432230837294713152    17.0   19.0
 11 1257.619041 5.284E-30 1.045E-04.06830.315 2983.32310.69-.001790          0 1 0          0 1 0 10  9  1        9  4  6      534233837294713152    21.0   19.0
 11 1257.694120 6.542E-28 8.703E-02.06690.333 3306.29550.64-.002970          1 0 0          0 1 0  7  4  4        8  7  1      534223837294713152    15.0   17.0
 11 1257.938670 5.204E-30 8.097E-08.06370.265 1774.75110.680.003680          0 0 0          0 0 0 12  9  4       12  2 11      532230837260713049    75.0   75.0
 11 1258.335758 2.973E-30 2.204E+00.08500.298 5355.26280.72-.008990          1 1 0          0 0 1  9  4  5       10  4  6      432230837294713152    57.0   63.0
 11 1258.428476 9.684E-29 6.472E-05.07290.315 2512.28290.680.003970          0 1 0          0 1 0 10  7  4        9  0  9      534233837294713152    63.0   57.0
 11 1258.432947 7.281E-30 1.033E+00.07990.315 4992.12160.71-.006420          1 1 0          1 0 0  8  3  6        9  4  5      434253837294713152    51.0   57.0
 11 1258.496125 1.169E-26 1.835E-01.07690.315 3141.04600.70-.011020          0 2 0          0 1 0  9  2  7        9  5  4      564423837294713159    57.0   57.0
 11 1258.617672 9.796E-23 4.722E+00.06320.354 1724.70540.59-.009700          0 1 0          0 0 0  9  4  6       10  5  5      678523837233662759    19.0   21.0
 11 1258.651982 6.382E-29 3.145E-01.03980.231 4396.05140.490.000000         -2 1-2          0 1 0 13 11  2       14  4 11      1333308287659336 0    81.0   87.0
 11 1258.724820 1.394E-27 7.918E-02.05720.235 3266.51420.55-.017550          0 1 0          0 0 0 14  4 10       14  7  7      474223837260713049    29.0   29.0
 11 1258.729973 9.971E-28 4.915E+00.06130.235 4396.05140.690.001480          0 1 0          0 1 0 13 11  2       14  4 11      434233837294713152    81.0   87.0
 11 1258.893235 3.870E-24 9.327E-03.06740.318 1059.64670.65-.009210          0 1 0          0 0 0  7  2  6        7  5  3      676620837274 13029    15.0   15.0
 11 1259.009332 6.592E-28 2.459E-01.05100.183 3940.58730.540.001340          0 0 0          0 0 0 19  6 13       18  3 16      434226837260713049   117.0  111.0
 11 1259.057939 3.219E-30 1.014E+01.03020.250 5483.12470.24-.006460          0 3 0          0 2 0 12  2 10       13  3 11      432230837294713152    25.0   27.0
 11 1259.147772 7.677E-25 9.038E-03.08090.333 1411.64190.71-.006100          0 1 0          0 0 0  8  3  5        8  6  2      673420837274713029    17.0   17.0
 11 1259.222713 7.360E-27 7.041E-03.04660.250 2426.19650.500.005680          0 0 0          0 0 0 14  9  5       13  4 10      534426837260713049    29.0   27.0
 11 1259.757662 2.240E-29 3.011E-04.06950.235 2983.39640.69-.007670          0 1 0          0 0 0 15  2 14       14  5  9      574233837260713049    31.0   29.0
 11 1259.827157 3.277E-30 2.131E+01.05040.315 5801.55290.44-.000310          0 4 0          0 3 0  9  0  9        9  1  8      432230837294713152    57.0   57.0
 11 1260.343480 1.764E-21 4.259E-01.08680.438  782.40980.64-.004000          0 1 0          0 0 0  6  1  6        7  2  5      778623837233662759    39.0   45.0
 11 1260.474589 1.807E-28 7.387E-08.06460.315  920.16830.600.000000          0 1 0          0 0 0  7  0  7        9  0  9     q5422308079917122 0    45.0   57.0
 11 1260.497579 1.914E-23 3.705E+00.06810.411 2275.37290.630.007600          0 1 0          0 0 0 11  4  7       12  5  8      577623837233663059    69.0   75.0
 11 1260.510409 3.537E-28 2.338E-05.06140.298 2054.34520.62-.009280          0 1 0          0 0 0 11  2  9       10  7  4      574223837260713049    69.0   63.0
 11 1260.791770 4.840E-28 1.338E-05.06080.298 1874.97300.61-.009090          0 1 0          0 0 0 11  1 10       10  6  5      574223837260713049    69.0   63.0
 11 1260.879898 6.038E-29 7.412E-08.06460.315  920.21000.600.000000          0 1 0          0 0 0  7  1  7        9  1  9     q5422308079917122 0    15.0   19.0
 11 1261.280156 7.594E-30 3.618E-09.07810.371  661.54890.670.000000          0 1 0          0 0 0  5  1  5        6  3  3     q5322308079917122 0    11.0   13.0
 11 1261.658997 2.573E-30 1.796E-01.06830.352 4563.98960.62-.011870          0 3 0          1 0 0  6  5  1        7  4  4      432230837294713152    13.0   15.0
 11 1261.700577 2.825E-29 2.020E-04.07990.315 2998.76630.71-.004740          0 2 0          0 1 0 10  1 10        9  4  5      534233837294713152    63.0   57.0
 11 1261.902264 1.170E-27 1.506E+01.00930.250 4350.5911-.04-.002110          0 1 0          0 0 0 12 12  0       13 13  1      474223837260713049    25.0   27.0
 11 1261.902264 3.511E-27 1.506E+01.00930.250 4350.5911-.04-.002110          0 1 0          0 0 0 12 12  1       13 13  0      474426837260713049    75.0   81.0
 11 1261.924324 4.017E-29 2.959E-01.08540.371 4292.90990.69-.006540          1 1 0          1 0 0  5  0  5        6  3  4      434253837294713152    33.0   39.0
 11 1261.924409 9.355E-25 9.318E+00.07950.333 2771.69010.70-.005460          0 2 0          0 1 0  7  3  5        8  4  4      564423837294713159    15.0   17.0
 11 1262.062055 4.738E-30 9.493E-06.07630.333 2490.35410.700.003350          0 1 0          0 1 0  9  8  2        8  1  7      534233837294713152    19.0   17.0
 11 1262.123737 9.868E-30 5.624E+01.06910.412 5342.19550.610.000110          0 4 0          0 3 0  3  3  1        4  4  0      434233837294713152     7.0    9.0
 11 1262.191727 2.961E-29 5.625E+01.06940.412 5342.18720.610.001350          0 4 0          0 3 0  3  3  0        4  4  1      434243837294713152    21.0   27.0
 11 1262.288477 1.975E-27 6.630E+00.05040.250 4074.03860.47-.012330          0 2 0          0 1 0 12  3  9       13  4 10      434426837294713152    25.0   27.0
 11 1262.350134 2.333E-30 1.905E-02.07930.352 4348.41470.680.007820          0 3 0          1 0 0  6  4  3        7  1  6      432230837294713152    39.0   45.0
 11 1262.579617 9.224E-31 3.078E-01.03900.205 5089.33620.370.000000          0 1 0          0 1 0 17  8 10       16  3 13      4333308387659336 0    35.0   33.0
 11 1262.739412 4.575E-29 1.316E-08.08330.391  742.07630.690.000000          0 1 0          0 0 0  4  3  2        5  5  0     q5422308079917122 0    27.0   33.0
 11 1262.767159 1.362E-30 2.963E-02.09530.391 4248.15250.74-.022810          1 1 0          0 0 1  4  1  3        5  3  2      432230837294713152     9.0   11.0
 11 1262.965164 5.299E-31 3.556E+00.05950.303 5601.53140.590.000000          1 1 0          1 0 0 10  4  6       11  5  7      4333308387659336 0    21.0   23.0
 11 1263.013529 5.172E-30 6.015E-02.08880.391 4345.27190.72-.005830          0 1 1          0 0 1  4  1  3        5  4  2      534253837294713152    27.0   33.0
 11 1263.228578 9.190E-28 8.994E+00.01020.208 4564.1096-.20-.001450          0 2 0          0 1 0 15  1 14       16  2 15      434223837294713152    93.0   99.0
 11 1263.333774 1.437E-29 6.724E-04.04390.235 3464.88740.49-.015480          0 1 0          0 0 0 15  3 12       14  8  7      574233837260713049    93.0   87.0
 11 1263.373418 4.870E-29 5.776E-08.06860.333  882.89030.620.000000          0 1 0          0 0 0  6  1  5        8  1  7     q5422308079917122 0    13.0   17.0
 11 1263.399992 3.063E-28 8.994E+00.01020.208 4564.0861-.20-.001360          0 2 0          0 1 0 15  2 14       16  1 15      434223837294713152    31.0   33.0
 11 1263.500716 7.328E-26 3.917E+00.01140.195 3291.1521-.10-.003580          0 1 0          0 0 0 17  1 17       17  2 16      474426837260713049    35.0   35.0
 11 1263.503828 2.198E-25 3.916E+00.00920.195 3291.1486-.10-.007620          0 1 0          0 0 0 17  0 17       17  1 16      474422837274713029   105.0  105.0
 11 1263.508984 2.424E-26 6.768E+00.05810.265 3770.87890.53-.011000          0 2 0          0 1 0 11  3  8       12  4  9      564423837294713159    69.0   75.0
 11 1263.768969 1.077E-29 1.374E+01.09720.412 5033.70950.74-.004830          0 4 0          0 3 0  3  1  3        4  2  2      434223837294713152     7.0    9.0
 11 1263.844015 1.518E-29 1.313E-08.08330.391  742.07300.690.000000          0 1 0          0 0 0  4  3  1        5  5  1     q5422308079917122 0     9.0   11.0
 11 1263.961226 7.879E-29 1.516E-01.05470.208 4016.13450.56-.025020          0 1 0          0 0 0 16  4 12       16  7  9      474233837260713049    33.0   33.0
 11 1264.013986 7.004E-23 7.086E+00.04600.263 1875.46180.43-.014000          0 1 0          0 0 0  9  5  5       10  6  4      678523837233662759    19.0   21.0
 11 1264.161275 9.289E-27 3.893E+00.00900.183 3940.5873-.22-.001900          0 1 0          0 0 0 17  2 15       18  3 16      474426837260713049   105.0  111.0
 11 1264.186881 1.632E-26 8.224E+00.01910.235 3939.83180.07-.004780          0 2 0          0 1 0 14  1 14       14  2 13      464423837294713159    87.0   87.0
 11 1264.262159 5.444E-27 8.228E+00.01910.235 3939.74650.07-.002880          0 2 0          0 1 0 14  0 14       14  1 13      434426837294713152    29.0   29.0
 11 1264.288769 2.052E-28 1.755E-04.05070.265 2612.79980.55-.012760          0 1 0          0 0 0 13  2 11       12  7  6      574233837260713049    81.0   75.0
 11 1264.384105 3.808E-26 3.021E-01.07920.315 2998.76630.71-.003790          0 2 0          0 1 0  9  1  8        9  4  5      564423837294713159    57.0   57.0
 11 1264.394439 4.533E-27 1.311E+01.08690.371 3873.79370.72-.004620          0 3 0          0 2 0  5  2  4        6  3  3      434426837294713152    11.0   13.0
 11 1264.443072 3.095E-27 3.892E+00.00910.183 3940.5449-.21-.001870          0 1 0          0 0 0 17  3 15       18  2 16      474426837260713049    35.0   37.0
 11 1264.536051 1.184E-29 1.410E+01.01570.235 5523.1174-.04-.001730          0 3 0          0 2 0 13  1 12       14  2 13      434233837294713152    81.0   87.0
 11 1264.544290 2.354E-27 3.515E+00.01570.183 4201.85820.02-.004770          0 1 0          0 0 0 17  3 14       18  4 15      474426837260713049   105.0  111.0
 11 1264.672236 4.567E-28 3.449E-07.08220.371 1045.05800.71-.003640          0 1 0          0 0 0  7  1  6        6  6  1      774223837260713049    45.0   39.0
 11 1264.837658 1.605E-30 1.218E-03.03960.221 3824.49850.45-.016130          0 1 0          0 0 0 16  3 13       15  8  8      472230837260713049    33.0   31.0
 11 1264.905015 6.851E-30 2.406E-01.08540.371 4387.23480.69-.006540          0 1 1          0 0 1  5  0  5        6  3  4      434253837294713152    11.0   13.0
 11 1265.071288 6.145E-30 3.562E+00.03040.131 5271.37010.290.000000          0 0 0          0 0 0 24  2 22       23  1 23      3442338332917122 0    49.0   47.0
 11 1265.072450 1.844E-29 3.563E+00.03040.131 5271.37010.290.000000          0 0 0          0 0 0 24  3 22       23  0 23      3442338332917122 0   147.0  141.0
 11 1265.333708 3.068E-26 7.115E+00.06360.281 3487.39920.56-.004000          0 2 0          0 1 0 10  3  7       11  4  8      564423837294713159    21.0   23.0
 11 1265.355250 1.098E-22 5.011E-02.08830.440  610.11440.69-.005350          0 1 0          0 0 0  4  1  3        5  4  2      578623837233662759     9.0   11.0
 11 1265.463324 2.188E-26 1.335E-02.05100.221 2358.30170.56-.010000          0 0 0          0 0 0 16  4 12       15  1 15      464423837260713059    33.0   31.0
 11 1265.489611 1.157E-27 1.207E-01.05570.221 3629.09610.55-.022300          0 1 0          0 0 0 15  4 11       15  7  8      474223837260713049    93.0   93.0
 11 1265.574251 3.835E-29 1.084E+01.03930.265 5193.88220.35-.008480          0 3 0          0 2 0 11  2  9       12  3 10      434243837294713152    69.0   75.0
 11 1265.596314 6.481E-29 4.680E-08.06860.333 1006.11590.620.000000          0 1 0          0 0 0  6  3  4        8  3  6     q5422308079917122 0    39.0   51.0
 11 1265.642442 2.729E-27 3.774E-07.08080.333  744.16270.720.002400          0 0 0          0 0 0  9  8  1        8  1  8      634423837260713049    57.0   51.0
 11 1265.712831 1.005E-28 1.162E-02.08110.315 3526.62750.72-.002440          0 0 1          0 1 0  8  3  5        9  7  2      534233837294713152    51.0   57.0
 11 1265.853591 1.046E-28 7.062E-05.05550.281 2321.81310.58-.011210          0 1 0          0 0 0 12  2 10       11  7  5      574233837260713049    25.0   23.0
 11 1265.888347 2.048E-28 7.985E+00.01400.208 4847.6221-.06-.002610          0 2 0          0 1 0 15  2 13       16  3 14      434233837294713152    93.0   99.0
 11 1266.034733 2.866E-27 1.855E-01.03490.195 3567.17380.400.011660          0 0 0          0 0 0 18  7 12       17  2 15      434426837260713049   111.0  105.0
 11 1266.073026 2.110E-22 7.122E+00.04920.290 1874.97300.510.002930          0 1 0          0 0 0  9  5  4       10  6  5      6784218372336627 6    57.0   63.0
 11 1266.151135 1.092E-26 4.907E-01.07250.333 3306.29520.690.000000          1 0 0          0 1 0  7  4  3        8  7  2      564423837294713159    45.0   51.0
 11 1266.267226 3.937E-30 1.409E+01.01580.235 5522.8534-.04-.001480          0 3 0          0 2 0 13  2 12       14  1 13      432230837294713152    27.0   29.0
 11 1266.372485 1.386E-29 1.063E-08.07810.371  757.78020.670.000000          0 1 0          0 0 0  5  2  4        6  4  2     q5422308079917122 0    11.0   13.0
 11 1266.423894 3.520E-28 1.756E+00.03430.235 4396.05140.33-.024130          1 0 0          0 1 0 13  1 12       14  4 11      434223837294713152    81.0   87.0
 11 1266.435753 7.038E-27 1.056E+01.01300.221 3937.5729-.12-.001040          0 2 0          0 1 0 14  0 14       15  1 15      434426837294713152    29.0   31.0
 11 1266.437373 7.288E-25 1.504E+01.06180.333 2920.13210.57-.002590          0 2 0          0 1 0  7  4  4        8  5  3      564423837294713159    15.0   17.0
 11 1266.442978 7.660E-29 1.372E-02.07510.281 3659.90400.70-.027020          1 0 0          0 1 0 10  2  9       11  5  6      534233837294713152    63.0   69.0
 11 1266.447043 2.112E-26 1.056E+01.01300.221 3937.5717-.12-.004030          0 2 0          0 1 0 14  1 14       15  0 15      464423837294713159    87.0   93.0
 11 1266.465110 5.657E-31 2.480E+01.03480.259 5986.53580.490.000000          0 4 0          0 3 0 10  0 10       11  1 11      4333308387659336 0    21.0   23.0
 11 1266.532794 2.077E-29 6.929E-02.03630.298 4240.94210.41-.002600          0 0 1          0 1 0  9  7  3       10  9  2      434233837294713152    57.0   63.0
 11 1266.540261 6.921E-30 6.927E-02.03630.298 4240.94210.41-.002600          0 0 1          0 1 0  9  7  2       10  9  1      434233837294713152    19.0   21.0
 11 1266.561089 3.780E-23 9.162E+00.03920.206 2054.36870.55-.001510          0 1 0          0 0 0  9  6  4       10  7  3      578523837233662759    19.0   21.0
 11 1266.668073 1.134E-22 9.162E+00.04000.210 2054.34520.56-.002200          0 1 0          0 0 0  9  6  3       10  7  4      578523837233662759    57.0   63.0
 11 1266.783438 1.248E-29 1.432E+01.01020.183 5579.4912-.13-.002620          0 2 0          0 1 0 18  2 17       18  3 16      434233837294713152   111.0  111.0
 11 1266.883757 4.165E-30 1.433E+01.01010.183 5579.3576-.13-.002630          0 2 0          0 1 0 18  1 17       18  2 16      434233837294713152    37.0   37.0
 11 1266.901098 2.437E-27 3.411E+01.05890.371 4197.36100.540.000780          0 3 0          0 2 0  5  4  2        6  5  1      434426837294713152    11.0   13.0
 11 1266.993288 7.321E-27 3.416E+01.05950.371 4197.33880.550.001910          0 3 0          0 2 0  5  4  1        6  5  2      434426837294713152    33.0   39.0
 11 1267.211192 2.602E-26 2.928E+01.01800.315 3994.26020.16-.004750          0 2 0          0 1 0  8  8  1        9  9  0      464423837294713159    51.0   57.0
 11 1267.211194 8.672E-27 2.928E+01.01800.315 3994.26020.16-.001260          0 2 0          0 1 0  8  8  0        9  9  1      434426837294713152    17.0   19.0
 11 1267.357571 1.511E-29 3.638E+01.08670.412 5163.26370.70-.003490          0 4 0          0 3 0  3  2  2        4  3  1      434223837294713152     7.0    9.0
 11 1267.389928 7.900E-30 3.161E-08.06860.333 1131.77560.620.000000          0 1 0          0 0 0  6  4  2        8  4  4     q5422308079917122 0    13.0   17.0
 11 1267.403834 4.016E-25 2.001E+01.04970.333 3101.14220.48-.000520          0 2 0          0 1 0  7  5  3        8  6  2      564423837294713159    15.0   17.0
 11 1267.513147 1.205E-24 2.002E+01.03770.333 3101.12380.48-.002190          0 2 0          0 1 0  7  5  2        8  6  3      564420837274713129    45.0   51.0
 11 1267.603668 1.737E-29 6.806E+00.00700.150 5163.0876-.23-.003790          0 1 0          0 0 0 21  2 20       21  3 19      444233833260713049    43.0   43.0
 11 1267.712840 5.460E-29 7.132E+00.00700.150 5163.0812-.23-.003810          0 1 0          0 0 0 21  1 20       21  2 19      444233833260713049   129.0  129.0
 11 1267.769112 6.773E-27 3.183E-04.06930.281 1998.99530.71-.007170          0 0 0          0 0 0 12 10  3       11  5  6      534426837260713049    75.0   69.0
 11 1267.932491 7.794E-28 3.499E+00.01530.183 4201.25140.010.000390          0 1 0          0 0 0 17  4 14       18  3 15      474223837260713049    35.0   37.0
 11 1267.949564 1.935E-29 1.597E-03.07360.281 3535.87040.70-.003490          0 1 0          0 1 0 12  9  4       11  4  7      434233837294713152    75.0   69.0
 11 1267.953069 2.727E-23 4.294E+00.06910.392 1985.78490.670.007910          0 1 0          0 0 0 10  4  6       11  5  7      578721837274 13029    21.0   23.0
 11 1268.114750 2.099E-24 1.336E+01.02020.128 2972.82740.43-.003680          0 1 0          0 0 0 10  9  2       11 10  1      565523837367 12459    63.0   69.0
 11 1268.114757 6.997E-25 1.336E+01.01960.281 2972.82740.17-.003680          0 1 0          0 0 0 10  9  1       11 10  2      564423837360713059    21.0   23.0
 11 1268.145222 4.198E-27 2.439E+01.07320.371 4016.05280.63-.004730          0 3 0          0 2 0  5  3  3        6  4  2      434426837294713152    11.0   13.0
 11 1268.382223 5.729E-22 1.338E+00.08580.419 1050.15770.65-.002000          0 1 0          0 0 0  7  2  6        8  3  5      678523837233662459    15.0   17.0
 11 1268.467178 6.798E-29 7.967E+00.01430.208 4847.1890-.04-.001660          0 2 0          0 1 0 15  3 13       16  2 14      434233837294713152    31.0   33.0
 11 1268.652871 6.230E-27 6.469E-02.03900.208 2952.38660.460.008620          0 0 0          0 0 0 17  6 12       16  1 15      434426837260713049    35.0   33.0
 11 1268.761328 2.199E-24 1.515E+01.06010.333 2919.63300.590.004190          0 2 0          0 1 0  7  4  3        8  5  4      565420837274713129    45.0   51.0
 11 1268.904676 5.297E-29 1.032E-01.04240.221 4243.10960.480.009890          0 1 0          0 1 0 16  6 11       15  1 14      434233837294713152    99.0   93.0
 11 1269.245536 1.023E-30 1.558E-03.05250.235 3939.74650.600.008150          0 1 0          0 1 0 14  8  6       14  1 13      432230837294713152    29.0   29.0
 11 1269.257781 3.252E-25 7.792E+00.07280.298 3224.54660.630.005640          0 2 0          0 1 0  9  3  6       10  4  7      564423837294713159    57.0   63.0
 11 1269.333494 4.328E-27 5.041E-06.07560.315 1201.92150.710.003670          0 0 0          0 0 0 10  9  2        9  2  7      534423837260713049    63.0   57.0
 11 1269.677891 4.045E-31 2.262E+01.02470.213 6115.65620.430.000000          0 3 0          0 2 0 15  2 14       15  3 13      4333308387659336 0    31.0   31.0
 11 1269.884043 3.976E-30 4.415E-09.06860.333 1122.70850.620.000000          0 1 0          0 0 0  7  2  5        8  4  5     q5422308079917122 0    45.0   51.0
 11 1269.957240 9.553E-22 2.970E+00.07980.382 1360.23530.66-.005420          0 1 0          0 0 0  8  3  6        9  4  5      678623837233662759    51.0   57.0
 11 1270.016830 4.626E-29 1.155E+01.05020.281 4922.09000.46-.010260          0 3 0          0 2 0 10  2  8       11  3  9      434233837294713152    21.0   23.0
 11 1270.021289 8.666E-31 3.408E-01.01400.161 5163.0876-.300.000000          0 0 0          0 0 0 21  8 14       21  3 19      4333308387659336 0    43.0   43.0
 11 1270.076046 4.698E-31 1.230E+00.00650.235 5457.24240.350.000000          1 0 0          0 1 0 13  8  6       14  9  5      4333308387659336 0    27.0   29.0
 11 1270.120862 1.405E-30 1.226E+00.03050.235 5457.23700.28-.013130          1 0 0          0 1 0 13  8  5       14  9  6      432230837294713152    81.0   87.0
 11 1270.156234 1.617E-28 1.356E+01.03440.281 4716.37960.28-.001840          0 3 0          0 2 0 11  1 11       11  2 10      434243837294713152    23.0   23.0
 11 1270.288961 1.335E-29 3.384E+00.06300.315 5107.72900.58-.006860          1 1 0          1 0 0  8  4  5        9  5  4      434253807294713152    51.0   57.0
 11 1270.700488 2.583E-28 3.375E+00.08440.371 4408.02880.73-.007890          0 3 0          0 0 1  5  5  0        6  3  3      434233837294713152    33.0   39.0
 11 1270.794715 4.169E-29 9.105E-06.06040.221 2358.30140.660.009630          0 0 0          0 0 0 15  7  8       15  0 15      534433837260713049    93.0   93.0
 11 1270.910308 7.503E-29 1.732E+01.02020.250 4941.62330.04-.001060          0 3 0          0 2 0 12  0 12       13  1 13      434233837294713152    25.0   27.0
 11 1270.952945 1.841E-26 1.526E+01.01080.265 3766.38720.010.000000          0 1 0          0 0 0 11 11  1       12 12  0      474423837260713059    23.0   25.0
 11 1270.952945 5.524E-26 1.527E+01.01080.265 3766.38720.01-.003500          0 1 0          0 0 0 11 11  0       12 12  1      474423837260713059    69.0   75.0
 11 1271.047828 1.271E-26 2.466E+01.07890.371 4015.51510.680.005140          0 3 0          0 2 0  5  3  2        6  4  3      464423837294713159    33.0   39.0
 11 1271.048732 2.250E-28 1.732E+01.02020.250 4941.60660.04-.000990          0 3 0          0 2 0 12  1 12       13  0 13      434233837294713152    75.0   81.0
 11 1271.176818 1.535E-29 1.347E-01.05460.208 4564.10960.57-.003220          0 1 0          0 1 0 17  5 12       16  2 15      434233837294713152   105.0   99.0
 11 1271.289559 1.723E-24 1.557E+00.09050.419 2211.19060.72-.001700          0 2 0          0 1 0  5  1  5        6  2  4      564823837294 13159    11.0   13.0
 11 1271.419130 8.603E-31 1.301E-03.02380.204 3937.57290.400.000000          0 1 0          0 1 0 14  8  6       15  1 15      4333308387659336 0    29.0   31.0
 11 1271.511397 4.906E-28 1.364E+01.03410.281 4714.81900.28-.001600          0 3 0          0 2 0 11  0 11       11  1 10      434223837294713152    69.0   69.0
 11 1271.547127 4.620E-29 3.721E+01.08960.412 5162.64190.72-.000180          0 4 0          0 3 0  3  2  1        4  3  2      434243837294713152    21.0   27.0
 11 1271.558884 1.642E-28 4.768E-08.07340.352  782.40980.650.000000          0 1 0          0 0 0  5  2  3        7  2  5     q5422308079917122 0    33.0   45.0
 11 1271.570036 1.122E-27 4.386E+01.03790.371 4407.15760.390.000190          0 3 0          0 2 0  5  5  1        6  6  0      434426837294713152    11.0   13.0
 11 1271.612373 1.417E-30 4.729E+00.07140.298 5434.48390.650.006960          0 1 1          0 0 1  9  4  5       10  5  6      432230837294713152    19.0   21.0
 11 1271.682988 3.135E-27 4.083E+01.03790.371 4407.04630.390.000250          0 3 0          0 2 0  5  5  0        6  6  1      434426837294713152    33.0   39.0
 11 1271.787812 1.937E-21 2.942E-01.08480.426  648.97870.64-.005920          0 1 0          0 0 0  5  0  5        6  3  4      578621837233662736    33.0   39.0
 11 1271.900563 3.039E-29 8.593E-07.06490.315 1631.24550.63-.007600          0 1 0          0 0 0 10  1  9        9  6  4      572230837260713049    21.0   19.0
 11 1272.340412 1.739E-23 1.124E+01.03360.197 2254.28450.34-.001200          0 1 0          0 0 0  9  7  3       10  8  2      574823837274 13059    19.0   21.0
 11 1272.343703 5.216E-23 1.124E+01.03090.298 2254.28380.13-.001200          0 1 0          0 0 0  9  7  2       10  8  3      575423837267712459    57.0   63.0
 11 1272.586786 1.827E-25 2.488E+01.03670.333 3306.29550.37-.002910          0 2 0          0 1 0  7  6  2        8  7  1      564423837294713159    15.0   17.0
 11 1272.682677 5.402E-25 2.452E+01.03670.333 3306.29520.38-.002910          0 2 0          0 1 0  7  6  1        8  7  2      564423837294713159    45.0   51.0
 11 1272.687265 1.221E-23 5.036E-03.07100.328  888.59870.68-.004890          0 1 0          0 0 0  6  2  5        6  5  2      576720837274 13029    39.0   39.0
 11 1272.836732 4.287E-28 1.161E+01.06200.298 4669.73590.56-.011040          0 3 0          0 2 0  9  2  7       10  3  8      434426837294713152    57.0   63.0
 11 1272.897271 4.867E-31 1.567E+00.04530.248 5483.12470.480.000000          1 1 0          0 2 0 12  0 12       13  3 11      4333308387659336 0    25.0   27.0
 11 1272.934032 7.705E-26 4.433E+00.00840.195 3291.1521-.27-.001480          0 1 0          0 0 0 16  1 15       17  2 16      474426837260713049    33.0   35.0
 11 1272.961077 2.311E-25 4.432E+00.00550.195 3291.1486-.27-.002250          0 1 0          0 0 0 16  2 15       17  1 16      576421837274713029    99.0  105.0
 11 1273.144651 4.131E-31 9.229E-01.05980.305 5351.40860.620.000000          0 1 1          1 0 0  9  3  6       10  5  5      4333308387659336 0    19.0   21.0
 11 1273.287407 2.132E-24 2.227E-02.07390.315 1631.38300.66-.007600          0 1 0          0 0 0  9  3  6        9  6  3      674423837260713059    57.0   57.0
 11 1273.295518 5.763E-24 5.009E+00.08560.352 2462.87530.71-.001550          0 2 0          0 1 0  6  2  5        7  3  4      564423837294713159    39.0   45.0
 11 1273.304106 1.694E-29 6.490E+00.02200.208 5089.33620.130.002860          0 2 0          0 1 0 15  4 12       16  3 13      434233837294713152    31.0   33.0
 11 1273.316981 2.122E-28 2.881E+00.02320.183 4427.16500.160.005110          0 1 0          0 0 0 17  5 13       18  4 14      474233837260713049    35.0   37.0
 11 1273.514447 2.676E-26 1.501E-02.04410.235 2551.48350.500.000000          0 0 0          0 0 0 15  8  7       14  3 12      564423837260713059    93.0   87.0
 11 1273.553149 7.430E-28 3.487E-01.09030.391 3722.73100.72-.005300          0 3 0          0 2 0  5  0  5        5  3  2      434223837294713152    33.0   33.0
 11 1273.999976 3.078E-30 4.208E-02.08450.371 4190.26220.700.006110          0 3 0          1 0 0  5  4  2        6  1  5      432230837294713152    11.0   13.0
 11 1274.112927 3.328E-29 4.060E-01.03190.183 4427.16500.340.016180          0 0 0          0 0 0 19  9 11       18  4 14      434233837260713049    39.0   37.0
 11 1274.164329 1.888E-28 8.801E-07.07590.352 1216.18980.69-.004660          0 1 0          0 0 0  8  1  7        7  6  2      674233837260713049    17.0   15.0
 11 1274.664764 4.626E-30 5.453E+00.06300.315 5196.50050.58-.006860          0 1 1          0 0 1  8  4  5        9  5  4      434253837294713152    17.0   19.0
 11 1274.722151 2.781E-30 7.628E-01.04830.265 5184.73430.47-.014130          0 3 0          1 0 0 11  2  9       12  1 12      432230837294713152    69.0   75.0
 11 1275.208196 1.359E-26 4.905E+00.09470.391 3626.92220.74-.004130          0 3 0          0 2 0  4  1  4        5  2  3      464426837294713152    27.0   33.0
 11 1275.420746 3.301E-30 7.820E+00.05110.315 5339.84330.49-.003110          0 1 1          0 0 1  8  5  4        9  6  3      432230837294713152    17.0   19.0
 11 1275.672963 2.685E-29 3.472E-08.06860.333 1122.70850.620.000000          0 1 0          0 0 0  6  4  3        8  4  5     q5422308079917122 0    39.0   51.0
 11 1275.685844 1.542E-28 6.297E-08.06860.333  885.60020.620.000000          0 1 0          0 0 0  6  2  5        8  2  7     q5422308079917122 0    39.0   51.0
 11 1275.733805 1.787E-25 1.351E-01.08700.352 2462.87530.72-.000260          0 2 0          0 1 0  7  0  7        7  3  4      564423307294713159    45.0   45.0
 11 1275.936539 4.062E-28 1.196E+01.07060.315 4436.94050.61-.008540          0 3 0          0 2 0  8  2  6        9  3  7      434426837294713152    17.0   19.0
 11 1275.963780 4.584E-30 4.745E-03.06660.265 3843.41040.640.000290          0 1 0          0 1 0 13  9  5       12  4  8      434233837294713152    27.0   25.0
 11 1276.000353 7.000E-30 2.100E+01.05910.333 5614.26990.51-.003020          0 4 0          0 3 0  8  1  8        8  2  7      434233837294713152    51.0   51.0
 11 1276.168273 2.368E-30 2.488E-01.03740.208 4847.18900.420.013080          0 1 0          0 1 0 17  7 11       16  2 14      432230837294713152    35.0   33.0
 11 1276.327615 9.921E-30 7.837E+00.05200.315 5339.64140.50-.001760          0 1 1          0 0 1  8  5  3        9  6  4      434243837294713152    51.0   57.0
 11 1276.440914 1.868E-30 1.001E+01.04040.315 5507.48240.41-.000740          0 1 1          0 0 1  8  6  3        9  7  2      432230837294713152    17.0   19.0
 11 1276.468462 9.092E-29 3.280E-07.07000.333 1411.61150.66-.006110          0 1 0          0 0 0  9  1  8        8  6  3      772230837260713049    57.0   51.0
 11 1276.477265 5.605E-30 1.001E+01.04050.315 5507.47490.41-.000610          0 1 1          0 0 1  8  6  2        9  7  3      434243837294713152    51.0   57.0
 11 1276.553369 3.543E-25 8.912E+00.08010.315 2983.32310.700.006110          0 2 0          0 1 0  8  3  5        9  4  6      564423837294713159    17.0   19.0
 11 1276.625725 5.291E-24 5.077E+00.00640.143 2660.9460-.09-.003220          0 1 0          0 0 0 15  0 15       16  1 16      474523837267 12459    93.0   99.0
 11 1276.627098 1.764E-24 5.078E+00.00680.208 2660.9458-.20-.003220          0 1 0          0 0 0 15  1 15       16  0 16      475421837274713029    31.0   33.0
 11 1276.785732 1.051E-29 4.038E-01.07370.371 4401.94190.68-.013350          0 3 0          1 0 0  5  5  1        6  4  2      434233837294713152    11.0   13.0
 11 1276.811691 1.573E-29 8.299E+00.05110.315 5256.44870.49-.003110          1 1 0          1 0 0  8  5  4        9  6  3      434243837294713152    51.0   57.0
 11 1276.989849 5.473E-30 6.967E-02.04110.235 4585.34910.41-.035850          1 0 0          0 1 0 13  2 11       14  5 10      434233837294713152    81.0   87.0
 11 1277.261778 5.239E-30 8.295E+00.05200.315 5256.38140.50-.001760          1 1 0          1 0 0  8  5  3        9  6  4      434243837294713152    17.0   19.0
 11 1277.289330 4.937E-27 3.597E+00.01950.195 3812.04690.10-.006450          0 1 0          0 0 0 16  3 13       17  4 14      474426837260713049    33.0   35.0
 11 1277.323212 5.121E-29 3.121E-03.07890.352 3109.91160.71-.005610          0 0 1          0 1 0  6  3  4        7  7  1      534233837294713152    13.0   15.0
 11 1277.624204 1.449E-30 2.069E-02.03760.235 4382.77980.37-.007480          1 0 0          0 1 0 13  2 12       14  3 11      432230837294713152    27.0   29.0
 11 1277.781448 2.270E-29 2.047E+00.03360.172 5052.66860.320.012790          0 1 0          0 0 0 18  6 13       19  5 14      474233837260713049   111.0  117.0
 11 1277.816612 2.650E-27 5.805E-06.07800.352 1059.64670.68-.004340          0 1 0          0 0 0  8  0  8        7  5  3      674426837260713049    17.0   15.0
 11 1278.183112 1.938E-30 1.018E-04.07180.298 3383.26540.66-.020620          0 0 1          0 1 0  9  1  9       10  5  6      532230837294713152    57.0   63.0
 11 1278.610268 4.041E-30 2.802E+00.07140.298 5334.98830.650.006960          1 1 0          1 0 0  9  4  5       10  5  6      434253837294713152    57.0   63.0
 11 1278.949883 1.495E-29 1.465E+01.01980.250 5236.43210.04-.002020          0 3 0          0 2 0 12  1 11       13  2 12      434233837294713152    25.0   27.0
 11 1279.262338 8.809E-30 1.086E+01.04040.315 5430.18360.41-.000740          1 1 0          1 0 0  8  6  3        9  7  2      434243837294713152    51.0   57.0
 11 1279.280743 2.936E-30 1.085E+01.04050.315 5430.18090.41-.000610          1 1 0          1 0 0  8  6  2        9  7  3      432230837294713152    17.0   19.0
 11 1279.330059 3.335E-28 8.152E+00.01840.221 4507.52260.05-.003150          0 2 0          0 1 0 14  2 12       15  3 13      434223837294713152    29.0   31.0
 11 1279.554939 6.983E-29 7.153E-03.05100.265 3592.42390.550.008380          0 1 0          0 1 0 13  8  5       12  3 10      434233837294713152    81.0   75.0
 11 1279.699339 1.396E-27 9.445E+00.01260.221 4243.1540-.12-.001560          0 2 0          0 1 0 14  1 13       15  2 14      434223837294713152    29.0   31.0
 11 1279.850918 8.892E-29 3.650E-01.03120.183 4201.25140.350.014100          0 0 0          0 0 0 19  8 12       18  3 15      434233837260713049    39.0   37.0
 11 1279.934260 1.825E-26 4.063E+00.01120.195 3567.2548-.14-.005500          0 1 0          0 0 0 16  2 14       17  3 15      474423837260713059    33.0   35.0
 11 1280.007829 4.185E-27 9.441E+00.01260.221 4243.1096-.12-.001400          0 2 0          0 1 0 14  2 13       15  1 14      534426837294713152    87.0   93.0
 11 1280.047522 3.168E-22 5.113E+00.06910.451 1718.71880.650.008900          0 1 0          0 0 0  9  4  5       10  5  6      678323837233662759    57.0   63.0
 11 1280.387719 3.634E-28 5.009E-02.08260.333 3306.29550.73-.001670          0 0 1          0 1 0  7  3  4        8  7  1      534223837294713152    15.0   17.0
 11 1280.448335 5.470E-26 4.060E+00.01130.195 3567.1738-.13-.003200          0 1 0          0 0 0 16  3 14       17  2 15      474423837260713059    99.0  105.0
 11 1280.623727 3.201E-27 1.277E+01.07730.333 4224.58650.65-.003190          0 3 0          0 2 0  7  2  5        8  3  6      434426837294713152    45.0   51.0
 11 1280.940615 9.202E-31 1.230E+01.03000.277 5694.04830.570.000000          0 1 1          0 0 1  8  7  2        9  8  1      4333308387659336 0    17.0   19.0
 11 1280.941374 2.753E-30 1.227E+01.02930.315 5694.04820.300.000510          0 1 1          0 0 1  8  7  1        9  8  2      432230837294713152    51.0   57.0
 11 1280.979549 2.172E-27 2.932E-04.05930.281 1985.78490.64-.004450          0 0 0          0 0 0 12 10  2       11  5  7      534423837260713049    25.0   23.0
 11 1280.999194 2.426E-25 1.543E+01.01270.281 3216.19320.06-.001870          0 1 0          0 0 0 10 10  0       11 11  1      474423837260713059    21.0   23.0
 11 1280.999194 7.279E-25 1.543E+01.01320.281 3216.19320.06-.001370          0 1 0          0 0 0 10 10  1       11 11  0      475421837274713029    63.0   69.0
 11 1281.161143 7.104E-24 1.336E+01.02380.144 2471.25500.23-.002200          0 1 0          0 0 0  9  8  2       10  9  1      574723837260 13059    19.0   21.0
 11 1281.161200 2.131E-23 1.336E+01.02350.298 2471.25500.21-.002200          0 1 0          0 0 0  9  8  1       10  9  2      576423837267712459    57.0   63.0
 11 1281.235212 7.307E-26 3.006E+01.02230.333 3530.95750.22-.005040          0 2 0          0 1 0  7  7  1        8  8  0      564423837294713159    15.0   17.0
 11 1281.235233 2.192E-25 3.006E+01.02230.333 3530.95750.22-.011580          0 2 0          0 1 0  7  7  0        8  8  1      564423837294713159    45.0   51.0
 11 1281.236637 6.210E-26 1.295E-02.04350.221 2358.30140.510.005000          0 0 0          0 0 0 16  5 12       15  0 15      564423837260713059    99.0   93.0
 11 1281.338841 7.123E-27 1.879E-01.04530.235 3101.44100.65-.021790          0 1 0          0 0 0 14  3 11       14  6  8      574426837265713049    29.0   29.0
 11 1281.494426 5.916E-31 1.521E-02.08180.395 4224.81680.710.000000          0 1 1          0 0 1  3  1  2        4  4  1      5333308387659336 0     7.0    9.0
 11 1281.577979 1.078E-28 1.599E+01.01250.281 5037.34010.06-.000720          0 2 0          0 1 0 10 10  1       11 11  0      434233837294713152    63.0   69.0
 11 1281.577979 3.594E-29 1.599E+01.01250.281 5037.34010.06-.000720          0 2 0          0 1 0 10 10  0       11 11  1      434233837294713152    21.0   23.0
 11 1281.593793 5.582E-30 1.914E+01.06490.333 5614.26990.55-.007830          0 4 0          0 3 0  7  1  6        8  2  7      434223837294713152    45.0   51.0
 11 1281.634219 6.334E-30 4.917E+00.06820.315 5108.34930.620.004600          1 1 0          1 0 0  8  4  4        9  5  5      434243837294713152    17.0   19.0
 11 1281.853032 4.467E-29 1.462E+01.01990.250 5235.95880.05-.001570          0 3 0          0 2 0 12  2 11       13  1 12      434233837294713152    75.0   81.0
 11 1281.966643 8.891E-30 4.117E+00.02440.265 5064.14140.23-.012170          1 0 0          0 1 0 11  9  3       12 10  2      434233837294713152    23.0   25.0
 11 1281.966711 2.667E-29 4.117E+00.02440.265 5064.14140.23-.012170          1 0 0          0 1 0 11  9  2       12 10  3      434233837294713152    69.0   75.0
 11 1282.079605 2.171E-24 1.580E-03.09460.373  742.07300.70-.002700          0 1 0          0 0 0  5  2  4        5  5  1      776821837274 13029    11.0   11.0
 11 1282.689432 1.746E-27 1.011E-03.07010.265 2300.68500.71-.007950          0 0 0          0 0 0 13 10  4       12  5  7      534423837260713049    27.0   25.0
 11 1282.770884 6.314E-29 2.308E-02.04770.235 3655.48280.530.006210          0 1 0          0 1 0 15  5 11       14  0 14      434233837294713152    31.0   29.0
 11 1283.147523 1.464E-26 3.569E+00.01830.195 3810.93670.070.014200          0 1 0          0 0 0 16  4 13       17  3 14      474423837260713059    99.0  105.0
 11 1283.198375 7.957E-30 1.289E-02.06220.250 4174.03860.600.008110          0 1 0          0 1 0 14  9  6       13  4  9      434233837294713152    87.0   81.0
 11 1283.337949 4.307E-30 2.592E+01.03880.298 5778.04210.30-.001510          0 4 0          0 3 0  9  0  9       10  1 10      434233837294713152    57.0   63.0
 11 1283.446762 4.701E-30 7.154E-09.07340.352  927.74390.650.000000          0 1 0          0 0 0  6  2  4        7  4  4     q5422308079917122 0    13.0   15.0
 11 1283.698720 9.800E-28 8.009E+00.01830.221 4506.73380.05-.000680          0 2 0          0 1 0 14  3 12       15  2 13      434223837294713152    87.0   93.0
 11 1284.000362 1.745E-30 1.163E-09.07810.371  757.78020.670.000000          0 1 0          0 0 0  6  0  6        6  4  2     q5322308079917122 0    13.0   13.0
 11 1284.112398 2.360E-29 1.429E+01.01190.195 5204.9880-.08-.002390          0 2 0          0 1 0 17  2 16       17  3 15      434233837294713152    35.0   35.0
 11 1284.162551 3.906E-28 6.975E+00.00760.161 4738.6338-.22-.003300          0 1 0          0 0 0 20  2 19       20  3 18      474223837260713049   123.0  123.0
 11 1284.170647 1.302E-28 6.975E+00.00760.161 4738.6217-.22-.003310          0 1 0          0 0 0 20  1 19       20  2 18      474233837260713049    41.0   41.0
 11 1284.264979 5.486E-30 6.854E-02.07200.371 4394.46430.67-.013340          0 3 0          1 0 0  5  5  0        6  4  3      434253837294713152    33.0   39.0
 11 1284.300851 7.091E-29 1.430E+01.01180.195 5204.7485-.09-.002410          0 2 0          0 1 0 17  1 16       17  2 15      434233837294713152   105.0  105.0
 11 1284.305727 1.126E-22 1.254E-02.09040.446  488.10770.83-.006900          0 1 0          0 0 0  3  1  2        4  4  1      578523837233662759    21.0   27.0
 11 1284.426855 1.393E-24 2.469E-01.09480.412 2004.81570.73-.006780          0 2 0          0 1 0  3  0  3        4  3  2      564423837294713159    21.0   27.0
 11 1284.552751 1.622E-27 3.332E-02.07010.352 3109.91160.68-.001080          1 0 0          0 1 0  6  4  3        7  7  0      534426837294713152    39.0   45.0
 11 1284.831521 1.084E-27 2.473E-02.08370.352 2905.43060.71-.015390          1 0 0          0 1 0  6  1  5        7  6  2      534223837294713152    13.0   15.0
 11 1284.927199 1.031E-24 3.882E+00.00900.158 2952.3937-.05-.002530          0 1 0          0 0 0 16  1 16       16  2 15      475521837274 13029    99.0   99.0
 11 1284.933819 3.437E-25 3.882E+00.01340.208 2952.3866-.05-.005100          0 1 0          0 0 0 16  0 16       16  1 15      474423837260713059    33.0   33.0
 11 1285.386051 8.780E-30 7.998E-10.08330.391  446.51070.690.000000          0 1 0          0 0 0  3  0  3        5  2  3     q5322308079917122 0    21.0   33.0
 11 1285.437843 8.121E-29 3.132E-02.06280.298 3565.00350.58-.023750          1 0 0          0 1 0  9  3  7       10  6  4      534233837294713152    19.0   21.0
 11 1285.604703 4.331E-30 1.385E+01.02930.315 5624.38740.300.000420          1 1 0          1 0 0  8  7  2        9  8  1      434233837294713152    51.0   57.0
 11 1285.605064 1.444E-30 1.386E+01.02930.315 5624.38740.300.000510          1 1 0          1 0 0  8  7  1        9  8  2      432230837294713152    17.0   19.0
 11 1285.689800 6.428E-26 1.186E-04.06500.281 1327.11000.650.000000          0 0 0          0 0 0 12  7  6       11  0 11      564423837260713059    75.0   69.0
 11 1285.734579 1.432E-30 2.591E+01.03870.298 5777.68710.30-.001420          0 4 0          0 3 0  9  1  9       10  0 10      432230837294713152    19.0   21.0
 11 1286.028525 3.769E-23 8.360E-03.08280.377  756.72480.67-.006200          0 1 0          0 0 0  6  1  6        6  4  3      778623837233662759    39.0   39.0
 11 1286.121463 7.964E-26 1.120E+01.01610.235 3655.4851-.04-.000910          0 2 0          0 1 0 13  0 13       14  1 14      564423837294713159    81.0   87.0
 11 1286.140525 2.655E-26 1.120E+01.01610.235 3655.4828-.04-.000840          0 2 0          0 1 0 13  1 13       14  0 14      464423837294713159    27.0   29.0
 11 1286.354997 1.937E-29 3.937E-04.06300.298 3224.54660.64-.001170          0 1 0          0 1 0 11  9  2       10  4  7      534233837294713152    69.0   63.0
 11 1286.434638 1.446E-29 5.701E+00.06820.315 5193.45760.620.004600          0 1 1          0 0 1  8  4  4        9  5  5      434243837294713152    51.0   57.0
 11 1286.515110 9.235E-30 2.401E+00.08280.315 5107.72910.71-.009050          0 1 1          1 0 0  8  3  5        9  5  4      434233837294713152    51.0   57.0
 11 1286.576243 9.529E-30 6.777E-01.02350.161 5031.97800.530.010690          0 0 0          0 0 0 21  7 14       20  4 17      444233833265713049   129.0  123.0
 11 1286.692994 3.143E-24 8.463E-02.08310.366 1616.45310.71-.006690          0 1 0          0 0 0 10  1  9       10  4  6      575720837274 13029    21.0   21.0
 11 1286.719979 1.585E-30 9.535E-05.02730.183 3319.44830.62-.003080          0 0 0          0 0 0 18  5 13       18  0 18      432230837265713049    37.0   37.0
 11 1286.797073 5.158E-25 4.892E-02.06900.298 1875.46180.62-.006900          0 1 0          0 0 0 10  3  7       10  6  4      574423837260713059    21.0   21.0
 11 1286.981648 2.460E-25 1.549E-01.07370.265 2300.68500.71-.000200          0 1 0          0 0 0 12  2 10       12  5  7      574423807260713059    25.0   25.0
 11 1287.089390 3.875E-30 1.945E+01.07690.352 5435.41140.64-.007080          0 4 0          0 3 0  6  1  5        7  2  6      432230837294713152    13.0   15.0
 11 1287.305600 1.270E-23 2.696E-02.08670.385 1050.15770.71-.001800          0 1 0          0 0 0  8  0  8        8  3  5      677523837233663059    17.0   17.0
 11 1287.400054 1.060E-21 5.982E+00.05940.316 1477.29740.65-.006360          0 1 0          0 0 0  8  4  5        9  5  4      778623837233662759    51.0   57.0
 11 1287.408297 1.962E-26 8.241E+00.02310.250 3654.21500.13-.003990          0 2 0          0 1 0 13  1 13       13  2 12      564423837294713159    27.0   27.0
 11 1287.557745 5.892E-26 8.245E+00.02310.250 3654.04890.13-.003760          0 2 0          0 1 0 13  0 13       13  1 12      564423837294713159    81.0   81.0
 11 1287.876156 5.256E-30 2.217E+01.02120.235 5790.43250.12-.002460          0 3 0          0 2 0 14  2 13       14  3 12      434223837294713152    87.0   87.0
 11 1288.041365 2.585E-27 1.427E+01.08450.352 4033.61450.70-.000600          0 3 0          0 2 0  6  2  4        7  3  5      434426837294713152    13.0   15.0
 11 1288.137717 9.754E-29 3.889E-08.07340.352  842.35660.650.000000          0 1 0          0 0 0  5  3  2        7  3  4     q5422308079917122 0    33.0   45.0
 11 1288.139490 3.169E-24 1.059E+01.08220.333 2764.69740.710.003600          0 2 0          0 1 0  7  3  4        8  4  5      564423837294713159    45.0   51.0
 11 1288.249945 7.049E-22 8.424E+00.04600.236 1631.38300.63-.001600          0 1 0          0 0 0  8  5  4        9  6  3      678523837233662759    51.0   57.0
 11 1288.295592 2.937E-30 5.167E-01.07020.333 4775.08820.63-.010450          1 1 0          0 2 0  7  3  5        8  6  2      432230837294713152    15.0   17.0
 11 1288.662459 2.919E-30 5.972E-02.06380.250 4437.39980.62-.040000          1 0 0          0 1 0 12  3  9       13  6  8      432230837294713152    25.0   27.0
 11 1288.664289 4.485E-26 2.173E-04.06030.281 1524.84790.630.000000          0 0 0          0 0 0 12  8  5       11  1 10      564423837260713059    75.0   69.0
 11 1288.886565 2.353E-22 8.438E+00.04840.302 1631.24550.500.000920          0 1 0          0 0 0  8  5  3        9  6  4      6783228372336627 6    17.0   19.0
 11 1288.914376 8.489E-26 3.650E+00.02460.208 3439.30680.18-.006700          0 1 0          0 0 0 15  3 12       16  4 13      474423837260713059    93.0   99.0
 11 1289.363713 3.056E-30 7.587E-02.02740.221 4507.52260.27-.018310          0 0 1          0 1 0 14  1 14       15  3 13      432230837294713152    29.0   31.0
 11 1289.464571 6.977E-28 1.828E+01.02520.265 4696.86580.13-.001140          0 3 0          0 2 0 11  0 11       12  1 12      434223837294713152    69.0   75.0
 11 1289.701153 2.325E-28 1.828E+01.02520.265 4696.83460.13-.001050          0 3 0          0 2 0 11  1 11       12  0 12      434233837294713152    23.0   25.0
 11 1289.877248 2.655E-30 2.247E+01.06030.333 5597.18310.510.000660          0 4 0          0 3 0  8  0  8        8  1  7      432230837294713152    17.0   17.0
 11 1290.043749 3.453E-29 2.648E-04.08560.352 2905.43350.71-.012340          0 0 1          0 1 0  6  0  6        7  6  1      534233837294713152    39.0   45.0
 11 1290.047122 4.513E-31 8.249E-01.06450.323 5304.72750.620.000000          1 1 0          0 0 1  9  4  6       10  4  7      4333308387659336 0    19.0   21.0
 11 1290.208807 2.240E-29 1.849E-01.02730.221 4506.73380.26-.018850          0 0 1          0 1 0 14  0 14       15  2 13      434233837294713152    87.0   93.0
 11 1290.296910 9.779E-30 1.047E+01.02840.250 5477.00580.210.001690          0 3 0          0 2 0 12  3 10       13  2 11      434233837294713152    75.0   81.0
 11 1290.431704 2.969E-30 9.135E-01.08370.333 4889.40410.72-.004870          0 1 1          1 0 0  7  3  4        8  5  3      432230837294713152    15.0   17.0
 11 1290.535855 3.750E-22 1.075E+01.03670.216 1810.58790.65-.001500          0 1 0          0 0 0  8  6  3        9  7  2      678323837233662759    51.0   57.0
 11 1290.558942 1.250E-22 1.075E+01.03720.198 1810.58330.73-.001500          0 1 0          0 0 0  8  6  2        9  7  3      678523837233662759    17.0   19.0
 11 1290.561822 1.823E-30 2.276E+01.02070.235 5786.85260.10-.001110          0 3 0          0 2 0 14  1 13       14  2 12      432230837294713152    29.0   29.0
 11 1290.715837 1.155E-24 4.671E+00.00950.130 2952.3937-.20-.003470          0 1 0          0 0 0 15  1 14       16  2 15      577521837274 13029    93.0   99.0
 11 1290.767492 3.812E-25 4.625E+00.00960.208 2952.3866-.20-.002680          0 1 0          0 0 0 15  2 14       16  1 15      566421837374713029    31.0   33.0
 11 1291.147970 3.861E-26 3.551E-01.08030.333 2771.69010.71-.006390          0 2 0          0 1 0  8  1  7        8  4  4      564423837294713159    17.0   17.0
 11 1291.347945 5.776E-24 1.839E+01.04980.352 2724.16710.540.000800          0 2 0          0 1 0  6  4  3        7  5  2      566421837274713129    39.0   45.0
 11 1291.610510 2.607E-28 6.329E+00.02750.221 4728.22120.220.005270          0 2 0          0 1 0 14  4 11       15  3 12      434233837294713152    87.0   93.0
 11 1291.674683 1.493E-26 4.333E+01.05140.391 4050.51250.500.001750          0 3 0          0 2 0  4  4  1        5  5  0      464423837294713159    27.0   33.0
 11 1291.691634 5.017E-27 4.368E+01.05140.391 4050.50380.500.001120          0 3 0          0 2 0  4  4  0        5  5  1      434426837294713152     9.0   11.0
 11 1291.840996 1.259E-30 3.199E-02.05780.235 4525.23910.580.013330          0 1 0          0 1 0 15  9  7       14  4 10      432230837294713152    31.0   29.0
 11 1291.905283 3.145E-24 2.418E+01.04000.352 2905.43350.46-.002760          0 2 0          0 1 0  6  5  2        7  6  1      564420837274713129    39.0   45.0
 11 1291.930399 1.047E-24 2.415E+01.04000.352 2905.43060.460.002400          0 2 0          0 1 0  6  5  1        7  6  2      563423837274713159    13.0   15.0
 11 1292.011371 1.928E-24 1.842E+01.05500.352 2724.04140.560.003420          0 2 0          0 1 0  6  4  2        7  5  3      564420837274713129    13.0   15.0
 11 1292.030351 3.809E-27 2.374E-01.07210.352 3109.91160.69-.000150          1 0 0          0 1 0  6  4  2        7  7  1      534426837294713152    13.0   15.0
 11 1292.044141 1.843E-26 6.788E-06.08270.371  888.59870.700.000000          0 1 0          0 0 0  7  0  7        6  5  2      574423837260713059    45.0   39.0
 11 1292.174615 4.513E-27 8.394E+00.02320.235 4184.83120.14-.003880          0 2 0          0 1 0 13  2 11       14  3 12      434426837294713152    81.0   87.0
 11 1292.331390 4.080E-27 2.759E+00.02960.195 4017.90840.260.008670          0 1 0          0 0 0 16  5 12       17  4 13      474426837260713049    99.0  105.0
 11 1292.371716 2.647E-24 1.554E+01.01500.298 2701.88850.11-.004290          0 1 0          0 0 0  9  9  1       10 10  0      574423837260713059    19.0   21.0
 11 1292.371716 7.941E-24 1.554E+01.01520.114 2701.88850.48-.004290          0 1 0          0 0 0  9  9  0       10 10  1      576623837267 12459    57.0   63.0
 11 1292.651086 1.208E-28 3.495E-01.08950.391 4049.53610.720.005430          0 3 0          1 0 0  4  4  1        5  1  4      434233837294713152    27.0   33.0
 11 1292.826928 8.092E-24 1.233E+01.07700.323 2572.13920.68-.005870          0 2 0          0 1 0  6  3  4        7  4  3      566623837294 13159    39.0   45.0
 11 1292.943638 1.539E-28 1.510E+01.02530.265 4967.49080.14-.002470          0 3 0          0 2 0 11  1 10       12  2 11      434233837294713152    69.0   75.0
 11 1292.996128 3.149E-27 2.841E-03.06890.250 2629.33450.69-.008260          0 0 0          0 0 0 14 10  5       13  5  8      434426837260713049    87.0   81.0
 11 1293.015837 2.406E-28 2.335E-01.09280.412 3598.72690.73-.006020          0 3 0          0 2 0  4  0  4        4  3  1      434253837294713152     9.0    9.0
 11 1293.594034 7.361E-29 5.355E+01.08680.434 5065.45360.70-.002720          0 4 0          0 3 0  2  2  1        3  3  0      434243837294713152    15.0   21.0
 11 1293.602585 2.203E-29 2.032E+01.08420.371 5276.46430.69-.004340          0 4 0          0 3 0  5  1  4        6  2  5      434233837294713152    33.0   39.0
 11 1293.654944 2.607E-26 3.140E+01.07220.391 3868.98700.610.000750          0 3 0          0 2 0  4  3  2        5  4  1      464423837294713159    27.0   33.0
 11 1294.345314 1.851E-29 3.192E+00.07950.333 4769.03850.70-.007070          1 1 0          1 0 0  7  3  5        8  4  4      434253837294713152    15.0   17.0
 11 1294.390741 8.708E-27 3.149E+01.07580.391 3868.87300.650.002650          0 3 0          0 2 0  4  3  1        5  4  2      434426837294713152     9.0   11.0
 11 1294.419159 2.462E-29 5.378E+01.08770.434 5065.36190.71-.001000          0 4 0          0 3 0  2  2  0        3  3  1      434223837294713152     5.0    7.0
 11 1294.429977 6.164E-30 4.884E-02.09200.391 4256.24130.72-.025880          0 1 1          1 0 0  4  0  4        5  4  1      534233837294713152    27.0   33.0
 11 1294.544593 3.726E-29 3.531E-09.08870.412  382.51690.710.000000          0 1 0          0 0 0  2  1  2        4  3  2     q5322308079917122 0    15.0   27.0
 11 1294.699230 4.181E-29 3.774E+00.07950.333 4861.80320.70-.007070          0 1 1          0 0 1  7  3  5        8  4  4      434253837294713152    45.0   51.0
 11 1294.769429 2.190E-26 1.090E-03.06910.250 1806.67150.690.000000          0 0 0          0 0 0 14  6  8       13  1 13      564423837260713059    29.0   27.0
 11 1294.814271 1.349E-27 1.381E+01.04180.298 4483.22780.36-.001980          0 3 0          0 2 0 10  1 10       10  2  9      434223837294713152    63.0   63.0
 11 1294.931098 2.012E-30 1.835E+01.01800.315 5836.98570.16-.001260          1 1 0          1 0 0  8  8  1        9  9  0      432230837294713152    51.0   57.0
 11 1294.931101 6.726E-31 1.840E+01.03000.277 5836.98570.570.000000          1 1 0          1 0 0  8  8  0        9  9  1      4333308387659336 0    17.0   19.0
 11 1295.509791 4.733E-30 3.052E-01.09070.333 4792.34030.74-.005830          1 1 0          0 0 1  7  3  4        8  3  5      434233837294713152    45.0   51.0
 11 1295.521192 2.944E-25 4.220E+00.01420.208 3211.2126-.06-.006200          0 1 0          0 0 0 15  2 13       16  3 14      574420837274713029    93.0   99.0
 11 1295.697776 8.497E-30 2.998E-02.03480.315 3994.26020.420.003170          0 0 1          0 1 0  8  7  2        9  9  1      434233837294713152    17.0   19.0
 11 1295.698865 2.549E-29 2.998E-02.03480.315 3994.26020.420.003250          0 0 1          0 1 0  8  7  1        9  9  0      434233837294713152    51.0   57.0
 11 1296.126996 1.736E-26 9.874E+00.01570.235 3939.8318-.04-.004110          0 2 0          0 1 0 13  1 12       14  2 13      564423837294713159    81.0   87.0
 11 1296.395592 1.062E-25 1.919E-01.06430.250 2756.41530.630.000000          0 1 0          0 0 0 13  3 10       13  6  7      574423837260713059    81.0   81.0
 11 1296.466819 9.795E-26 4.215E+00.01450.208 3211.0558-.04-.002450          0 1 0          0 0 0 15  3 13       16  2 14      574423837260713059    31.0   33.0
 11 1296.490050 1.724E-22 1.313E+01.02800.161 2009.80510.30-.001670          0 1 0          0 0 0  8  7  2        9  8  1      575823837267 12459    51.0   57.0
 11 1296.490481 5.689E-23 1.300E+01.02920.315 2009.80500.30-.001740          0 1 0          0 0 0  8  7  1        9  8  2      564423837360713059    17.0   19.0
 11 1296.648990 3.072E-28 6.341E-08.07340.352  704.21410.650.000000          0 1 0          0 0 0  5  1  4        7  1  6     q5422308079917122 0    33.0   45.0
 11 1296.685584 5.783E-27 9.872E+00.01580.235 3939.7465-.04-.001480          0 2 0          0 1 0 13  2 12       14  1 13      534426837294713152    27.0   29.0
 11 1296.709337 3.632E-22 6.168E+00.06600.387 1474.98080.600.005500          0 1 0          0 0 0  8  4  4        9  5  5      678423837233662759    17.0   19.0
 11 1296.968236 2.944E-30 2.255E-08.06860.333 1255.91160.620.000000          0 1 0          0 0 0  6  5  1        8  5  3     q5422308079917122 0    13.0   17.0
 11 1296.993251 8.698E-25 9.410E-02.06810.281 2144.04630.63-.005800          0 1 0          0 0 0 11  3  8       11  6  5      574423837260713059    69.0   69.0
 11 1297.134742 1.328E-24 2.781E+01.03060.163 3109.91160.30-.004580          0 2 0          0 1 0  6  6  1        7  7  0      564520837274 13129    39.0   45.0
 11 1297.181091 7.394E-24 5.394E+00.00780.221 2358.3017-.12-.004030          0 1 0          0 0 0 14  0 14       15  1 15      474426837274713029    29.0   31.0
 11 1297.183748 2.218E-23 5.394E+00.00780.156 2358.3014-.36-.004030          0 1 0          0 0 0 14  1 14       15  0 15      575623837267 12459    87.0   93.0
 11 1297.240974 8.806E-29 7.315E-04.07990.333 2771.69010.70-.005030          0 2 0          0 1 0  9  1  9        8  4  4      534233837294713152    19.0   17.0
 11 1297.243929 3.983E-29 1.062E-08.07810.371  756.72480.670.000000          0 1 0          0 0 0  5  2  3        6  4  3     q5422308079917122 0    33.0   39.0
 11 1297.246047 4.768E-25 2.996E+01.02850.352 3109.91160.30-.004710          0 2 0          0 1 0  6  6  0        7  7  1      564423837294713159    13.0   15.0
 11 1297.294645 4.587E-28 1.395E+01.04160.298 4480.39240.36-.001010          0 3 0          0 2 0 10  0 10       10  1  9      434223837294713152    21.0   21.0
 11 1297.675180 9.203E-29 1.474E-08.08330.391  610.34120.690.000000          0 1 0          0 0 0  4  2  3        5  4  1     q5422308079917122 0    27.0   33.0
 11 1297.690511 8.930E-30 2.274E-08.06860.333 1255.16680.620.000000          0 1 0          0 0 0  6  5  2        8  5  4     q5422308079917122 0    39.0   51.0
 11 1297.716886 1.347E-28 8.581E-08.06860.333  744.06370.620.000000          0 1 0          0 0 0  6  0  6        8  0  8     q5422308079917122 0    13.0   17.0
 11 1297.833135 5.098E-29 1.506E+01.02540.265 4966.63370.14-.001600          0 3 0          0 2 0 11  2 10       12  1 11      434233837294713152    23.0   25.0
 11 1297.920316 6.803E-30 1.295E+00.03110.250 5119.37560.30-.014400          1 0 0          0 1 0 12  8  5       13  9  4      434233837294713152    75.0   81.0
 11 1297.932607 2.267E-30 1.295E+00.03110.250 5119.37420.30-.014360          1 0 0          0 1 0 12  8  4       13  9  5      432230837294713152    25.0   27.0
 11 1298.117242 1.128E-25 2.366E+00.08360.352 3109.91160.74-.019000          0 0 1          0 1 0  6  3  3        7  7  0      564423837294713159    39.0   45.0
 11 1298.134186 1.969E-28 2.354E-03.06770.265 3144.57880.670.009120          0 1 0          0 1 0 13  6  7       12  1 12      534233837294713152    81.0   75.0
 11 1298.590700 4.063E-28 8.644E-08.06860.333  744.16270.620.000000          0 1 0          0 0 0  6  1  6        8  1  8     q5422308079917122 0    39.0   51.0
 11 1298.660436 3.162E-26 1.885E+01.08690.391 3722.73100.71-.003650          0 3 0          0 2 0  4  2  3        5  3  2      464423837294713159    27.0   33.0
 11 1298.914574 1.473E-25 3.665E+00.03170.221 3083.86520.28-.009700          0 1 0          0 0 0 14  3 11       15  4 12      574423837260713059    29.0   31.0
 11 1298.964438 2.772E-26 3.596E+00.02240.208 3437.27720.140.016100          0 1 0          0 0 0 15  4 12       16  3 13      474423837260713059    31.0   33.0
 11 1298.966940 2.908E-29 9.378E+00.04970.333 5122.39290.48-.000650          0 1 1          0 0 1  7  5  3        8  6  2      434243837294713152    45.0   51.0
 11 1299.052182 1.624E-29 1.341E+00.08560.352 4586.68320.71-.004400          0 1 1          0 0 1  6  2  5        7  3  4      434263837294713152    13.0   15.0
 11 1299.065156 1.723E-26 1.679E+01.08840.371 3864.96610.720.000130          0 3 0          0 2 0  5  2  3        6  3  4      464423307294713159    33.0   39.0
 11 1299.164821 1.681E-30 2.753E-03.02890.235 4184.83120.29-.003220          0 2 0          0 1 0 15  0 15       14  3 12      532230837294713152    93.0   87.0
 11 1299.192013 9.699E-30 9.385E+00.05010.333 5122.34750.48-.000110          0 1 1          0 0 1  7  5  2        8  6  3      434253837294713152    15.0   17.0
 11 1299.298368 7.861E-27 1.181E-02.04200.235 2746.02350.460.007930          0 0 0          0 0 0 15  9  6       14  4 11      534426837260713049    93.0   87.0
 11 1299.441243 4.354E-28 1.092E-05.07940.298 1616.45310.71-.004360          0 1 0          0 0 0 11  1 11       10  4  6      574223837260713049    23.0   21.0
 11 1299.567284 4.887E-30 2.167E+01.06810.352 5435.41140.57-.003760          0 4 0          0 3 0  7  1  7        7  2  6      434253837294713152    15.0   15.0
 11 1299.651591 5.907E-30 5.193E-05.07660.371 2733.96290.70-.001560          0 2 0          0 1 0  7  3  5        6  6  0      534233837294713152    15.0   13.0
 11 1299.707489 4.957E-27 3.137E-06.08820.391  742.07300.72-.003710          0 1 0          0 0 0  6  0  6        5  5  1      774426837260713049    13.0   11.0
 11 1299.735728 1.485E-27 8.324E+00.02260.235 4183.38900.120.000310          0 2 0          0 1 0 13  3 11       14  2 12      434223837294713152    27.0   29.0
 11 1299.842390 3.305E-30 2.706E+01.04740.315 5587.21790.39-.001840          0 4 0          0 3 0  8  0  8        9  1  9      432230837294713152    17.0   19.0
 11 1299.909372 5.203E-28 7.443E-03.06340.235 2983.39640.63-.006880          0 0 0          0 0 0 15 10  6       14  5  9      434423837260713049    31.0   29.0
 11 1300.009522 1.633E-29 1.191E+01.03670.333 5289.95910.370.001040          0 1 1          0 0 1  7  6  2        8  7  1      434233837294713152    45.0   51.0
 11 1300.015505 5.442E-30 1.191E+01.03670.333 5289.95800.380.001110          0 1 1          0 0 1  7  6  1        8  7  2      434233837294713152    15.0   17.0
 11 1300.597977 1.535E-29 9.957E+00.04970.333 5039.64210.48-.000650          1 1 0          1 0 0  7  5  3        8  6  2      434243837294713152    15.0   17.0
 11 1300.710418 4.605E-29 9.958E+00.05010.333 5039.62740.48-.000110          1 1 0          1 0 0  7  5  2        8  6  3      434253837294713152    45.0   51.0
 11 1300.818781 4.289E-29 6.843E+00.06180.333 4977.04420.57-.004970          0 1 1          0 0 1  7  4  4        8  5  3      434253837294713152    45.0   51.0
 11 1300.957524 8.681E-28 6.920E+00.00870.172 4331.0892-.18-.002910          0 1 0          0 0 0 19  2 18       19  3 17      474223837260713049    39.0   39.0
 11 1300.975569 2.605E-27 6.921E+00.00870.172 4331.0667-.18-.002910          0 1 0          0 0 0 19  1 18       19  2 17      474223837260713049   117.0  117.0
 11 1301.041368 1.207E-25 1.510E-01.06590.265 2437.50190.63-.004400          0 1 0          0 0 0 12  3  9       12  6  6      574423837260713059    25.0   25.0
 11 1301.155658 2.097E-30 8.352E-04.01640.183 3940.58730.12-.004270          0 1 0          0 0 0 19  0 19       18  3 16      472230837260713049   117.0  111.0
 11 1301.182097 3.566E-26 7.042E-03.05340.235 2327.91400.590.004000          0 0 0          0 0 0 15  7  8       14  2 13      564423837260713059    93.0   87.0
 11 1301.871605 3.689E-28 1.429E+01.01420.208 4847.6221-.02-.002120          0 2 0          0 1 0 16  2 15       16  3 14      434223837294713152    99.0   99.0
 11 1302.052399 1.100E-30 5.256E+00.01610.235 5796.9426-.04-.000990          0 1 1          0 0 1 13  1 13       14  0 14      432230837294713152    81.0   87.0
 11 1302.166799 1.266E-29 2.215E+01.09010.391 5138.18820.72-.003460          0 4 0          0 3 0  4  1  3        5  2  4      434223837294713152     9.0   11.0
 11 1302.217989 1.233E-28 1.430E+01.01400.208 4847.1890-.03-.002070          0 2 0          0 1 0 16  1 15       16  2 14      434233837294713152    33.0   33.0
 11 1302.374266 4.318E-27 5.998E+00.03020.250 3879.72080.24-.006460          0 2 0          0 1 0 12  2 10       13  3 11      534426837294713152    25.0   27.0
 11 1302.452194 2.471E-27 2.614E-05.06920.298 1437.96860.680.004890          0 0 0          0 0 0 11  9  3       10  2  8      534426837260713049    23.0   21.0
 11 1302.864375 5.477E-29 5.692E-01.09050.371 4350.69930.72-.002810          0 1 1          0 0 1  5  1  5        6  2  4      534253837294713152    33.0   39.0
 11 1302.966428 1.523E-30 1.101E+00.08280.315 5087.01710.71-.012920          1 1 0          0 0 1  8  4  4        9  4  5      432230837294713152    17.0   19.0
 11 1303.137251 8.518E-30 1.290E+01.03670.333 5213.26970.370.001040          1 1 0          1 0 0  7  6  2        8  7  1      434233837294713152    15.0   17.0
 11 1303.140052 2.555E-29 1.290E+01.03670.333 5213.26930.380.001110          1 1 0          1 0 0  7  6  1        8  7  2      434233837294713152    45.0   51.0
 11 1303.282870 1.860E-29 2.677E-01.09020.391 4150.28730.72-.006280          1 1 0          1 0 0  4  0  4        5  3  3      434253837294713152     9.0   11.0
 11 1303.680017 9.874E-30 2.702E+01.04710.315 5586.59020.38-.001700          0 4 0          0 3 0  8  1  8        9  0  9      434223837294713152    51.0   57.0
 11 1303.907221 6.643E-29 6.957E+00.06500.333 4889.45710.590.001790          1 1 0          1 0 0  7  4  3        8  5  4      434253837294713152    45.0   51.0
 11 1303.956925 1.990E-29 6.251E+00.06180.333 4889.40410.57-.004970          1 1 0          1 0 0  7  4  4        8  5  3      434253837294713152    15.0   17.0
 11 1304.274249 3.025E-28 7.947E-02.09690.434 3500.63870.74-.007180          0 3 0          0 2 0  3  0  3        3  3  0      434223837294713152    21.0   21.0
 11 1304.285753 2.822E-24 1.296E+01.08160.364 2569.50800.700.003670          0 2 0          0 1 0  6  3  3        7  4  4      564823837294 13159    13.0   15.0
 11 1304.316563 3.496E-30 3.551E+00.03790.208 5280.09580.360.012510          0 2 0          0 1 0 15  5 11       16  4 12      432230837294713152    31.0   33.0
 11 1304.665364 8.023E-30 1.454E+01.02230.333 5475.75540.22-.000880          0 1 1          0 0 1  7  7  1        8  8  0      434233837294713152    45.0   51.0
 11 1304.665419 2.674E-30 1.454E+01.02230.333 5475.75540.22-.000870          0 1 1          0 0 1  7  7  0        8  8  1      432230837294713152    15.0   17.0
 11 1304.787530 6.289E-29 2.424E+01.09880.434 4931.27160.74-.005520          0 4 0          0 3 0  2  1  2        3  2  1      434243837294713152    15.0   21.0
 11 1304.974147 1.985E-30 5.690E+00.01610.235 5690.8796-.04-.001030          1 1 0          1 0 0 13  0 13       14  1 14      432230837294713152    81.0   87.0
 11 1305.190252 1.448E-29 6.944E+00.06500.333 4976.04330.590.001790          0 1 1          0 0 1  7  4  3        8  5  4      434253837294713152    15.0   17.0
 11 1305.373660 6.538E-28 1.848E-02.05620.221 3360.60020.550.000270          0 0 0          0 0 0 16 10  7       15  5 10      434423837260713049    99.0   93.0
 11 1305.454484 2.589E-30 2.251E+00.04490.265 5186.33730.44-.010570          0 3 0          1 0 0 11  3  9       12  0 12      432230837294713152    23.0   25.0
 11 1305.459928 5.241E-29 1.785E+00.04200.183 4606.16820.420.015100          0 1 0          0 0 0 17  6 12       18  5 13      474233837260713049    35.0   37.0
 11 1305.488322 7.080E-23 1.560E+01.01850.119 2225.46920.16-.004680          0 1 0          0 0 0  8  8  1        9  9  0      574720837274 13029    51.0   57.0
 11 1305.488326 2.360E-23 1.560E+01.01810.315 2225.46920.16-.004750          0 1 0          0 0 0  8  8  0        9  9  1      574423837260713059    17.0   19.0
 11 1305.518610 1.188E-28 2.015E+00.08560.352 4484.99220.71-.004400          1 1 0          1 0 0  6  2  5        7  3  4      434263837294713152    39.0   45.0
 11 1305.703867 9.122E-26 1.185E+01.02020.250 3391.13080.04-.003220          0 2 0          0 1 0 12  0 12       13  1 13      564423837294713159    25.0   27.0
 11 1305.739661 2.736E-25 1.184E+01.02020.250 3391.12620.04-.002830          0 2 0          0 1 0 12  1 12       13  0 13      564423837294713159    75.0   81.0
 11 1305.995892 7.298E-30 2.290E+01.02580.250 5483.12470.19-.002940          0 3 0          0 2 0 13  2 12       13  3 11      434223837294713152    27.0   27.0
 11 1306.014036 1.738E-29 1.524E-03.08290.298 3253.73800.71-.013740          1 0 0          0 1 0  9  1  9       10  4  6      534233837294713152    19.0   21.0
 11 1306.200585 1.592E-28 1.546E+01.03250.281 4716.37960.24-.003180          0 3 0          0 2 0 10  1  9       11  2 10      434233837294713152    21.0   23.0
 11 1306.289407 1.482E-24 3.866E+00.01590.176 2631.28350.60-.003800          0 1 0          0 0 0 15  1 15       15  2 14      474803837260 1 059    31.0   31.0
 11 1306.302797 4.445E-24 3.865E+00.01400.153 2631.26890.60-.004430          0 1 0          0 0 0 15  0 15       15  1 14      474600837274 1 029    93.0   93.0
 11 1306.366530 2.944E-29 2.242E-01.09020.391 4244.30470.72-.006280          0 1 1          0 0 1  4  0  4        5  3  3      534253837294713152    27.0   33.0
 11 1306.454478 1.991E-30 9.424E-02.08330.352 4695.83620.72-.005020          0 1 1          1 0 0  6  3  3        7  5  2      432230837294713152    39.0   45.0
 11 1306.616520 1.784E-27 2.494E+00.03770.250 3879.72080.37-.019050          1 0 0          0 1 0 12  0 12       13  3 11      434223837294713152    25.0   27.0
 11 1306.787405 2.087E-24 3.642E+00.04080.257 2746.02350.38-.013430          0 1 0          0 0 0 13  3 10       14  4 11      574723837260 13059    81.0   87.0
 11 1307.160105 3.383E-29 6.493E-01.09050.371 4249.52440.72-.002810          1 1 0          1 0 0  5  1  5        6  2  4      434253837294713152    11.0   13.0
 11 1307.197084 2.217E-25 2.993E-01.08160.352 2572.13920.71-.007660          0 2 0          0 1 0  7  1  6        7  4  3      564423837294713159    45.0   45.0
 11 1307.586804 1.097E-30 1.759E-04.07060.281 3659.90400.70-.010470          0 2 0          0 1 0 12  2 11       11  5  6      532230837294713152    75.0   69.0
 11 1307.645715 7.225E-28 3.330E-01.03730.250 3877.08860.36-.014750          1 0 0          0 1 0 12  1 12       13  2 11      534223837294713152    75.0   81.0
 11 1307.890527 6.553E-28 1.924E+01.03140.281 4469.79650.22-.001290          0 3 0          0 2 0 10  0 10       11  1 11      434223837294713152    21.0   23.0
 11 1308.001697 4.816E-27 8.546E-04.05420.265 2275.37290.58-.003530          0 0 0          0 0 0 13 10  3       12  5  8      534426837260713049    81.0   75.0
 11 1308.097689 5.914E-31 8.240E-03.04080.231 4382.77980.490.000000          1 0 0          0 1 0 14  0 14       14  3 11      4333308387659336 0    29.0   29.0
 11 1308.178888 1.162E-21 4.292E+00.07840.419 1131.77560.71-.004580          0 1 0          0 0 0  7  3  5        8  4  4      778420837233662736    15.0   17.0
 11 1308.304732 1.965E-27 1.924E+01.03140.281 4469.73740.21-.001190          0 3 0          0 2 0 10  1 10       11  0 11      434223837294713152    63.0   69.0
 11 1308.463001 1.755E-24 4.910E+00.01260.221 2631.2835-.12-.003700          0 1 0          0 0 0 14  1 13       15  2 14      574423837260713059    29.0   31.0
 11 1308.562959 5.263E-24 4.909E+00.00970.142 2631.26890.27-.003780          0 1 0          0 0 0 14  2 13       15  1 14      575723837267 12459    87.0   93.0
 11 1308.956394 1.884E-26 1.484E-02.09020.412 2129.61860.73-.004300          0 2 0          0 1 0  4  1  3        4  4  0      564423837294713159     9.0    9.0
 11 1309.428342 2.150E-29 3.655E-05.07060.315 2688.07990.680.004150          0 1 0          0 1 0 10  8  3        9  1  8      534233837294713152    63.0   57.0
 11 1309.618610 4.184E-30 1.637E+01.02230.333 5406.54920.22-.000880          1 1 0          1 0 0  7  7  1        8  8  0      434233837294713152    15.0   17.0
 11 1309.618635 1.255E-29 1.637E+01.02230.333 5406.54920.22-.000870          1 1 0          1 0 0  7  7  0        8  8  1      434233837294713152    45.0   51.0
 11 1309.696738 9.896E-30 8.484E+00.03550.265 5182.09510.300.003910          0 3 0          0 2 0 11  3  9       12  2 10      434233837294713152    23.0   25.0
 11 1309.713509 4.475E-29 4.884E-08.07340.352  816.69420.650.000000          0 1 0          0 0 0  5  3  3        7  3  5     q5422308079917122 0    11.0   15.0
 11 1309.807437 9.664E-30 2.831E-09.08870.412  383.84250.710.000000          0 1 0          0 0 0  2  1  1        4  3  1     q5322308079917122 0     5.0    9.0
 11 1310.361410 5.125E-30 7.029E-09.06460.315 1201.92150.600.000000          0 1 0          0 0 0  9  0  9        9  2  7     q5422308079917122 0    57.0   57.0
 11 1310.425382 7.318E-30 9.775E-10.08330.391  610.34120.690.000000          0 1 0          0 0 0  5  0  5        5  4  1     q5322308079917122 0    33.0   33.0
 11 1310.486356 1.949E-25 8.305E+00.02810.265 3386.37950.20-.003380          0 2 0          0 1 0 12  1 12       12  2 11      564423837294713159    75.0   75.0
 11 1310.497359 8.678E-29 8.042E-05.07200.250 2629.33450.71-.008380          0 1 0          0 0 0 14  2 13       13  5  8      574233837260713049    87.0   81.0
 11 1310.647611 2.284E-29 2.335E+01.02570.250 5477.00580.18-.000350          0 3 0          0 2 0 13  1 12       13  2 11      434233837294713152    81.0   81.0
 11 1310.745323 9.917E-29 4.179E+00.02080.281 4769.23260.18-.012040          1 0 0          0 1 0 10  9  2       11 10  1      434233837294713152    63.0   69.0
 11 1310.745331 3.306E-29 4.179E+00.02080.281 4769.23260.18-.012040          1 0 0          0 1 0 10  9  1       11 10  2      434233837294713152    21.0   23.0
 11 1310.782309 6.512E-26 8.315E+00.02800.265 3386.05230.20-.002790          0 2 0          0 1 0 12  0 12       12  1 11      564423837294713159    25.0   25.0
 11 1310.808474 4.804E-25 4.359E+00.01600.221 2872.58050.04-.009510          0 1 0          0 0 0 14  2 12       15  3 13      574420837274713029    29.0   31.0
 11 1310.941298 9.191E-30 2.036E+00.06290.315 5067.07680.55-.013770          1 1 0          0 0 1  8  4  5        9  4  6      434233837294713152    51.0   57.0
 11 1311.612773 7.724E-29 4.310E-02.05250.208 3758.39680.520.009230          0 0 0          0 0 0 17 10  8       16  5 11      434433837260713049    35.0   33.0
 11 1311.892374 1.013E-23 2.573E-03.08700.389  742.07630.74-.002720          0 1 0          0 0 0  5  2  3        5  5  0      577723837233723059    33.0   33.0
 11 1312.346742 2.987E-24 3.599E+00.05070.301 2426.19650.47-.012500          0 1 0          0 0 0 12  3  9       13  4 10      574823837260 13059    25.0   27.0
 11 1312.399543 6.955E-22 1.008E+01.04510.214 1411.64190.54-.000410          0 1 0          0 0 0  7  5  3        8  6  2      678421837233662736    15.0   17.0
 11 1312.418682 2.181E-26 1.028E+01.01980.250 3654.21500.04-.004790          0 2 0          0 1 0 12  1 11       13  2 12      564423837294713159    25.0   27.0
 11 1312.551501 2.941E-28 2.167E-03.07950.333 2919.63300.68-.016390          1 0 0          0 1 0  7  0  7        8  5  4      534223837294713152    45.0   51.0
 11 1312.555661 2.087E-21 1.008E+01.04640.239 1411.61150.550.000010          0 1 0          0 0 0  7  5  2        8  6  3      678621837233662736    45.0   51.0
 11 1312.556918 1.436E-24 4.348E+00.01840.221 2872.27430.05-.001600          0 1 0          0 0 0 14  3 12       15  2 13      574423837260713059    87.0   93.0
 11 1312.714602 1.540E-23 6.186E-03.08510.388  610.11440.71-.000820          0 1 0          0 0 0  5  1  5        5  4  2      577623837233663059    11.0   11.0
 11 1312.784771 7.066E-29 7.068E-09.08330.391  508.81210.690.000000          0 1 0          0 0 0  4  1  4        5  3  2     q5422308079917122 0    27.0   33.0
 11 1312.786689 2.975E-29 1.461E-08.08330.391  610.11440.690.000000          0 1 0          0 0 0  4  2  2        5  4  2     q5422308079917122 0     9.0   11.0
 11 1312.997362 5.351E-31 3.393E-02.07940.379 4527.94940.670.000000          1 1 0          0 0 1  6  2  4        7  2  5      4333308387659336 0    13.0   15.0
 11 1313.103186 3.924E-28 5.917E+00.03540.235 4382.77980.320.008280          0 2 0          0 1 0 13  4 10       14  3 11      434223837294713152    27.0   29.0
 11 1313.229651 6.683E-26 8.462E+00.03930.265 3592.42390.35-.016040          0 2 0          0 1 0 11  2  9       12  3 10      564423837294713159    69.0   75.0
 11 1313.441901 6.533E-26 1.027E+01.01990.250 3654.04890.05-.003240          0 2 0          0 1 0 12  2 11       13  1 12      564423837294713159    75.0   81.0
 11 1313.483061 8.922E-22 2.618E-01.09090.426  503.96810.72-.005750          0 1 0          0 0 0  4  0  4        5  3  3      578620837233662736     9.0   11.0
 11 1313.502349 5.942E-29 2.569E+01.09540.412 5021.39140.74-.003050          0 4 0          0 3 0  3  1  2        4  2  3      434243837294713152    21.0   27.0
 11 1313.592149 1.723E-25 6.751E-02.08640.391 2251.86250.71-.005360          0 2 0          0 1 0  5  1  4        5  4  1      564423837294713159    33.0   33.0
 11 1313.596439 1.089E-21 7.415E+00.05760.292 1255.91160.58-.002850          0 1 0          0 0 0  7  4  4        8  5  3      678621837233662736    15.0   17.0
 11 1313.771619 2.252E-30 3.861E+00.01400.161 5713.2495-.300.000000          0 0 0          0 0 0 25  2 23       24  1 24      3333308387659336 0   153.0  147.0
 11 1313.917013 8.554E-26 1.742E-01.08450.371 2399.16550.71-.006780          0 2 0          0 1 0  6  1  5        6  4  2      564423837294713159    13.0   13.0
 11 1314.216641 1.158E-26 2.088E+01.09000.391 3719.49290.730.001440          0 3 0          0 2 0  4  2  2        5  3  3      464423837294713159     9.0   11.0
 11 1314.422530 4.719E-28 1.535E+01.03240.281 4714.81900.24-.001180          0 3 0          0 2 0 10  2  9       11  1 10      434426837294713152    63.0   69.0
 11 1314.488651 7.712E-27 2.536E+00.03800.208 3623.76500.360.012390          0 1 0          0 0 0 15  5 11       16  4 12      474426837260713049    31.0   33.0
 11 1314.509780 1.674E-25 8.127E-02.09960.434 1907.45140.75-.007630          0 2 0          0 1 0  2  0  2        3  3  1      564423837294713159     5.0    7.0
 11 1314.544456 1.071E-28 6.997E-08.07340.352  709.60820.650.000000          0 1 0          0 0 0  5  2  4        7  2  6     q5422308079917122 0    11.0   15.0
 11 1314.739936 3.676E-22 1.276E+01.03010.333 1590.69070.370.009300          0 1 0          0 0 0  7  6  2        8  7  1      675420837257713026    15.0   17.0
 11 1314.743442 1.103E-21 1.276E+01.03890.333 1590.69010.47-.003160          0 1 0          0 0 0  7  6  1        8  7  2      674420837267712436    45.0   51.0
 11 1314.843897 1.149E-30 1.266E-02.04480.281 4265.97440.46-.006570          0 0 1          0 1 0 10  6  5       11  8  4      432230837294713152    21.0   23.0
 11 1315.016121 1.190E-27 6.514E-02.04890.195 3291.15210.55-.004580          0 0 0          0 0 0 18  5 13       17  2 16      434423837260713049    37.0   35.0
 11 1315.076743 1.531E-30 3.083E+00.06360.281 5563.39970.56-.004520          0 1 1          0 0 1 10  3  7       11  4  8      432230837294713152    63.0   69.0
 11 1315.254189 9.266E-30 3.663E+00.07280.298 5207.80210.630.003010          1 1 0          1 0 0  9  3  6       10  4  7      434223837294713152    57.0   63.0
 11 1315.548521 3.501E-30 1.287E-02.04550.281 4265.97630.46-.005200          0 0 1          0 1 0 10  6  4       11  8  3      432230837294713152    63.0   69.0
 11 1315.571515 1.233E-29 1.587E-02.03880.183 3940.54490.510.011540          0 0 0          0 0 0 18  9  9       18  2 16      434433837260713049    37.0   37.0
 11 1315.573427 5.703E-26 2.335E-01.08880.371 2733.96270.730.000000          1 0 0          0 1 0  5  1  4        6  6  1      564423837294713159    33.0   39.0
 11 1315.770662 2.057E-29 2.810E+01.05680.333 5414.12680.47-.002260          0 4 0          0 3 0  7  0  7        8  1  8      434233837294713152    45.0   51.0
 11 1315.770992 2.532E-29 4.249E-02.07140.265 4123.28530.67-.037370          1 0 0          0 1 0 11  3  8       12  6  7      534233837294713152    69.0   75.0
 11 1315.860313 3.803E-24 2.092E-01.07420.354 1998.99530.710.003550          0 1 0          0 0 0 11  2  9       11  5  6      574820837260 13029    69.0   69.0
 11 1315.872726 4.255E-25 3.557E+00.02790.221 3080.17870.220.017800          0 1 0          0 0 0 14  4 11       15  3 12      574423837260713059    87.0   93.0
 11 1315.890442 1.529E-29 4.969E-01.02890.172 4851.82100.310.014630          0 0 0          0 0 0 20  9 12       19  4 15      434233837260713049   123.0  117.0
 11 1315.926338 5.752E-24 7.879E+00.08690.371 2282.58960.72-.001610          0 2 0          0 1 0  5  2  4        6  3  3      564423837294713159    11.0   13.0
 11 1315.993221 4.484E-24 2.285E+01.05480.371 2552.87970.540.003880          0 2 0          0 1 0  5  4  2        6  5  1      563420837274713129    11.0   13.0
 11 1316.088120 3.529E-23 3.582E+00.06320.265 2124.95140.54-.010500          0 1 0          0 0 0 11  3  8       12  4  9      575421837274713029    69.0   75.0
 11 1316.129721 1.346E-23 2.287E+01.05140.249 2552.85720.550.002500          0 2 0          0 1 0  5  4  1        6  5  2      567523837233663159    33.0   39.0
 11 1316.421068 5.303E-30 1.118E-03.05730.281 3487.39920.600.000630          0 1 0          0 1 0 12  9  3       11  4  8      434233837294713152    25.0   23.0
 11 1316.540885 2.437E-24 2.997E+01.03790.371 2733.96290.39-.003270          0 2 0          0 1 0  5  5  1        6  6  0      564423837294713159    11.0   13.0
 11 1316.549830 7.253E-24 2.974E+01.03730.184 2733.96270.39-.004200          0 2 0          0 1 0  5  5  0        6  6  1      567520837274 13129    33.0   39.0
 11 1316.594498 1.829E-30 4.377E-02.05240.298 4669.73590.50-.004250          0 3 0          0 2 0 11  0 11       10  3  8      432230837294713152    69.0   63.0
 11 1316.793615 1.715E-26 8.014E+00.02840.250 3877.08860.210.002450          0 2 0          0 1 0 12  3 10       13  2 11      564423837294713159    75.0   81.0
 11 1316.972395 3.297E-21 7.494E+00.06340.330 1255.16680.570.004120          0 1 0          0 0 0  7  4  3        8  5  4      778621837233662736    45.0   51.0
 11 1317.462803 1.942E-25 2.256E-01.08890.371 2282.58960.72-.001890          0 2 0          0 1 0  6  0  6        6  3  3      564423837294713159    13.0   13.0
 11 1317.610483 8.390E-23 5.663E+00.00930.162 2073.5157-.07-.001910          0 1 0          0 0 0 13  0 13       14  1 14      565723837367 12459    81.0   87.0
 11 1317.615770 2.797E-23 5.664E+00.01610.182 2073.5150-.04-.001840          0 1 0          0 0 0 13  1 13       14  0 14      564623837360 13059    27.0   29.0
 11 1317.845766 5.625E-31 9.385E+00.00810.161 5928.3069-.300.000000          0 1 0          0 0 0 22  2 20       22  3 19      3333308387659336 0    45.0   45.0
 11 1318.043605 1.598E-26 6.883E+00.01010.183 3940.5873-.14-.005900          0 1 0          0 0 0 18  2 17       18  3 16      474423837260713059   111.0  111.0
 11 1318.085543 5.314E-27 6.865E+00.01010.183 3940.5449-.14-.002740          0 1 0          0 0 0 18  1 17       18  2 16      474426837260713049    37.0   37.0
 11 1318.325063 1.334E-27 1.565E+01.04160.298 4483.22780.35-.004380          0 3 0          0 2 0  9  1  8       10  2  9      434426837294713152    57.0   63.0
 11 1318.585900 1.591E-26 4.239E+01.06910.412 3746.77600.610.000600          0 3 0          0 2 0  3  3  1        4  4  0      464423837294713159     7.0    9.0
 11 1318.690882 4.775E-26 4.241E+01.06940.412 3746.76270.610.001680          0 3 0          0 2 0  3  3  0        4  4  1      464423837294713159    21.0   27.0
 11 1318.823661 8.161E-30 2.230E-01.07430.352 4578.97780.66-.007330          1 1 0          0 2 0  6  3  4        7  6  1      434233837294713152    39.0   45.0
 11 1318.874221 2.438E-29 7.356E-05.08290.371 2733.96270.740.001150          0 2 0          0 1 0  7  3  4        6  6  1      534233837294713152    45.0   39.0
 11 1318.929414 6.141E-21 2.172E+00.08800.436  842.35660.71-.001330          0 1 0          0 0 0  6  2  5        7  3  4      578621837233662736    39.0   45.0
 11 1318.976998 1.144E-27 1.417E+01.05010.315 4268.24090.44-.002360          0 3 0          0 2 0  9  1  9        9  2  8      434223837294713152    19.0   19.0
 11 1319.085004 5.809E-31 3.314E+01.06830.339 6003.45090.630.000000          0 4 0          0 3 0  9  2  8        9  3  7      4333308387659336 0    19.0   19.0
 11 1319.152970 3.217E-29 1.972E-04.07040.352 2905.43350.67-.002840          0 2 0          0 1 0  8  3  6        7  6  1      534233837294713152    51.0   45.0
 11 1319.196941 3.391E-30 7.145E-05.04490.183 3319.44830.570.006150          0 0 0          0 0 0 18  6 13       18  1 18      432230837260713049   111.0  111.0
 11 1319.229267 4.299E-23 3.659E+00.06220.389 1843.02960.57-.004000          0 1 0          0 0 0 10  3  7       11  4  8      578623837233663059    21.0   23.0
 11 1319.825721 1.486E-30 2.842E+00.07280.298 5304.72750.630.003010          0 1 1          0 0 1  9  3  6       10  4  7      432230837294713152    19.0   21.0
 11 1319.963549 5.887E-28 1.433E+01.01740.221 4507.52260.05-.002050          0 2 0          0 1 0 15  2 14       15  3 13      434223837294713152    31.0   31.0
 11 1320.055540 1.738E-21 6.812E-01.09330.476  602.77350.68-.002250          0 1 0          0 0 0  5  1  5        6  2  4      578620837233662736    11.0   13.0
 11 1320.127628 1.108E-28 5.308E-08.07810.371  602.77350.670.000000          0 1 0          0 0 0  4  2  2        6  2  4     q5422308079917122 0     9.0   13.0
 11 1320.199466 1.800E-29 2.423E+01.07130.352 5409.69800.590.002140          0 4 0          0 3 0  7  0  7        7  1  6      434223837294713152    45.0   45.0
 11 1320.327427 6.572E-24 1.597E+01.07320.371 2399.16550.63-.003230          0 2 0          0 1 0  5  3  3        6  4  2      564423837294713159    11.0   13.0
 11 1320.604389 1.776E-27 1.436E+01.01690.221 4506.73380.03-.001650          0 2 0          0 1 0 15  1 14       15  2 13      434223837294713152    93.0   93.0
 11 1320.625424 4.662E-29 3.009E-08.07340.352  931.23710.650.000000          0 1 0          0 0 0  5  4  1        7  4  3     q5422308079917122 0    33.0   45.0
 11 1320.637098 2.217E-30 1.770E+01.05020.315 5801.55290.430.001040          0 4 0          0 3 0  8  2  7        9  1  8      432230837294713152    51.0   57.0
 11 1320.802425 6.844E-29 9.218E-02.04910.195 4174.28750.510.015210          0 0 0          0 0 0 18 10  9       17  5 12      434433837260713049   111.0  105.0
 11 1320.868706 1.694E-22 1.557E+01.02240.132 1789.04280.23-.005000          0 1 0          0 0 0  7  7  1        8  8  0      674723837260 13059    15.0   17.0
 11 1320.868739 5.083E-22 1.557E+01.02550.118 1789.04280.22-.005000          0 1 0          0 0 0  7  7  0        8  8  1      675423837267 12459    45.0   51.0
 11 1320.947340 7.371E-26 8.386E+00.05020.281 3323.26980.46-.014900          0 2 0          0 1 0 10  2  8       11  3  9      564423837294713159    21.0   23.0
 11 1321.131267 2.558E-30 1.423E-07.06310.250 1806.67150.670.004690          0 0 0          0 0 0 13  8  6       13  1 13      532230837260713049    27.0   27.0
 11 1321.265876 2.751E-29 2.239E+01.07650.371 5276.46430.63-.004220          0 4 0          0 3 0  6  1  6        6  2  5      434233837294713152    39.0   39.0
 11 1321.450164 9.574E-30 4.057E+00.08010.315 4971.26070.700.003090          1 1 0          1 0 0  8  3  5        9  4  6      434253837294713152    17.0   19.0
 11 1321.642150 2.478E-30 4.828E-05.04800.195 3291.14860.590.011840          0 0 0          0 0 0 17  8  9       17  1 16      432230837260713049   105.0  105.0
 11 1321.745781 7.268E-30 5.564E-01.07860.352 4563.98960.66-.031520          0 1 1          1 0 0  6  2  5        7  4  4      434233837294713152    13.0   15.0
 11 1321.975684 6.805E-30 2.800E+01.05620.333 5413.00300.47-.002010          0 4 0          0 3 0  7  1  7        8  0  8      434223837294713152    15.0   17.0
 11 1322.160006 1.266E-30 5.632E+00.02020.250 5534.11160.04-.000990          0 1 1          0 0 1 12  1 12       13  0 13      432230837294713152    25.0   27.0
 11 1322.166990 3.798E-30 5.632E+00.02020.250 5534.11050.04-.001060          0 1 1          0 0 1 12  0 12       13  1 13      432230837294713152    75.0   81.0
 11 1322.316724 2.864E-30 4.498E-01.06760.333 4741.06700.57-.010180          1 1 0          0 0 1  7  3  5        8  3  6      432230837294713152    15.0   17.0
 11 1322.351288 1.752E-30 9.909E-09.06860.333 1411.61150.620.000000          0 1 0          0 0 0  6  6  1        8  6  3     q5422308079917122 0    39.0   51.0
 11 1322.557964 9.188E-24 1.227E-02.08340.387  888.63270.72-.000820          0 1 0          0 0 0  6  2  4        6  5  1      777721837274 13029    13.0   13.0
 11 1322.613202 2.522E-29 1.140E+01.04660.352 4929.06880.460.001050          0 1 1          0 0 1  6  5  2        7  6  1      434253837294713152    13.0   15.0
 11 1322.652767 7.566E-29 1.140E+01.04670.352 4929.06170.460.001450          0 1 1          0 0 1  6  5  1        7  6  2      434243837294713152    39.0   45.0
 11 1322.985814 3.678E-28 1.709E-02.06620.315 3321.01330.60-.016190          1 0 0          0 1 0  8  3  6        9  6  3      534223837294713152    51.0   57.0
 11 1323.092444 2.000E-30 1.600E-08.06000.298 1581.33600.570.000000          0 1 0          0 0 0 10  2  9       10  4  7     q5422308079917122 0    63.0   63.0
 11 1323.113748 1.110E-27 1.354E-03.08040.352 2572.13920.69-.005050          0 2 0          0 1 0  8  1  8        7  4  3      534223837294713152    51.0   45.0
 11 1323.334446 4.409E-22 3.899E+00.07340.435 1581.33600.570.006000          0 1 0          0 0 0  9  3  6       10  4  7      678423837233662459    57.0   63.0
 11 1323.439772 3.558E-27 1.443E+01.05040.315 4263.15050.44-.000310          0 3 0          0 2 0  9  0  9        9  1  8      434223837294713152    57.0   57.0
 11 1323.636325 1.110E-29 9.516E-01.09090.352 4586.68320.74-.008520          1 1 0          0 0 1  6  3  3        7  3  4      434233837294713152    13.0   15.0
 11 1323.811185 1.413E-29 1.442E+01.02850.352 5096.24540.30-.000430          0 1 1          0 0 1  6  6  1        7  7  0      434233837294713152    13.0   15.0
 11 1323.811637 4.240E-29 1.443E+01.02850.352 5096.24530.30-.000430          0 1 1          0 0 1  6  6  0        7  7  1      434233837294713152    39.0   45.0
 11 1323.929686 7.777E-29 2.212E+01.03130.265 5193.88220.26-.003670          0 3 0          0 2 0 12  2 11       12  3 10      434223837294713152    75.0   75.0
 11 1323.951435 1.642E-29 3.142E-08.07340.352  927.74390.650.000000          0 1 0          0 0 0  5  4  2        7  4  4     q5422308079917122 0    11.0   15.0
 11 1324.017115 6.289E-30 5.614E+00.02020.250 5429.11840.04-.000990          1 1 0          1 0 0 12  1 12       13  0 13      434233837294713152    75.0   81.0
 11 1324.212056 1.291E-29 4.767E-02.03980.250 4074.03860.38-.025700          1 0 0          0 1 0 12  1 11       13  4 10      434233837294713152    25.0   27.0
 11 1324.287828 5.433E-30 6.726E-03.03360.250 3879.72080.34-.003200          0 2 0          0 1 0 14  0 14       13  3 11      434233837294713152    29.0   27.0
 11 1324.349532 1.999E-23 1.623E+01.07100.351 2398.38150.680.003200          0 2 0          0 1 0  5  3  2        6  4  3      567623837233663159    33.0   39.0
 11 1324.561777 1.196E-28 1.212E+01.04660.352 4846.77590.460.001050          1 1 0          1 0 0  6  5  2        7  6  1      434253837294713152    39.0   45.0
 11 1324.581713 3.988E-29 1.212E+01.04670.352 4846.77360.460.001450          1 1 0          1 0 0  6  5  1        7  6  2      434243837294713152    13.0   15.0
 11 1324.621333 3.426E-30 5.184E-02.08700.352 4484.99220.72-.004420          1 1 0          1 0 0  7  0  7        7  3  4      432230837294713152    45.0   45.0
 11 1324.823350 1.136E-26 9.027E+00.09720.412 3495.93920.74-.004830          0 3 0          0 2 0  3  1  3        4  2  2      464426837294713152     7.0    9.0
 11 1325.158600 8.556E-25 1.251E+01.01520.265 3144.57880.13-.001980          0 2 0          0 1 0 11  0 11       12  1 12      566421837274713129    69.0   75.0
 11 1325.227322 2.852E-25 1.251E+01.01630.265 3144.56920.13-.003000          0 2 0          0 1 0 11  1 11       12  0 12      463423837274713159    23.0   25.0
 11 1325.355203 1.607E-28 4.296E+00.07700.352 4572.44630.68-.007070          1 1 0          1 0 0  6  3  4        7  4  3      434253837294713152    39.0   45.0
 11 1325.394216 3.813E-29 8.508E+00.06000.352 4782.92000.54-.001470          0 1 1          0 0 1  6  4  3        7  5  2      434223837294713152    13.0   15.0
 11 1325.605066 6.410E-24 4.471E+00.02140.198 2551.48350.14-.009540          0 1 0          0 0 0 13  2 11       14  3 12      575521837274 13029    81.0   87.0
 11 1325.653422 4.749E-29 1.689E-08.08870.412  488.13420.710.000000          0 1 0          0 0 0  3  2  2        4  4  0     q5422308079917122 0     7.0    9.0
 11 1326.123300 5.023E-27 2.019E+01.03880.298 4260.46690.30-.001510          0 3 0          0 2 0  9  0  9       10  1 10      434426837294713152    57.0   63.0
 11 1326.134848 2.183E-23 5.140E+00.01150.153 2327.91400.06-.004110          0 1 0          0 0 0 13  1 12       14  2 13      576723837267 12459    81.0   87.0
 11 1326.160895 9.840E-30 1.375E+00.03100.265 4803.82030.31-.013730          1 0 0          0 1 0 11  8  4       12  9  3      434233837294713152    23.0   25.0
 11 1326.163750 2.952E-29 1.375E+00.03100.265 4803.82000.31-.013710          1 0 0          0 1 0 11  8  3       12  9  4      434233837294713152    69.0   75.0
 11 1326.331283 7.274E-24 5.139E+00.01200.147 2327.88380.32-.003720          0 1 0          0 0 0 13  2 12       14  1 13      576623837267 12459    27.0   29.0
 11 1326.674108 1.148E-28 8.544E+00.06210.352 4782.66210.560.001130          0 1 1          0 0 1  6  4  2        7  5  3      434253837294713152    39.0   45.0
 11 1326.709759 1.802E-28 8.794E+00.06000.352 4695.83620.54-.001470          1 1 0          1 0 0  6  4  3        7  5  2      434223837294713152    39.0   45.0
 11 1326.815748 6.632E-25 8.297E+00.06200.298 3072.72640.56-.011770          0 2 0          0 1 0  9  2  7       10  3  8      564423837294713159    57.0   63.0
 11 1326.866145 1.673E-27 2.019E+01.03870.298 4260.35180.30-.001420          0 3 0          0 2 0  9  1  9       10  0 10      434223837294713152    19.0   21.0
 11 1326.893044 1.933E-30 5.199E+00.02020.250 5429.12890.04-.001060          1 1 0          1 0 0 12  0 12       13  1 13      432230837294713152    25.0   27.0
 11 1326.930154 1.700E-29 6.953E-03.03360.250 3877.08860.34-.000990          0 2 0          0 1 0 14  1 14       13  2 11      434233837294713152    87.0   81.0
 11 1326.948047 6.041E-29 8.848E+00.06210.352 4695.83640.560.001130          1 1 0          1 0 0  6  4  2        7  5  3      434253837294713152    13.0   15.0
 11 1327.028968 4.314E-29 5.391E+00.07700.352 4663.15070.68-.007070          0 1 1          0 0 1  6  3  4        7  4  3      434253837294713152    13.0   15.0
 11 1327.167447 9.211E-30 2.090E+00.08010.315 5067.07680.700.003090          0 1 1          0 0 1  8  3  5        9  4  6      434253837294713152    51.0   57.0
 11 1327.227298 6.618E-29 1.563E+01.02850.352 5020.02610.30-.000430          1 1 0          1 0 0  6  6  1        7  7  0      434233837294713152    39.0   45.0
 11 1327.227525 2.206E-29 1.563E+01.02850.352 5020.02610.30-.000430          1 1 0          1 0 0  6  6  0        7  7  1      434233837294713152    13.0   15.0
 11 1327.254230 2.216E-29 9.208E-03.05320.250 3654.21500.570.012260          0 1 0          0 1 0 14  7  7       13  2 12      434233837294713152    29.0   27.0
 11 1327.341629 2.120E-30 5.696E+00.06020.250 5654.78140.68-.001960          0 3 0          0 1 0 12  4  9       13 11  2      432230837294713152    75.0   81.0
 11 1327.571130 1.760E-23 3.866E+00.01640.154 2327.91400.72-.004780          0 1 0          0 0 0 14  1 14       14  2 13      577623837233662759    87.0   87.0
 11 1327.599055 5.867E-24 3.866E+00.01730.161 2327.88380.06-.004580          0 1 0          0 0 0 14  0 14       14  1 13      576521837274 13029    29.0   29.0
 11 1327.618061 1.100E-30 5.033E+00.01980.250 5764.20430.04-.002020          0 1 1          0 0 1 12  1 11       13  2 12      432230837294713152    75.0   81.0
 11 1327.735559 1.490E-23 2.786E+00.09400.472 2053.96870.74-.001890          0 2 0          0 1 0  4  1  4        5  2  3      567821837274 13129    27.0   33.0
 11 1327.844566 4.844E-23 1.472E-01.08100.379 1360.23530.67-.003790          0 1 0          0 0 0  9  1  8        9  4  5      678623837233662759    57.0   57.0
 11 1327.993134 2.804E-29 3.287E+01.09710.434 4926.86190.74-.002480          0 4 0          0 3 0  2  1  1        3  2  2      434223837294713152     5.0    7.0
 11 1328.134980 2.036E-26 2.680E+01.08670.412 3598.72690.70-.003100          0 3 0          0 2 0  3  2  2        4  3  1      464423837294713159     7.0    9.0
 11 1328.297960 1.667E-29 4.519E+00.08220.333 4851.53780.710.003010          0 1 1          0 0 1  7  3  4        8  4  5      434263837294713152    15.0   17.0
 11 1328.439530 2.236E-25 1.064E+01.02530.265 3386.37950.14-.005300          0 2 0          0 1 0 11  1 10       12  2 11      564423837294713159    69.0   75.0
 11 1328.661170 5.186E-30 4.589E-02.04940.250 4252.44820.48-.040000          1 0 0          0 1 0 12  2 10       13  5  9      434233837294713152    25.0   27.0
 11 1328.838344 2.123E-24 4.451E+00.02010.179 2550.88250.35-.000700          0 1 0          0 0 0 13  3 11       14  2 12      576823837267 12459    27.0   29.0
 11 1328.942140 1.115E-27 1.567E+01.05230.315 4268.24090.45-.005930          0 3 0          0 2 0  8  1  7        9  2  8      434426837294713152    17.0   19.0
 11 1328.978910 6.035E-30 8.666E-04.06850.298 3387.40070.67-.010870          0 2 0          0 1 0 11  2 10       10  5  5      534233837294713152    23.0   21.0
 11 1329.044616 8.079E-30 6.698E+00.02820.265 5186.33730.20-.013520          0 3 0          1 0 0 12  1 11       12  0 12      434233837294713152    25.0   25.0
 11 1329.271205 8.695E-30 1.084E-02.04710.250 3879.72080.520.010220          0 1 0          0 1 0 14  8  6       13  3 11      434233837294713152    29.0   27.0
 11 1329.569516 2.524E-30 2.402E-09.07340.352  816.69420.650.000000          0 1 0          0 0 0  6  1  5        7  3  5     q5322308079917122 0    13.0   15.0
 11 1329.703818 5.387E-29 9.374E-03.07410.298 3387.40070.68-.027840          1 0 0          0 1 0  9  2  8       10  5  5      534233837294713152    19.0   21.0
 11 1329.904790 4.698E-22 4.372E+00.07950.460 1340.88490.660.008000          0 1 0          0 0 0  8  3  5        9  4  6      678423837233662759    17.0   19.0
 11 1330.027722 3.354E-28 2.413E-04.08160.391 2406.14310.70-.003270          0 2 0          0 1 0  6  2  5        5  5  0      534223837294713152    39.0   33.0
 11 1330.327228 7.430E-26 1.062E+01.02540.265 3386.05230.14-.002720          0 2 0          0 1 0 11  2 10       12  1 11      564423837294713159    23.0   25.0
 11 1330.866857 1.276E-29 2.902E+01.06650.352 5258.86860.54-.002660          0 4 0          0 3 0  6  0  6        7  1  7      434243837294713152    13.0   15.0
 11 1331.227438 1.404E-28 1.679E-08.08870.412  488.10770.710.000000          0 1 0          0 0 0  3  2  1        4  4  1     q5422308079917122 0    21.0   27.0
 11 1331.456068 8.135E-29 4.651E+00.08220.333 4756.39400.710.003010          1 1 0          1 0 0  7  3  4        8  4  5      434263837294713152    45.0   51.0
 11 1331.550867 1.435E-29 8.767E-09.06860.333 1006.11590.620.000000          0 1 0          0 0 0  8  1  8        8  3  6     q5422308079917122 0    51.0   51.0
 11 1331.561121 3.552E-30 3.391E-01.07980.333 4861.80320.69-.017250          1 1 0          0 0 1  7  4  3        8  4  4      432230837294713152    45.0   51.0
 11 1331.794866 6.077E-25 8.344E+00.07060.315 2841.43080.61-.006100          0 2 0          0 1 0  8  2  6        9  3  7      564423837294713159    17.0   19.0
 11 1331.835759 1.212E-30 2.172E-02.09690.412 4134.79840.74-.028400          0 1 1          1 0 0  3  0  3        4  4  0      532230837294713152     7.0    9.0
 11 1331.992113 4.345E-28 1.539E+01.04070.298 4480.39240.34-.000270          0 3 0          0 2 0  9  2  8       10  1  9      434426837294713152    19.0   21.0
 11 1332.024515 1.173E-28 9.905E+00.04500.281 4905.65360.400.006680          0 3 0          0 2 0 10  3  8       11  2  9      434436837294713152    63.0   69.0
 11 1332.075789 4.272E-30 3.282E+01.06230.333 5790.11420.55-.007350          0 4 0          0 3 0  8  2  7        8  3  6      434243837294713152    51.0   51.0
 11 1332.533436 4.853E-30 9.425E+00.00830.150 5471.9660-.17-.002960          0 1 0          0 0 0 21  3 19       21  4 18      444233833260713049    43.0   43.0
 11 1332.563938 1.948E-28 7.107E-08.07810.371  542.90580.670.000000          0 1 0          0 0 0  4  1  3        6  1  5     q5422308079917122 0     9.0   13.0
 11 1332.607976 1.457E-29 9.428E+00.00820.150 5471.8640-.18-.002930          0 1 0          0 0 0 21  2 19       21  3 18      444233833260713049   129.0  129.0
 11 1332.726827 3.797E-30 1.896E+01.01370.183 5861.2387-.01-.003340          0 2 0          0 1 0 18  3 16       18  4 15      432230837294713152   111.0  111.0
 11 1332.757087 4.190E-23 3.773E-02.08060.398 1059.83550.69-.002350          0 1 0          0 0 0  7  2  5        7  5  2      574620837274 13029    45.0   45.0
 11 1333.077586 3.897E-30 1.075E+00.02830.265 5184.73430.21-.014340          0 3 0          1 0 0 12  2 11       12  1 12      432230837294713152    75.0   75.0
 11 1333.254673 1.955E-29 1.025E-04.06870.298 2705.09690.660.004800          0 1 0          0 1 0 11  7  5       10  0 10      534233837294713152    23.0   21.0
 11 1333.286870 2.114E-29 1.728E+01.03230.265 5182.09510.270.000680          0 3 0          0 2 0 12  1 11       12  2 10      434233837294713152    25.0   25.0
 11 1333.384060 1.975E-25 8.428E+00.03440.281 3136.41250.28-.002920          0 2 0          0 1 0 11  1 11       11  2 10      464423837294713159    23.0   23.0
 11 1333.405523 6.281E-26 2.766E+01.08960.412 3597.86600.720.000770          0 3 0          0 2 0  3  2  1        4  3  2      464423837294713159    21.0   27.0
 11 1333.489078 2.808E-23 2.620E-03.09240.446  488.10770.81-.005610          0 1 0          0 0 0  4  1  4        4  4  1      778623837233662759    27.0   27.0
 11 1333.693022 4.363E-24 2.135E-01.07480.357 1724.70540.70-.009000          0 1 0          0 0 0 10  2  8       10  5  5      574723837260 13059    21.0   21.0
 11 1333.896057 1.280E-30 1.905E+01.01330.183 5859.6151-.02-.001790          0 2 0          0 1 0 18  2 16       18  3 15      432230837294713152    37.0   37.0
 11 1333.972603 5.950E-25 8.444E+00.03410.281 3135.76480.28-.001300          0 2 0          0 1 0 11  0 11       11  1 10      564423837294713159    69.0   69.0
 11 1334.074444 1.038E-27 1.018E-06.07600.315  920.21000.700.002700          0 0 0          0 0 0 10  8  2        9  1  9      534423837260713049    21.0   19.0
 11 1334.100092 2.060E-30 5.804E+00.01990.250 5662.47530.05-.001570          1 1 0          1 0 0 12  2 11       13  1 12      432230837294713152    75.0   81.0
 11 1334.423305 2.124E-26 8.139E+00.03550.265 3587.66670.300.006100          0 2 0          0 1 0 11  3  9       12  2 10      564423837294713159    23.0   25.0
 11 1334.523011 8.022E-28 9.883E-08.07340.352  586.24350.650.000000          0 1 0          0 0 0  5  0  5        7  0  7     q5422308079917122 0    33.0   45.0
 11 1334.610095 6.469E-25 3.420E+00.03550.235 2739.42850.320.018600          0 1 0          0 0 0 13  4 10       14  3 11      574423837260713059    27.0   29.0
 11 1334.721136 5.515E-30 1.762E-01.04370.183 4606.16820.470.017820          0 0 0          0 0 0 19 10 10       18  5 13      434233837260713049    39.0   37.0
 11 1334.786324 1.194E-30 1.188E-03.03760.208 3870.20170.68-.013770          0 1 0          0 0 0 17  3 15       16  6 10      472230837265713049    35.0   33.0
 11 1334.981487 2.086E-27 1.725E-02.04210.221 2872.58050.490.013610          0 0 0          0 0 0 16  8  8       15  3 13      434423837260713049    33.0   31.0
 11 1335.308437 5.923E-29 3.449E+00.04800.221 4894.58570.460.014770          0 2 0          0 1 0 14  5 10       15  4 11      434233837294713152    87.0   93.0
 11 1335.309949 3.886E-31 1.888E-07.05420.248 2248.06450.480.000000          0 0 0          0 0 0 13 10  4       13  3 11      5333308387659336 0    27.0   27.0
 11 1335.371784 3.003E-26 6.857E+00.01190.195 3567.2548-.09-.005600          0 1 0          0 0 0 17  2 16       17  3 15      474423837260713059    35.0   35.0
 11 1335.440262 9.015E-26 6.860E+00.01180.195 3567.1738-.09-.005500          0 1 0          0 0 0 17  1 16       17  2 15      474423837260713059   105.0  105.0
 11 1335.480741 5.440E-30 5.939E-02.09480.371 4350.69930.74-.005080          1 1 0          0 0 1  5  2  3        6  2  4      434233837294713152    33.0   39.0
 11 1335.798298 9.695E-30 4.234E-04.06520.333 3101.14220.63-.004760          0 2 0          0 1 0  9  3  7        8  6  2      534233837294713152    19.0   17.0
 11 1335.801365 8.848E-28 2.075E-03.04890.250 2586.52970.53-.001580          0 0 0          0 0 0 14 10  4       13  5  9      434423837260713049    29.0   27.0
 11 1336.257438 1.400E-28 1.763E-01.03260.183 3940.54490.390.010140          0 0 0          0 0 0 19  7 13       18  2 16      434233837260713049    39.0   37.0
 11 1336.349888 2.706E-28 1.004E-07.07340.352  586.47920.650.000000          0 1 0          0 0 0  5  1  5        7  1  7     q5422308079917122 0    11.0   15.0
 11 1336.463059 2.963E-30 1.537E-05.05650.298 2701.88850.690.003000          0 1 0          0 0 0 11  7  5       10 10  0      572230837260713049    23.0   21.0
 11 1336.514916 8.885E-30 1.536E-05.05660.298 2701.88850.700.003060          0 1 0          0 0 0 11  7  4       10 10  1      574233837260713049    69.0   63.0
 11 1336.641499 1.216E-30 2.597E+00.05760.265 5587.51870.55-.040000          1 1 0          0 2 0 11  2  9       12  5  8      432230837294713152    69.0   75.0
 11 1336.662730 5.471E-21 1.223E+01.04300.352 1216.19450.450.000910          0 1 0          0 0 0  6  5  2        7  6  1      778820837233712736    39.0   45.0
 11 1336.689963 1.824E-21 1.223E+01.04280.216 1216.18980.470.001850          0 1 0          0 0 0  6  5  1        7  6  2      578520837233662736    13.0   15.0
 11 1336.692094 1.992E-30 6.278E-01.04390.265 5193.88220.42-.018980          1 1 0          0 2 0 11  0 11       12  3 10      432230837294713152    69.0   75.0
 11 1336.741439 4.005E-27 4.530E+00.04570.250 4052.81090.430.012160          0 2 0          0 1 0 12  4  9       13  3 10      434426837294713152    75.0   81.0
 11 1336.787481 2.076E-29 2.871E-02.07310.281 3832.25180.66-.025390          1 0 0          0 1 0 10  3  7       11  6  6      534233837294713152    21.0   23.0
 11 1337.295878 4.638E-24 8.687E+00.07730.410 2630.19260.65-.001010          0 2 0          0 1 0  7  2  5        8  3  6      564723837294 13159    45.0   51.0
 11 1337.726784 9.562E-28 1.481E+00.04860.195 4174.28750.470.014570          0 1 0          0 0 0 16  6 11       17  5 12      474223837260713049    99.0  105.0
 11 1337.897689 9.826E-23 6.055E+00.02020.191 1806.67150.04-.003220          0 1 0          0 0 0 12  0 12       13  1 13      574623837260 13059    25.0   27.0
 11 1337.908714 2.948E-22 6.055E+00.02020.189 1806.67000.04-.002830          0 1 0          0 0 0 12  1 12       13  0 13      575623837260 13059    75.0   81.0
 11 1337.964611 7.524E-27 1.558E+01.06490.333 4071.73340.55-.007830          0 3 0          0 2 0  7  1  6        8  2  7      434426837294713152    45.0   51.0
 11 1338.158011 2.596E-30 3.946E-02.07130.352 4452.35280.59-.014140          1 1 0          0 0 1  6  2  5        7  2  6      432230837294713152    39.0   45.0
 11 1338.286175 7.762E-27 1.441E+01.02120.235 4184.83120.12-.002460          0 2 0          0 1 0 14  2 13       14  3 12      534426837294713152    87.0   87.0
 11 1338.286338 1.802E-22 5.685E-02.08870.416  842.35660.67-.000260          0 1 0          0 0 0  7  0  7        7  3  4      578423307233662759    45.0   45.0
 11 1338.546013 8.741E-21 9.162E+00.05650.352 1059.83550.490.000100          0 1 0          0 0 0  6  4  3        7  5  2      778721837233712736    39.0   45.0
 11 1338.572725 3.321E-29 4.676E+01.10030.456 4856.21520.75-.005730          0 4 0          0 3 0  1  1  1        2  2  0      434233837294713152     3.0    5.0
 11 1338.853124 4.783E-29 1.742E-01.09480.412 4030.83890.73-.007580          1 1 0          1 0 0  3  0  3        4  3  2      434263837294713152    21.0   27.0
 11 1339.081902 3.602E-29 3.709E-01.02910.172 4608.22360.330.012710          0 0 0          0 0 0 20  8 13       19  3 16      434233837260713049   123.0  117.0
 11 1339.148489 2.890E-21 1.545E+01.02840.352 1394.81420.18-.004710          0 1 0          0 0 0  6  6  1        7  7  0      676623837267712459    39.0   45.0
 11 1339.148774 9.635E-22 1.545E+01.02870.352 1394.81420.30-.004710          0 1 0          0 0 0  6  6  0        7  7  1      774423837260713059    13.0   15.0
 11 1339.235805 2.453E-29 4.602E-06.06110.315 2225.46920.690.002930          0 1 0          0 0 0 10  6  5        9  9  0      574233837260713049    63.0   57.0
 11 1339.464394 2.613E-27 1.448E+01.02070.235 4183.38900.10-.001110          0 2 0          0 1 0 14  1 13       14  2 12      434426837294713152    29.0   29.0
 11 1339.518794 2.920E-21 9.187E+00.05990.293 1059.64670.540.002880          0 1 0          0 0 0  6  4  2        7  5  3      778621837233662736    13.0   15.0
 11 1339.534306 8.111E-30 4.567E-06.06140.315 2225.46920.700.003200          0 1 0          0 0 0 10  6  4        9  9  1      574233837260713049    21.0   19.0
 11 1339.602137 8.605E-24 4.543E+00.03040.206 2248.06450.24-.013500          0 1 0          0 0 0 12  2 10       13  3 11      574723837260 13059    25.0   27.0
 11 1339.793303 1.109E-28 4.314E+00.01640.298 4497.19240.13-.016250          1 0 0          0 1 0  9  9  1       10 10  0      434233837294713152    19.0   21.0
 11 1339.793304 3.327E-28 4.314E+00.01640.298 4497.19240.13-.016270          1 0 0          0 1 0  9  9  0       10 10  1      434223837294713152    57.0   63.0
 11 1339.868969 1.450E-28 4.467E-08.08000.333  885.60020.730.001660          0 0 0          0 0 0  9  9  0        8  2  7      532230837260713049    57.0   51.0
 11 1339.901370 1.420E-23 8.874E-02.07830.372 1255.91160.69-.006400          0 1 0          0 0 0  8  2  6        8  5  3      674723837260 13059    17.0   17.0
 11 1340.166721 4.172E-21 5.157E+00.08060.389 1122.70850.720.003850          0 1 0          0 0 0  7  3  4        8  4  5      778621837233662736    45.0   51.0
 11 1340.353337 8.776E-28 1.611E-03.08210.371 2399.16550.69-.004650          0 2 0          0 1 0  7  1  7        6  4  2      534223837294713152    15.0   13.0
 11 1340.475104 1.049E-20 5.902E+00.07510.352  931.23710.60-.005990          0 1 0          0 0 0  6  3  4        7  4  3      778821837233712736    39.0   45.0
 11 1340.611330 1.519E-29 2.304E+01.08400.391 5138.18820.67-.004240          0 4 0          0 3 0  5  1  5        5  2  4      434233837294713152    11.0   11.0
 11 1340.619606 2.783E-23 2.938E+01.05140.253 2406.14310.500.001750          0 2 0          0 1 0  4  4  1        5  5  0      564523837294 13159    27.0   33.0
 11 1340.635058 9.276E-24 2.938E+01.05140.391 2406.14090.500.001800          0 2 0          0 1 0  4  4  0        5  5  1      564423837294713159     9.0   11.0
 11 1340.731334 4.717E-29 4.432E-06.06360.298 1875.46180.71-.004510          0 0 0          0 0 0 11 11  1       10  6  4      534433837260713049    23.0   21.0
 11 1340.746547 2.316E-30 6.090E-02.05990.315 4436.94050.55-.004960          0 3 0          0 2 0 10  0 10        9  3  7      432230837294713152    21.0   19.0
 11 1340.748408 1.145E-25 2.210E+00.04780.221 3244.60060.46-.004000          0 1 0          0 0 0 14  5 10       15  4 11      474423837260713059    87.0   93.0
 11 1340.884945 3.769E-29 2.872E+01.06550.352 5256.84530.54-.002010          0 4 0          0 3 0  6  1  6        7  0  7      434233837294713152    39.0   45.0
 11 1341.100702 2.919E-23 1.599E-01.07510.366 1477.29740.70-.011020          0 1 0          0 0 0  9  2  7        9  5  4      677623837233663059    57.0   57.0
 11 1341.220174 1.411E-28 4.412E-06.06300.298 1874.97300.71-.004320          0 0 0          0 0 0 11 11  0       10  6  5      534433837260713049    69.0   63.0
 11 1341.288047 2.083E-28 8.086E-04.07640.371 2552.87970.68-.004490          0 2 0          0 1 0  7  2  6        6  5  1      534233837294713152    15.0   13.0
 11 1341.353122 1.468E-30 2.865E-05.05240.281 3216.19320.700.003040          0 1 0          0 0 0 12  8  5       11 11  0      572230837260713049    75.0   69.0
 11 1341.361721 4.905E-31 2.872E-05.03280.270 3216.19320.410.000000          0 1 0          0 0 0 12  8  4       11 11  1      5333308387659336 0    25.0   23.0
 11 1341.485421 9.308E-30 1.615E-01.09480.412 4125.14870.73-.007580          0 1 1          0 0 1  3  0  3        4  3  2      534263837294713152     7.0    9.0
 11 1341.633821 5.322E-29 7.748E-01.08690.371 4408.02880.72-.004620          0 1 1          0 0 1  5  2  4        6  3  3      434223837294713152    33.0   39.0
 11 1341.823181 1.234E-30 3.414E-01.06680.333 4851.53780.58-.017340          1 1 0          0 0 1  7  4  4        8  4  5      432230837294713152    15.0   17.0
 11 1342.013814 3.933E-30 5.956E+00.02520.265 5289.15260.13-.001140          0 1 1          0 0 1 11  0 11       12  1 12      432230837294713152    23.0   25.0
 11 1342.017376 1.180E-29 5.956E+00.02520.265 5289.15190.13-.001050          0 1 1          0 0 1 11  1 11       12  0 12      434233837294713152    69.0   75.0
 11 1342.025389 7.168E-27 8.429E-05.06250.281 1690.66440.650.006290          0 0 0          0 0 0 12  9  4       11  2  9      534426837260713049    75.0   69.0
 11 1342.133124 8.451E-30 9.691E-03.04480.298 3997.50830.46-.004120          0 0 1          0 1 0  9  6  4       10  8  3      534233837294713152    57.0   63.0
 11 1342.181808 9.833E-29 1.587E-03.06760.315 3141.04600.65-.009750          0 2 0          0 1 0 10  2  9        9  5  4      534233837294713152    63.0   57.0
 11 1342.334687 2.829E-30 9.735E-03.04520.298 3997.50860.47-.004280          0 0 1          0 1 0  9  6  3       10  8  2      432230837294713152    19.0   21.0
 11 1342.376900 9.216E-29 2.345E+01.03790.281 4922.09000.34-.004590          0 3 0          0 2 0 11  2 10       11  3  9      434243837294713152    23.0   23.0
 11 1342.393415 7.972E-27 1.466E+01.05910.333 4071.73340.51-.003020          0 3 0          0 2 0  8  1  8        8  2  7      434223837294713152    51.0   51.0
 11 1342.522872 1.592E-29 2.358E-02.05100.221 3937.57290.56-.002650          0 1 0          0 1 0 16  4 12       15  1 15      434233837294713152    33.0   31.0
 11 1342.616321 8.169E-30 1.185E-01.08460.371 4407.04630.72-.009640          0 1 1          0 2 0  5  2  4        6  6  1      434233837294713152    33.0   39.0
 11 1343.057747 3.070E-30 3.213E+01.07090.352 5598.57780.61-.007260          0 4 0          0 3 0  7  2  6        7  3  5      432230837294713152    15.0   15.0
 11 1343.276030 5.384E-30 3.157E-03.08820.412 3746.76270.72-.005240          0 3 0          0 2 0  5  1  4        4  4  1      434233837294713152    33.0   27.0
 11 1343.315976 1.423E-28 5.951E+00.08160.352 4658.97470.700.002910          0 1 1          0 0 1  6  3  3        7  4  4      434263837294713152    39.0   45.0
 11 1343.361593 7.518E-28 1.758E-02.03830.221 3083.86520.430.009740          0 0 0          0 0 0 16  9  7       15  4 12      434423837260713049    33.0   31.0
 11 1343.439754 8.575E-30 1.170E-04.02120.208 3211.21260.19-.003590          0 1 0          0 0 0 17  0 17       16  3 14      474233837260713049   105.0   99.0
 11 1343.597060 2.768E-30 1.133E-04.02100.208 3211.05580.19-.003530          0 1 0          0 0 0 17  1 17       16  2 14      472230837260713049    35.0   33.0
 11 1343.678239 2.742E-23 5.359E+00.01510.169 2042.37410.04-.004790          0 1 0          0 0 0 12  1 11       13  2 12      576621837274 13029    25.0   27.0
 11 1343.979942 2.303E-25 1.093E+01.03250.281 3136.41250.24-.006450          0 2 0          0 1 0 10  1  9       11  2 10      564423837294713159    21.0   23.0
 11 1344.068869 8.220E-23 5.357E+00.01500.182 2042.31060.15-.003240          0 1 0          0 0 0 12  2 11       13  1 12      577423837233662759    75.0   81.0
 11 1344.071934 3.870E-27 2.112E+01.04740.315 4068.93110.39-.001840          0 3 0          0 2 0  8  0  8        9  1  9      434426837294713152    17.0   19.0
 11 1344.368127 6.011E-29 3.973E-08.07810.371  661.54890.670.000000          0 1 0          0 0 0  4  3  1        6  3  3     q5422308079917122 0     9.0   13.0
 11 1344.452501 1.555E-30 1.620E+01.06090.333 5597.18310.520.002960          0 4 0          0 3 0  7  2  6        8  1  7      432230837294713152    15.0   17.0
 11 1344.454145 5.986E-30 5.519E+00.02520.265 5186.33730.13-.001050          1 1 0          1 0 0 11  1 11       12  0 12      434233837294713152    23.0   25.0
 11 1344.457488 8.099E-25 1.317E+01.02000.281 2915.89430.22-.004170          0 2 0          0 1 0 10  0 10       11  1 11      565420837274713129    21.0   23.0
 11 1344.527981 4.806E-29 1.205E+00.07380.352 4553.27350.61-.010930          1 1 0          0 0 1  6  3  4        7  3  5      434233837294713152    39.0   45.0
 11 1344.592586 2.429E-24 1.317E+01.01920.219 2915.87430.21-.002510          0 2 0          0 1 0 10  1 10       11  0 11      566721837274 13129    63.0   69.0
 11 1344.670848 9.991E-31 2.076E+00.03930.265 5579.48930.35-.008480          1 1 0          1 0 0 11  2  9       12  3 10      432230837294713152    69.0   75.0
 11 1344.724698 3.655E-24 9.503E+00.08450.421 2439.95450.70-.000500          0 2 0          0 1 0  6  2  4        7  3  5      564823837294 13159    13.0   15.0
 11 1344.863306 1.229E-30 5.232E+00.02530.265 5500.91570.14-.002470          0 1 1          0 0 1 11  1 10       12  2 11      432230837294713152    23.0   25.0
 11 1344.904278 4.535E-26 1.279E-04.07990.315 1360.23530.71-.004750          0 1 0          0 0 0 10  1 10        9  4  5      574426837260713049    63.0   57.0
 11 1344.913346 6.348E-29 2.980E+01.07720.371 5121.60060.62-.003270          0 4 0          0 3 0  5  0  5        6  1  6      434243837294713152    33.0   39.0
 11 1344.962502 1.249E-30 4.302E+00.03550.265 5683.33260.300.003910          0 1 1          0 0 1 11  3  9       12  2 10      432230837294713152    69.0   75.0
 11 1345.014539 1.079E-30 1.772E-01.08030.333 4769.03850.71-.007060          1 1 0          1 0 0  8  1  7        8  4  4      432230837294713152    17.0   17.0
 11 1345.250206 3.684E-30 5.229E+00.02540.265 5500.85660.14-.001600          0 1 1          0 0 1 11  2 10       12  1 11      432230837294713152    69.0   75.0
 11 1345.422973 1.159E-26 2.110E+01.04710.315 4068.70380.38-.002690          0 3 0          0 2 0  8  1  8        9  0  9      464423837294713159    51.0   57.0
 11 1345.539074 2.549E-23 4.500E+00.02590.227 2246.88480.210.002450          0 1 0          0 0 0 12  3 10       13  2 11      576721837274 13029    75.0   81.0
 11 1345.660727 4.113E-31 5.201E-02.07370.352 4689.32860.650.000000          0 1 1          1 0 0  7  1  6        8  3  5      4333308387659336 0    15.0   17.0
 11 1345.767318 1.090E-28 5.148E+01.09880.456 4855.29940.75-.002510          0 4 0          0 3 0  1  1  0        2  2  1      434223837294713152     9.0   15.0
 11 1345.839994 1.896E-29 5.794E+00.02520.265 5184.73430.13-.001140          1 1 0          1 0 0 11  0 11       12  1 12      434233837294713152    69.0   75.0
 11 1345.901829 5.086E-27 1.556E+01.07690.352 3894.16780.64-.007080          0 3 0          0 2 0  6  1  5        7  2  6      434426837294713152    13.0   15.0
 11 1346.003542 4.144E-23 2.083E+01.06450.311 2251.86250.54-.001000          0 2 0          0 1 0  4  3  2        5  4  1      568623837233662759    27.0   33.0
 11 1346.307646 1.109E-29 1.390E-08.07340.352 1059.83550.650.000000          0 1 0          0 0 0  5  5  0        7  5  2     q5422308079917122 0    33.0   45.0
 11 1346.329924 6.466E-29 5.135E+00.08160.352 4563.98960.700.002910          1 1 0          1 0 0  6  3  3        7  4  4      434263837294713152    13.0   15.0
 11 1346.443732 1.751E-28 1.420E+01.03790.371 4759.85310.390.000190          0 1 1          0 0 1  5  5  1        6  6  0      434233837294713152    33.0   39.0
 11 1346.447470 5.838E-29 1.420E+01.03790.371 4759.85250.390.000250          0 1 1          0 0 1  5  5  0        6  6  1      434233837294713152    11.0   13.0
 11 1346.494284 3.709E-30 1.393E-08.07340.352 1059.64670.650.000000          0 1 0          0 0 0  5  5  1        7  5  3     q5422308079917122 0    11.0   15.0
 11 1346.520431 6.592E-28 7.565E-01.04580.250 4052.81090.44-.003120          1 0 0          0 1 0 12  2 11       13  3 10      434223837294713152    75.0   81.0
 11 1347.031659 1.386E-23 2.092E+01.06700.332 2251.69530.650.002810          0 2 0          0 1 0  4  3  1        5  4  2      567623837233663159     9.0   11.0
 11 1347.124467 4.731E-30 9.678E-01.04470.172 5199.59660.430.008030          0 1 0          0 0 0 18  7 12       19  6 13      474233837260713049   111.0  117.0
 11 1347.273503 2.526E-30 6.066E-09.06460.315 1282.91910.600.000000          0 1 0          0 0 0  8  3  6        9  3  6     q5422308079917122 0    51.0   57.0
 11 1347.410934 1.135E-28 9.281E+00.00970.161 5031.9780-.13-.002510          0 1 0          0 0 0 20  3 18       20  4 17      474233837260713049   123.0  123.0
 11 1347.463064 6.866E-25 1.089E+01.03240.281 3135.76480.24-.001000          0 2 0          0 1 0 10  2  9       11  1 10      564423837294713159    63.0   69.0
 11 1347.496677 3.115E-27 5.967E-02.03580.195 3291.14860.430.007400          0 0 0          0 0 0 18  6 13       17  1 16      434426837260713049   111.0  105.0
 11 1347.528223 6.084E-30 5.289E+00.02530.265 5399.33130.14-.002470          1 1 0          1 0 0 11  1 10       12  2 11      434233837294713152    69.0   75.0
 11 1347.542017 3.357E-30 9.925E-02.03900.208 4564.08610.460.008620          0 1 0          0 1 0 17  6 12       16  1 15      432230837294713152    35.0   33.0
 11 1347.548134 3.789E-29 9.288E+00.00930.161 5031.7941-.15-.002360          0 1 0          0 0 0 20  2 18       20  3 17      474233837260713049    41.0   41.0
 11 1347.566249 5.579E-28 1.478E-03.07190.352 2724.16710.66-.006130          0 2 0          0 1 0  8  2  7        7  5  2      534223837294713152    51.0   45.0
 11 1347.585070 2.189E-30 9.604E-02.07870.371 4407.15760.70-.005330          1 1 0          0 2 0  5  3  3        6  6  0      432230837294713152    11.0   13.0
 11 1347.585710 1.019E-28 2.764E+00.08690.371 4308.21130.72-.004620          1 1 0          1 0 0  5  2  4        6  3  3      434223837294713152    11.0   13.0
 11 1348.108882 9.931E-29 1.832E-03.06870.333 2920.13210.64-.007960          0 2 0          0 1 0  9  2  8        8  5  3      534233837294713152    19.0   17.0
 11 1348.326048 7.893E-30 1.902E+01.01600.195 5469.18390.04-.003890          0 2 0          0 1 0 17  3 15       17  4 14      434233837294713152    35.0   35.0
 11 1348.492210 1.202E-24 2.751E-01.09030.415 2130.49430.72-.004520          0 2 0          0 1 0  5  0  5        5  3  2      564723837294 13159    33.0   33.0
 11 1348.496724 9.652E-30 2.613E-03.05170.265 3770.87890.550.003120          0 1 0          0 1 0 13  9  4       12  4  9      434233837294713152    81.0   75.0
 11 1348.696399 1.053E-30 9.570E-01.04410.265 5182.09510.42-.011740          1 1 0          0 2 0 11  1 11       12  2 10      432230837294713152    23.0   25.0
 11 1348.703972 9.228E-29 1.512E+01.03790.371 4677.87640.390.000190          1 1 0          1 0 0  5  5  1        6  6  0      434233837294713152    11.0   13.0
 11 1348.705758 2.768E-28 1.512E+01.03790.371 4677.87620.390.000250          1 1 0          1 0 0  5  5  0        6  6  1      434223837294713152    33.0   39.0
 11 1348.722588 1.627E-29 6.361E-04.06040.315 3321.01330.59-.007380          0 2 0          0 1 0 10  3  8        9  6  3      534233837294713152    63.0   57.0
 11 1348.756681 2.110E-23 3.847E+00.02010.172 2042.37410.13-.003990          0 1 0          0 0 0 13  1 13       13  2 12      468623307333663059    27.0   27.0
 11 1348.815564 6.332E-23 3.848E+00.01940.183 2042.31060.40-.003760          0 1 0          0 0 0 13  0 13       13  1 12      568423837333662459    81.0   81.0
 11 1349.182703 1.040E-28 1.184E-02.03910.265 3592.42390.39-.003350          0 2 0          0 1 0 13  0 13       12  3 10      534233837294713152    81.0   75.0
 11 1349.185053 2.147E-30 4.791E-10.08870.412  315.77950.710.000000          0 1 0          0 0 0  2  0  2        4  2  2     q5322308079917122 0     5.0    9.0
 11 1349.379778 2.272E-21 1.670E-01.09520.473  382.51690.75-.007390          0 1 0          0 0 0  3  0  3        4  3  2      578620837233662736    21.0   27.0
 11 1349.390411 2.671E-28 1.068E+01.05890.371 4613.57320.540.000780          0 1 1          0 0 1  5  4  2        6  5  1      434223837294713152    33.0   39.0
 11 1349.452502 9.230E-30 5.704E-01.03590.250 4871.97880.34-.013430          1 0 0          0 1 0 12  7  6       13  8  5      434233837294713152    75.0   81.0
 11 1349.595588 2.787E-30 5.222E-01.08770.333 4769.03850.73-.024590          0 1 1          1 0 0  7  2  5        8  4  4      432230837294713152    15.0   17.0
 11 1349.657800 8.910E-29 1.069E+01.05950.371 4613.52630.550.001910          0 1 1          0 0 1  5  4  1        6  5  2      434223837294713152    11.0   13.0
 11 1349.665823 1.261E-29 2.692E+01.08210.371 5240.06960.670.001750          0 4 0          0 3 0  6  0  6        6  1  5      434223837294713152    13.0   13.0
 11 1349.675053 3.079E-30 5.709E-01.03600.250 4871.94800.34-.013670          1 0 0          0 1 0 12  7  5       13  8  6      432230837294713152    25.0   27.0
 11 1349.697123 2.135E-30 5.557E+00.02540.265 5398.25060.14-.001600          1 1 0          1 0 0 11  2 10       12  1 11      432230837294713152    23.0   25.0
 11 1349.698014 2.488E-29 2.030E-01.04680.172 4331.08920.52-.003610          0 0 0          0 0 0 20  6 14       19  3 17      434233837260713049    41.0   39.0
 11 1349.708824 2.145E-30 1.839E-08.06460.315 1340.88490.600.000000          0 1 0          0 0 0  9  2  8        9  4  6     q5422308079917122 0    19.0   19.0
 11 1349.747754 6.150E-29 1.973E-08.09400.434  285.21930.730.000000          0 1 0          0 0 0  1  1  1        3  3  1     q5322308079917122 0     3.0    7.0
 11 1349.996370 3.559E-27 1.246E-03.08550.391 2251.86250.70-.004380          0 2 0          0 1 0  6  1  6        5  4  1      534426837294713152    39.0   33.0
 11 1350.164938 2.833E-27 1.514E+01.06030.333 4062.83810.510.000660          0 3 0          0 2 0  8  0  8        8  1  7      434223837294713152    17.0   17.0
 11 1350.236197 1.839E-30 1.593E-01.08030.333 4861.80320.71-.007060          0 1 1          0 0 1  8  1  7        8  4  4      432230837294713152    51.0   51.0
 11 1350.351893 2.413E-29 1.918E+01.01620.195 5466.40250.04-.001430          0 2 0          0 1 0 17  2 15       17  3 14      434233837294713152   105.0  105.0
 11 1350.606485 1.420E-28 1.119E+01.05890.371 4526.72040.540.000780          1 1 0          1 0 0  5  4  2        6  5  1      434223837294713152    11.0   13.0
 11 1350.673090 4.262E-28 1.120E+01.05950.371 4526.71980.550.001910          1 1 0          1 0 0  5  4  1        6  5  2      434223837294713152    33.0   39.0
 11 1350.837750 4.067E-30 4.329E+00.05020.281 5421.26760.46-.010260          0 1 1          0 0 1 10  2  8       11  3  9      434233837294713152    63.0   69.0
 11 1351.119436 3.189E-27 1.506E+01.05020.315 4263.15050.430.001040          0 3 0          0 2 0  8  2  7        9  1  8      434426837294713152    51.0   57.0
 11 1351.570217 4.235E-23 1.190E+01.08300.409 2130.49430.74-.003650          0 2 0          0 1 0  4  2  3        5  3  2      568623837233662759    27.0   33.0
 11 1351.807755 1.714E-29 3.075E+01.07770.371 5429.69440.66-.006430          0 4 0          0 3 0  6  2  5        6  3  4      434233837294713152    39.0   39.0
 11 1351.884346 3.132E-29 5.371E-09.07810.371  648.97870.670.000000          0 1 0          0 0 0  5  1  4        6  3  4     q5422308079917122 0    33.0   39.0
 11 1351.889410 2.348E-30 4.611E+00.05020.281 5320.88900.46-.010260          1 1 0          1 0 0 10  2  8       11  3  9      432230837294713152    21.0   23.0
 11 1352.348720 9.382E-23 4.564E+00.03990.277 1962.50690.36-.017000          0 1 0          0 0 0 11  2  9       12  3 10      578423837233662759    69.0   75.0
 11 1352.800766 1.208E-28 5.207E+00.07320.371 4401.94190.63-.004730          1 1 0          1 0 0  5  3  3        6  4  2      434263837294713152    11.0   13.0
 11 1352.861547 7.422E-28 5.107E-04.09030.412 2129.61860.72-.004380          0 2 0          0 1 0  5  1  5        4  4  0      534223837294713152    11.0    9.0
 11 1352.897003 4.670E-25 6.855E+00.01110.208 3211.2126-.03-.005280          0 1 0          0 0 0 16  2 15       16  3 14      575421837274713029    99.0   99.0
 11 1352.999981 2.231E-28 3.303E+00.09010.371 4408.02880.73-.010820          1 1 0          0 0 1  5  3  2        6  3  3      434233837294713152    33.0   39.0
 11 1353.030376 1.558E-25 6.857E+00.01100.208 3211.0558-.03-.005180          0 1 0          0 0 0 16  1 15       16  2 14      574420837274713029    33.0   33.0
 11 1353.086021 3.865E-30 1.750E-08.06860.333 1411.61150.620.000000          0 1 0          0 0 0  8  4  5        8  6  3     q5422308079917122 0    51.0   51.0
 11 1353.186528 6.434E-27 3.213E-04.05610.265 1774.61630.610.007360          0 0 0          0 0 0 13  8  6       12  1 11      534426837260713049    27.0   25.0
 11 1353.318269 2.094E-30 1.247E-08.07340.352 1216.18980.650.000000          0 1 0          0 0 0  7  4  4        7  6  2     q5422308079917122 0    15.0   15.0
 11 1353.323555 6.310E-30 6.291E-09.07810.371 1045.05800.670.000000          0 1 0          0 0 0  6  4  3        6  6  1     q5422308079917122 0    39.0   39.0
 11 1353.529750 1.308E-28 1.861E-02.07670.298 3564.70500.68-.008090          1 0 0          0 1 0  9  3  6       10  6  5      534233837294713152    57.0   63.0
 11 1353.530008 7.764E-30 5.004E-06.07200.265 2300.68500.71-.009280          0 1 0          0 0 0 13  2 12       12  5  7      574233837260713049    27.0   25.0
 11 1353.867914 2.814E-26 1.592E+01.08420.371 3736.17080.69-.004790          0 3 0          0 2 0  5  1  4        6  2  5      464423837294713159    33.0   39.0
 11 1353.956685 3.834E-29 1.288E-02.04010.265 3587.66670.400.000290          0 2 0          0 1 0 13  1 13       12  2 10      534233837294713152    27.0   25.0
 11 1353.982481 9.580E-30 1.414E-01.08200.371 4407.04630.72-.003190          1 1 0          0 2 0  5  3  2        6  6  1      434233837294713152    33.0   39.0
 11 1354.107160 2.100E-30 6.289E-09.07810.371 1045.05830.670.000000          0 1 0          0 0 0  6  4  2        6  6  0     q5422308079917122 0    13.0   13.0
 11 1354.409629 3.245E-30 2.965E-01.03680.172 5052.66860.390.018140          0 0 0          0 0 0 20 10 11       19  5 14      332230837260713049   123.0  117.0
 11 1354.445798 2.021E-29 3.917E-04.08070.352 2905.43060.720.001150          0 2 0          0 1 0  8  3  5        7  6  2      534233837294713152    17.0   15.0
 11 1354.551590 5.297E-30 8.973E-09.06860.333  982.91170.620.000000          0 1 0          0 0 0  8  0  8        8  2  6     q5422308079917122 0    17.0   17.0
 11 1354.566898 3.437E-31 1.012E-01.04790.237 4981.46930.430.000000          0 0 1          0 1 0 13  5  8       14  7  7      4333308387659336 0    27.0   29.0
 11 1354.660725 1.011E-25 4.010E+01.08680.434 3500.63870.70-.001870          0 3 0          0 2 0  2  2  1        3  3  0      464423837294713159    15.0   21.0
 11 1354.701944 1.150E-28 1.474E+00.02870.281 4510.90160.29-.013750          1 0 0          0 1 0 10  8  3       11  9  2      434233837294713152    63.0   69.0
 11 1354.702428 3.834E-29 1.474E+00.02870.281 4510.90150.29-.013720          1 0 0          0 1 0 10  8  2       11  9  3      434233837294713152    21.0   23.0
 11 1354.780846 3.108E-28 2.478E+01.04080.281 4905.65360.370.001940          0 3 0          0 2 0 11  1 10       11  2  9      434223837294713152    69.0   69.0
 11 1354.845685 3.739E-21 6.337E+00.08000.378  927.74390.710.003780          0 1 0          0 0 0  6  3  3        7  4  4      578621837233662736    13.0   15.0
 11 1354.880252 2.014E-25 7.711E+00.04500.281 3314.85560.400.010260          0 2 0          0 1 0 10  3  8       11  2  9      564423837294713159    63.0   69.0
 11 1355.087288 1.852E-28 1.998E-08.09400.434  285.41860.730.000000          0 1 0          0 0 0  1  1  0        3  3  0     q5422308079917122 0     9.0   21.0
 11 1355.090365 6.784E-30 2.428E-02.04870.250 4074.03860.51-.019970          1 0 0          0 1 0 13  1 13       13  4 10      434233837294713152    27.0   27.0
 11 1355.104962 5.721E-28 7.552E-08.07810.371  552.91140.670.000000          0 1 0          0 0 0  4  2  3        6  2  5     q5422308079917122 0    27.0   39.0
 11 1355.141891 3.261E-28 7.262E+00.07320.371 4491.36980.63-.004730          0 1 1          0 0 1  5  3  3        6  4  2      434223837294713152    33.0   39.0
 11 1355.188744 1.272E-30 3.874E-06.06170.208 2660.94580.670.010470          0 0 0          0 0 0 16  7  9       16  0 16      432230837260713049    33.0   33.0
 11 1355.198312 1.958E-28 2.723E+00.08160.371 4394.46430.67-.026310          0 1 1          1 0 0  5  2  4        6  4  3      434233837294713152    33.0   39.0
 11 1355.210016 2.404E-23 1.104E+01.08320.429 2271.71230.720.000130          0 2 0          0 1 0  5  2  3        6  3  4      568623307233663159    33.0   39.0
 11 1355.288229 2.550E-30 3.402E-02.04510.235 4585.34910.49-.029010          1 0 0          0 1 0 14  2 13       14  5 10      432230837294713152    87.0   87.0
 11 1355.355862 9.094E-31 3.617E+00.03990.259 5500.91570.510.000000          0 1 1          0 0 1 12  1 12       12  2 11      4333308387659336 0    25.0   25.0
 11 1355.517090 1.209E-30 3.137E+01.06950.352 5781.58070.61-.005640          0 4 0          0 3 0  7  3  5        7  4  4      432230837294713152    15.0   15.0
 11 1355.641199 5.714E-29 1.280E-08.08870.412  383.84250.710.000000          0 1 0          0 0 0  3  1  3        4  3  1     q5422308079917122 0     7.0    9.0
 11 1355.704481 3.388E-26 4.035E+01.08770.434 3500.51070.71-.000400          0 3 0          0 2 0  2  2  0        3  3  1      464423837294713159     5.0    7.0
 11 1355.837007 2.193E-28 4.623E-08.07810.371  648.97870.670.000000          0 1 0          0 0 0  4  3  2        6  3  4     q5422308079917122 0    27.0   39.0
 11 1355.944677 6.254E-30 1.246E-08.07340.352 1216.19450.650.000000          0 1 0          0 0 0  7  4  3        7  6  1     q5422308079917122 0    45.0   45.0
 11 1356.038563 1.651E-24 8.612E+00.03690.238 2904.42840.360.001550          0 2 0          0 1 0 10  1 10       10  2  9      564521837274 13129    63.0   63.0
 11 1356.155436 7.769E-24 3.150E+00.04710.267 2414.72340.420.018170          0 1 0          0 0 0 12  4  9       13  3 10      577623837233663059    75.0   81.0
 11 1356.496922 1.239E-29 7.575E-05.05080.281 2972.82740.620.003480          0 1 0          0 0 0 12  7  6       11 10  1      574233837260713049    75.0   69.0
 11 1356.668426 4.119E-30 7.557E-05.05100.281 2972.82740.620.003640          0 1 0          0 0 0 12  7  5       11 10  2      574233837260713049    25.0   23.0
 11 1356.676437 1.597E-28 9.111E-03.07020.333 3101.14220.63-.010450          1 0 0          0 1 0  7  3  5        8  6  2      534233837294713152    15.0   17.0
 11 1356.711253 1.043E-26 1.455E+01.02580.250 3879.72080.19-.005120          0 2 0          0 1 0 13  2 12       13  3 11      564423837294713159    27.0   27.0
 11 1356.962427 1.272E-26 1.221E-02.04440.208 2660.94600.52-.001310          0 0 0          0 0 0 17  4 13       16  1 16      464426837260713049   105.0   99.0
 11 1357.005826 3.357E-29 6.539E-01.09470.391 4195.97100.74-.004130          0 1 1          0 0 1  4  1  4        5  2  3      434243837294713152     9.0   11.0
 11 1357.086466 1.929E-30 6.846E-04.05690.298 3565.00350.57-.010350          0 2 0          0 1 0 11  3  9       10  6  4      532230837294713152    23.0   21.0
 11 1357.170317 6.495E-29 2.331E+01.09000.412 5021.39140.71-.004060          0 4 0          0 3 0  4  1  4        4  2  3      434243837294713152    27.0   27.0
 11 1357.205794 5.550E-25 8.646E+00.04160.298 2903.14600.360.000430          0 2 0          0 1 0 10  0 10       10  1  9      564423307294713159    21.0   21.0
 11 1357.457988 6.340E-30 2.766E+01.07180.371 5610.76490.62-.004710          0 4 0          0 3 0  6  3  4        6  4  3      434223837294713152    39.0   39.0
 11 1357.771353 1.549E-30 3.754E+00.02800.265 5398.25060.20-.002110          1 1 0          1 0 0 12  0 12       12  1 11      432230837294713152    25.0   25.0
 11 1357.897060 3.355E-31 1.278E+01.08580.406 5754.74270.690.000000          1 2 0          1 1 0  4  2  2        5  3  3      4333308387659336 0     9.0   11.0
 11 1357.941160 3.112E-29 3.062E+01.08780.391 5002.56870.69-.003400          0 4 0          0 3 0  4  0  4        5  1  5      434223837294713152     9.0   11.0
 11 1358.026606 9.321E-22 6.396E+00.01440.265 1557.8477-.21-.002700          0 1 0          0 0 0 11  0 11       12  1 12      575621837267712436    69.0   75.0
 11 1358.049901 3.107E-22 6.396E+00.01440.214 1557.84440.13-.002450          0 1 0          0 0 0 11  1 11       12  0 12      575621837267 13036    23.0   25.0
 11 1358.287711 8.962E-30 2.837E+01.08230.391 5284.19800.68-.005900          0 4 0          0 3 0  5  2  4        5  3  3      434233837294713152    11.0   11.0
 11 1358.578522 5.773E-23 2.028E-01.08050.399 1131.77560.65-.006390          0 1 0          0 0 0  8  1  7        8  4  4      678523837233662759    17.0   17.0
 11 1358.606708 2.961E-30 2.250E+01.07240.391 5464.26210.62-.002870          0 4 0          0 3 0  5  3  3        5  4  2      432230837294713152    11.0   11.0
 11 1358.722091 1.922E-24 1.112E+01.04160.238 2904.42840.35-.008590          0 2 0          0 1 0  9  1  8       10  2  9      564623837294 13159    57.0   63.0
 11 1358.870269 3.184E-26 1.467E+01.02570.250 3877.08860.18-.001210          0 2 0          0 1 0 13  1 12       13  2 11      564423837294713159    81.0   81.0
 11 1359.233609 2.431E-29 6.338E-01.07900.371 4296.56340.64-.011900          1 1 0          0 0 1  5  2  4        6  2  5      434233837294713152    11.0   13.0
 11 1359.233693 1.050E-28 8.588E+00.05690.298 4644.21720.520.009490          0 3 0          0 2 0  9  3  7       10  2  8      434243837294713152    19.0   21.0
 11 1359.292758 8.503E-30 1.456E+01.07620.412 5342.18720.660.000700          0 4 0          0 3 0  4  3  2        4  4  1      434223837294713152    27.0   27.0
 11 1359.505631 8.523E-28 2.381E+01.04570.298 4669.73590.41-.005530          0 3 0          0 2 0 10  2  9       10  3  8      434223837294713152    63.0   63.0
 11 1359.543187 5.896E-31 1.385E-04.02070.264 3512.40490.240.000000          0 1 0          0 0 0 13  8  6       12 11  1      4333308387659336 0    27.0   25.0
 11 1359.573986 1.764E-30 1.382E-04.04700.265 3512.40490.620.003410          0 1 0          0 0 0 13  8  5       12 11  2      472230837260713049    81.0   75.0
 11 1359.633753 8.813E-31 1.156E-01.07070.349 4663.15070.640.000000          1 1 0          0 0 1  6  4  2        7  4  3      4333308387659336 0    13.0   15.0
 11 1359.688738 2.837E-30 1.458E+01.07890.412 5342.19550.690.001720          0 4 0          0 3 0  4  3  1        4  4  0      432230837294713152     9.0    9.0
 11 1359.764984 1.051E-30 2.629E+01.06910.412 5842.02790.610.000110          0 2 1          0 1 1  3  3  1        4  4  0      432230837294713152    21.0   27.0
 11 1359.950603 3.514E-31 2.638E+01.08180.395 5842.00200.710.000000          0 2 1          0 1 1  3  3  0        4  4  1      4333308387659336 0     7.0    9.0
 11 1360.087075 8.914E-30 2.264E+01.07980.391 5464.33210.680.001940          0 4 0          0 3 0  5  3  2        5  4  1      434223837294713152    33.0   33.0
 11 1360.653800 2.023E-30 1.731E-02.08740.371 4292.90990.70-.026090          0 1 1          1 0 0  5  1  5        6  3  4      532230837294713152    33.0   39.0
 11 1360.783351 2.257E-30 8.821E-04.06560.298 3565.00350.63-.025990          1 0 0          0 1 0 10  1  9       10  6  4      532230837294713152    21.0   21.0
 11 1360.811487 2.043E-29 2.894E+01.07470.371 5117.98800.60-.001600          0 4 0          0 3 0  5  1  5        6  0  6      434223837294713152    11.0   13.0
 11 1360.996755 1.367E-29 2.396E-05.05540.298 2471.25500.630.003570          0 1 0          0 0 0 11  6  6       10  9  1      574233837260713049    23.0   21.0
 11 1361.013650 2.810E-22 5.558E+00.01920.191 1774.75110.14-.004880          0 1 0          0 0 0 11  1 10       12  2 11      574520837267 13036    69.0   75.0
 11 1361.082551 4.254E-21 1.521E+01.04520.215 1045.05830.390.000420          0 1 0          0 0 0  5  5  1        6  6  0      575420837267 13036    11.0   13.0
 11 1361.085109 1.276E-20 1.521E+01.03720.207 1045.05800.72-.003010          0 1 0          0 0 0  5  5  0        6  6  1      775420837267 12436    33.0   39.0
 11 1361.138161 3.872E-30 4.211E+00.06200.298 5175.95510.56-.011040          0 1 1          0 0 1  9  2  7       10  3  8      432230837294713152    19.0   21.0
 11 1361.204539 1.118E-28 7.488E+00.07890.371 4490.06390.680.002820          0 1 1          0 0 1  5  3  2        6  4  3      434223837294713152    11.0   13.0
 11 1361.206224 2.012E-29 4.493E+00.06200.298 5076.26600.56-.011040          1 1 0          1 0 0  9  2  7       10  3  8      434253837294713152    57.0   63.0
 11 1361.449622 2.878E-28 1.156E+00.09470.391 4095.92000.74-.004130          1 1 0          1 0 0  4  1  4        5  2  3      434223837294713152    27.0   33.0
 11 1361.510702 2.132E-30 2.811E+01.08250.371 5611.09740.700.001830          0 4 0          0 3 0  6  3  3        6  4  2      432230837294713152    13.0   13.0
 11 1361.592368 2.418E-26 2.199E+01.05680.333 3895.25290.47-.004430          0 3 0          0 2 0  7  0  7        8  1  8      464423837294713159    45.0   51.0
 11 1361.696178 3.332E-29 6.286E+00.03140.281 5062.01330.22-.001290          0 1 1          0 0 1 10  0 10       11  1 11      434233837294713152    63.0   69.0
 11 1361.709898 1.110E-29 6.283E+00.03140.281 5062.01050.21-.001190          0 1 1          0 0 1 10  1 10       11  0 11      434233837294713152    21.0   23.0
 11 1361.796212 9.352E-23 5.552E+00.01990.196 1774.61630.20-.002720          0 1 0          0 0 0 11  2 10       12  1 11      577523837233662759    23.0   25.0
 11 1361.861585 1.120E-29 5.409E+00.03250.281 5255.34670.24-.003180          0 1 1          0 0 1 10  1  9       11  2 10      434233837294713152    63.0   69.0
 11 1361.880399 2.297E-29 4.506E-01.09750.391 4195.97100.75-.006600          1 1 0          0 0 1  4  2  2        5  2  3      434233837294713152     9.0   11.0
 11 1361.889366 4.011E-29 2.346E-05.05620.298 2471.25500.640.004480          0 1 0          0 0 0 11  6  5       10  9  2      574446837260713049    69.0   63.0
 11 1361.913026 3.477E-31 2.592E+01.07070.349 5996.76320.640.000000          0 4 0          0 3 0  7  4  4        7  5  3      4333308387659336 0    15.0   15.0
 11 1362.003742 2.209E-29 7.865E-02.06730.333 4224.58650.60-.005500          0 3 0          0 2 0  9  0  9        8  3  6      434233837294713152    57.0   51.0
 11 1362.447041 2.753E-28 9.268E+00.01170.172 4608.5562-.06-.002720          0 1 0          0 0 0 19  3 17       19  4 16      474223837260713049    39.0   39.0
 11 1362.539951 3.078E-30 2.955E+01.03280.250 5695.88300.29-.005750          0 3 0          0 2 0 13  3 11       13  4 10      432230837294713152    27.0   27.0
 11 1362.602498 1.305E-30 4.190E+00.04500.281 5418.80340.400.006680          0 1 1          0 0 1 10  3  8       11  2  9      432230837294713152    21.0   23.0
 11 1362.603717 6.404E-21 3.558E+00.08730.450  661.54890.72-.001510          0 1 0          0 0 0  5  2  4        6  3  3      778521837233662736    11.0   13.0
 11 1362.619981 1.638E-30 2.046E+01.06180.371 5825.63220.56-.000100          0 4 0          0 3 0  6  4  3        6  5  2      432230837294713152    39.0   39.0
 11 1362.656997 3.386E-29 2.434E+01.08440.412 5162.64190.69-.004550          0 4 0          0 3 0  4  2  3        4  3  2      434243837294713152    27.0   27.0
 11 1362.705142 8.276E-28 9.276E+00.01110.172 4608.2236-.09-.002000          0 1 0          0 0 0 19  2 17       19  3 16      474223837260713049   117.0  117.0
 11 1362.721308 3.722E-30 5.396E+00.03240.281 5255.20520.24-.001180          0 1 1          0 0 1 10  2  9       11  1 10      432230837294713152    21.0   23.0
 11 1362.760153 5.470E-31 2.050E+01.06010.333 5825.64860.610.000000          0 4 0          0 3 0  6  4  2        6  5  1      4333308387659336 0    13.0   13.0
 11 1362.770843 1.016E-30 2.528E+01.06630.352 5996.84330.600.002370          0 4 0          0 3 0  7  4  3        7  5  2      432230837294713152    45.0   45.0
 11 1362.828323 6.526E-30 9.359E-05.06510.298 2903.14600.650.005120          0 1 0          0 1 0 11  8  4       10  1  9      534233837294713152    23.0   21.0
 11 1363.045220 4.806E-30 6.110E-02.08890.371 4408.02880.72-.005130          0 1 1          0 0 1  6  0  6        6  3  3      434253837294713152    39.0   39.0
 11 1363.062420 3.049E-23 4.470E+00.03590.278 1960.20740.300.006100          0 1 0          0 0 0 11  3  9       12  2 10      574823837260 13059    23.0   25.0
 11 1363.062637 6.842E-21 1.147E+01.05480.371  888.63270.470.001230          0 1 0          0 0 0  5  4  2        6  5  1      778421837233712736    11.0   13.0
 11 1363.170695 1.581E-26 1.703E+01.09010.391 3598.51590.72-.002700          0 3 0          0 2 0  4  1  3        5  2  4      464423837294713159     9.0   11.0
 11 1363.229077 5.862E-31 1.272E+01.07240.362 5678.72760.640.000000          0 4 0          0 3 0  5  4  2        5  5  1      4333308387659336 0    11.0   11.0
 11 1363.263638 1.754E-30 1.269E+01.06530.391 5678.72930.620.003870          0 4 0          0 3 0  5  4  1        5  5  0      432230837294713152    33.0   33.0
 11 1363.263741 2.054E-20 1.148E+01.05690.371  888.59870.540.002700          0 1 0          0 0 0  5  4  1        6  5  2      578521837233712736    33.0   39.0
 11 1363.329798 1.023E-22 4.529E+00.05010.281 1695.06860.45-.014900          0 1 0          0 0 0 10  2  8       11  3  9      574423837260713059    21.0   23.0
 11 1363.554819 4.244E-31 1.612E+01.04080.231 5993.19920.490.000000          0 1 1          0 2 0 14  1 14       14  3 11      4333308387659336 0    29.0   29.0
 11 1363.564178 6.255E-24 1.384E+01.03880.298 2705.13960.30-.002370          0 2 0          0 1 0  9  0  9       10  1 10      564423837294713159    57.0   63.0
 11 1363.583185 6.529E-30 5.099E+00.05450.265 5389.55230.55-.020440          1 1 0          0 2 0 12  1 12       12  4  9      434233837294713152    75.0   75.0
 11 1363.775629 2.547E-30 5.009E+00.05690.265 5336.32710.540.013750          0 3 0          0 2 0 11  4  8       12  3  9      432230837294713152    23.0   25.0
 11 1363.834241 2.084E-24 1.384E+01.03870.245 2705.09690.30-.002250          0 2 0          0 1 0  9  1  9       10  0 10      564623837294 13159    19.0   21.0
 11 1363.926806 1.358E-28 1.912E+01.01890.208 5094.08430.09-.004440          0 2 0          0 1 0 16  3 14       16  4 13      434233837294713152    99.0   99.0
 11 1364.069670 8.031E-27 2.194E+01.05620.333 3894.79890.47-.002010          0 3 0          0 2 0  7  1  7        8  0  8      434426837294713152    15.0   17.0
 11 1364.395669 1.260E-29 1.094E-08.07340.352  816.69420.650.000000          0 1 0          0 0 0  7  1  7        7  3  5     q5422308079917122 0    15.0   15.0
 11 1364.506530 3.693E-30 3.254E+01.08370.352 5782.70860.710.001210          0 4 0          0 3 0  7  3  4        7  4  3      432230837294713152    45.0   45.0
 11 1364.590791 6.636E-30 1.630E-01.08160.352 4572.44630.71-.007250          1 1 0          1 0 0  7  1  6        7  4  3      434223837294713152    45.0   45.0
 11 1364.700795 5.599E-27 1.526E+01.06810.352 3894.16780.57-.003760          0 3 0          0 2 0  7  1  7        7  2  6      434223837294713152    15.0   15.0
 11 1364.739856 8.891E-29 7.681E-04.02470.221 2872.58050.24-.003220          0 1 0          0 0 0 16  0 16       15  3 13      474233837260713049    33.0   31.0
 11 1364.869242 1.955E-29 6.735E+00.03140.281 4958.93670.22-.001290          1 1 0          1 0 0 10  0 10       11  1 11      434233837294713152    21.0   23.0
 11 1365.009396 5.862E-29 6.732E+00.03140.281 4958.90110.21-.001190          1 1 0          1 0 0 10  1 10       11  0 11      434233837294713152    63.0   69.0
 11 1365.046626 2.739E-28 7.880E-04.02430.221 2872.27430.23-.002850          0 1 0          0 0 0 16  1 16       15  2 13      574223837260713049    99.0   93.0
 11 1365.062806 1.142E-27 4.373E-03.04380.235 2918.24490.480.001020          0 0 0          0 0 0 15 10  5       14  5 10      534423837260713049    93.0   87.0
 11 1365.094884 6.328E-25 1.102E+01.04070.298 2903.14600.340.001270          0 2 0          0 1 0  9  2  8       10  1  9      564423837294713159    19.0   21.0
 11 1365.182795 6.503E-30 5.772E+00.03250.281 5153.53450.24-.003180          1 1 0          1 0 0 10  1  9       11  2 10      434233837294713152    21.0   23.0
 11 1365.247100 3.330E-30 7.843E-02.08890.371 4308.21130.72-.005130          1 1 0          1 0 0  6  0  6        6  3  3      432230837294713152    13.0   13.0
 11 1365.259412 9.774E-30 1.696E+01.08650.434 5065.36190.70-.002300          0 4 0          0 3 0  3  2  2        3  3  1      434263837294713152     7.0    7.0
 11 1366.274229 7.104E-26 1.696E+01.09880.434 3392.74930.74-.005130          0 3 0          0 2 0  2  1  2        3  2  1      464423837294713159    15.0   21.0
 11 1366.477232 1.684E-28 2.308E-02.04390.265 3592.42390.42-.018980          1 0 0          0 1 0 11  0 11       12  3 10      534233837294713152    69.0   75.0
 11 1366.560197 4.108E-27 1.199E-02.03960.208 2660.94580.480.005070          0 0 0          0 0 0 17  5 13       16  0 16      434426837260713049    35.0   33.0
 11 1366.564472 2.741E-28 3.875E+00.07890.371 4394.46430.680.002820          1 1 0          1 0 0  5  3  2        6  4  3      434223837294713152    33.0   39.0
 11 1366.826421 1.934E-29 5.726E+00.03240.281 5153.18850.24-.001180          1 1 0          1 0 0 10  2  9       11  1 10      434233837294713152    63.0   69.0
 11 1366.889952 3.926E-29 1.116E+00.08820.352 4572.44630.72-.017300          0 1 1          1 0 0  6  2  4        7  4  3      434233837294713152    39.0   45.0
 11 1367.186467 5.230E-27 4.379E+00.05690.265 3738.54320.540.013750          0 2 0          0 1 0 11  4  8       12  3  9      534426837294713152    23.0   25.0
 11 1367.383349 1.797E-30 2.163E-08.06460.315 1631.38300.600.000000          0 1 0          0 0 0  9  4  5        9  6  3     q5422308079917122 0    57.0   57.0
 11 1367.403256 4.671E-29 1.937E+01.01980.208 5089.33620.11-.000760          0 2 0          0 1 0 16  2 14       16  3 13      434233837294713152    33.0   33.0
 11 1367.507905 5.618E-29 2.304E+00.07820.371 4387.23480.64-.009960          1 1 0          0 0 1  5  3  3        6  3  4      434233837294713152    11.0   13.0
 11 1367.855164 8.903E-30 9.797E-10.07810.371  552.91140.670.000000          0 1 0          0 0 0  5  0  5        6  2  5     q5322308079917122 0    33.0   39.0
 11 1367.971444 6.709E-30 5.530E+00.03200.265 5399.33130.27-.014110          0 3 0          1 0 0 12  3 10       12  2 11      434233837294713152    75.0   75.0
 11 1368.358584 2.745E-28 3.040E-05.06000.281 2144.04630.67-.006220          0 0 0          0 0 0 12 11  2       11  6  5      534423837260713049    75.0   69.0
 11 1368.398879 7.862E-29 1.172E-02.08100.315 3320.92980.71-.002260          1 0 0          0 1 0  8  3  5        9  6  4      534233837294713152    17.0   19.0
 11 1368.406208 4.222E-31 1.615E+01.03970.231 5993.19920.490.000000          0 3 0          0 2 0 14  2 12       14  3 11      4333308387659336 0    29.0   29.0
 11 1368.610038 1.741E-29 4.397E+00.07060.315 4850.44130.61-.008540          1 1 0          1 0 0  8  2  6        9  3  7      434233837294713152    17.0   19.0
 11 1368.627510 8.758E-21 7.835E+00.07160.371  757.78020.56-.003220          0 1 0          0 0 0  5  3  3        6  4  2      578821837233712736    11.0   13.0
 11 1368.735486 2.971E-29 1.728E+01.09050.434 5065.45360.73-.000510          0 4 0          0 3 0  3  2  1        3  3  0      434243837294713152    21.0   21.0
 11 1368.795026 6.152E-30 6.178E-02.09960.434 3935.21120.75-.009300          1 1 0          1 0 0  2  0  2        3  3  1      434233837294713152     5.0    7.0
 11 1369.165152 2.500E-30 1.236E-02.04750.265 4329.32430.45-.011000          0 0 1          0 1 0 11  5  7       12  7  6      432230837294713152    69.0   75.0
 11 1369.230793 7.135E-27 1.272E-04.06180.265 1557.84440.640.007020          0 0 0          0 0 0 13  7  7       12  0 12      534426837260713049    27.0   25.0
 11 1369.319548 6.487E-30 4.270E+00.04500.281 5316.80420.400.006680          1 1 0          1 0 0 10  3  8       11  2  9      434233837294713152    63.0   69.0
 11 1369.380963 4.497E-25 2.124E-01.09280.412 2005.91700.73-.006460          0 2 0          0 1 0  4  0  4        4  3  1      564423837294713159     9.0    9.0
 11 1369.531532 1.614E-23 1.369E+01.08520.438 2126.40770.730.001440          0 2 0          0 1 0  4  2  2        5  3  3      567623837233663159     9.0   11.0
 11 1369.577144 2.174E-30 4.566E-02.06800.250 4643.87080.650.014170          0 0 1          0 1 0 12  5  7       13  7  6      432230837294713152    75.0   81.0
 11 1369.713685 2.945E-29 4.009E+00.07060.315 4949.00300.61-.008540          0 1 1          0 0 1  8  2  6        9  3  7      434233837294713152    51.0   57.0
 11 1369.807197 9.076E-29 3.000E-05.05850.281 2142.59770.66-.005550          0 0 0          0 0 0 12 11  1       11  6  6      534433837260713049    25.0   23.0
 11 1369.827653 2.131E-22 3.928E+00.02400.224 1774.75110.58-.003380          0 1 0          0 0 0 12  1 12       12  2 11      578323837233662759    75.0   75.0
 11 1369.883220 2.898E-27 1.239E-05.07160.352 1394.81420.700.000730          0 1 0          0 0 0  8  4  5        7  7  0      674223837260713049    51.0   45.0
 11 1369.931348 5.433E-30 6.610E-03.04410.315 3752.41620.47-.001640          0 0 1          0 1 0  8  6  3        9  8  2      534233837294713152    17.0   19.0
 11 1369.952950 7.108E-23 3.929E+00.02350.205 1774.61630.55-.002790          0 1 0          0 0 0 12  0 12       12  1 11      578523837233662759    25.0   25.0
 11 1369.976691 1.632E-29 6.619E-03.04430.315 3752.41620.47-.001460          0 0 1          0 1 0  8  6  2        9  8  1      534233837294713152    51.0   57.0
 11 1370.217685 2.725E-30 5.174E-09.06460.315 1201.92150.600.000000          0 1 0          0 0 0  7  4  3        9  2  7     q5422308079917122 0    45.0   57.0
 11 1370.498698 1.215E-28 3.202E+01.09460.412 4902.13040.73-.003870          0 4 0          0 3 0  3  0  3        4  1  4      434243837294713152    21.0   27.0
 11 1370.573529 7.409E-25 6.872E+00.01550.221 2872.58050.05-.005300          0 1 0          0 0 0 15  2 14       15  3 13      576421837274713029    31.0   31.0
 11 1370.616563 2.530E-29 2.256E+01.09420.434 4926.86190.72-.004130          0 4 0          0 3 0  3  1  3        3  2  2      434223837294713152     7.0    7.0
 11 1370.666927 1.244E-29 6.622E-02.09960.434 4030.06980.75-.009300          0 1 1          0 0 1  2  0  2        3  3  1      534233837294713152    15.0   21.0
 11 1370.754605 4.663E-28 1.127E-07.07810.371  446.69660.670.000000          0 1 0          0 0 0  4  0  4        6  0  6     q5422308079917122 0     9.0   13.0
 11 1370.835264 2.227E-24 6.878E+00.01720.221 2872.27430.39-.002910          0 1 0          0 0 0 15  1 14       15  2 13      575423837267712459    93.0   93.0
 11 1370.847108 5.190E-30 3.603E-06.05490.235 2551.48350.650.004660          0 0 0          0 0 0 14 10  5       14  3 12      434433837260713049    87.0   87.0
 11 1370.891996 2.555E-23 2.836E+01.06070.285 2129.61870.55-.000200          0 2 0          0 1 0  3  3  1        4  4  0      568623307233662759     7.0    9.0
 11 1371.039493 7.667E-23 2.837E+01.06110.301 2129.59920.510.001680          0 2 0          0 1 0  3  3  0        4  4  1      568623837233662759    21.0   27.0
 11 1371.196655 5.631E-30 1.581E-02.08340.391 3868.87300.69-.005860          0 3 0          0 2 0  6  1  5        5  4  2      434223837294713152    13.0   11.0
 11 1371.270096 9.521E-29 3.852E-02.04410.265 3587.66670.42-.011740          1 0 0          0 1 0 11  1 11       12  2 10      434233837294713152    23.0   25.0
 11 1371.273799 5.650E-29 6.077E-04.08430.352 2724.04140.70-.014770          1 0 0          0 1 0  6  0  6        7  5  3      534233837294713152    13.0   15.0
 11 1371.501613 3.220E-29 1.030E-08.08330.391  503.96810.690.000000          0 1 0          0 0 0  4  1  3        5  3  3     q5422308079917122 0     9.0   11.0
 11 1371.533894 8.472E-29 2.784E+00.05670.235 4525.23910.540.014140          0 2 0          0 1 0 13  5  9       14  4 10      434233837294713152    27.0   29.0
 11 1371.613957 1.633E-25 1.813E+00.05660.235 2880.83420.54-.004200          0 1 0          0 0 0 13  5  9       14  4 10      574423837260713059    27.0   29.0
 11 1371.804192 8.341E-30 1.398E+01.07280.352 5409.69800.610.004740          0 4 0          0 3 0  6  2  5        7  1  6      434223837294713152    39.0   45.0
 11 1371.838483 1.847E-29 2.029E-08.07810.371  757.78020.670.000000          0 1 0          0 0 0  4  4  0        6  4  2     q5422308079917122 0     9.0   13.0
 11 1371.838667 1.650E-30 1.909E-01.08160.352 4663.15070.71-.007250          0 1 1          0 0 1  7  1  6        7  4  3      432230837294713152    15.0   15.0
 11 1372.193634 1.171E-29 2.569E+01.09140.412 5163.26370.73-.000580          0 4 0          0 3 0  4  2  2        4  3  1      434233837294713152     9.0    9.0
 11 1372.244442 1.598E-24 1.119E+01.05230.315 2690.59370.45-.011120          0 2 0          0 1 0  8  1  7        9  2  8      564423837294713159    17.0   19.0
 11 1372.269832 9.033E-22 4.451E+00.06540.371 1446.12820.53-.011770          0 1 0          0 0 0  9  2  7       10  3  8      678623837233662759    57.0   63.0
 11 1372.457328 1.793E-29 2.050E-08.06860.333 1122.70850.620.000000          0 1 0          0 0 0  8  2  7        8  4  5     q5422308079917122 0    51.0   51.0
 11 1372.573338 2.262E-27 1.416E+01.06090.333 4062.83810.520.002960          0 3 0          0 2 0  7  2  6        8  1  7      434426837294713152    15.0   17.0
 11 1372.668092 4.273E-29 2.205E-02.04350.221 3937.57170.510.005520          0 1 0          0 1 0 16  5 12       15  0 15      434233837294713152    99.0   93.0
 11 1372.824471 5.371E-28 5.577E-08.08330.391  446.51070.690.000000          0 1 0          0 0 0  3  2  1        5  2  3     q5422308079917122 0    21.0   33.0
 11 1372.874433 5.646E-29 2.060E-08.07810.371  756.72480.670.000000          0 1 0          0 0 0  4  4  1        6  4  3     q5422308079917122 0    27.0   39.0
 11 1372.955969 9.791E-28 8.090E-08.08330.391  399.45750.690.000000          0 1 0          0 0 0  3  1  2        5  1  4     q5422308079917122 0    21.0   33.0
 11 1373.304329 1.842E-28 1.383E+01.05140.391 4468.69770.500.000860          0 1 1          0 0 1  4  4  1        5  5  0      434243837294713152     9.0   11.0
 11 1373.334623 5.526E-28 1.383E+01.05140.391 4468.69330.500.001120          0 1 1          0 0 1  4  4  0        5  5  1      434223837294713152    27.0   33.0
 11 1373.564812 1.815E-28 1.875E-02.04540.281 3323.26980.45-.003680          0 2 0          0 1 0 12  0 12       11  3  9      534233837294713152    25.0   23.0
 11 1373.769479 2.681E-20 8.014E+00.07700.369  756.72480.640.003050          0 1 0          0 0 0  5  3  2        6  4  3      578421837233662736    33.0   39.0
 11 1374.124841 1.710E-27 1.182E+00.05240.208 3758.39680.490.010150          0 1 0          0 0 0 15  6 10       16  5 11      474426837260713049    31.0   33.0
 11 1374.344477 1.430E-27 1.162E-07.07810.371  447.25240.670.000000          0 1 0          0 0 0  4  1  4        6  1  6     q5422308079917122 0    27.0   39.0
 11 1374.740777 8.257E-30 4.464E-04.06370.221 3472.88130.68-.015440          0 1 0          0 0 0 16  3 14       15  6  9      474233837260713049    99.0   93.0
 11 1374.754493 8.859E-28 1.457E+01.05140.391 4381.90400.500.000860          1 1 0          1 0 0  4  4  1        5  5  0      434223837294713152    27.0   33.0
 11 1374.762824 2.953E-28 1.457E+01.05140.391 4381.90400.500.001120          1 1 0          1 0 0  4  4  0        5  5  1      434223837294713152     9.0   11.0
 11 1374.770862 3.867E-31 2.911E-09.05610.259 1327.11760.490.000000          0 0 0          0 0 0 10 10  0       11  1 11      5333308387659336 0    21.0   23.0
 11 1374.849545 2.654E-30 9.997E-02.08450.371 4401.94190.71-.006880          1 1 0          1 0 0  6  1  5        6  4  2      432230837294713152    13.0   13.0
 11 1374.852834 7.313E-26 1.949E+01.09540.412 3482.06450.74-.001910          0 3 0          0 2 0  3  1  2        4  2  3      464423837294713159    21.0   27.0
 11 1375.025865 1.055E-29 2.306E-08.06860.333 1255.16680.620.000000          0 1 0          0 0 0  8  3  6        8  5  4     q5422308079917122 0    51.0   51.0
 11 1375.066859 1.154E-25 1.473E+01.03130.265 3592.42390.26-.006000          0 2 0          0 1 0 12  2 11       12  3 10      564423837294713159    75.0   75.0
 11 1375.086111 1.506E-20 1.220E+00.09700.391  446.51070.72-.001420          0 1 0          0 0 0  4  1  4        5  2  3      778820837233712736    27.0   33.0
 11 1375.218628 1.792E-30 1.676E+01.08960.412 5635.01410.72-.000180          1 2 0          1 1 0  3  2  1        4  3  2      432230837294713152    21.0   27.0
 11 1375.386074 1.254E-28 4.429E+00.07730.333 4643.99910.65-.003190          1 1 0          1 0 0  7  2  5        8  3  6      434223837294713152    45.0   51.0
 11 1375.444015 7.873E-28 2.407E+01.05400.315 4436.94050.48-.006520          0 3 0          0 2 0  9  2  8        9  3  7      434223837294713152    19.0   19.0
 11 1375.484707 2.626E-30 4.432E+01.07380.333 5712.87710.630.002110          0 4 0          0 3 0  8  1  7        8  2  6      432230837294713152    17.0   17.0
 11 1375.604977 1.073E-29 2.900E-01.08500.391 4257.78670.69-.020210          0 1 1          1 0 0  4  2  3        5  4  2      434233837294713152     9.0   11.0
 11 1375.822565 8.138E-30 3.662E+00.03440.281 5255.34670.28-.001840          0 1 1          0 0 1 11  1 11       11  2 10      434243837294713152    69.0   69.0
 11 1375.961193 2.716E-30 3.665E+00.03410.281 5255.20520.28-.001600          0 1 1          0 0 1 11  0 11       11  1 10      432230837294713152    23.0   23.0
 11 1376.189687 1.231E-28 7.087E-01.08620.391 4165.47380.68-.008980          1 1 0          0 0 1  4  2  3        5  2  4      434233837294713152    27.0   33.0
 11 1376.284749 5.030E-29 3.797E-02.05760.265 3940.51940.55-.040000          1 0 0          0 1 0 11  2  9       12  5  8      534233837294713152    69.0   75.0
 11 1376.307509 2.918E-29 3.239E-02.05410.250 4052.81090.55-.004160          1 0 0          0 1 0 13  0 13       13  3 10      434233837294713152    81.0   81.0
 11 1376.475236 7.295E-29 3.076E+01.08980.391 5090.03870.710.000290          0 4 0          0 3 0  5  0  5        5  1  4      434243837294713152    33.0   33.0
 11 1376.615899 3.043E-30 2.221E-04.04590.265 3266.76430.550.004260          0 1 0          0 0 0 13  7  7       12 10  2      472230807260713049    27.0   25.0
 11 1376.864246 1.392E-29 6.333E-01.03710.265 4557.55490.36-.014740          1 0 0          0 1 0 11  7  5       12  8  4      434233837294713152    23.0   25.0
 11 1376.875956 1.118E-27 1.449E-05.07580.352 1394.81420.720.002900          0 1 0          0 0 0  8  4  4        7  7  1      674223837260713049    17.0   15.0
 11 1376.894999 9.846E-31 2.229E-02.08290.413 4296.56340.680.000000          1 1 0          0 0 1  6  0  6        6  2  5      4333308387659336 0    13.0   13.0
 11 1376.931301 4.176E-29 6.333E-01.03720.265 4557.54630.37-.014440          1 0 0          0 1 0 11  7  4       12  8  5      434233837294713152    69.0   75.0
 11 1377.089977 1.300E-23 5.331E+00.09270.438 1922.90110.74-.002750          0 2 0          0 1 0  3  1  3        4  2  2      567623837233663159     7.0    9.0
 11 1377.106319 9.071E-30 2.209E-04.04620.265 3266.76440.560.004720          0 1 0          0 0 0 13  7  6       12 10  3      574233837260713049    81.0   75.0
 11 1377.257003 4.785E-30 3.946E+00.03440.281 5153.53450.28-.001840          1 1 0          1 0 0 11  1 11       11  2 10      434243837294713152    23.0   23.0
 11 1377.385785 1.414E-29 3.882E+00.03410.281 5153.18850.28-.001600          1 1 0          1 0 0 11  0 11       11  1 10      434243837294713152    69.0   69.0
 11 1377.426886 3.772E-31 4.228E-03.08510.425 4076.14330.670.000000          1 1 0          0 0 1  4  0  4        5  0  5      4333308387659336 0     9.0   11.0
 11 1377.509032 1.883E-26 1.622E+01.07130.352 3879.33620.590.002270          0 3 0          0 2 0  7  0  7        7  1  6      464423837294713159    45.0   45.0
 11 1377.566998 2.187E-29 3.726E+00.07730.333 4741.06700.65-.003190          0 1 1          0 0 1  7  2  5        8  3  6      434223837294713152    15.0   17.0
 11 1377.633021 5.531E-27 9.263E+00.01370.183 4201.8582-.01-.003350          0 1 0          0 0 0 18  3 16       18  4 15      474426837260713049   111.0  111.0
 11 1377.716148 1.132E-30 3.992E-04.04210.250 3831.17920.540.003750          0 1 0          0 0 0 14  8  7       13 11  2      472230837260713049    87.0   81.0
 11 1377.750436 2.716E-29 2.165E+01.03880.265 5389.55230.36-.006920          0 3 0          0 2 0 12  3 10       12  4  9      434233837294713152    75.0   75.0
 11 1377.790859 2.902E-29 3.187E+01.09140.391 5286.56290.74-.001160          0 4 0          0 3 0  5  2  3        5  3  2      434253837294713152    33.0   33.0
 11 1377.812863 3.777E-31 3.996E-04.03100.250 3831.17920.350.000000          0 1 0          0 0 0 14  8  6       13 11  3      4333308387659336 0    29.0   27.0
 11 1377.879789 5.753E-30 4.223E-02.08640.391 4256.24130.71-.006060          1 1 0          1 0 0  5  1  4        5  4  1      434223837294713152    33.0   33.0
 11 1377.979248 8.916E-22 6.742E+00.01930.281 1327.11760.21-.001950          0 1 0          0 0 0 10  0 10       11  1 11      575621837267713036    21.0   23.0
 11 1378.010057 2.893E-22 5.728E+00.02630.238 1525.13600.24-.008900          0 1 0          0 0 0 10  1  9       11  2 10      575526837257 13026    21.0   23.0
 11 1378.029626 2.674E-21 6.740E+00.01980.224 1327.11000.05-.002590          0 1 0          0 0 0 10  1 10       11  0 11      578621837233662736    63.0   69.0
 11 1378.106167 1.851E-27 9.279E+00.01330.183 4201.2514-.03-.001620          0 1 0          0 0 0 18  2 16       18  3 15      474223837260713049    37.0   37.0
 11 1378.337446 1.403E-24 8.865E+00.05010.315 2690.59370.44-.003600          0 2 0          0 1 0  9  1  9        9  2  8      564423837294713159    19.0   19.0
 11 1378.362976 3.421E-28 2.603E+01.05100.298 4644.21720.460.003320          0 3 0          0 2 0 10  1  9       10  2  8      434223837294713152    21.0   21.0
 11 1378.463040 1.008E-29 5.465E+00.04160.298 5027.55960.35-.004380          0 1 1          0 0 1  9  1  8       10  2  9      434233837294713152    19.0   21.0
 11 1378.469233 1.505E-26 2.277E+01.06650.352 3739.51880.54-.005370          0 3 0          0 2 0  6  0  6        7  1  7      464423837294713159    13.0   15.0
 11 1378.493078 3.889E-22 2.005E-01.08270.422  931.23710.62-.007660          0 1 0          0 0 0  7  1  6        7  4  3      778623837233662459    45.0   45.0
 11 1378.499954 1.289E-29 9.955E-02.06740.315 4399.54210.610.003380          0 3 0          0 2 0 10  1 10        9  2  7      434223837294713152    63.0   57.0
 11 1378.538267 2.430E-28 5.632E-04.08590.391 2406.14090.73-.002070          0 2 0          0 1 0  6  2  4        5  5  1      534233837294713152    13.0   11.0
 11 1378.542098 1.830E-25 6.913E+00.05690.298 3058.39840.520.011070          0 2 0          0 1 0  9  3  7       10  2  8      564423837294713159    19.0   21.0
 11 1378.772807 7.454E-28 6.696E+00.07220.391 4256.24130.61-.000860          1 1 0          1 0 0  4  3  2        5  4  1      434223837294713152    27.0   33.0
 11 1378.876227 1.027E-29 2.965E-09.07340.352  782.40980.650.000000          0 1 0          0 0 0  6  2  5        7  2  5     q5422308079917122 0    39.0   45.0
 11 1378.967070 3.973E-26 1.495E+01.03230.265 3587.66670.270.000980          0 2 0          0 1 0 12  1 11       12  2 10      564423837294713159    25.0   25.0
 11 1379.388499 1.932E-29 9.349E-02.07420.352 4033.61450.64-.005490          0 3 0          0 2 0  8  0  8        7  3  5      434233837294713152    17.0   15.0
 11 1379.414506 2.379E-28 1.921E+01.02280.221 4736.24170.16-.004890          0 2 0          0 1 0 15  3 13       15  4 12      434233837294713152    31.0   31.0
 11 1379.580460 8.650E-22 5.714E+00.04950.281 1524.84790.24-.004900          0 1 0          0 0 0 10  2  9       11  1 10      574426837257713026    63.0   69.0
 11 1379.581655 8.056E-22 4.400E+00.05380.315 1216.23130.63-.004200          0 1 0          0 0 0  8  2  6        9  3  7      674426837257713026    17.0   19.0
 11 1379.745211 2.894E-22 5.821E-02.09850.452  285.21930.64-.007630          0 1 0          0 0 0  2  0  2        3  3  1      578523837233662759     5.0    7.0
 11 1380.231601 2.181E-22 1.052E-01.09000.445  661.54890.73-.001890          0 1 0          0 0 0  6  0  6        6  3  3      778623837233662759    13.0   13.0
 11 1380.246950 3.014E-29 5.453E+00.04070.298 5027.25670.34-.000270          0 1 1          0 0 1  9  2  8       10  1  9      434243837294713152    57.0   63.0
 11 1380.307859 6.928E-30 2.005E-08.07340.352 1059.64670.650.000000          0 1 0          0 0 0  7  3  5        7  5  3     q5422308079917122 0    15.0   15.0
 11 1380.600123 1.309E-25 4.249E-04.07990.333 1131.77560.700.000000          0 1 0          0 0 0  9  1  9        8  4  4      574423837260713059    19.0   17.0
 11 1380.623890 4.282E-24 8.939E+00.04500.267 2688.07990.440.001600          0 2 0          0 1 0  9  0  9        9  1  8      566721837274 13129    57.0   57.0
 11 1380.695755 2.316E-28 9.662E+00.07220.391 4345.55910.61-.000860          0 1 1          0 0 1  4  3  2        5  4  1      434243837294713152     9.0   11.0
 11 1380.759693 6.277E-29 1.872E+01.09810.456 4855.29940.74-.004500          0 4 0          0 3 0  2  1  2        2  2  1      434233837294713152    15.0   15.0
 11 1381.193231 2.844E-29 6.618E+00.03880.298 4852.75530.30-.001510          0 1 1          0 0 1  9  0  9       10  1 10      434233837294713152    19.0   21.0
 11 1381.255887 8.530E-29 6.617E+00.03870.298 4852.74920.30-.001420          0 1 1          0 0 1  9  1  9       10  0 10      434233837294713152    57.0   63.0
 11 1381.359519 3.138E-30 8.774E+00.02670.250 5662.47530.20-.017250          0 3 0          1 0 0 13  2 11       13  1 12      432230837294713152    81.0   81.0
 11 1381.461103 4.175E-29 1.876E+00.08970.371 4401.94190.73-.012100          0 1 1          1 0 0  5  2  3        6  4  2      434233837294713152    11.0   13.0
 11 1381.510918 5.295E-29 5.876E+00.04160.298 4926.34690.35-.004380          1 1 0          1 0 0  9  1  8       10  2  9      434233837294713152    57.0   63.0
 11 1381.531327 8.929E-24 2.730E+00.05810.326 2105.86790.530.015230          0 1 0          0 0 0 11  4  8       12  3  9      577623837233663059    23.0   25.0
 11 1381.626775 6.285E-25 8.029E-02.09690.434 1907.61580.74-.007150          0 2 0          0 1 0  3  0  3        3  3  0      564423307294713159    21.0   21.0
 11 1381.743190 3.059E-30 1.169E-02.10060.412 4027.80400.75-.006670          1 1 0          0 0 1  3  1  2        4  1  3      432230837294713152    21.0   27.0
 11 1381.763675 2.829E-23 1.749E+01.08180.383 2005.91700.70-.003100          0 2 0          0 1 0  3  2  2        4  3  1      567623837233663159     7.0    9.0
 11 1381.943836 2.810E-28 7.665E+00.07580.391 4257.78670.650.002650          1 1 0          1 0 0  4  3  1        5  4  2      434223837294713152     9.0   11.0
 11 1382.010179 6.313E-28 2.112E-02.04820.281 3314.85560.470.001600          0 2 0          0 1 0 12  1 12       11  2  9      534223837294713152    75.0   69.0
 11 1382.062002 2.908E-22 4.316E+00.04550.289 1690.66440.400.010260          0 1 0          0 0 0 10  3  8       11  2  9      5784218372336627 6    63.0   69.0
 11 1382.098474 5.695E-31 1.746E-01.04790.237 4981.46930.430.000000          1 0 0          0 1 0 13  6  8       14  7  7      4333308387659336 0    27.0   29.0
 11 1382.138423 1.070E-29 3.905E+00.05690.298 5171.05990.520.009490          0 1 1          0 0 1  9  3  7       10  2  8      434243837294713152    57.0   63.0
 11 1382.277604 8.593E-29 2.832E+01.08450.391 4996.28420.67-.001330          0 4 0          0 3 0  4  1  4        5  0  5      434243837294713152    27.0   33.0
 11 1382.298741 6.990E-28 9.729E+00.07580.391 4345.27190.650.002650          0 1 1          0 0 1  4  3  1        5  4  2      534223837294713152    27.0   33.0
 11 1382.309624 7.626E-29 2.546E-02.04670.265 3770.87890.45-.028370          1 0 0          0 1 0 11  1 10       12  4  9      534233837294713152    69.0   75.0
 11 1382.423205 4.852E-24 1.449E+01.03500.273 2512.37570.39-.003170          0 2 0          0 1 0  8  0  8        9  1  9      566721837274 13129    17.0   19.0
 11 1382.864428 3.560E-29 7.308E-05.05050.281 2740.42090.570.004430          0 1 0          0 0 0 12  6  7       11  9  2      574233837260713049    75.0   69.0
 11 1382.970039 1.454E-23 1.448E+01.03360.279 2512.28290.38-.002690          0 2 0          0 1 0  8  1  8        9  0  9      567623837233663159    51.0   57.0
 11 1382.991430 4.477E-26 2.263E+01.06550.352 3738.60920.54-.002100          0 3 0          0 2 0  6  1  6        7  0  7      464423837294713159    39.0   45.0
 11 1383.113510 3.117E-29 1.517E-08.07810.371  888.59880.670.000000          0 1 0          0 0 0  6  3  4        6  5  2     q5422308079917122 0    39.0   39.0
 11 1383.128082 9.399E-29 4.701E+00.08450.352 4457.81870.70-.000600          1 1 0          1 0 0  6  2  4        7  3  5      434223837294713152    13.0   15.0
 11 1383.203862 1.513E-30 5.253E-03.04660.250 4074.03860.500.005680          0 1 0          0 1 0 14  9  5       13  4 10      432230837294713152    29.0   27.0
 11 1383.376594 7.304E-30 1.434E-01.08450.371 4491.36980.71-.006880          0 1 1          0 0 1  6  1  5        6  4  2      434243837294713152    39.0   39.0
 11 1383.434600 1.935E-30 1.502E-02.09020.412 4224.85090.73-.005560          0 1 1          0 0 1  4  1  3        4  4  0      532230837294713152    27.0   27.0
 11 1383.445263 1.343E-28 1.602E+00.02510.298 4240.94210.24-.013430          1 0 0          0 1 0  9  8  2       10  9  1      434233837294713152    19.0   21.0
 11 1383.445322 4.030E-28 1.603E+00.02510.298 4240.94210.24-.013420          1 0 0          0 1 0  9  8  1       10  9  2      434223837294713152    57.0   63.0
 11 1383.522833 8.160E-30 1.514E-02.04410.235 4184.83120.500.011930          0 1 0          0 1 0 15  8  7       14  3 12      434233837294713152    93.0   87.0
 11 1383.653448 4.668E-24 1.094E+01.04440.259 2688.07990.430.003410          0 2 0          0 1 0  8  2  7        9  1  8      566820837274 13129    51.0   57.0
 11 1383.681156 4.655E-29 3.536E+01.09950.434 4820.76260.75-.005400          0 4 0          0 3 0  2  0  2        3  1  3      434243837294713152     5.0    7.0
 11 1383.795716 3.935E-30 4.194E-09.06460.315 1079.07960.600.000000          0 1 0          0 0 0  7  3  4        9  1  8     q5422308079917122 0    45.0   57.0
 11 1383.868393 3.518E-28 6.960E-03.08240.333 3101.12380.72-.001460          1 0 0          0 1 0  7  3  4        8  6  3      534223837294713152    45.0   51.0
 11 1384.170400 1.069E-23 1.112E+01.06460.342 2495.16580.55-.009070          0 2 0          0 1 0  7  1  6        8  2  7      567623837233663159    45.0   51.0
 11 1384.330891 1.749E-29 5.831E+00.04070.298 4925.78680.34-.000270          1 1 0          1 0 0  9  2  8       10  1  9      434243837294713152    19.0   21.0
 11 1384.332984 1.491E-28 7.064E+00.03880.298 4750.38770.30-.001510          1 1 0          1 0 0  9  0  9       10  1 10      434233837294713152    57.0   63.0
 11 1384.334719 9.696E-30 8.222E-09.08330.391  742.07300.690.000000          0 1 0          0 0 0  5  3  3        5  5  1     q5422308079917122 0    11.0   11.0
 11 1384.485429 4.967E-29 7.060E+00.03870.298 4750.36220.30-.001420          1 1 0          1 0 0  9  1  9       10  0 10      434233837294713152    19.0   21.0
 11 1384.526563 6.475E-30 3.774E+01.08920.371 5436.27750.73-.002950          0 4 0          0 3 0  6  2  4        6  3  3      434263837294713152    13.0   13.0
 11 1384.851053 2.161E-27 5.949E-03.05530.221 2631.28350.610.014410          0 0 0          0 0 0 16  7  9       15  2 14      534423837260713049    33.0   31.0
 11 1384.918110 3.317E-28 7.041E-03.07410.315 3141.04600.67-.025290          1 0 0          0 1 0  8  2  7        9  5  4      534223837294713152    51.0   57.0
 11 1385.036071 1.622E-30 2.464E-02.06620.265 4329.49580.640.012590          0 0 1          0 1 0 11  5  6       12  7  5      432230837294713152    23.0   25.0
 11 1385.156112 2.480E-30 2.530E-01.04730.235 4980.22310.450.005470          1 0 0          0 1 0 13  6  7       14  7  8      432230837294713152    81.0   87.0
 11 1385.178181 1.122E-29 6.933E-05.05230.281 2740.42080.580.006950          0 1 0          0 0 0 12  6  6       11  9  3      574233837260713049    25.0   23.0
 11 1385.239197 2.729E-28 7.137E+00.08690.391 4248.15250.71-.004100          0 1 1          0 0 1  4  2  3        5  3  2      434223837294713152     9.0   11.0
 11 1385.289277 7.530E-28 1.966E+01.02480.221 4728.22120.190.000400          0 2 0          0 1 0 15  2 13       15  3 12      434223837294713152    93.0   93.0
 11 1385.429804 3.182E-26 1.595E+01.07650.371 3736.17080.63-.003500          0 3 0          0 2 0  6  1  6        6  2  5      464423837294713159    39.0   39.0
 11 1386.023174 2.095E-30 4.879E-02.07180.371 4491.36980.62-.018360          1 1 0          0 0 1  5  4  1        6  4  2      432230837294713152    33.0   39.0
 11 1386.062113 4.407E-29 2.918E+01.04580.281 5105.72970.42-.008050          0 3 0          0 2 0 11  3  9       11  4  8      434233837294713152    23.0   23.0
 11 1386.062730 1.277E-28 3.400E+00.08450.352 4553.27350.70-.000600          0 1 1          0 0 1  6  2  4        7  3  5      434223837294713152    39.0   45.0
 11 1386.088177 2.992E-27 1.986E-03.02880.235 2551.48350.29-.003210          0 1 0          0 0 0 15  0 15       14  3 12      574426837260713049    93.0   87.0
 11 1386.356615 1.877E-30 6.459E-02.08640.391 4345.55910.71-.006060          0 1 1          0 0 1  5  1  4        5  4  1      432230837294713152    11.0   11.0
 11 1386.476596 5.966E-21 4.477E+00.07670.392 1006.11590.65-.001060          0 1 0          0 0 0  7  2  5        8  3  6      578521837233662736    45.0   51.0
 11 1386.690419 1.017E-27 2.021E-03.02840.235 2550.88250.28-.002030          0 1 0          0 0 0 15  1 15       14  2 12      474426837260713049    31.0   29.0
 11 1387.186147 1.268E-30 2.278E+01.01850.183 6108.28080.10-.004330          0 2 0          0 1 0 18  4 15       18  5 14      432230837294713152   111.0  111.0
 11 1387.335503 4.094E-23 1.240E-02.09100.412  488.13420.73-.004300          0 1 0          0 0 0  4  1  3        4  4  0      574423837260713059     9.0    9.0
 11 1387.384136 4.209E-27 2.367E-04.07060.281 1998.99530.69-.010520          0 1 0          0 0 0 12  2 11       11  5  6      574426837260713049    75.0   69.0
 11 1387.476390 4.775E-28 4.232E-03.07430.352 2905.43350.66-.007330          1 0 0          0 1 0  6  3  4        7  6  1      534223837294713152    39.0   45.0
 11 1387.512358 1.073E-29 7.749E-01.04770.183 4735.84490.45-.000070          0 1 0          0 0 0 17  7 11       18  6 12      474233837260713049    35.0   37.0
 11 1387.522878 4.272E-20 1.483E+01.05050.391  742.07630.540.000780          0 1 0          0 0 0  4  4  1        5  5  0      578420837233712736    27.0   33.0
 11 1387.545600 1.424E-20 1.483E+01.05020.391  742.07300.640.001300          0 1 0          0 0 0  4  4  0        5  5  1      778420837233712736     9.0   11.0
 11 1387.573116 1.514E-27 1.959E-04.05630.265 1960.20740.610.007480          0 0 0          0 0 0 13  9  5       12  2 10      534423837260713049    27.0   25.0
 11 1387.673198 1.394E-30 1.130E+01.00810.161 5749.2423-.300.000000          0 1 0          0 0 0 21  4 18       21  5 17      3333308387659336 0    43.0   43.0
 11 1387.725405 8.551E-28 4.732E+00.08690.391 4153.93810.71-.004100          1 1 0          1 0 0  4  2  3        5  3  2      434223837294713152    27.0   33.0
 11 1387.913624 7.897E-31 1.753E+00.04480.208 5415.48850.380.000000          0 2 0          0 1 0 15  6 10       16  5 11      4333308387659336 0    31.0   33.0
 11 1387.933673 8.829E-23 1.826E+01.08430.438 2004.81570.740.000770          0 2 0          0 1 0  3  2  1        4  3  2      568623837233662759    21.0   27.0
 11 1388.296510 1.441E-28 1.539E-03.08400.315 2998.76630.71-.014630          1 0 0          0 1 0  8  1  8        9  4  5      534233837294713152    51.0   57.0
 11 1388.348339 9.710E-24 6.913E+00.01860.167 2551.48350.17-.005160          0 1 0          0 0 0 14  2 13       14  3 12      577623837233662459    87.0   87.0
 11 1388.418021 2.891E-29 8.220E-09.08330.391  742.07630.690.000000          0 1 0          0 0 0  5  3  2        5  5  0     q5422308079917122 0    33.0   33.0
 11 1388.456648 4.246E-30 1.142E+01.01200.150 5748.1210-.04-.002850          0 1 0          0 0 0 21  3 18       21  4 17      344233833260713049   129.0  129.0
 11 1388.473631 5.043E-30 2.344E-02.09810.412 4066.12260.75-.006780          1 1 0          0 0 1  3  2  1        4  2  2      434233837294713152    21.0   27.0
 11 1388.483516 1.699E-22 1.324E-01.08410.424  757.78020.75-.006780          0 1 0          0 0 0  6  1  5        6  4  2      578523837233662759    13.0   13.0
 11 1388.864013 3.250E-24 6.927E+00.01860.168 2550.88250.10-.003110          0 1 0          0 0 0 14  1 13       14  2 12      576621837274 13029    29.0   29.0
 11 1389.053440 9.004E-30 2.452E+01.06390.250 5654.78140.71-.004080          0 3 0          0 1 0 13  2 11       13 11  2      434233837294713152    81.0   81.0
 11 1389.285631 6.003E-30 4.045E+00.05690.298 5069.08830.520.009490          1 1 0          1 0 0  9  3  7       10  2  8      434243837294713152    19.0   21.0
 11 1389.360414 3.053E-30 1.466E-02.08740.391 4165.47380.69-.022520          1 1 0          0 0 1  5  0  5        5  2  4      432230837294713152    33.0   33.0
 11 1389.519272 3.428E-26 2.478E+01.09710.434 3387.68070.74-.000700          0 3 0          0 2 0  2  1  1        3  2  2      464423837294713159     5.0    7.0
 11 1389.556684 1.176E-30 4.212E-02.08660.371 4387.23480.71-.028000          1 1 0          0 0 1  6  1  5        6  3  4      432230837294713152    13.0   13.0
 11 1389.683406 5.834E-27 2.417E+01.06230.333 4224.58650.55-.007350          0 3 0          0 2 0  8  2  7        8  3  6      434426837294713152    51.0   51.0
 11 1389.754167 8.703E-30 1.672E-01.09050.352 4484.99220.73-.023920          0 1 1          1 0 0  6  1  5        7  3  4      434233837294713152    39.0   45.0
 11 1389.796847 5.052E-30 1.416E-08.06860.333 1050.15770.620.000000          0 1 0          0 0 0  7  3  5        8  3  5     q5422308079917122 0    15.0   17.0
 11 1389.896599 2.194E-28 1.711E-08.08870.412  382.51690.710.000000          0 1 0          0 0 0  3  1  2        4  3  2     q5422308079917122 0    21.0   27.0
 11 1390.521822 3.670E-22 5.517E-02.08790.429  610.34120.58-.005360          0 1 0          0 0 0  5  1  4        5  4  1      778623837233662459    33.0   33.0
 11 1390.549787 1.083E-29 4.350E+01.08820.352 5613.36930.73-.004210          0 4 0          0 3 0  7  2  5        7  3  4      434223837294713152    45.0   45.0
 11 1390.572055 7.210E-28 6.999E+00.07010.315 4399.54210.620.009620          0 3 0          0 2 0  8  3  6        9  2  7      434426837294713152    51.0   57.0
 11 1390.653472 1.965E-29 4.666E+01.08220.352 5505.21020.68-.001240          0 4 0          0 3 0  7  1  6        7  2  5      434263837294713152    45.0   45.0
 11 1390.709360 3.882E-28 3.348E+00.08070.391 4244.30470.66-.009260          1 1 0          0 0 1  4  3  2        5  3  3      434223837294713152    27.0   33.0
 11 1390.758306 2.169E-22 3.994E+00.02930.246 1525.13600.54-.002920          0 1 0          0 0 0 11  1 11       11  2 10      578323837233662759    23.0   23.0
 11 1390.796043 1.405E-29 2.174E-08.07340.352  927.74390.650.000000          0 1 0          0 0 0  7  2  6        7  4  4     q5422308079917122 0    15.0   15.0
 11 1390.869564 1.277E-28 2.965E-07.07440.315 1080.38540.710.002270          0 0 0          0 0 0 10  9  1        9  2  8      532230837260713049    21.0   19.0
 11 1391.026437 6.520E-22 3.998E+00.02960.219 1524.84790.53-.003000          0 1 0          0 0 0 11  0 11       11  1 10      578523837233662759    69.0   69.0
 11 1391.132769 2.077E-29 5.551E-04.08040.352 2905.43060.69-.012060          0 0 1          0 1 0  6  2  5        7  6  2      534233837294713152    13.0   15.0
 11 1391.232105 2.833E-29 1.973E-02.09460.434 3500.51070.73-.005230          0 3 0          0 2 0  4  0  4        3  3  1      434233837294713152     9.0    7.0
 11 1391.578056 6.542E-30 1.727E-01.08770.391 4248.15250.71-.009710          1 1 0          0 0 1  4  3  1        5  3  2      434233837294713152     9.0   11.0
 11 1391.587071 5.300E-28 2.351E-02.03540.208 3439.30680.400.011110          0 0 0          0 0 0 17  9  8       16  4 13      434423837260713049   105.0   99.0
 11 1391.642904 2.947E-28 2.012E-08.09400.434  285.41860.730.000000          0 1 0          0 0 0  2  1  2        3  3  0     q5422308079917122 0    15.0   21.0
 11 1391.879188 1.207E-28 9.897E-02.08000.371 3864.96610.67-.005100          0 3 0          0 2 0  7  0  7        6  3  4      434233837294713152    45.0   39.0
 11 1392.632365 1.635E-27 5.025E-05.06570.333 1590.69070.650.000240          0 1 0          0 0 0  9  4  6        8  7  1      674223837260713049    19.0   17.0
 11 1392.680591 8.739E-29 1.382E-03.07600.333 3101.12380.680.000730          0 2 0          0 1 0  9  3  6        8  6  3      534233837294713152    57.0   51.0
 11 1392.941127 1.136E-26 9.273E+00.01610.195 3812.04690.04-.001700          0 1 0          0 0 0 17  3 15       17  4 14      474423837260713059    35.0   35.0
 11 1393.109731 1.297E-25 1.498E+01.03790.281 3323.26980.34-.006730          0 2 0          0 1 0 11  2 10       11  3  9      564423837294713159    23.0   23.0
 11 1393.270166 5.940E-28 5.328E+00.08840.371 4292.90990.72-.000240          1 1 0          1 0 0  5  2  3        6  3  4      434223837294713152    33.0   39.0
 11 1393.373451 1.941E-30 5.180E+01.08130.315 6050.75230.70-.005410          0 4 0          0 3 0  9  2  7        9  3  6      432230837294713152    57.0   57.0
 11 1393.443052 1.884E-30 2.326E+00.06770.281 5439.05630.620.012160          1 1 0          1 0 0 10  4  7       11  3  8      432230837294713152    63.0   69.0
 11 1393.677286 9.319E-29 1.238E-04.05790.265 2437.50190.64-.008220          0 0 0          0 0 0 13 11  3       12  6  6      534433837260713049    27.0   25.0
 11 1393.774662 8.712E-29 1.343E-08.07810.371  648.97870.670.000000          0 1 0          0 0 0  6  1  6        6  3  4     q5422308079917122 0    39.0   39.0
 11 1393.811811 3.434E-26 9.306E+00.01620.195 3810.93670.04-.005900          0 1 0          0 0 0 17  2 15       17  3 14      474423837260713059   105.0  105.0
 11 1393.869145 1.593E-29 2.031E-03.06910.250 3391.13080.690.009130          0 1 0          0 1 0 14  6  8       13  1 13      434233837294713152    29.0   27.0
 11 1393.941033 1.675E-30 4.847E+01.08600.333 5818.33080.72-.004360          0 4 0          0 3 0  8  2  6        8  3  5      432230837294713152    17.0   17.0
 11 1393.956989 1.032E-29 1.531E-08.07810.371  888.63270.670.000000          0 1 0          0 0 0  6  3  3        6  5  1     q5422308079917122 0    13.0   13.0
 11 1394.182915 2.555E-29 4.369E-02.07870.371 4015.51510.69-.007460          0 3 0          0 2 0  7  1  6        6  4  3      434243837294713152    45.0   39.0
 11 1394.303666 7.534E-29 5.614E+00.05230.315 4817.73570.45-.005930          0 1 1          0 0 1  8  1  7        9  2  8      434253837294713152    51.0   57.0
 11 1394.353057 2.576E-30 5.852E-02.08910.391 4257.78670.71-.023050          0 1 1          1 0 0  5  0  5        5  4  2      432230837294713152    11.0   11.0
 11 1394.381141 3.356E-27 1.888E+01.02760.235 4396.05140.23-.004980          0 2 0          0 1 0 14  3 12       14  4 11      434426837294713152    87.0   87.0
 11 1394.425289 7.500E-26 2.343E+01.07720.371 3601.85890.62-.005720          0 3 0          0 2 0  5  0  5        6  1  6      464423837294713159    33.0   39.0
 11 1394.445856 2.414E-21 5.852E+00.04180.241 1293.63410.34-.008590          0 1 0          0 0 0  9  1  8       10  2  9      774423837260 13059    57.0   63.0
 11 1394.474479 5.613E-20 1.037E+01.06820.391  610.34120.660.000120          0 1 0          0 0 0  4  3  2        5  4  1      577421837233712736    27.0   33.0
 11 1394.494521 9.888E-31 5.965E-02.05140.256 4643.38030.510.000000          1 0 0          0 1 0 13  4 10       13  7  7      4333308387659336 0    27.0   27.0
 11 1394.496378 4.581E-21 4.793E+00.08440.352  816.69420.70-.000500          0 1 0          0 0 0  6  2  4        7  3  5      774423837260713059    13.0   15.0
 11 1394.542572 7.103E-24 1.100E+01.07690.352 2318.53990.64-.005620          0 2 0          0 1 0  6  1  5        7  2  6      564423837294713159    13.0   15.0
 11 1394.604325 3.289E-30 7.031E+00.04420.265 5587.51870.41-.008620          0 3 0          0 2 0 12  4  9       12  5  8      432230837294713152    75.0   75.0
 11 1394.896120 2.550E-26 7.021E-05.07670.371 1045.05830.700.000000          0 1 0          0 0 0  7  3  5        6  6  0      774423837260713059    15.0   13.0
 11 1394.953519 3.547E-29 1.639E-03.06940.315 3321.01330.65-.021750          1 0 0          0 1 0  9  1  8        9  6  3      534233837294713152    57.0   57.0
 11 1395.061063 1.588E-30 4.776E-03.09660.412 3974.63100.73-.014740          1 1 0          0 0 1  3  0  3        4  0  4      432230837294713152    21.0   27.0
 11 1395.546775 4.235E-28 2.881E+01.05250.298 4842.13130.48-.008830          0 3 0          0 2 0 10  3  8       10  4  7      434223837294713152    63.0   63.0
 11 1395.802568 1.880E-20 1.043E+01.07380.359  610.11440.630.002910          0 1 0          0 0 0  4  3  1        5  4  2      578521837233662736     9.0   11.0
 11 1396.132404 2.827E-30 1.161E-02.05030.281 4038.35150.48-.006080          0 0 1          0 1 0 10  5  6       11  7  5      532230837294713152    21.0   23.0
 11 1396.160824 7.426E-30 3.736E+00.04180.298 5027.55960.36-.001980          0 1 1          0 0 1 10  1 10       10  2  9      434243837294713152    21.0   21.0
 11 1396.168242 7.659E-29 3.273E+00.08840.371 4387.23480.72-.000240          0 1 1          0 0 1  5  2  3        6  3  4      434223837294713152    11.0   13.0
 11 1396.203912 2.510E-30 2.122E+01.08680.434 5538.80210.70-.002720          1 2 0          1 1 0  2  2  1        3  3  0      432230837294713152    15.0   21.0
 11 1396.440848 1.313E-28 8.177E-03.03910.221 3269.53980.430.003730          0 0 0          0 0 0 16 10  6       15  5 11      434433837260713049    33.0   31.0
 11 1396.452734 2.239E-29 3.751E+00.04160.298 5027.25670.36-.001010          0 1 1          0 0 1 10  0 10       10  1  9      434243837294713152    63.0   63.0
 11 1396.784798 2.920E-28 2.692E+00.09030.391 4256.24130.73-.011000          0 1 1          1 0 0  4  2  2        5  4  1      534223837294713152    27.0   33.0
 11 1396.824813 9.946E-31 2.530E+01.09080.444 5539.25180.710.000000          1 2 0          1 1 0  2  2  0        3  3  1      4333308387659336 0     5.0    7.0
 11 1396.848565 4.628E-30 5.029E-04.04140.250 3583.37460.480.004630          0 1 0          0 0 0 14  7  8       13 10  3      574233837260713049    87.0   81.0
 11 1396.948520 4.306E-29 5.924E+00.05230.315 4717.10450.45-.005930          1 1 0          1 0 0  8  1  7        9  2  8      434253837294713152    17.0   19.0
 11 1397.007687 1.191E-30 3.191E+01.03900.250 5896.77300.36-.008920          0 3 0          0 2 0 13  4 10       13  5  9      432230837294713152    27.0   27.0
 11 1397.010970 2.390E-27 2.737E-02.05240.298 3072.72640.50-.004250          0 2 0          0 1 0 11  0 11       10  3  8      534426837294713152    69.0   63.0
 11 1397.128101 1.226E-26 1.253E+01.07280.352 3879.33620.610.007300          0 3 0          0 2 0  6  2  5        7  1  6      464423837294713159    39.0   45.0
 11 1397.378753 2.746E-28 1.201E-04.05450.265 2433.80040.62-.006320          0 0 0          0 0 0 13 11  2       12  6  7      534423837260713049    81.0   75.0
 11 1397.563595 3.870E-29 3.976E+00.04180.298 4926.34690.36-.001980          1 1 0          1 0 0 10  1 10       10  2  9      434243837294713152    63.0   63.0
 11 1397.575507 7.910E-22 5.761E+00.03510.254 1293.01810.350.000880          0 1 0          0 0 0  9  2  8       10  1  9      668521837333662736    19.0   21.0
 11 1397.578860 2.738E-28 7.628E-08.08330.391  416.20870.690.000000          0 1 0          0 0 0  3  2  2        5  2  4     q5422308079917122 0     7.0   11.0
 11 1397.732941 6.951E-21 7.089E+00.02670.293 1114.54990.11-.002380          0 1 0          0 0 0  9  0  9       10  1 10      577321837233662736    57.0   63.0
 11 1397.843462 2.316E-21 7.086E+00.02660.240 1114.53220.20-.002430          0 1 0          0 0 0  9  1  9       10  0 10      578621837233662736    19.0   21.0
 11 1398.019148 1.291E-29 3.971E+00.04160.298 4925.78680.36-.001010          1 1 0          1 0 0 10  0 10       10  1  9      434243837294713152    21.0   21.0
 11 1398.094806 1.518E-30 4.958E-04.04200.250 3583.37450.490.005940          0 1 0          0 0 0 14  7  7       13 10  4      472230837260713049    29.0   27.0
 11 1398.104170 2.090E-29 3.409E-03.04280.333 3530.95750.490.004250          0 0 1          0 1 0  7  6  2        8  8  1      534233837294713152    45.0   51.0
 11 1398.111319 6.968E-30 3.410E-03.04290.333 3530.95750.490.004320          0 0 1          0 1 0  7  6  1        8  8  0      534233837294713152    15.0   17.0
 11 1398.171615 2.480E-29 5.555E+00.05020.315 4816.99090.430.001040          0 1 1          0 0 1  8  2  7        9  1  8      434223837294713152    17.0   19.0
 11 1398.233104 4.675E-29 1.203E-08.07340.352  782.40980.650.000000          0 1 0          0 0 0  7  0  7        7  2  5     q5422308079917122 0    45.0   45.0
 11 1398.418117 1.827E-28 5.629E-02.08930.412 3597.86600.71-.004780          0 3 0          0 2 0  5  0  5        4  3  2      434233837294713152    33.0   27.0
 11 1398.495143 6.176E-29 8.725E-02.08490.391 3719.49290.69-.004800          0 3 0          0 2 0  6  0  6        5  3  3      434233837294713152    13.0   11.0
 11 1398.639901 2.572E-29 2.372E+01.09940.456 4856.21520.75-.002700          0 4 0          0 3 0  2  1  1        2  2  0      434243837294713152     5.0    5.0
 11 1398.728644 1.399E-28 4.469E+01.10240.456 4759.02360.75-.006790          0 4 0          0 3 0  1  0  1        2  1  2      434223837294713152     9.0   15.0
 11 1398.803725 2.097E-28 3.060E-08.08330.391  508.81210.690.000000          0 1 0          0 0 0  3  3  0        5  3  2     q5422308079917122 0    21.0   33.0
 11 1398.823213 4.168E-29 3.566E+01.09590.412 4961.68660.73-.000810          0 4 0          0 3 0  4  0  4        4  1  3      434223837294713152     9.0    9.0
 11 1398.891208 1.279E-30 8.399E-02.07790.333 4564.36660.68-.015780          1 1 0          0 2 0  8  0  8        8  5  3      432230837294713152    17.0   17.0
 11 1398.977448 1.778E-29 2.328E-01.09070.412 4050.05230.70-.007990          1 1 0          0 0 1  3  2  2        4  2  3      434233837294713152     7.0    9.0
 11 1399.204244 4.957E-20 5.629E+00.08790.391  508.81210.64-.003430          0 1 0          0 0 0  4  2  3        5  3  2      578421837233712736    27.0   33.0
 11 1399.365649 1.072E-26 7.105E-04.07050.235 2073.51570.700.008480          0 0 0          0 0 0 15  6  9       14  1 14      564426837260713049    93.0   87.0
 11 1399.523124 1.145E-29 1.053E-01.09350.412 3977.26160.72-.012850          1 1 0          0 0 1  3  1  3        4  1  4      434223837294713152     7.0    9.0
 11 1399.524265 5.214E-31 3.092E-02.05400.236 4638.35060.480.000000          1 0 0          0 1 0 13  4 10       14  5  9      4333308387659336 0    27.0   29.0
 11 1399.699305 4.069E-30 5.917E-09.06860.333  882.89030.620.000000          0 1 0          0 0 0  6  3  3        8  1  7     q5322308079917122 0    13.0   17.0
 11 1399.963353 4.118E-25 1.537E+01.04080.281 3314.85560.370.003200          0 2 0          0 1 0 11  1 10       11  2  9      564423837294713159    69.0   69.0
 11 1400.087064 9.805E-24 9.210E+00.05910.294 2495.16580.51-.002610          0 2 0          0 1 0  8  1  8        8  2  7      564623837294 13159    51.0   51.0
 11 1400.263566 3.962E-26 3.441E+01.10030.456 3317.21060.75-.005940          0 3 0          0 2 0  1  1  1        2  2  0      464423837294713159     3.0    5.0
 11 1400.303160 2.855E-30 2.283E+01.02130.195 5700.48200.14-.004530          0 2 0          0 1 0 17  4 14       17  5 13      432230837294713152    35.0   35.0
 11 1400.470653 1.977E-28 6.953E+00.04740.315 4661.44850.39-.001840          0 1 1          0 0 1  8  0  8        9  1  9      434233837294713152    51.0   57.0
 11 1400.613737 6.586E-29 6.949E+00.04710.315 4661.42650.38-.001700          0 1 1          0 0 1  8  1  8        9  0  9      434223837294713152    17.0   19.0
 11 1400.844924 1.390E-29 4.750E+01.08860.371 5321.65590.71-.002670          0 4 0          0 3 0  6  1  5        6  2  4      434223837294713152    13.0   13.0
 11 1400.891228 8.173E-29 4.641E-01.04330.235 4396.05140.48-.019430          0 0 1          0 1 0 14  0 14       14  4 11      434233837294713152    87.0   87.0
 11 1400.896132 2.824E-29 1.303E-01.09030.391 4153.93810.72-.005300          1 1 0          1 0 0  5  0  5        5  3  2      434253837294713152    33.0   33.0
 11 1400.942390 3.051E-23 1.512E+01.04430.326 2337.66680.15-.004430          0 2 0          0 1 0  7  0  7        8  1  8      568623837233662759    45.0   51.0
 11 1401.091771 4.609E-26 3.484E+00.06770.281 3441.03950.620.010570          0 2 0          0 1 0 10  4  7       11  3  8      564423837294713159    63.0   69.0
 11 1401.242453 1.107E-29 2.411E-09.08330.391  416.20870.690.000000          0 1 0          0 0 0  4  0  4        5  2  4     q5322308079917122 0     9.0   11.0
 11 1401.260962 3.564E-29 1.126E+01.01340.161 5294.0372-.01-.005020          0 1 0          0 0 0 20  4 17       20  5 16      474233837260713049   123.0  123.0
 11 1401.314875 1.428E-30 3.608E-01.02350.161 5031.7941-.080.000000          0 0 0          0 0 0 21  8 14       20  3 17      3333308387659336 0    43.0   41.0
 11 1401.578076 1.204E-27 1.788E-02.04130.208 3211.21260.480.015090          0 0 0          0 0 0 17  8  9       16  3 14      434423837260713049   105.0   99.0
 11 1401.796899 4.226E-27 2.393E+01.07090.352 4033.61450.61-.007260          0 3 0          0 2 0  7  2  6        7  3  5      434426837294713152    15.0   15.0
 11 1402.010746 3.150E-27 2.781E+01.06310.315 4399.54210.560.004300          0 3 0          0 2 0  9  1  8        9  2  7      434426837294713152    57.0   57.0
 11 1402.055519 1.015E-23 1.510E+01.04380.317 2337.46330.47-.002560          0 2 0          0 1 0  7  1  7        8  0  8      567623837233663159    15.0   17.0
 11 1402.110234 2.285E-29 3.995E+00.06770.281 5034.38790.620.012160          0 3 0          0 2 0 10  4  7       11  3  8      434243837294713152    63.0   69.0
 11 1402.343406 1.272E-28 5.846E+00.05020.315 4715.96680.430.001040          1 1 0          1 0 0  8  2  7        9  1  8      434223837294713152    51.0   57.0
 11 1402.416134 4.151E-30 1.130E+01.08290.371 5240.06960.680.004000          0 4 0          0 3 0  5  2  4        6  1  5      434223837294713152    11.0   13.0
 11 1402.514662 1.677E-29 9.720E-03.05340.235 3939.83180.590.013570          0 1 0          0 1 0 15  7  8       14  2 13      434233837294713152    93.0   87.0
 11 1402.516283 2.450E-26 2.302E+01.07470.371 3600.05240.60-.002500          0 3 0          0 2 0  5  1  5        6  0  6      464423837294713159    11.0   13.0
 11 1402.633674 8.178E-30 1.701E+01.04030.265 5579.48930.37-.006550          0 3 0          1 0 0 12  4  9       12  3 10      434233837294713152    75.0   75.0
 11 1402.640284 1.203E-29 1.132E+01.01430.161 5292.10220.02-.002240          0 1 0          0 0 0 20  3 17       20  4 16      474233837260713049    41.0   41.0
 11 1402.689505 8.119E-29 1.353E+00.09090.391 4150.28730.72-.024020          0 1 1          1 0 0  4  1  4        5  3  3      434233837294713152     9.0   11.0
 11 1402.780668 1.141E-28 3.101E-03.08230.352 2905.43060.72-.002110          1 0 0          0 1 0  6  3  3        7  6  2      534233837294713152    13.0   15.0
 11 1402.953521 3.951E-28 2.783E+01.05950.315 4600.49730.54-.008690          0 3 0          0 2 0  9  3  7        9  4  6      434223837294713152    19.0   19.0
 11 1403.039847 2.103E-29 2.098E-08.07340.352 1059.83550.650.000000          0 1 0          0 0 0  7  3  4        7  5  2     q5422308079917122 0    45.0   45.0
 11 1403.462212 2.678E-22 3.979E+00.05940.351 1437.96860.600.012000          0 1 0          0 0 0  9  3  7       10  2  8      678423837233662759    19.0   21.0
 11 1403.483315 7.682E-29 3.307E-08.08330.391  503.96810.690.000000          0 1 0          0 0 0  3  3  1        5  3  3     q5422308079917122 0     7.0   11.0
 11 1403.505817 1.139E-28 7.362E+00.04740.315 4559.75200.39-.001840          1 1 0          1 0 0  8  0  8        9  1  9      434233837294713152    17.0   19.0
 11 1403.622230 1.073E-28 3.417E+01.09800.434 4931.27160.75-.003490          0 4 0          0 3 0  3  1  2        3  2  1      434223837294713152    21.0   21.0
 11 1403.694425 1.138E-29 1.575E-02.06300.281 4038.40340.610.008100          0 0 1          0 1 0 10  5  5       11  7  4      534233837294713152    63.0   69.0
 11 1403.784488 9.213E-28 6.118E+00.06940.412 4135.01760.610.001350          1 1 0          1 0 0  3  3  0        4  4  1      434223837294713152    21.0   27.0
 11 1403.811562 3.430E-28 7.391E+00.04710.315 4559.70760.38-.001700          1 1 0          1 0 0  8  1  8        9  0  9      434223837294713152    51.0   57.0
 11 1403.813681 3.348E-24 1.050E+01.06090.316 2490.35410.520.005760          0 2 0          0 1 0  7  2  6        8  1  7      564623837294 13159    15.0   17.0
 11 1403.987277 3.400E-30 7.473E-02.09030.391 4248.15250.72-.005300          0 1 1          0 0 1  5  0  5        5  3  2      432230837294713152    11.0   11.0
 11 1404.052748 1.779E-26 1.663E+01.08400.391 3598.51590.67-.003790          0 3 0          0 2 0  5  1  5        5  2  4      464423837294713159    11.0   11.0
 11 1404.072838 1.240E-27 1.989E+01.03190.235 4382.77980.290.002240          0 2 0          0 1 0 14  2 12       14  3 11      434223837294713152    29.0   29.0
 11 1404.168625 3.842E-23 1.107E+01.08130.434 2161.28600.46-.004790          0 2 0          0 1 0  5  1  4        6  2  5      568623837233662759    33.0   39.0
 11 1404.444806 3.379E-24 9.360E+00.06030.314 2490.35410.510.002430          0 2 0          0 1 0  8  0  8        8  1  7      564623837294 13159    17.0   17.0
 11 1404.453450 5.014E-28 9.988E+00.06910.412 4134.79840.610.000110          1 1 0          1 0 0  3  3  1        4  4  0      434223837294713152     7.0    9.0
 11 1404.462129 9.055E-30 3.440E-08.06460.315 1360.23530.600.000000          0 1 0          0 0 0  8  4  5        9  4  5     q5422308079917122 0    51.0   57.0
 11 1404.561273 8.045E-29 2.127E-08.07810.371  756.72480.670.000000          0 1 0          0 0 0  6  2  5        6  4  3     q5422308079917122 0    39.0   39.0
 11 1404.638972 1.684E-28 7.054E-01.03710.281 4265.97630.37-.010360          1 0 0          0 1 0 10  7  4       11  8  3      434233837294713152    63.0   69.0
 11 1404.655513 5.614E-29 7.055E-01.03710.281 4265.97440.37-.010310          1 0 0          0 1 0 10  7  3       11  8  4      434233837294713152    21.0   23.0
 11 1404.709384 6.986E-30 1.702E-04.04580.265 3032.69040.510.004280          0 1 0          0 0 0 13  6  8       12  9  3      474233837260713049    27.0   25.0
 11 1404.744397 8.256E-30 3.390E+00.07010.315 4939.79420.620.009620          0 1 1          0 0 1  8  3  6        9  2  7      434253837294713152    17.0   19.0
 11 1404.760143 4.184E-31 1.544E+01.06880.362 5809.97470.610.000000          1 2 0          1 1 0  6  0  6        7  1  7      4333308387659336 0    13.0   15.0
 11 1404.905557 1.296E-26 1.791E+01.08210.371 3713.08250.670.002200          0 3 0          0 2 0  6  0  6        6  1  5      464423837294713159    13.0   13.0
 11 1404.989969 2.961E-20 5.483E+00.08780.451  648.97870.730.000460          0 1 0          0 0 0  5  2  3        6  3  4      578521837233662736    33.0   39.0
 11 1405.092225 1.290E-27 1.328E+01.06910.412 4224.85090.610.000110          0 1 1          0 0 1  3  3  1        4  4  0      534223837294713152    21.0   27.0
 11 1405.148276 1.144E-30 1.162E-02.10380.434 3926.86220.75-.005170          1 1 0          0 0 1  2  1  1        3  1  2      432230837294713152     5.0    7.0
 11 1405.160818 9.745E-30 2.277E-08.06460.315 1282.91910.600.000000          0 1 0          0 0 0  9  1  8        9  3  6     q5422308079917122 0    57.0   57.0
 11 1405.179869 6.468E-31 1.447E-01.04790.219 4938.25370.440.000000          0 0 1          0 1 0 15  1 14       15  5 11      4333308387659336 0    31.0   31.0
 11 1405.207310 5.181E-28 5.785E-02.04240.183 3647.46130.50-.003910          0 0 0          0 0 0 19  5 14       18  2 17      434226837260713049   117.0  111.0
 11 1405.325763 4.302E-28 1.329E+01.06940.412 4224.81680.610.001350          0 1 1          0 0 1  3  3  0        4  4  1      534223837294713152     7.0    9.0
 11 1405.387418 3.463E-31 9.383E+00.09080.444 5549.70140.710.000000          0 2 1          0 1 1  2  1  2        3  2  1      4333308387659336 0     5.0    7.0
 11 1405.450704 3.088E-28 6.958E-01.06110.250 4174.03860.56-.005000          1 0 0          0 1 0 12  3 10       13  4  9      434223837294713152    75.0   81.0
 11 1405.620201 3.515E-30 7.627E-07.06360.298 2254.28380.650.009410          0 1 0          0 0 0 11  5  6       10  8  3      572230837260713049    69.0   63.0
 11 1405.735706 3.334E-29 2.636E+01.09240.412 4891.74280.72-.000830          0 4 0          0 3 0  3  1  3        4  0  4      434223837294713152     7.0    9.0
 11 1405.855600 1.655E-29 3.181E+01.05130.265 5336.32710.480.004220          0 3 0          0 2 0 12  2 10       12  3  9      434233837294713152    25.0   25.0
 11 1405.977933 1.207E-29 2.671E-01.04230.250 4643.87080.40-.013050          1 0 0          0 1 0 12  6  7       13  7  6      434233837294713152    75.0   81.0
 11 1406.035721 7.286E-29 4.593E+01.09340.391 5164.03120.73-.003730          0 4 0          0 3 0  5  1  4        5  2  3      434223837294713152    33.0   33.0
 11 1406.081620 1.036E-30 3.076E-05.06100.235 3101.44100.65-.016730          0 1 0          0 0 0 15  3 13       14  6  8      572230837260713049    31.0   29.0
 11 1406.150525 1.297E-23 6.983E+00.02310.197 2248.0645-.03-.005120          0 1 0          0 0 0 13  2 12       13  3 11      577623837233662459    27.0   27.0
 11 1406.188398 1.266E-24 5.773E+00.07010.377 2818.39810.620.007870          0 2 0          0 1 0  8  3  6        9  2  7      564823837294 13159    51.0   57.0
 11 1406.311854 1.736E-29 2.951E+01.04940.281 5293.79080.46-.007990          0 3 0          0 2 0 11  4  8       11  5  7      434233837294713152    23.0   23.0
 11 1406.400772 6.014E-30 4.894E-10.09400.434  212.15640.730.000000          0 1 0          0 0 0  1  0  1        3  2  1     q5322308079917122 0     9.0   21.0
 11 1406.429657 1.724E-24 8.161E-04.08050.397  931.23710.690.000000          0 1 0          0 0 0  8  1  8        7  4  3      774723837260 13059    51.0   45.0
 11 1406.548816 2.123E-27 1.284E-07.08330.391  325.34790.690.000000          0 1 0          0 0 0  3  0  3        5  0  5     q5422308079917122 0    21.0   33.0
 11 1406.645458 3.376E-29 4.145E+01.09650.412 5033.70950.74-.003830          0 4 0          0 3 0  4  1  3        4  2  2      434243837294713152     9.0    9.0
 11 1406.726251 1.819E-24 1.415E+00.06170.335 2533.79320.56-.004300          0 1 0          0 0 0 12  5  8       13  4  9      574823837260 13059    75.0   81.0
 11 1407.021857 4.473E-28 2.135E+00.09720.412 4066.12260.74-.004830          0 1 1          0 0 1  3  1  3        4  2  2      534223837294713152    21.0   27.0
 11 1407.164032 3.920E-23 7.005E+00.02350.196 2246.88480.35-.001210          0 1 0          0 0 0 13  1 12       13  2 11      578523837233662759    81.0   81.0
 11 1407.399709 1.334E-25 3.881E+01.09880.456 3316.14530.75-.001120          0 3 0          0 2 0  1  1  0        2  2  1      464423837294713159     9.0   15.0
 11 1407.418297 7.434E-27 3.733E-03.03350.250 2248.06450.34-.003190          0 1 0          0 0 0 14  0 14       13  3 11      574426837260713049    29.0   27.0
 11 1407.564078 3.109E-28 5.217E+00.09000.391 4150.28730.730.000050          1 1 0          1 0 0  4  2  2        5  3  3      434223837294713152     9.0   11.0
 11 1407.715230 2.237E-27 1.912E-06.07160.298 1114.54990.690.003220          0 0 0          0 0 0 11  8  3       10  1 10      534423837260713049    69.0   63.0
 11 1407.892271 4.430E-30 2.942E-01.04500.250 4643.38030.42-.001050          1 0 0          0 1 0 12  6  6       13  7  7      434233837294713152    25.0   27.0
 11 1407.955824 1.858E-29 1.708E-01.05020.250 4252.44820.53-.030890          1 0 0          0 1 0 13  2 12       13  5  9      434233837294713152    27.0   27.0
 11 1408.076277 6.889E-27 7.215E-05.07520.333 1590.69010.720.004460          0 1 0          0 0 0  9  4  5        8  7  2      674426837260713049    57.0   51.0
 11 1408.162440 5.555E-29 1.644E-01.03040.172 4331.06670.370.008490          0 0 0          0 0 0 20  7 14       19  2 17      434233837260713049   123.0  117.0
 11 1408.315306 1.932E-25 9.310E+00.01900.208 3439.30680.09-.003800          0 1 0          0 0 0 16  3 14       16  4 13      474423837260713059    99.0   99.0
 11 1408.378820 2.884E-27 2.633E+01.06550.333 4381.73540.58-.007160          0 3 0          0 2 0  8  3  6        8  4  5      434426837294713152    51.0   51.0
 11 1408.430608 1.145E-28 2.399E-08.09400.434  285.21930.730.000000          0 1 0          0 0 0  2  1  1        3  3  1     q5422308079917122 0     5.0    7.0
 11 1408.489789 1.880E-30 6.531E+00.03230.265 5683.33260.270.000680          0 1 1          0 0 1 12  1 11       12  2 10      432230837294713152    75.0   75.0
 11 1408.529531 1.435E-22 2.667E+01.08010.399 1907.61570.71-.001870          0 2 0          0 1 0  2  2  1        3  3  0      568423837233662759    15.0   21.0
 11 1408.600314 2.270E-26 3.785E-03.03350.250 2246.88480.34-.000800          0 1 0          0 0 0 14  1 14       13  2 11      564423837360713059    87.0   81.0
 11 1408.721351 4.185E-28 3.703E+00.09000.391 4244.30470.730.000050          0 1 1          0 0 1  4  2  2        5  3  3      534223837294713152    27.0   33.0
 11 1408.830665 1.379E-30 2.051E+00.07860.298 5246.80010.69-.011850          0 3 0          1 0 0 10  5  5       10  4  6      432230837294713152    21.0   21.0
 11 1408.870326 8.168E-31 5.469E-09.06630.308 1293.01810.550.000000          0 0 0          0 0 0 10 10  0       10  1  9      5333308387659336 0    21.0   21.0
 11 1409.052425 5.490E-29 5.591E+00.06490.333 4625.93690.55-.007830          0 1 1          0 0 1  7  1  6        8  2  7      434223837294713152    15.0   17.0
 11 1409.056709 6.570E-30 1.434E+01.05540.265 5587.51870.56-.032040          1 1 0          0 2 0 12  2 11       12  5  8      434233837294713152    75.0   75.0
 11 1409.086138 5.021E-27 1.943E+01.03280.250 4074.03860.29-.005750          0 2 0          0 1 0 13  3 11       13  4 10      434426837294713152    27.0   27.0
 11 1409.230927 1.009E-27 6.753E+00.08740.412 4135.01760.71-.016060          0 1 1          1 0 0  3  2  2        4  4  1      534223837294713152    21.0   27.0
 11 1409.262610 3.667E-26 2.401E+01.08780.391 3482.48020.69-.006040          0 3 0          0 2 0  4  0  4        5  1  5      464423837294713159     9.0   11.0
 11 1409.303232 1.098E-30 1.347E-01.05970.235 4784.99990.57-.038360          1 0 0          0 1 0 13  5  9       14  6  8      432230837294713152    27.0   29.0
 11 1409.424108 1.650E-28 2.813E+01.05390.298 5027.07400.50-.006130          0 3 0          0 2 0 10  4  7       10  5  6      434436837294713152    63.0   63.0
 11 1409.759217 4.816E-23 2.688E+01.08110.405 1907.45140.750.000440          0 2 0          0 1 0  2  2  0        3  3  1      568723307233662759     5.0    7.0
 11 1409.911766 6.525E-26 9.361E+00.01990.208 3437.27720.11-.004400          0 1 0          0 0 0 16  2 14       16  3 13      574423837260713059    33.0   33.0
 11 1409.968652 2.006E-21 5.912E+00.05220.320 1080.38540.42-.011120          0 1 0          0 0 0  8  1  7        9  2  8      678623837233662759    17.0   19.0
 11 1410.023169 1.844E-29 1.508E-04.04980.265 3032.68980.540.009860          0 1 0          0 0 0 13  6  7       12  9  4      574233837260713049    81.0   75.0
 11 1410.225389 2.468E-28 2.188E+00.09720.412 3966.55930.74-.004830          1 1 0          1 0 0  3  1  3        4  2  2      434223837294713152     7.0    9.0
 11 1410.501431 1.193E-24 1.525E+01.04570.249 3072.72640.41-.007500          0 2 0          0 1 0 10  2  9       10  3  8      564823837294 13159    63.0   63.0
 11 1410.613649 7.797E-30 8.298E-02.07340.352 4186.56940.66-.009110          0 3 0          0 2 0  8  1  7        7  4  4      434223837294713152    17.0   15.0
 11 1411.072955 2.814E-28 5.893E+00.06490.333 4525.96410.55-.007830          1 1 0          1 0 0  7  1  6        8  2  7      434223837294713152    45.0   51.0
 11 1411.107732 5.384E-31 2.346E-02.07240.362 4345.55910.640.000000          1 1 0          0 0 1  4  4  0        5  4  1      4333308387659336 0     9.0   11.0
 11 1411.323189 7.847E-23 2.203E+00.06930.378 1813.22340.580.010570          0 1 0          0 0 0 10  4  7       11  3  8      5786218372336627 6    63.0   69.0
 11 1411.333930 1.498E-28 2.601E+01.05820.315 4783.64070.54-.004170          0 3 0          0 2 0  9  4  6        9  5  5      434233837294713152    19.0   19.0
 11 1411.362549 1.092E-30 6.952E+00.03230.265 5581.10940.270.000680          1 1 0          1 0 0 12  1 11       12  2 10      432230837294713152    25.0   25.0
 11 1411.386552 1.250E-30 1.813E-02.07020.391 4345.27190.62-.023680          1 1 0          0 0 1  4  4  1        5  4  2      432230837294713152    27.0   33.0
 11 1411.398118 9.981E-28 3.264E-02.05750.298 3058.39840.540.002740          0 2 0          0 1 0 11  1 11       10  2  8      434223837294713152    23.0   21.0
 11 1411.498257 2.382E-26 2.317E+01.07770.371 3864.96610.66-.007390          0 3 0          0 2 0  6  2  5        6  3  4      464423837294713159    39.0   39.0
 11 1411.505568 1.820E-21 4.090E+00.03660.244 1293.63410.42-.002450          0 1 0          0 0 0 10  1 10       10  2  9      578621837233662736    63.0   63.0
 11 1411.683613 4.266E-30 2.046E+01.04720.281 5505.62260.45-.002210          0 3 0          0 2 0 11  5  7       11  6  6      434233837294713152    23.0   23.0
 11 1411.707080 1.559E-26 7.802E-04.06860.298 1724.70540.670.000000          0 1 0          0 0 0 11  2 10       10  5  5      574423837260713059    23.0   21.0
 11 1411.954451 1.553E-21 1.469E-01.09230.467  508.81210.70-.005910          0 1 0          0 0 0  5  0  5        5  3  2      578620837233662736    33.0   33.0
 11 1412.008403 2.005E-27 2.423E+01.06950.352 4186.56940.61-.005640          0 3 0          0 2 0  7  3  5        7  4  4      434426837294713152    15.0   15.0
 11 1412.078712 6.092E-22 4.098E+00.03650.241 1293.01810.410.000260          0 1 0          0 0 0 10  0 10       10  1  9      578521837233662736    21.0   21.0
 11 1412.289000 1.271E-27 1.775E+00.01970.315 3994.26020.19-.014980          1 0 0          0 1 0  8  8  1        9  9  0      434223837294713152    51.0   57.0
 11 1412.289003 4.237E-28 1.775E+00.01970.315 3994.26020.19-.014970          1 0 0          0 1 0  8  8  0        9  9  1      434223837294713152    17.0   19.0
 11 1412.338702 1.032E-27 6.654E+00.08590.412 4126.46340.70-.011580          1 1 0          0 0 1  3  3  0        4  3  1      434223837294713152    21.0   27.0
 11 1412.424382 1.050E-27 2.339E+01.06080.333 4564.03480.56-.003000          0 3 0          0 2 0  8  4  5        8  5  4      434426837294713152    51.0   51.0
 11 1412.712640 1.597E-29 7.733E-02.05030.265 4329.32430.50-.025860          1 0 0          0 1 0 12  4  9       12  7  6      434233837294713152    75.0   75.0
 11 1412.776149 5.286E-29 2.282E+01.02460.208 5310.23980.19-.005390          0 2 0          0 1 0 16  4 13       16  5 12      434233837294713152    99.0   99.0
 11 1412.854986 4.178E-29 3.522E+00.07010.315 4837.69960.620.009620          1 1 0          1 0 0  8  3  6        9  2  7      434253837294713152    51.0   57.0
 11 1412.858247 7.273E-28 1.340E-07.08330.391  326.62550.690.000000          0 1 0          0 0 0  3  1  3        5  1  5     q5422308079917122 0     7.0   11.0
 11 1413.034650 6.871E-28 2.014E+01.06120.352 4368.54610.56-.002620          0 3 0          0 2 0  7  4  4        7  5  3      434426837294713152    15.0   15.0
 11 1413.086497 9.783E-30 2.410E+01.02740.195 5680.54980.250.001440          0 2 0          0 1 0 17  3 14       17  4 13      434233837294713152   105.0  105.0
 11 1413.176891 6.515E-31 5.619E-03.09640.460 3890.82930.770.000000          1 1 0          0 0 1  2  0  2        3  0  3      4333308387659336 0     5.0    7.0
 11 1413.426077 3.239E-27 1.590E+01.06180.371 4197.33880.56-.000100          0 3 0          0 2 0  6  4  3        6  5  2      434426837294713152    39.0   39.0
 11 1413.443943 2.454E-26 9.245E-01.05520.221 3360.60020.510.000000          0 1 0          0 0 0 14  6  9       15  5 10      574423837260713059    87.0   93.0
 11 1413.449950 2.755E-29 1.386E-04.06500.281 2915.87430.650.005860          0 1 0          0 1 0 12  7  6       11  0 11      534233837294713152    75.0   69.0
 11 1413.480053 6.598E-28 1.504E+00.06180.250 4174.03860.570.010390          0 2 0          0 1 0 12  5  8       13  4  9      534223837294713152    75.0   81.0
 11 1413.736379 1.079E-27 1.589E+01.06440.371 4197.36100.590.001660          0 3 0          0 2 0  6  4  2        6  5  1      434426837294713152    13.0   13.0
 11 1413.758320 1.152E-27 9.822E+00.06460.391 4050.50380.620.003360          0 3 0          0 2 0  5  4  2        5  5  1      434223837294713152    11.0   11.0
 11 1413.819548 3.431E-27 9.753E+00.06530.391 4050.51250.620.003870          0 3 0          0 2 0  5  4  1        5  5  0      434426837294713152    33.0   33.0
 11 1413.855415 2.764E-27 8.880E-01.05450.265 3770.87890.55-.020440          1 0 0          0 1 0 12  1 12       12  4  9      534426837294713152    75.0   75.0
 11 1413.958665 4.309E-27 1.199E-04.05980.315 1810.58790.60-.000890          0 1 0          0 0 0 10  4  7        9  7  2      574426837260713049    63.0   57.0
 11 1413.992266 1.778E-29 1.594E-01.07600.333 4173.22570.660.002280          0 3 0          0 2 0  9  1  9        8  2  6      434233837294713152    19.0   17.0
 11 1413.998071 1.438E-25 2.749E-04.07080.352 1216.19450.660.000000          0 1 0          0 0 0  8  3  6        7  6  1      774423837260713059    51.0   45.0
 11 1414.038244 3.892E-29 1.813E-08.08330.391  610.11440.690.000000          0 1 0          0 0 0  5  2  4        5  4  2     q5422308079917122 0    11.0   11.0
 11 1414.071695 2.061E-27 2.017E+01.06630.352 4368.63690.600.002370          0 3 0          0 2 0  7  4  3        7  5  2      434426837294713152    45.0   45.0
 11 1414.103112 1.953E-28 3.763E+00.08380.412 4125.14870.68-.012910          1 1 0          0 0 1  3  3  1        4  3  2      434233837294713152     7.0    9.0
 11 1414.106492 1.256E-29 2.044E-01.04630.235 4382.77980.50-.006110          0 0 1          0 1 0 14  1 14       14  3 11      434233837294713152    29.0   29.0
 11 1414.179352 1.053E-26 2.138E+01.07180.371 4015.51510.62-.005860          0 3 0          0 2 0  6  3  4        6  4  3      464423837294713159    39.0   39.0
 11 1414.422389 2.114E-23 1.163E+01.08640.472 2024.15260.72-.003350          0 2 0          0 1 0  4  1  3        5  2  4      567623837233663159     9.0   11.0
 11 1414.631219 2.216E-27 3.188E-03.08120.371 2552.85720.70-.003770          0 2 0          0 1 0  7  2  5        6  5  2      534426837294713152    45.0   39.0
 11 1414.795951 2.626E-29 7.439E-02.08780.391 4049.53610.710.007100          0 3 0          1 0 0  5  4  1        5  1  4      434233837294713152    33.0   33.0
 11 1414.858600 9.369E-29 1.127E+01.01590.172 4855.15200.05-.004710          0 1 0          0 0 0 19  4 16       19  5 15      474233837260713049    39.0   39.0
 11 1414.878169 3.777E-30 2.631E-08.06860.333 1255.91160.620.000000          0 1 0          0 0 0  8  3  5        8  5  3     q5422308079917122 0    17.0   17.0
 11 1414.903070 1.604E-28 3.243E+00.09000.412 4134.79840.72-.011260          0 1 1          1 0 0  3  2  1        4  4  0      434233837294713152     7.0    9.0
 11 1414.991238 6.184E-29 5.545E-02.05520.265 3738.54320.51-.000170          1 0 0          0 1 0 11  2 10       12  3  9      434233837294713152    23.0   25.0
 11 1414.996745 4.881E-29 2.343E+01.05030.298 5238.38530.48-.001720          0 3 0          0 2 0 10  5  6       10  6  5      434233837294713152    63.0   63.0
 11 1415.299234 2.803E-30 9.131E-02.05820.235 4525.23910.57-.002150          1 0 0          0 1 0 14  1 13       14  4 10      432230837294713152    29.0   29.0
 11 1415.325078 4.917E-27 1.738E+01.07240.391 3868.87300.62-.002870          0 3 0          0 2 0  5  3  3        5  4  2      434426837294713152    11.0   11.0
 11 1415.352716 3.504E-28 2.355E+01.06980.333 4564.36660.630.004320          0 3 0          0 2 0  8  4  4        8  5  3      434426837294713152    17.0   17.0
 11 1415.543987 7.580E-29 1.241E+01.05410.315 4996.33160.530.001010          0 3 0          0 2 0  9  5  4        9  6  3      434233837294713152    57.0   57.0
 11 1415.653618 4.267E-30 2.241E-02.09380.412 4135.01760.73-.023670          0 1 1          1 0 0  4  0  4        4  4  1      534233837294713152    27.0   27.0
 11 1415.711739 1.812E-28 4.089E+01.10050.434 4856.91730.75-.002630          0 4 0          0 3 0  3  0  3        3  1  2      434233837294713152    21.0   21.0
 11 1415.737249 1.950E-28 3.909E-04.05720.250 2756.41530.62-.010330          0 0 0          0 0 0 14 11  4       13  6  7      534433837260713049    87.0   81.0
 11 1415.879019 1.409E-26 1.121E+01.07620.412 3746.76270.660.000380          0 3 0          0 2 0  4  3  2        4  4  1      464423807294713159    27.0   27.0
 11 1416.086250 5.923E-21 5.832E+00.04600.269 1079.07960.370.003130          0 1 0          0 0 0  8  2  7        9  1  8      778421837233662736    51.0   57.0
 11 1416.269371 5.618E-29 3.864E+00.05010.315 4817.73570.44-.002360          0 1 1          0 0 1  9  1  9        9  2  8      434233837294713152    57.0   57.0
 11 1416.294932 4.412E-29 2.152E+01.05230.315 4994.70240.51-.001820          0 3 0          0 2 0  9  5  5        9  6  4      434233837294713152    19.0   19.0
 11 1416.320528 2.132E-30 2.637E-07.08870.412 1821.59680.710.000000          0 2 0          0 1 0  2  1  2        4  1  4     q5422308079917122 0    15.0   27.0
 11 1416.324341 9.507E-29 1.352E-03.07870.371 2733.96290.70-.005330          1 0 0          0 1 0  5  3  3        6  6  0      534233837294713152    11.0   13.0
 11 1416.487741 4.704E-27 1.124E+01.07890.412 3746.77600.690.001720          0 3 0          0 2 0  4  3  1        4  4  0      434426837294713152     9.0    9.0
 11 1416.540686 3.871E-29 9.326E+01.10330.480 4717.47420.75-.006510          0 4 0          0 3 0  0  0  0        1  1  1      434243837294713152     1.0    3.0
 11 1416.768440 1.597E-28 5.438E+00.06090.333 4624.30280.520.002960          0 1 1          0 0 1  7  2  6        8  1  7      434253837294713152    45.0   51.0
 11 1416.957606 1.883E-29 3.875E+00.05040.315 4816.99090.44-.000310          0 1 1          0 0 1  9  0  9        9  1  8      434223837294713152    19.0   19.0
 11 1417.021034 4.184E-30 5.151E-02.09740.434 3962.91790.74-.008480          1 1 0          0 0 1  2  2  0        3  2  1      434233837294713152     5.0    7.0
 11 1417.156477 9.294E-29 1.744E+01.05320.333 4775.08820.52-.000420          0 3 0          0 2 0  8  5  3        8  6  2      434233837294713152    17.0   17.0
 11 1417.160849 2.961E-28 1.850E+01.05180.333 4774.80490.51-.001470          0 3 0          0 2 0  8  5  4        8  6  3      434426837294713152    51.0   51.0
 11 1417.176168 6.606E-28 8.123E+00.08670.412 4031.85360.70-.003490          1 1 0          1 0 0  3  2  2        4  3  1      434223837294713152     7.0    9.0
 11 1417.223512 4.249E-30 2.586E+01.04400.265 5796.12940.41-.004620          0 3 0          0 2 0 12  5  8       12  6  7      434233837294713152    75.0   75.0
 11 1417.241240 2.873E-28 1.138E+01.01730.172 4851.82100.08-.001370          0 1 0          0 0 0 19  3 16       19  4 15      474223837260713049   117.0  117.0
 11 1417.253263 5.438E-21 7.433E+00.03540.310  920.21000.12-.003430          0 1 0          0 0 0  8  0  8        9  1  9      678321837233662736    17.0   19.0
 11 1417.430388 4.317E-30 4.377E-08.06000.298 1581.33600.570.000000          0 1 0          0 0 0  9  4  5       10  4  7     q5422308079917122 0    57.0   63.0
 11 1417.498415 1.631E-20 7.432E+00.03580.312  920.16840.14-.002550          0 1 0          0 0 0  8  1  8        9  0  9      678421837233662736    51.0   57.0
 11 1417.575918 1.483E-26 1.754E+01.07980.391 3868.98700.680.001400          0 3 0          0 2 0  5  3  2        5  4  1      464423837294713159    33.0   33.0
 11 1417.603331 4.840E-29 6.653E-01.08310.371 4408.02880.72-.007880          0 3 0          0 0 1  6  5  2        6  3  3      434233837294713152    39.0   39.0
 11 1417.743118 3.230E-29 4.095E+00.05010.315 4717.10450.44-.002360          1 1 0          1 0 0  9  1  9        9  2  8      434233837294713152    19.0   19.0
 11 1417.766158 4.540E-28 2.665E+01.07200.315 4784.66210.640.005200          0 3 0          0 2 0  9  4  5        9  5  4      434426837294713152    57.0   57.0
 11 1417.785141 3.607E-28 2.344E+00.08670.412 4126.46340.70-.003490          0 1 1          0 0 1  3  2  2        4  3  1      534223837294713152    21.0   27.0
 11 1417.817313 1.053E-25 9.983E-05.08260.371 1045.05800.730.000000          0 1 0          0 0 0  7  3  4        6  6  1      774423837260713059    45.0   39.0
 11 1417.865474 5.186E-28 1.419E+01.05260.352 4578.97780.520.001240          0 3 0          0 2 0  7  5  2        7  6  1      434426837294713152    45.0   45.0
 11 1417.880896 1.756E-28 1.441E+01.05210.352 4578.88230.520.000850          0 3 0          0 2 0  7  5  3        7  6  2      434233837294713152    15.0   15.0
 11 1418.152909 4.510E-28 9.139E-08.08870.412  275.49700.710.000000          0 1 0          0 0 0  2  1  1        4  1  3     q5422308079917122 0     5.0    9.0
 11 1418.210791 1.592E-29 2.292E+01.05460.298 5237.42000.530.004380          0 3 0          0 2 0 10  5  5       10  6  4      434233837294713152    21.0   21.0
 11 1418.491014 2.100E-28 8.634E+00.05310.371 4407.15760.560.005080          0 3 0          0 2 0  6  5  1        6  6  0      434233837294713152    13.0   13.0
 11 1418.579236 5.035E-29 3.240E-02.06730.281 3650.50900.63-.040000          1 0 0          0 1 0 10  2  8       11  5  7      534233837294713152    21.0   23.0
 11 1418.582220 8.616E-23 1.057E+01.09350.458 1819.33510.64-.005130          0 2 0          0 1 0  2  1  2        3  2  1      568623837233662759    15.0   21.0
 11 1418.585831 5.860E-28 8.028E+00.05290.371 4407.04630.560.004860          0 3 0          0 2 0  6  5  2        6  6  1      434426837294713152    39.0   39.0
 11 1418.616739 1.667E-29 2.686E+01.05560.281 5505.17340.530.007990          0 3 0          0 2 0 11  5  6       11  6  5      434233837294713152    69.0   69.0
 11 1418.661621 5.766E-29 1.149E-03.07580.315 3141.04600.68-.017860          1 0 0          0 1 0  9  0  9        9  5  4      534233837294713152    57.0   57.0
 11 1418.695300 1.256E-26 2.158E+01.08230.391 3719.49290.68-.006500          0 3 0          0 2 0  5  2  4        5  3  3      464423837294713159    11.0   11.0
 11 1418.753892 9.753E-29 4.105E+00.05040.315 4715.96680.44-.000310          1 1 0          1 0 0  9  0  9        9  1  8      434223837294713152    57.0   57.0
 11 1418.860969 5.648E-29 1.581E-08.08330.391  503.96810.690.000000          0 1 0          0 0 0  5  1  5        5  3  3     q5422308079917122 0    11.0   11.0
 11 1418.920987 2.992E-27 3.773E-02.05990.315 2841.43080.55-.004960          0 2 0          0 1 0 10  0 10        9  3  7      534426837294713152    21.0   19.0
 11 1418.932983 1.977E-20 6.765E+00.08850.452  503.96810.720.001320          0 1 0          0 0 0  4  2  2        5  3  3      778421837233662736     9.0   11.0
 11 1418.962534 1.909E-23 1.570E+01.06650.352 2181.08990.54-.005370          0 2 0          0 1 0  6  0  6        7  1  7      564423837294713159    13.0   15.0
 11 1418.969350 1.327E-29 2.860E-08.08180.315 1282.91910.750.000280          0 0 0          0 0 0 10 10  1        9  3  6      532230837260713049    63.0   57.0
 11 1419.209718 8.752E-25 2.200E-04.08240.391  742.07630.700.000000          0 1 0          0 0 0  6  2  5        5  5  0      574423837260713059    39.0   33.0
 11 1419.317201 3.460E-20 1.410E+01.06760.373  488.13420.60-.000150          0 1 0          0 0 0  3  3  1        4  4  0      568421837333662736     7.0    9.0
 11 1419.490434 1.375E-28 7.274E+00.05680.333 4488.14570.47-.002260          0 1 1          0 0 1  7  0  7        8  1  8      434233837294713152    15.0   17.0
 11 1419.508029 1.049E-19 1.425E+01.06780.360  488.10770.670.001790          0 1 0          0 0 0  3  3  0        4  4  1      577521837233662736    21.0   27.0
 11 1419.694932 1.776E-30 3.481E+00.06200.265 5336.32710.59-.002160          1 1 0          0 2 0 12  0 12       12  3  9      432230837294713152    25.0   25.0
 11 1419.753969 5.859E-29 9.453E+00.07870.315 4992.12160.70-.014750          0 3 0          1 0 0  9  5  4        9  4  5      434233837294713152    57.0   57.0
 11 1419.817511 1.429E-29 1.186E-01.06790.333 4381.73540.62-.010590          0 3 0          0 2 0  9  1  8        8  4  5      434223837294713152    57.0   51.0
 11 1419.824913 4.122E-28 7.270E+00.05620.333 4488.09050.47-.002010          0 1 1          0 0 1  7  1  7        8  0  8      434223837294713152    45.0   51.0
 11 1419.908650 1.060E-28 1.121E-08.08870.412  488.10770.710.000000          0 1 0          0 0 0  4  2  3        4  4  1     q5422308079917122 0    27.0   27.0
 11 1419.912006 7.358E-30 2.186E-02.09810.434 3895.58810.74-.011730          1 1 0          0 0 1  2  1  2        3  1  3      434233837294713152    15.0   21.0
 11 1419.967325 5.692E-31 3.765E-02.05810.302 4559.75200.560.000000          0 3 0          1 0 0  8  4  4        9  1  9      4333308387659336 0    17.0   19.0
 11 1419.975389 2.252E-28 1.073E-03.08200.371 2733.96270.72-.003190          1 0 0          0 1 0  5  3  2        6  6  1      534233837294713152    33.0   39.0
 11 1420.065875 7.721E-26 1.707E+01.09000.412 3482.06450.71-.002150          0 3 0          0 2 0  4  1  4        4  2  3      464423837294713159    27.0   27.0
 11 1420.152807 1.610E-30 2.956E+01.05690.265 5796.45300.530.008390          0 3 0          0 2 0 12  5  7       12  6  6      432230837294713152    25.0   25.0
 11 1420.224694 3.560E-27 2.192E+01.08250.371 4016.05280.700.001830          0 3 0          0 2 0  6  3  3        6  4  2      434426837294713152    13.0   13.0
 11 1420.835257 1.242E-30 1.785E-02.08410.371 4190.26220.700.007730          0 3 0          1 0 0  6  4  2        6  1  5      432230837294713152    13.0   13.0
 11 1420.978896 6.918E-24 9.643E+00.06810.341 2318.53990.57-.003200          0 2 0          0 1 0  7  1  7        7  2  6      564723837294 13159    15.0   15.0
 11 1421.215970 5.699E-23 1.564E+01.05590.365 2180.64290.34-.001850          0 2 0          0 1 0  6  1  6        7  0  7      568623837233662759    39.0   45.0
 11 1421.338346 9.062E-29 5.710E+00.06090.333 4523.58900.520.002960          1 1 0          1 0 0  7  2  6        8  1  7      434253837294713152    15.0   17.0
 11 1421.379182 2.047E-29 9.296E-09.07810.371  602.77350.670.000000          0 1 0          0 0 0  5  2  4        6  2  4     q5422308079917122 0    11.0   13.0
 11 1421.716580 1.351E-29 1.300E-01.09280.412 4031.85360.73-.006020          1 1 0          1 0 0  4  0  4        4  3  1      434253837294713152     9.0    9.0
 11 1421.781526 1.237E-29 1.834E-04.06030.281 3135.76480.630.006190          0 1 0          0 1 0 12  8  5       11  1 10      534233837294713152    75.0   69.0
 11 1421.821289 2.064E-30 1.589E+01.07720.371 5674.30940.62-.003270          1 2 0          1 1 0  5  0  5        6  1  6      432230837294713152    33.0   39.0
 11 1421.873856 1.488E-30 1.699E-02.07820.352 4368.63690.67-.016170          1 1 0          0 2 0  6  2  5        7  5  2      432230837294713152    39.0   45.0
 11 1421.910919 5.548E-29 2.927E+01.07110.298 5029.81050.620.003850          0 3 0          0 2 0 10  4  6       10  5  5      434223837294713152    21.0   21.0
 11 1421.994000 4.395E-25 1.598E+01.05100.298 3058.39840.460.004200          0 2 0          0 1 0 10  1  9       10  2  8      564423837294713159    21.0   21.0
 11 1422.078702 2.822E-29 1.131E-01.09410.434 3956.66580.72-.008110          1 1 0          0 0 1  2  2  1        3  2  2      434233837294713152    15.0   21.0
 11 1422.082804 2.088E-30 1.367E-01.06160.315 4600.49730.58-.011380          0 3 0          0 2 0 10  1  9        9  4  6      432230837294713152    21.0   19.0
 11 1422.139312 7.175E-30 4.946E-10.08330.391  399.45750.690.000000          0 1 0          0 0 0  4  1  4        5  1  4     q5322308079917122 0    27.0   33.0
 11 1422.327227 3.199E-30 6.369E-08.06000.298 1718.71880.570.000000          0 1 0          0 0 0  9  5  4       10  5  6     q5422308079917122 0    57.0   63.0
 11 1422.375518 1.148E-30 1.498E-04.06720.315 3526.62750.64-.012890          0 0 1          0 1 0  9  3  7        9  7  2      532230837294713152    57.0   57.0
 11 1422.393568 3.152E-28 5.411E+00.07690.352 4452.35280.64-.007080          0 1 1          0 0 1  6  1  5        7  2  6      434223837294713152    39.0   45.0
 11 1422.446736 4.871E-29 2.695E-03.07430.333 3101.14220.67-.017630          1 0 0          0 1 0  8  1  7        8  6  2      534233837294713152    17.0   17.0
 11 1422.550662 7.121E-28 7.715E+00.05680.333 4387.06290.47-.002260          1 1 0          1 0 0  7  0  7        8  1  8      434223837294713152    45.0   51.0
 11 1422.576803 6.487E-27 4.080E-04.05250.250 2042.31060.590.008570          0 0 0          0 0 0 14  8  7       13  1 12      534423837260713049    87.0   81.0
 11 1422.617516 1.564E-28 5.091E+00.05620.333 4387.35720.47-.002010          1 1 0          1 0 0  7  1  7        8  0  8      434223837294713152    15.0   17.0
 11 1422.746287 2.278E-29 9.743E-03.05280.298 3770.71130.51-.004680          0 0 1          0 1 0  9  5  5       10  7  4      534233837294713152    57.0   63.0
 11 1422.923270 3.224E-30 5.625E-02.08850.352 4484.99220.72-.020380          0 1 1          1 0 0  7  1  7        7  3  4      432230837294713152    45.0   45.0
 11 1423.003315 5.724E-26 1.863E+01.03880.265 3770.87890.36-.011060          0 2 0          0 1 0 12  3 10       12  4  9      564423837294713159    75.0   75.0
 11 1423.143882 1.043E-25 2.282E+01.08450.391 3478.98650.67-.000560          0 3 0          0 2 0  4  1  4        5  0  5      464423837294713159    27.0   33.0
 11 1423.206199 7.231E-30 1.329E+00.07690.333 4769.03850.70-.016430          0 3 0          1 0 0  8  5  3        8  4  4      434233837294713152    17.0   17.0
 11 1423.208687 1.418E-25 2.486E+01.09460.412 3381.70420.73-.006020          0 3 0          0 2 0  3  0  3        4  1  4      464423837294713159    21.0   27.0
 11 1423.309667 1.446E-24 1.026E-03.08230.362  757.78020.690.000000          0 1 0          0 0 0  7  1  7        6  4  2      674723837260 13059    15.0   13.0
 11 1423.450839 1.044E-28 2.073E-04.08830.371 2552.85720.72-.014320          1 0 0          0 1 0  5  0  5        6  5  2      534233837294713152    33.0   39.0
 11 1423.525404 4.771E-26 1.861E+01.08440.412 3597.86600.69-.005470          0 3 0          0 2 0  4  2  3        4  3  2      464423837294713159    27.0   27.0
 11 1423.560098 1.819E-28 5.796E+00.07690.352 4353.23140.64-.007080          1 1 0          1 0 0  6  1  5        7  2  6      434253837294713152    13.0   15.0
 11 1423.657353 3.349E-25 9.357E+00.02290.221 3083.86520.16-.005900          0 1 0          0 0 0 15  3 13       15  4 12      574423837260713059    31.0   31.0
 11 1423.661525 8.105E-29 2.629E+00.08510.333 4386.31320.71-.015470          1 1 0          0 2 0  7  1  7        8  4  4      434233837294713152    15.0   17.0
 11 1423.704148 1.351E-20 2.397E+00.09710.437  315.77950.76-.002470          0 1 0          0 0 0  3  1  3        4  2  2      578521837233662736     7.0    9.0
 11 1423.704408 3.816E-29 1.155E+00.09330.371 4308.21130.74-.024730          0 1 1          1 0 0  5  1  4        6  3  3      434233837294713152    11.0   13.0
 11 1423.706710 1.869E-30 7.547E-02.06870.371 4401.94190.63-.015720          0 3 0          1 0 0  6  5  1        6  4  2      432230837294713152    13.0   13.0
 11 1423.757315 2.128E-27 8.760E+00.08960.412 4030.83890.72-.000180          1 1 0          1 0 0  3  2  1        4  3  2      434223837294713152    21.0   27.0
 11 1423.872543 1.427E-22 7.077E+00.02920.213 1962.50690.49-.006000          0 1 0          0 0 0 12  2 11       12  3 10      578423837233662459    75.0   75.0
 11 1423.918149 2.758E-30 6.493E-10.07810.371  756.72480.670.000000          0 1 0          0 0 0  7  0  7        6  4  3     q5322308079917122 0    45.0   39.0
 11 1423.957408 2.971E-27 3.019E+01.07380.333 4173.22570.630.002110          0 3 0          0 2 0  8  1  7        8  2  6      434426837294713152    17.0   17.0
 11 1424.052994 6.271E-29 3.664E-04.05030.250 2748.09960.57-.006170          0 0 0          0 0 0 14 11  3       13  6  8      534433837260713049    29.0   27.0
 11 1424.129971 1.338E-20 5.896E+00.06780.344  885.60020.52-.009280          0 1 0          0 0 0  7  1  6        8  2  7      778521837233662736    45.0   51.0
 11 1424.161797 6.187E-31 3.239E-01.05400.308 5027.55960.550.000000          0 3 0          0 0 1 10  4  6       10  2  9      4333308387659336 0    21.0   21.0
 11 1424.194965 1.740E-26 2.068E+01.04080.250 4052.81090.390.005350          0 2 0          0 1 0 13  2 11       13  3 10      464423837294713159    81.0   81.0
 11 1424.207832 2.109E-29 1.075E-01.09280.412 4126.46340.73-.006020          0 1 1          0 0 1  4  0  4        4  3  1      534253837294713152    27.0   27.0
 11 1424.386611 9.837E-29 2.261E+01.02900.221 4938.25370.24-.006710          0 2 0          0 1 0 15  4 12       15  5 11      434233837294713152    31.0   31.0
 11 1424.397016 1.239E-29 3.314E-01.07270.352 4572.44630.66-.016980          0 3 0          1 0 0  7  5  2        7  4  3      434233837294713152    45.0   45.0
 11 1424.552732 2.767E-28 5.410E+00.08960.412 4125.14870.72-.000180          0 1 1          0 0 1  3  2  1        4  3  2      434223837294713152     7.0    9.0
 11 1424.726497 1.298E-30 2.513E+01.04020.265 6032.08090.39-.000060          0 3 0          0 2 0 12  6  7       12  7  6      432230837294713152    75.0   75.0
 11 1424.839254 6.106E-30 6.600E+00.03790.281 5421.26760.34-.004590          0 1 1          0 0 1 11  2 10       11  3  9      434243837294713152    69.0   69.0
 11 1424.974981 6.202E-27 2.567E+01.08370.352 4188.39430.710.001210          0 3 0          0 2 0  7  3  4        7  4  3      434426837294713152    45.0   45.0
 11 1425.066858 1.314E-29 3.041E-01.05030.250 4437.39980.52-.037530          1 0 0          0 1 0 13  3 11       13  6  8      434233837294713152    27.0   27.0
 11 1425.067817 1.217E-30 1.507E+01.07470.371 5771.07400.60-.001600          0 2 1          0 1 1  5  1  5        6  0  6      432230837294713152    33.0   39.0
 11 1425.068582 2.252E-28 3.714E+01.06150.281 5034.38790.550.002710          0 3 0          0 2 0 11  2  9       11  3  8      434223837294713152    69.0   69.0
 11 1425.105714 6.110E-27 1.027E+01.08290.371 3713.08250.680.004000          0 3 0          0 2 0  5  2  4        6  1  5      434426837294713152    11.0   13.0
 11 1425.352162 4.676E-28 5.396E+00.07850.333 4173.22570.680.006210          0 3 0          0 2 0  7  3  5        8  2  6      434426837294713152    15.0   17.0
 11 1425.440519 1.502E-30 2.311E+01.04260.281 5741.39130.43-.001060          0 3 0          0 2 0 11  6  6       11  7  5      432230837294713152    23.0   23.0
 11 1425.735396 1.505E-30 1.736E+00.07260.298 5169.03920.650.007030          1 1 0          1 0 0  9  4  6       10  3  7      432230837294713152    19.0   21.0
 11 1425.776096 8.508E-30 1.096E-02.05700.298 3770.72440.550.002230          0 0 1          0 1 0  9  5  4       10  7  3      534233837294713152    19.0   21.0
 11 1425.844923 4.828E-23 7.123E+00.03050.221 1960.20740.260.001500          0 1 0          0 0 0 12  1 11       12  2 10      578623837233662759    25.0   25.0
 11 1426.107401 1.344E-29 2.058E+01.04430.298 5473.80320.46-.001980          0 3 0          0 2 0 10  6  5       10  7  4      434233837294713152    63.0   63.0
 11 1426.260777 9.312E-30 3.356E-04.04130.250 3347.78340.450.003000          0 1 0          0 0 0 14  6  9       13  9  4      574233837260713049    87.0   81.0
 11 1426.280260 2.716E-29 6.778E-09.07340.352  704.21410.650.000000          0 1 0          0 0 0  5  3  2        7  1  6     q5422308079917122 0    33.0   45.0
 11 1426.351248 1.380E-26 1.299E+01.08650.434 3500.51070.70-.002060          0 3 0          0 2 0  3  2  2        3  3  1      464423837294713159     7.0    7.0
 11 1426.440595 1.842E-23 9.534E+00.06960.381 2309.73020.610.007300          0 2 0          0 1 0  6  2  5        7  1  6      567623837233663159    39.0   45.0
 11 1426.473957 4.442E-30 2.041E+01.04520.298 5473.81160.47-.001140          0 3 0          0 2 0 10  6  4       10  7  3      434233837294713152    21.0   21.0
 11 1426.555147 1.029E-24 9.452E+00.02500.190 3080.17870.19-.002700          0 1 0          0 0 0 15  2 13       15  3 12      574523837260 13059    93.0   93.0
 11 1426.610246 9.632E-23 1.314E+01.09020.481 1908.01630.68-.001910          0 2 0          0 1 0  3  1  2        4  2  3      568523837233662759    21.0   27.0
 11 1426.668627 4.341E-30 2.230E+01.04400.281 5741.42710.440.000580          0 3 0          0 2 0 11  6  5       11  7  4      434233837294713152    69.0   69.0
 11 1426.701808 2.351E-29 9.203E-02.05390.281 4038.35150.53-.018330          1 0 0          0 1 0 11  4  8       11  7  5      434233837294713152    23.0   23.0
 11 1426.762133 1.591E-28 5.494E-02.03270.183 3647.45950.410.006500          0 0 0          0 0 0 19  6 14       18  1 17      434246837260713049    39.0   37.0
 11 1426.810134 1.102E-24 1.553E+01.05400.322 2841.43080.48-.008190          0 2 0          0 1 0  9  2  8        9  3  7      564623837294 13159    19.0   19.0
 11 1426.818582 1.119E-29 1.735E+01.04400.315 5229.57700.46-.001230          0 3 0          0 2 0  9  6  4        9  7  3      434233837294713152    19.0   19.0
 11 1426.918872 3.349E-29 1.731E+01.04430.315 5229.57890.46-.001130          0 3 0          0 2 0  9  6  3        9  7  2      434233837294713152    57.0   57.0
 11 1426.975651 2.075E-30 6.668E+00.04080.281 5418.80340.370.001940          0 1 1          0 0 1 11  1 10       11  2  9      432230837294713152    23.0   23.0
 11 1427.058733 3.655E-30 7.299E+00.03790.281 5320.88900.34-.004590          1 1 0          1 0 0 11  2 10       11  3  9      432230837294713152    23.0   23.0
 11 1427.092328 8.165E-29 1.083E-02.05080.281 3323.26980.48-.019050          1 0 0          0 1 0 10  0 10       11  3  9      534233837294713152    21.0   23.0
 11 1427.130979 2.404E-25 1.348E-03.06780.315 1477.29740.650.000000          0 1 0          0 0 0 10  2  9        9  5  4      574423837260713059    63.0   57.0
 11 1427.243792 6.952E-29 4.546E+01.10450.456 4777.19990.76-.005010          0 4 0          0 3 0  2  0  2        2  1  1      434223837294713152     5.0    5.0
 11 1427.373088 5.186E-30 3.216E-08.06460.315 1477.29740.600.000000          0 1 0          0 0 0  9  3  6        9  5  4     q5422308079917122 0    57.0   57.0
 11 1427.552681 6.686E-29 1.323E+01.04330.333 5008.96250.460.001150          0 3 0          0 2 0  8  6  3        8  7  2      434233837294713152    51.0   51.0
 11 1427.575736 2.228E-29 1.322E+01.04340.333 5008.96280.460.001250          0 3 0          0 2 0  8  6  2        8  7  1      434233837294713152    17.0   17.0
 11 1427.706813 1.939E-28 4.843E-08.08870.412  315.77950.710.000000          0 1 0          0 0 0  2  2  0        4  2  2     q5422308079917122 0     5.0    9.0
 11 1427.759847 5.431E-29 3.272E+01.07010.281 5300.17820.61-.002140          0 3 0          0 2 0 11  4  7       11  5  6      434233837294713152    69.0   69.0
 11 1427.836047 1.741E-30 9.442E-02.03580.195 4902.61400.430.007400          0 1 0          0 1 0 18  6 13       17  1 16      432230837294713152   111.0  105.0
 11 1428.271079 1.880E-21 3.421E+00.07160.367 1201.92150.600.007280          0 1 0          0 0 0  8  3  6        9  2  7      678620837233662736    51.0   57.0
 11 1428.290502 2.998E-29 7.757E+00.04320.352 4812.19270.510.005360          0 3 0          0 2 0  7  6  2        7  7  1      434233837294713152    15.0   15.0
 11 1428.294487 8.994E-29 7.757E+00.04320.352 4812.19270.510.005410          0 3 0          0 2 0  7  6  1        7  7  0      434233837294713152    45.0   45.0
 11 1428.378552 2.041E-27 1.129E+01.01850.183 4432.86020.09-.004570          0 1 0          0 0 0 18  4 15       18  5 14      474426837260713049   111.0  111.0
 11 1428.415942 4.988E-29 1.018E-04.05740.250 2756.41530.61-.016670          0 1 0          0 0 0 14  3 12       13  6  7      574233837260713049    87.0   81.0
 11 1428.489385 1.422E-30 1.292E+01.09710.434 5544.24850.74-.002480          0 2 1          0 1 1  2  1  1        3  2  2      432230837294713152    15.0   21.0
